season,month,model,pitch_type,n,x_sse,z_sse
2020,7,uncorrected,슬라이더,337,11302.925616307544,4634.136882637218
2020,7,uncorrected,직구,747,29962.442411968634,9237.373522921727
2020,7,uncorrected,체인지업,191,8485.042167813117,1908.9948006058576
2020,7,uncorrected,커브,173,3886.279615231925,1455.5145680089076
2020,7,uncorrected,커터,38,1483.6750034984273,576.4033924096683
2020,7,uncorrected,투심,158,5863.261817900799,2671.333720665558
2020,7,uncorrected,포크,91,3400.4751079855823,2315.4871938210813
2020,7,last_month,슬라이더,337,3846.382797814641,2485.8908930047883
2020,7,last_month,직구,747,4231.546697488425,2612.0358424301226
2020,7,last_month,체인지업,191,2038.8518743421737,1017.8457577696188
2020,7,last_month,커브,173,1267.712648270397,801.5719961466145
2020,7,last_month,커터,38,240.57281903548764,188.23941283837704
2020,7,last_month,투심,158,1359.0494937767935,1347.095219924764
2020,7,last_month,포크,91,1126.4124175315999,790.2973389139177
2020,7,season_to_date,슬라이더,337,4421.180355122815,2486.0628361211307
2020,7,season_to_date,직구,747,4558.6352511764035,2635.038284910911
2020,7,season_to_date,체인지업,191,2171.050168747809,992.9156987245638
2020,7,season_to_date,커브,173,1907.5706461886152,787.0507588240285
2020,7,season_to_date,커터,38,268.1201550572818,192.63742219416426
2020,7,season_to_date,투심,158,1391.9018467426536,1351.1848035280325
2020,7,season_to_date,포크,91,1350.5930050238057,820.0441553878363
2020,7,ewma_w2_h0.25,슬라이더,337,3888.5442368802305,2484.682800427582
2020,7,ewma_w2_h0.25,직구,747,4165.5641428976905,2611.353992708215
2020,7,ewma_w2_h0.25,체인지업,191,2029.8339944670206,1013.3946110856225
2020,7,ewma_w2_h0.25,커브,173,1333.104611331441,799.2324939610571
2020,7,ewma_w2_h0.25,커터,38,243.15644433212853,188.74043318946187
2020,7,ewma_w2_h0.25,투심,158,1352.3796031746617,1347.093802049245
2020,7,ewma_w2_h0.25,포크,91,1143.445919302528,794.1256751936621
2020,7,ewma_w2_h0.5,슬라이더,337,4042.536796837692,2483.2097219438915
2020,7,ewma_w2_h0.5,직구,747,4148.86792158183,2613.317397775182
2020,7,ewma_w2_h0.5,체인지업,191,2045.1582510226021,1003.6570636545574
2020,7,ewma_w2_h0.5,커브,173,1523.5186246219125,794.5040289530007
2020,7,ewma_w2_h0.5,커터,38,253.15995921933188,190.12672169517717
2020,7,ewma_w2_h0.5,투심,158,1351.0364689611506,1347.6870554909779
2020,7,ewma_w2_h0.5,포크,91,1205.8017219406775,803.8395004372804
2020,7,ewma_w2_h1,슬라이더,337,4256.42527816795,2483.6674452113743
2020,7,ewma_w2_h1,직구,747,4316.735076989693,2619.838189745251
2020,7,ewma_w2_h1,체인지업,191,2107.551563286512,995.6857563166355
2020,7,ewma_w2_h1,커브,173,1746.745398953236,791.1872160122355
2020,7,ewma_w2_h1,커터,38,267.5372972103671,191.67430484720146
2020,7,ewma_w2_h1,투심,158,1368.7776241708416,1349.02079381574
2020,7,ewma_w2_h1,포크,91,1292.5317927129015,813.6952848721116
2020,7,ewma_w2_h2,슬라이더,337,4418.572482126531,2484.8203289432536
2020,7,ewma_w2_h2,직구,747,4505.48966520642,2626.002637230187
2020,7,ewma_w2_h2,체인지업,191,2168.0831176074553,991.430340725037
2020,7,ewma_w2_h2,커브,173,1902.6949136710166,789.7191045675104
2020,7,ewma_w2_h2,커터,38,278.59208460834117,192.72587849391948
2020,7,ewma_w2_h2,투심,158,1388.5378817161745,1350.1959599438073
2020,7,ewma_w2_h2,포크,91,1358.3200611455475,819.9964713402178
2020,7,ewma_w2_h3,슬라이더,337,4481.040536594521,2485.3793796786886
2020,7,ewma_w2_h3,직구,747,4586.9758794394065,2628.5516142845954
2020,7,ewma_w2_h3,체인지업,191,2193.2896680115327,990.0457757536973
2020,7,ewma_w2_h3,커브,173,1960.8823621849158,789.3026847192436
2020,7,ewma_w2_h3,커터,38,282.8731600694902,193.11366076356313
2020,7,ewma_w2_h3,투심,158,1397.05036539518,1350.6720903783726
2020,7,ewma_w2_h3,포크,91,1383.670876131662,822.2571698836086
2020,7,ewma_w3_h0.25,슬라이더,337,3888.5442368802305,2484.682800427582
2020,7,ewma_w3_h0.25,직구,747,4165.5641428976905,2611.353992708215
2020,7,ewma_w3_h0.25,체인지업,191,2029.8339944670206,1013.3946110856225
2020,7,ewma_w3_h0.25,커브,173,1333.104611331441,799.2324939610571
2020,7,ewma_w3_h0.25,커터,38,243.15644433212853,188.74043318946187
2020,7,ewma_w3_h0.25,투심,158,1352.3796031746617,1347.093802049245
2020,7,ewma_w3_h0.25,포크,91,1143.445919302528,794.1256751936621
2020,7,ewma_w3_h0.5,슬라이더,337,4042.536796837692,2483.2097219438915
2020,7,ewma_w3_h0.5,직구,747,4148.86792158183,2613.317397775182
2020,7,ewma_w3_h0.5,체인지업,191,2045.1582510226021,1003.6570636545574
2020,7,ewma_w3_h0.5,커브,173,1523.5186246219125,794.5040289530007
2020,7,ewma_w3_h0.5,커터,38,253.15995921933188,190.12672169517717
2020,7,ewma_w3_h0.5,투심,158,1351.0364689611506,1347.6870554909779
2020,7,ewma_w3_h0.5,포크,91,1205.8017219406775,803.8395004372804
2020,7,ewma_w3_h1,슬라이더,337,4256.42527816795,2483.6674452113743
2020,7,ewma_w3_h1,직구,747,4316.735076989693,2619.838189745251
2020,7,ewma_w3_h1,체인지업,191,2107.551563286512,995.6857563166355
2020,7,ewma_w3_h1,커브,173,1746.745398953236,791.1872160122355
2020,7,ewma_w3_h1,커터,38,267.5372972103671,191.67430484720146
2020,7,ewma_w3_h1,투심,158,1368.7776241708416,1349.02079381574
2020,7,ewma_w3_h1,포크,91,1292.5317927129015,813.6952848721116
2020,7,ewma_w3_h2,슬라이더,337,4418.572482126531,2484.8203289432536
2020,7,ewma_w3_h2,직구,747,4505.48966520642,2626.002637230187
2020,7,ewma_w3_h2,체인지업,191,2168.0831176074553,991.430340725037
2020,7,ewma_w3_h2,커브,173,1902.6949136710166,789.7191045675104
2020,7,ewma_w3_h2,커터,38,278.59208460834117,192.72587849391948
2020,7,ewma_w3_h2,투심,158,1388.5378817161745,1350.1959599438073
2020,7,ewma_w3_h2,포크,91,1358.3200611455475,819.9964713402178
2020,7,ewma_w3_h3,슬라이더,337,4481.040536594521,2485.3793796786886
2020,7,ewma_w3_h3,직구,747,4586.9758794394065,2628.5516142845954
2020,7,ewma_w3_h3,체인지업,191,2193.2896680115327,990.0457757536973
2020,7,ewma_w3_h3,커브,173,1960.8823621849158,789.3026847192436
2020,7,ewma_w3_h3,커터,38,282.8731600694902,193.11366076356313
2020,7,ewma_w3_h3,투심,158,1397.05036539518,1350.6720903783726
2020,7,ewma_w3_h3,포크,91,1383.670876131662,822.2571698836086
2020,7,ewma_w6_h0.25,슬라이더,337,3888.5442368802305,2484.682800427582
2020,7,ewma_w6_h0.25,직구,747,4165.5641428976905,2611.353992708215
2020,7,ewma_w6_h0.25,체인지업,191,2029.8339944670206,1013.3946110856225
2020,7,ewma_w6_h0.25,커브,173,1333.104611331441,799.2324939610571
2020,7,ewma_w6_h0.25,커터,38,243.15644433212853,188.74043318946187
2020,7,ewma_w6_h0.25,투심,158,1352.3796031746617,1347.093802049245
2020,7,ewma_w6_h0.25,포크,91,1143.445919302528,794.1256751936621
2020,7,ewma_w6_h0.5,슬라이더,337,4042.536796837692,2483.2097219438915
2020,7,ewma_w6_h0.5,직구,747,4148.86792158183,2613.317397775182
2020,7,ewma_w6_h0.5,체인지업,191,2045.1582510226021,1003.6570636545574
2020,7,ewma_w6_h0.5,커브,173,1523.5186246219125,794.5040289530007
2020,7,ewma_w6_h0.5,커터,38,253.15995921933188,190.12672169517717
2020,7,ewma_w6_h0.5,투심,158,1351.0364689611506,1347.6870554909779
2020,7,ewma_w6_h0.5,포크,91,1205.8017219406775,803.8395004372804
2020,7,ewma_w6_h1,슬라이더,337,4256.42527816795,2483.6674452113743
2020,7,ewma_w6_h1,직구,747,4316.735076989693,2619.838189745251
2020,7,ewma_w6_h1,체인지업,191,2107.551563286512,995.6857563166355
2020,7,ewma_w6_h1,커브,173,1746.745398953236,791.1872160122355
2020,7,ewma_w6_h1,커터,38,267.5372972103671,191.67430484720146
2020,7,ewma_w6_h1,투심,158,1368.7776241708416,1349.02079381574
2020,7,ewma_w6_h1,포크,91,1292.5317927129015,813.6952848721116
2020,7,ewma_w6_h2,슬라이더,337,4418.572482126531,2484.8203289432536
2020,7,ewma_w6_h2,직구,747,4505.48966520642,2626.002637230187
2020,7,ewma_w6_h2,체인지업,191,2168.0831176074553,991.430340725037
2020,7,ewma_w6_h2,커브,173,1902.6949136710166,789.7191045675104
2020,7,ewma_w6_h2,커터,38,278.59208460834117,192.72587849391948
2020,7,ewma_w6_h2,투심,158,1388.5378817161745,1350.1959599438073
2020,7,ewma_w6_h2,포크,91,1358.3200611455475,819.9964713402178
2020,7,ewma_w6_h3,슬라이더,337,4481.040536594521,2485.3793796786886
2020,7,ewma_w6_h3,직구,747,4586.9758794394065,2628.5516142845954
2020,7,ewma_w6_h3,체인지업,191,2193.2896680115327,990.0457757536973
2020,7,ewma_w6_h3,커브,173,1960.8823621849158,789.3026847192436
2020,7,ewma_w6_h3,커터,38,282.8731600694902,193.11366076356313
2020,7,ewma_w6_h3,투심,158,1397.05036539518,1350.6720903783726
2020,7,ewma_w6_h3,포크,91,1383.670876131662,822.2571698836086
2020,7,precision_h0.5_q0.25,슬라이더,337,3843.3958783597436,2477.6692243857096
2020,7,precision_h0.5_q0.25,직구,747,4160.762663252481,2624.333657325738
2020,7,precision_h0.5_q0.25,체인지업,191,2025.4453409689054,1003.0596552261247
2020,7,precision_h0.5_q0.25,커브,173,1289.5745477831847,789.0810135391621
2020,7,precision_h0.5_q0.25,커터,38,243.47842123158995,189.71375531331958
2020,7,precision_h0.5_q0.25,투심,158,1339.4451669525592,1345.0113490454773
2020,7,precision_h0.5_q0.25,포크,91,1124.4533983205108,804.3549056581063
2020,7,precision_h0.5_q1,슬라이더,337,3863.1390289578494,2483.010718287424
2020,7,precision_h0.5_q1,직구,747,4153.127001289811,2613.122047844595
2020,7,precision_h0.5_q1,체인지업,191,2024.6740287670173,1008.6552058039672
2020,7,precision_h0.5_q1,커브,173,1311.7655400377162,796.0465230688569
2020,7,precision_h0.5_q1,커터,38,243.1657054002468,189.24836786482322
2020,7,precision_h0.5_q1,투심,158,1342.030096345908,1346.9220235831917
2020,7,precision_h0.5_q1,포크,91,1131.8917074830304,798.52452828505
2020,7,precision_h0.5_q2,슬라이더,337,3890.979244990121,2483.6639601090897
2020,7,precision_h0.5_q2,직구,747,4141.827012289359,2611.9180884186526
2020,7,precision_h0.5_q2,체인지업,191,2025.1888277012588,1009.3697723998323
2020,7,precision_h0.5_q2,커브,173,1344.909099360046,796.9859960857782
2020,7,precision_h0.5_q2,커터,38,244.1322871494707,189.22826184788485
2020,7,precision_h0.5_q2,투심,158,1344.730118812171,1347.1374518891753
2020,7,precision_h0.5_q2,포크,91,1143.4967452777819,797.8715092665514
2020,7,precision_h1_q0.25,슬라이더,337,3848.929021298767,2474.9202727422307
2020,7,precision_h1_q0.25,직구,747,4116.938196096481,2634.74242889746
2020,7,precision_h1_q0.25,체인지업,191,2017.8782338368842,994.4707175399924
2020,7,precision_h1_q0.25,커브,173,1312.6914088369508,782.7983356769824
2020,7,precision_h1_q0.25,커터,38,246.3570270235813,191.02044919181674
2020,7,precision_h1_q0.25,투심,158,1326.624112882336,1344.8944512459434
2020,7,precision_h1_q0.25,포크,91,1125.625891825188,814.1454429571888
2020,7,precision_h1_q1,슬라이더,337,3888.3952675661267,2481.898550172522
2020,7,precision_h1_q1,직구,747,4108.828322935487,2616.224380146804
2020,7,precision_h1_q1,체인지업,191,2018.5092856590452,1002.1631516174489
2020,7,precision_h1_q1,커브,173,1356.3800238983304,792.5068125517405
2020,7,precision_h1_q1,커터,38,246.15734653669105,190.18928858134979
2020,7,precision_h1_q1,투심,158,1331.6971370901674,1347.284090113592
2020,7,precision_h1_q1,포크,91,1140.9084876185539,805.3045753226386
2020,7,precision_h1_q2,슬라이더,337,3946.8589596258266,2482.8543816072515
2020,7,precision_h1_q2,직구,747,4109.945695398376,2614.086639446119
2020,7,precision_h1_q2,체인지업,191,2025.2078323965445,1003.25057322832
2020,7,precision_h1_q2,커브,173,1421.7656605610318,793.9561509430403
2020,7,precision_h1_q2,커터,38,248.45781498002154,190.14012378314266
2020,7,precision_h1_q2,투심,158,1338.5210326316765,1347.5787693446741
2020,7,precision_h1_q2,포크,91,1165.3497843296313,804.2301071403484
2020,7,precision_h2_q0.25,슬라이더,337,3857.2178763315533,2474.428415693662
2020,7,precision_h2_q0.25,직구,747,4093.3743294153905,2641.8281494885637
2020,7,precision_h2_q0.25,체인지업,191,2014.357286192144,989.7713987305763
2020,7,precision_h2_q0.25,커브,173,1331.9543531344964,779.8827663988967
2020,7,precision_h2_q0.25,커터,38,248.61744754092572,191.946979647099
2020,7,precision_h2_q0.25,투심,158,1319.262400129302,1345.3653341957643
2020,7,precision_h2_q0.25,포크,91,1128.0260565147273,820.2654944818377
2020,7,precision_h2_q1,슬라이더,337,3913.188452257569,2481.7223381894164
2020,7,precision_h2_q1,직구,747,4089.8242020296784,2619.461780507924
2020,7,precision_h2_q1,체인지업,191,2017.525571721774,998.1200211022239
2020,7,precision_h2_q1,커브,173,1393.0352619423547,790.5069203938654
2020,7,precision_h2_q1,커터,38,248.75604135806668,190.9017776404257
2020,7,precision_h2_q1,투심,158,1326.5129790599065,1347.777823252914
2020,7,precision_h2_q1,포크,91,1150.0538544482772,810.0697330123916
2020,7,precision_h2_q2,슬라이더,337,3997.594912425617,2482.7937124169935
2020,7,precision_h2_q2,직구,747,4112.562234410741,2616.735967007012
2020,7,precision_h2_q2,체인지업,191,2031.9603857897537,999.3757034791424
2020,7,precision_h2_q2,커브,173,1483.843772620682,792.1969539700381
2020,7,precision_h2_q2,커터,38,252.3084248508263,190.82935195240563
2020,7,precision_h2_q2,투심,158,1337.3619471257152,1348.0900638129674
2020,7,precision_h2_q2,포크,91,1185.3854262543994,808.7610614907368
2020,7,ema_a0.5,슬라이더,337,4617.294922060028,2486.765416267318
2020,7,ema_a0.5,직구,747,4777.428653013313,2634.3639041653696
2020,7,ema_a0.5,체인지업,191,2251.0058974029766,987.3954219753688
2020,7,ema_a0.5,커브,173,2085.0545057264944,788.6107606731293
2020,7,ema_a0.5,커터,38,292.24311980119285,193.93433319065846
2020,7,ema_a0.5,투심,158,1416.9226364055914,1351.7445456623866
2020,7,ema_a0.5,포크,91,1438.9737324901262,826.9461517623134
2020,7,ema_a0.75,슬라이더,337,4114.9525571507675,2483.170883421566
2020,7,ema_a0.75,직구,747,4190.913135546129,2615.231467725831
2020,7,ema_a0.75,체인지업,191,2063.1005186393536,1000.5283400835755
2020,7,ema_a0.75,커브,173,1602.2890284245664,793.1294273638096
2020,7,ema_a0.75,커터,38,257.99028179080074,190.679936260234
2020,7,ema_a0.75,투심,158,1355.525354812898,1348.0991591177062
2020,7,ema_a0.75,포크,91,1235.1563858709324,807.4578249047869
2020,7,ema_a0.9,슬라이더,337,3925.7579888803157,2484.045144080022
2020,7,ema_a0.9,직구,747,4140.035383182369,2611.401675211146
2020,7,ema_a0.9,체인지업,191,2028.9125239250725,1010.4166507458609
2020,7,ema_a0.9,커브,173,1383.7605086743333,797.7241003824374
2020,7,ema_a0.9,커터,38,245.51955910700335,189.11795738609183
2020,7,ema_a0.9,투심,158,1349.8492677244449,1347.1798219197324
2020,7,ema_a0.9,포크,91,1158.5011994737492,796.8821924062664
2020,7,kalman_q0.25,슬라이더,337,3887.0866905907096,2479.135961627403
2020,7,kalman_q0.25,직구,747,4079.1470650758088,2664.7211333089763
2020,7,kalman_q0.25,체인지업,191,2007.3707933560042,995.8345003855537
2020,7,kalman_q0.25,커브,173,1364.4002608029818,775.8540044914528
2020,7,kalman_q0.25,커터,38,256.4800048448261,191.98511442956624
2020,7,kalman_q0.25,투심,158,1296.1657117403172,1351.8611085624866
2020,7,kalman_q0.25,포크,91,1125.4532661507183,820.6943591170298
2020,7,kalman_q0.5,슬라이더,337,3866.9247049534847,2481.872459538524
2020,7,kalman_q0.5,직구,747,4097.829109395152,2642.664041783027
2020,7,kalman_q0.5,체인지업,191,2010.9341347887953,1006.6598258097436
2020,7,kalman_q0.5,커브,173,1335.0817569874832,788.335430954784
2020,7,kalman_q0.5,커터,38,248.40369971668238,190.89419419740446
2020,7,kalman_q0.5,투심,158,1311.8036665585964,1349.806444906057
2020,7,kalman_q0.5,포크,91,1122.9195308471392,807.3646749394376
2020,7,kalman_q1,슬라이더,337,3860.8752075179946,2485.438169612188
2020,7,kalman_q1,직구,747,4145.56810976792,2624.2441253680386
2020,7,kalman_q1,체인지업,191,2022.4017450500069,1015.8114016531033
2020,7,kalman_q1,커브,173,1310.5033323035673,799.4939591997058
2020,7,kalman_q1,커터,38,242.94614476573383,189.72724566948688
2020,7,kalman_q1,투심,158,1335.501399147588,1347.6686127230967
2020,7,kalman_q1,포크,91,1126.5907271371084,796.5182580357234
2020,7,kalman_q2,슬라이더,337,3861.5308476586406,2486.545309627713
2020,7,kalman_q2,직구,747,4191.549165044401,2614.705986295925
2020,7,kalman_q2,체인지업,191,2032.5371361384728,1018.3762041058676
2020,7,kalman_q2,커브,173,1294.939275242364,802.9022585421616
2020,7,kalman_q2,커터,38,241.5536914147443,188.8308461866785
2020,7,kalman_q2,투심,158,1351.9265405323713,1346.9531915562854
2020,7,kalman_q2,포크,91,1130.1640169398079,791.8677017165512
2020,7,kalman_q4,슬라이더,337,3854.610488486077,2486.3230150787113
2020,7,kalman_q4,직구,747,4216.735833249791,2612.25638105378
2020,7,kalman_q4,체인지업,191,2036.8444579916982,1018.2924536927403
2020,7,kalman_q4,커브,173,1280.0707451693065,802.5305611422053
2020,7,kalman_q4,커터,38,241.01415399215625,188.42537092580625
2020,7,kalman_q4,투심,158,1357.4392554003698,1346.9817831723954
2020,7,kalman_q4,포크,91,1128.870803774865,790.6119573537146
2020,7,adaptive_q0.5,슬라이더,337,3866.9247049534847,2481.872459538524
2020,7,adaptive_q0.5,직구,747,4097.829109395152,2642.664041783027
2020,7,adaptive_q0.5,체인지업,191,2010.9341347887953,1006.6598258097436
2020,7,adaptive_q0.5,커브,173,1335.0817569874832,788.335430954784
2020,7,adaptive_q0.5,커터,38,248.40369971668238,190.89419419740446
2020,7,adaptive_q0.5,투심,158,1311.8036665585964,1349.806444906057
2020,7,adaptive_q0.5,포크,91,1122.9195308471392,807.3646749394376
2020,7,adaptive_q1,슬라이더,337,3860.8752075179946,2485.438169612188
2020,7,adaptive_q1,직구,747,4145.56810976792,2624.2441253680386
2020,7,adaptive_q1,체인지업,191,2022.4017450500069,1015.8114016531033
2020,7,adaptive_q1,커브,173,1310.5033323035673,799.4939591997058
2020,7,adaptive_q1,커터,38,242.94614476573383,189.72724566948688
2020,7,adaptive_q1,투심,158,1335.501399147588,1347.6686127230967
2020,7,adaptive_q1,포크,91,1126.5907271371084,796.5182580357234
2020,7,adaptive_q2,슬라이더,337,3861.5308476586406,2486.545309627713
2020,7,adaptive_q2,직구,747,4191.549165044401,2614.705986295925
2020,7,adaptive_q2,체인지업,191,2032.5371361384728,1018.3762041058676
2020,7,adaptive_q2,커브,173,1294.939275242364,802.9022585421616
2020,7,adaptive_q2,커터,38,241.5536914147443,188.8308461866785
2020,7,adaptive_q2,투심,158,1351.9265405323713,1346.9531915562854
2020,7,adaptive_q2,포크,91,1130.1640169398079,791.8677017165512
2020,7,trend_d0.25,슬라이더,337,3824.314036747807,2494.9254450169883
2020,7,trend_d0.25,직구,747,4574.211576731786,2624.7770282782476
2020,7,trend_d0.25,체인지업,191,2109.495226432599,1039.3476750334983
2020,7,trend_d0.25,커브,173,1155.2899662342484,813.938467021544
2020,7,trend_d0.25,커터,38,238.95817943019108,186.61276292508765
2020,7,trend_d0.25,투심,158,1411.3627695347277,1348.7327280835616
2020,7,trend_d0.25,포크,91,1120.0273821906878,775.4646937897063
2020,7,trend_d0.5,슬라이더,337,3881.9090953044774,2510.274539458165
2020,7,trend_d0.5,직구,747,5127.540785162253,2653.4550252702065
2020,7,trend_d0.5,체인지업,191,2234.4324665497816,1065.034091875215
2020,7,trend_d0.5,커브,173,1090.7615679841754,830.2288399885983
2020,7,trend_d0.5,커터,38,244.3016127788697,185.79998652036568
2020,7,trend_d0.5,투심,158,1489.7408057939185,1353.0116835940976
2020,7,trend_d0.5,포크,91,1144.9694804104272,762.9598895321523
2020,7,monthly_w28_hflat,슬라이더,337,3850.423090177361,2489.0687803858345
2020,7,monthly_w28_hflat,직구,747,4234.259502033601,2610.367316638688
2020,7,monthly_w28_hflat,체인지업,191,2043.8378102642296,1019.9205964494485
2020,7,monthly_w28_hflat,커브,173,1268.9861830411032,800.8975960221028
2020,7,monthly_w28_hflat,커터,38,245.94631407984087,187.3303265619531
2020,7,monthly_w28_hflat,투심,158,1357.9407947709944,1348.4810960142509
2020,7,monthly_w28_hflat,포크,91,1124.9266242473482,792.581328842807
2020,7,monthly_w28_h14,슬라이더,337,3816.521574571586,2494.9456289773702
2020,7,monthly_w28_h14,직구,747,4253.714280332971,2607.6781601803386
2020,7,monthly_w28_h14,체인지업,191,2048.1629041055726,1016.0884971840646
2020,7,monthly_w28_h14,커브,173,1236.8367062983095,800.3183925891772
2020,7,monthly_w28_h14,커터,38,236.80334577179212,187.4588847415785
2020,7,monthly_w28_h14,투심,158,1361.6344236919008,1352.4778838246402
2020,7,monthly_w28_h14,포크,91,1109.3431314329866,792.5878175744936
2020,7,monthly_w28_h28,슬라이더,337,3831.6722215852915,2491.9270402676884
2020,7,monthly_w28_h28,직구,747,4243.775644297795,2609.5737015285144
2020,7,monthly_w28_h28,체인지업,191,2045.9368662014106,1018.4453910776217
2020,7,monthly_w28_h28,커브,173,1251.2861599364137,800.2526813458462
2020,7,monthly_w28_h28,커터,38,240.82091350420896,187.28284865177304
2020,7,monthly_w28_h28,투심,158,1359.7349334894566,1350.3850518145032
2020,7,monthly_w28_h28,포크,91,1116.5073757789203,792.3644723167313
2020,7,monthly_w28_h28_huber,슬라이더,337,3849.8935051228946,2499.864089938197
2020,7,monthly_w28_h28_huber,직구,747,4282.802725962723,2594.4551293956997
2020,7,monthly_w28_h28_huber,체인지업,191,2059.7413544039846,1017.1799380790272
2020,7,monthly_w28_h28_huber,커브,173,1246.7421386448468,800.7697808727307
2020,7,monthly_w28_h28_huber,커터,38,242.30116616179657,186.5456632397063
2020,7,monthly_w28_h28_huber,투심,158,1365.267386536417,1355.953221436229
2020,7,monthly_w28_h28_huber,포크,91,1114.9480323116265,794.8850094699292
2020,7,monthly_w56_hflat,슬라이더,337,4410.026673075844,2480.53920983597
2020,7,monthly_w56_hflat,직구,747,4536.8035198474445,2627.4778482853717
2020,7,monthly_w56_hflat,체인지업,191,2165.9549890224207,988.1933406803497
2020,7,monthly_w56_hflat,커브,173,1896.2731061430784,790.7871509190715
2020,7,monthly_w56_hflat,커터,38,265.1082747967698,194.0126475012847
2020,7,monthly_w56_hflat,투심,158,1393.890913797472,1349.8145320013025
2020,7,monthly_w56_hflat,포크,91,1340.2083081993926,817.0451721737609
2020,7,monthly_w56_h14,슬라이더,337,3925.5257379440486,2487.5354281369346
2020,7,monthly_w56_h14,직구,747,4139.1849311027145,2607.979218109549
2020,7,monthly_w56_h14,체인지업,191,2029.7679332383755,1002.1263036064998
2020,7,monthly_w56_h14,커브,173,1395.993614021355,796.8139903072771
2020,7,monthly_w56_h14,커터,38,236.36290855819496,190.33034347769814
2020,7,monthly_w56_h14,투심,158,1348.9976538056399,1350.9755481602929
2020,7,monthly_w56_h14,포크,91,1146.7454705753535,798.4283810268867
2020,7,monthly_w56_h28,슬라이더,337,4086.2764781033884,2483.042909256435
2020,7,monthly_w56_h28,직구,747,4194.526230668102,2615.084687432488
2020,7,monthly_w56_h28,체인지업,191,2056.372542238005,996.4534478256347
2020,7,monthly_w56_h28,커브,173,1576.8040636006463,793.9580479606784
2020,7,monthly_w56_h28,커터,38,244.5008371690929,191.81840612041697
2020,7,monthly_w56_h28,투심,158,1355.1351228238307,1349.746198450059
2020,7,monthly_w56_h28,포크,91,1209.2920902661945,805.3444186514465
2020,7,monthly_w56_h28_huber,슬라이더,337,3930.5014966754243,2486.197648358058
2020,7,monthly_w56_h28_huber,직구,747,4088.882689225162,2603.2266061864584
2020,7,monthly_w56_h28_huber,체인지업,191,2023.9729899444535,993.7262410216615
2020,7,monthly_w56_h28_huber,커브,173,1413.3126282974217,791.6000496418901
2020,7,monthly_w56_h28_huber,커터,38,245.77187299452928,190.83762539848513
2020,7,monthly_w56_h28_huber,투심,158,1330.4901605366263,1352.7154857649502
2020,7,monthly_w56_h28_huber,포크,91,1148.8160284905293,804.6653991194202
2020,7,monthly_w84_hflat,슬라이더,337,4421.180355122816,2486.0628361211307
2020,7,monthly_w84_hflat,직구,747,4558.6352511764035,2635.0382849109114
2020,7,monthly_w84_hflat,체인지업,191,2171.050168747809,992.9156987245635
2020,7,monthly_w84_hflat,커브,173,1907.5706461886157,787.0507588240284
2020,7,monthly_w84_hflat,커터,38,268.1201550572818,192.63742219416423
2020,7,monthly_w84_hflat,투심,158,1391.901846742654,1351.1848035280325
2020,7,monthly_w84_hflat,포크,91,1350.5930050238057,820.0441553878363
2020,7,monthly_w84_h14,슬라이더,337,3925.3683243772994,2488.614175315125
2020,7,monthly_w84_h14,직구,747,4137.955039113862,2609.777354747331
2020,7,monthly_w84_h14,체인지업,191,2029.325989820264,1003.1825555021322
2020,7,monthly_w84_h14,커브,173,1396.433385209501,795.8323670246118
2020,7,monthly_w84_h14,커터,38,236.67378692755946,190.01130387207684
2020,7,monthly_w84_h14,투심,158,1348.0952880583286,1351.2611544200927
2020,7,monthly_w84_h14,포크,91,1147.5887940429093,799.1215703291189
2020,7,monthly_w84_h28,슬라이더,337,4088.112011888851,2485.628411450465
2020,7,monthly_w84_h28,직구,747,4196.47483278417,2619.110687336106
2020,7,monthly_w84_h28,체인지업,191,2056.5948447405017,998.786591514059
2020,7,monthly_w84_h28,커브,173,1579.6732676062966,791.7593203891827
2020,7,monthly_w84_h28,커터,38,245.54439126827776,191.09262904907092
2020,7,monthly_w84_h28,투심,158,1353.3877898598612,1350.4077272851505
2020,7,monthly_w84_h28,포크,91,1212.5111773611302,806.9497933818599
2020,7,monthly_w84_h28_huber,슬라이더,337,3934.5615893081795,2488.1430937772666
2020,7,monthly_w84_h28_huber,직구,747,4092.953239375938,2607.2460600745
2020,7,monthly_w84_h28_huber,체인지업,191,2024.0931513667288,995.2576103044674
2020,7,monthly_w84_h28_huber,커브,173,1415.7789356406188,789.4817863212309
2020,7,monthly_w84_h28_huber,커터,38,246.2027836469209,190.34739344136293
2020,7,monthly_w84_h28_huber,투심,158,1329.8836127319732,1352.985952864065
2020,7,monthly_w84_h28_huber,포크,91,1151.3387098681437,806.3597685809202
2020,7,weekly_w28_hflat,슬라이더,337,3738.1878174814915,2498.9726190542324
2020,7,weekly_w28_hflat,직구,747,4277.997671612984,2583.7531900759723
2020,7,weekly_w28_hflat,체인지업,191,2016.1105194237994,1003.9087770874512
2020,7,weekly_w28_hflat,커브,173,1193.0465405404195,803.0609926263564
2020,7,weekly_w28_hflat,커터,38,225.85439107234956,179.21002183213108
2020,7,weekly_w28_hflat,투심,158,1315.6017294542526,1349.0308137915126
2020,7,weekly_w28_hflat,포크,91,1064.5326280139689,786.3133450675426
2020,7,weekly_w28_h14,슬라이더,337,3702.0685946928047,2489.648711914241
2020,7,weekly_w28_h14,직구,747,4299.969670849909,2590.112665179295
2020,7,weekly_w28_h14,체인지업,191,2009.0185949713057,996.7268567959322
2020,7,weekly_w28_h14,커브,173,1174.2304404946735,801.4616714823493
2020,7,weekly_w28_h14,커터,38,230.48268437886537,182.30288893806758
2020,7,weekly_w28_h14,투심,158,1324.1268473038378,1356.238003790621
2020,7,weekly_w28_h14,포크,91,1082.0920131726964,784.6049093127558
2020,7,weekly_w28_h28,슬라이더,337,3719.713025819024,2493.6713271186322
2020,7,weekly_w28_h28,직구,747,4287.040500736946,2586.134642939758
2020,7,weekly_w28_h28,체인지업,191,2012.0139779301762,1000.1585867574614
2020,7,weekly_w28_h28,커브,173,1182.5442851529228,802.0153809752735
2020,7,weekly_w28_h28,커터,38,227.959010128852,180.7489714598012
2020,7,weekly_w28_h28,투심,158,1319.1479382707894,1352.693756720374
2020,7,weekly_w28_h28,포크,91,1073.0326950984675,785.4200603511955
2020,7,weekly_w28_h28_huber,슬라이더,337,3722.6363648278543,2492.460313591814
2020,7,weekly_w28_h28_huber,직구,747,4303.409259422649,2585.0842448970743
2020,7,weekly_w28_h28_huber,체인지업,191,2024.9457369265722,991.075846322621
2020,7,weekly_w28_h28_huber,커브,173,1173.6220719457374,797.4355025700547
2020,7,weekly_w28_h28_huber,커터,38,232.59780186891106,181.10060959351165
2020,7,weekly_w28_h28_huber,투심,158,1314.3251943734845,1355.8897851701327
2020,7,weekly_w28_h28_huber,포크,91,1070.523233935514,790.7953754871269
2020,7,weekly_w56_hflat,슬라이더,337,4001.2108598544,2479.3501535947635
2020,7,weekly_w56_hflat,직구,747,4189.034296111882,2596.7589838116373
2020,7,weekly_w56_hflat,체인지업,191,2039.5078592299549,995.5895437446524
2020,7,weekly_w56_hflat,커브,173,1576.8049715710058,802.2246691989319
2020,7,weekly_w56_hflat,커터,38,259.927813864424,191.50807172572104
2020,7,weekly_w56_hflat,투심,158,1334.7308042697505,1348.2798329832042
2020,7,weekly_w56_hflat,포크,91,1267.847067778158,798.0187961052414
2020,7,weekly_w56_h14,슬라이더,337,3769.919838015098,2476.8320744210614
2020,7,weekly_w56_h14,직구,747,4143.303018241664,2589.0053746956337
2020,7,weekly_w56_h14,체인지업,191,1992.6677207669904,992.2758963006837
2020,7,weekly_w56_h14,커브,173,1288.6101366386797,803.4950651981565
2020,7,weekly_w56_h14,커터,38,239.65201669504614,189.08652481809622
2020,7,weekly_w56_h14,투심,158,1319.16258937158,1349.0482010968713
2020,7,weekly_w56_h14,포크,91,1135.8014256713418,785.801954345295
2020,7,weekly_w56_h28,슬라이더,337,3852.2619046295554,2477.372474703515
2020,7,weekly_w56_h28,직구,747,4107.056803120257,2589.803082400876
2020,7,weekly_w56_h28,체인지업,191,2000.322969140167,993.9988774967287
2020,7,weekly_w56_h28,커브,173,1397.469749830151,802.8465551730742
2020,7,weekly_w56_h28,커터,38,245.85020418117855,189.9001329879855
2020,7,weekly_w56_h28,투심,158,1318.1189359146183,1347.1543801113817
2020,7,weekly_w56_h28,포크,91,1179.1661672654698,790.2436687292965
2020,7,weekly_w56_h28_huber,슬라이더,337,3798.515193442353,2476.2118231416257
2020,7,weekly_w56_h28_huber,직구,747,4094.938565216439,2583.4169314142305
2020,7,weekly_w56_h28_huber,체인지업,191,1994.365376698114,988.3971610261688
2020,7,weekly_w56_h28_huber,커브,173,1315.782487782344,799.4866985258583
2020,7,weekly_w56_h28_huber,커터,38,242.86692896138493,189.92160443014416
2020,7,weekly_w56_h28_huber,투심,158,1307.4950612685068,1349.2476892636214
2020,7,weekly_w56_h28_huber,포크,91,1133.7015586123578,792.752873083728
2020,7,weekly_w84_hflat,슬라이더,337,4278.849877829868,2481.548951766253
2020,7,weekly_w84_hflat,직구,747,4378.428084893512,2618.924330651578
2020,7,weekly_w84_hflat,체인지업,191,2104.1873061240485,988.124383526944
2020,7,weekly_w84_hflat,커브,173,1794.3034948257737,789.306386656967
2020,7,weekly_w84_hflat,커터,38,269.35580078729254,191.71677754532175
2020,7,weekly_w84_hflat,투심,158,1357.7090909565413,1347.662391810942
2020,7,weekly_w84_hflat,포크,91,1325.6144407900977,812.9743007070887
2020,7,weekly_w84_h14,슬라이더,337,3803.8976551435926,2477.204082887725
2020,7,weekly_w84_h14,직구,747,4127.894474235582,2591.623460144554
2020,7,weekly_w84_h14,체인지업,191,1990.6005700891988,991.1478596514186
2020,7,weekly_w84_h14,커브,173,1317.493547747161,800.7123193304503
2020,7,weekly_w84_h14,커터,38,241.59784321168925,189.25587493429106
2020,7,weekly_w84_h14,투심,158,1315.3054682200095,1349.0472586400297
2020,7,weekly_w84_h14,포크,91,1140.6458076141066,788.6070933678436
2020,7,weekly_w84_h28,슬라이더,337,3954.6937321536057,2478.2606138217825
2020,7,weekly_w84_h28,직구,747,4113.384568203171,2598.454557276623
2020,7,weekly_w84_h28,체인지업,191,2007.7497050469433,990.7753737521614
2020,7,weekly_w84_h28,커브,173,1481.025543703879,796.029850797821
2020,7,weekly_w84_h28,커터,38,249.70689545580416,190.11259934556702
2020,7,weekly_w84_h28,투심,158,1317.9773192824398,1347.0288625245155
2020,7,weekly_w84_h28,포크,91,1196.3577186075786,797.5584836872048
2020,7,weekly_w84_h28_huber,슬라이더,337,3835.279725324338,2478.9370780837935
2020,7,weekly_w84_h28_huber,직구,747,4075.260667492788,2594.122256604275
2020,7,weekly_w84_h28_huber,체인지업,191,1994.6830026748494,985.8668337398691
2020,7,weekly_w84_h28_huber,커브,173,1349.5592908544309,792.6173979452758
2020,7,weekly_w84_h28_huber,커터,38,247.93557426003656,190.13909532636683
2020,7,weekly_w84_h28_huber,투심,158,1302.598942668652,1349.452005141477
2020,7,weekly_w84_h28_huber,포크,91,1139.8397519484379,798.7106165206382
2020,7,weekly_w56_h7,슬라이더,337,3689.7294730382423,2477.927750457788
2020,7,weekly_w56_h7,직구,747,4271.913746720071,2599.4912796483814
2020,7,weekly_w56_h7,체인지업,191,1999.6307843024153,988.9953419428468
2020,7,weekly_w56_h7,커브,173,1194.6325903101165,803.7058608266865
2020,7,weekly_w56_h7,커터,38,239.26174397647017,188.82487906230952
2020,7,weekly_w56_h7,투심,158,1336.326363186875,1357.0107323856507
2020,7,weekly_w56_h7,포크,91,1114.7491469580455,782.5666590075969
2020,7,weekly_w56_h10,슬라이더,337,3730.014999713188,2477.0497472142015
2020,7,weekly_w56_h10,직구,747,4197.167259573367,2591.6120753051273
2020,7,weekly_w56_h10,체인지업,191,1994.7544925445093,990.880336583298
2020,7,weekly_w56_h10,커브,173,1237.051860169953,803.72307724561
2020,7,weekly_w56_h10,커터,38,238.25084033037496,188.81167593306208
2020,7,weekly_w56_h10,투심,158,1325.0354033699414,1351.896748204648
2020,7,weekly_w56_h10,포크,91,1120.8690653491374,783.95287433363
2020,7,weekly_w56_h21,슬라이더,337,3819.167675440685,2477.0591743655336
2020,7,weekly_w56_h21,직구,747,4111.245194676145,2588.9472218118644
2020,7,weekly_w56_h21,체인지업,191,1995.5134391286988,993.435472864917
2020,7,weekly_w56_h21,커브,173,1354.3796667767244,803.094537788538
2020,7,weekly_w56_h21,커터,38,243.06388953691078,189.55572522475785
2020,7,weekly_w56_h21,투심,158,1317.1819092609603,1347.504602250273
2020,7,weekly_w56_h21,포크,91,1160.6427335380865,788.4294630008383
2020,7,weekly_w84_h7,슬라이더,337,3693.172021003169,2477.9722176933965
2020,7,weekly_w84_h7,직구,747,4269.004638630773,2599.648951058542
2020,7,weekly_w84_h7,체인지업,191,1999.1055595042856,988.8849046927481
2020,7,weekly_w84_h7,커브,173,1197.5503713926864,803.4445951078002
2020,7,weekly_w84_h7,커터,38,239.68379130438055,188.88159133418523
2020,7,weekly_w84_h7,투심,158,1335.2683662817049,1357.019947236377
2020,7,weekly_w84_h7,포크,91,1115.3058687815972,782.8122458341902
2020,7,weekly_w84_h10,슬라이더,337,3743.6678404985446,2477.2281679836838
2020,7,weekly_w84_h10,직구,747,4187.5630382997715,2592.5191760510857
2020,7,weekly_w84_h10,체인지업,191,1993.0602990856123,990.4357137234388
2020,7,weekly_w84_h10,커브,173,1248.8531137601085,802.5565885861208
2020,7,weekly_w84_h10,커터,38,239.36371730357743,188.93401732493115
2020,7,weekly_w84_h10,투심,158,1322.268515261494,1351.9146674877345
2020,7,weekly_w84_h10,포크,91,1122.7991840445636,785.0885042030948
2020,7,weekly_w84_h21,슬라이더,337,3890.599244664093,2477.7215498864653
2020,7,weekly_w84_h21,직구,747,4101.833853738908,2594.8835463839005
2020,7,weekly_w84_h21,체인지업,191,1997.1121248925544,991.1186285340546
2020,7,weekly_w84_h21,커브,173,1413.5223668401595,797.901932071858
2020,7,weekly_w84_h21,커터,38,246.09855101572282,189.75624540849256
2020,7,weekly_w84_h21,투심,158,1314.5303038981995,1347.4409767715165
2020,7,weekly_w84_h21,포크,91,1171.8420349517596,793.8753443303876
2020,7,weekly_w112_h7,슬라이더,337,3693.1769030861324,2477.973329566141
2020,7,weekly_w112_h7,직구,747,4268.995808267537,2599.643959478525
2020,7,weekly_w112_h7,체인지업,191,1999.1064419521101,988.8868550526998
2020,7,weekly_w112_h7,커브,173,1197.5555705593065,803.4453557606403
2020,7,weekly_w112_h7,커터,38,239.68348095078224,188.8814388846629
2020,7,weekly_w112_h7,투심,158,1335.2681960134264,1357.020462563752
2020,7,weekly_w112_h7,포크,91,1115.303416210694,782.8124375470995
2020,7,weekly_w112_h10,슬라이더,337,3743.713228510393,2477.2387792854524
2020,7,weekly_w112_h10,직구,747,4187.502127162657,2592.481707533426
2020,7,weekly_w112_h10,체인지업,191,1993.0733290474805,990.452838433192
2020,7,weekly_w112_h10,커브,173,1248.903612570963,802.5626848226035
2020,7,weekly_w112_h10,커터,38,239.36138824398932,188.93284121454204
2020,7,weekly_w112_h10,투심,158,1322.2676371200578,1351.9201330389599
2020,7,weekly_w112_h10,포크,91,1122.780600621561,785.090488360705
2020,7,weekly_w112_h21,슬라이더,337,3891.249876525908,2477.8538726735314
2020,7,weekly_w112_h21,직구,747,4101.763967726315,2594.5270724937955
2020,7,weekly_w112_h21,체인지업,191,1997.422687821314,991.3125510522693
2020,7,weekly_w112_h21,커브,173,1414.2634241775831,797.9666891391182
2020,7,weekly_w112_h21,커터,38,246.08604169211995,189.7445817592108
2020,7,weekly_w112_h21,투심,158,1314.5510019936578,1347.5145827192364
2020,7,weekly_w112_h21,포크,91,1171.725367277988,793.8964855422395
2020,7,weekly_w112_h14,슬라이더,337,3804.0947921648467,2477.2483007260157
2020,7,weekly_w112_h14,직구,747,4127.745535987491,2591.4909242093217
2020,7,weekly_w112_h14,체인지업,191,1990.676119805733,991.215290551226
2020,7,weekly_w112_h14,커브,173,1317.7170051028893,800.7352693921641
2020,7,weekly_w112_h14,커터,38,241.59061915362756,189.25159370349814
2020,7,weekly_w112_h14,투심,158,1315.3063997929091,1349.071169263507
2020,7,weekly_w112_h14,포크,91,1140.587080830796,788.6149590215539
2020,7,weekly_w84_h3.5,슬라이더,337,3615.484609771335,2485.1979471092463
2020,7,weekly_w84_h3.5,직구,747,4430.736307749303,2646.6396067757364
2020,7,weekly_w84_h3.5,체인지업,191,2010.1318934646836,987.7369054884552
2020,7,weekly_w84_h3.5,커브,173,1164.2602503894996,805.2617865315522
2020,7,weekly_w84_h3.5,커터,38,250.7855191560993,191.98900574102984
2020,7,weekly_w84_h3.5,투심,158,1383.9155131414223,1373.7586623778861
2020,7,weekly_w84_h3.5,포크,91,1132.5888231483484,780.024286941996
2020,7,weekly_w28_h7,슬라이더,337,3668.606230360213,2485.001160643445
2020,7,weekly_w28_h7,직구,747,4336.400673477911,2603.1844877184017
2020,7,weekly_w28_h7,체인지업,191,2006.2991490869656,991.3189055182349
2020,7,weekly_w28_h7,커브,173,1163.7030302790088,801.5551181263575
2020,7,weekly_w28_h7,커터,38,236.6902707596661,185.2960714603669
2020,7,weekly_w28_h7,투심,158,1338.670689598608,1362.6854694113997
2020,7,weekly_w28_h7,포크,91,1100.3448798058018,783.0468490200863
2020,7,weekly_w84_h14_huber,슬라이더,337,3756.517400322285,2477.6145159482367
2020,7,weekly_w84_h14_huber,직구,747,4163.151669752181,2588.01569241264
2020,7,weekly_w84_h14_huber,체인지업,191,1998.317460520513,985.9420675198833
2020,7,weekly_w84_h14_huber,커브,173,1251.5981314413593,796.9926977142635
2020,7,weekly_w84_h14_huber,커터,38,241.86748397390534,189.2167486180415
2020,7,weekly_w84_h14_huber,투심,158,1311.4618696919301,1351.68325452631
2020,7,weekly_w84_h14_huber,포크,91,1112.508750943959,791.5637211093907
2020,7,daily_w84_h3.5,슬라이더,337,3528.969246527601,2536.5449098820154
2020,7,daily_w84_h3.5,직구,747,4327.762343739694,2713.4657126541097
2020,7,daily_w84_h3.5,체인지업,191,2052.397879396372,1022.5858836024698
2020,7,daily_w84_h3.5,커브,173,1182.2003951206157,831.2380707816404
2020,7,daily_w84_h3.5,커터,38,234.89590434368972,192.20827818480086
2020,7,daily_w84_h3.5,투심,158,1364.228126067187,1382.7928824835553
2020,7,daily_w84_h3.5,포크,91,1091.2967065066582,766.282887824703
2020,7,daily_w56_h7,슬라이더,337,3617.4307533513365,2492.359437476245
2020,7,daily_w56_h7,직구,747,4230.456690218204,2626.2381338033456
2020,7,daily_w56_h7,체인지업,191,2027.6660080658946,998.1477301400985
2020,7,daily_w56_h7,커브,173,1193.8278299719113,823.2942221680893
2020,7,daily_w56_h7,커터,38,228.14984992985663,190.7089912672579
2020,7,daily_w56_h7,투심,158,1329.9027026349258,1360.3626862667948
2020,7,daily_w56_h7,포크,91,1080.2885572065518,775.6953623072152
2020,7,daily_w56_h14,슬라이더,337,3720.3796636731445,2480.440107632785
2020,7,daily_w56_h14,직구,747,4133.6143693266595,2600.683409366087
2020,7,daily_w56_h14,체인지업,191,2012.3159822357816,993.1374593578762
2020,7,daily_w56_h14,커브,173,1260.8527128075634,816.4595192229049
2020,7,daily_w56_h14,커터,38,233.91970868676196,191.0747387297147
2020,7,daily_w56_h14,투심,158,1313.8745674422603,1349.3016772343642
2020,7,daily_w56_h14,포크,91,1095.0292473426275,782.5528561639936
2020,7,daily_w56_h28,슬라이더,337,3815.1988634558556,2478.5263512635374
2020,7,daily_w56_h28,직구,747,4092.0467172858453,2597.277297666029
2020,7,daily_w56_h28,체인지업,191,2011.6753853015657,992.6629738411622
2020,7,daily_w56_h28,커브,173,1341.0659045488806,811.3998944872957
2020,7,daily_w56_h28,커터,38,242.52960507312608,191.4612121838173
2020,7,daily_w56_h28,투심,158,1308.1097887626493,1345.6319148251976
2020,7,daily_w56_h28,포크,91,1124.9620367212,787.6032267318159
2020,7,daily_w84_h7,슬라이더,337,3619.3164674885024,2492.2002482385924
2020,7,daily_w84_h7,직구,747,4224.402117235975,2625.7686222342195
2020,7,daily_w84_h7,체인지업,191,2026.405055425136,997.9472593622778
2020,7,daily_w84_h7,커브,173,1198.2938163769322,822.893735665305
2020,7,daily_w84_h7,커터,38,228.50488494817972,190.72276593596024
2020,7,daily_w84_h7,투심,158,1329.0259116352279,1360.323244723178
2020,7,daily_w84_h7,포크,91,1082.1228682726153,776.0758019773186
2020,7,daily_w84_h14,슬라이더,337,3744.478976734737,2480.4124815668947
2020,7,daily_w84_h14,직구,747,4100.707984992616,2600.6882482762185
2020,7,daily_w84_h14,체인지업,191,2005.96180475023,992.1277050020802
2020,7,daily_w84_h14,커브,173,1301.7453205517554,813.3046151427552
2020,7,daily_w84_h14,커터,38,235.77777099474037,191.14564480106586
2020,7,daily_w84_h14,투심,158,1310.5575657482996,1349.5076177752062
2020,7,daily_w84_h14,포크,91,1110.4159898220046,785.8217608059949
2020,7,daily_w84_h28,슬라이더,337,3900.9297072951977,2478.7572696711386
2020,7,daily_w84_h28,직구,747,4074.7161244792464,2601.628308083275
2020,7,daily_w84_h28,체인지업,191,2013.813862120014,990.2953583970766
2020,7,daily_w84_h28,커브,173,1454.739093881158,804.2456992472094
2020,7,daily_w84_h28,커터,38,246.0337726893505,191.56282497191071
2020,7,daily_w84_h28,투심,158,1310.2141308333842,1346.6392763444053
2020,7,daily_w84_h28,포크,91,1167.5219444777695,795.691646313621
2020,7,fortnightly_w84_h7,슬라이더,337,3802.1909758918355,2486.3576346624586
2020,7,fortnightly_w84_h7,직구,747,4262.869264768342,2595.3748271063578
2020,7,fortnightly_w84_h7,체인지업,191,2017.2242522308782,981.3670763299613
2020,7,fortnightly_w84_h7,커브,173,1222.754732334439,809.2698608021649
2020,7,fortnightly_w84_h7,커터,38,236.46607401848212,186.95959976837088
2020,7,fortnightly_w84_h7,투심,158,1354.2028571789342,1354.6504996942492
2020,7,fortnightly_w84_h7,포크,91,1119.4442589262649,791.4984406747095
2020,7,fortnightly_w84_h14,슬라이더,337,3873.004059629575,2482.7312989862303
2020,7,fortnightly_w84_h14,직구,747,4135.981648254923,2593.7887389130187
2020,7,fortnightly_w84_h14,체인지업,191,2003.3867679083098,986.976258393971
2020,7,fortnightly_w84_h14,커브,173,1341.5092067220407,803.4250745951445
2020,7,fortnightly_w84_h14,커터,38,239.50858325875157,188.81171959227368
2020,7,fortnightly_w84_h14,투심,158,1327.570147567258,1347.7197759610879
2020,7,fortnightly_w84_h14,포크,91,1140.8134740829603,794.8855223370728
2020,7,fortnightly_w84_h28,슬라이더,337,4011.4039302506867,2482.418787027143
2020,7,fortnightly_w84_h28,직구,747,4141.391336621942,2602.3001718621604
2020,7,fortnightly_w84_h28,체인지업,191,2021.1275074324099,988.3407327300745
2020,7,fortnightly_w84_h28,커브,173,1508.8292214820672,797.2611770418308
2020,7,fortnightly_w84_h28,커터,38,248.4833071339151,190.16026505345837
2020,7,fortnightly_w84_h28,투심,158,1328.6983216409872,1346.6761696382973
2020,7,fortnightly_w84_h28,포크,91,1195.437837352888,802.2141182745963
2020,8,uncorrected,너클볼,5,513.7640655789221,331.1429374768393
2020,8,uncorrected,슬라이더,396,12440.898392395036,6520.981848770981
2020,8,uncorrected,직구,809,35238.42978412136,14660.102120313779
2020,8,uncorrected,체인지업,205,8176.349518316512,2806.3733902122854
2020,8,uncorrected,커브,181,4019.8883220777293,2635.2564291967205
2020,8,uncorrected,커터,44,1492.8616470082618,695.9576589451406
2020,8,uncorrected,투심,154,5316.126786558838,3620.9832888491237
2020,8,uncorrected,포크,106,3180.8459517902365,1695.817213560108
2020,8,last_month,너클볼,5,502.4608476888615,330.7202193671078
2020,8,last_month,슬라이더,396,4048.4801950883734,2241.645209510354
2020,8,last_month,직구,809,7084.345272868398,3447.690480404781
2020,8,last_month,체인지업,205,2880.3002442736133,1343.802880343765
2020,8,last_month,커브,181,1357.9860610077658,990.5759856241351
2020,8,last_month,커터,44,418.5645443663673,197.58707688943448
2020,8,last_month,투심,154,1779.598329186715,1366.989402593092
2020,8,last_month,포크,106,1264.4150099857848,864.3570677297089
2020,8,season_to_date,너클볼,5,504.9094097097686,330.52485832698966
2020,8,season_to_date,슬라이더,396,4702.285060779685,2257.9891329263887
2020,8,season_to_date,직구,809,7933.999063168231,3481.461450058103
2020,8,season_to_date,체인지업,205,3056.822067389865,1297.8986455461434
2020,8,season_to_date,커브,181,1707.1986220296208,1012.907577043473
2020,8,season_to_date,커터,44,497.0353522462904,191.3684418677784
2020,8,season_to_date,투심,154,2013.7166733827125,1378.6380895874458
2020,8,season_to_date,포크,106,1363.9443255039687,849.2850403061126
2020,8,ewma_w2_h0.25,너클볼,5,502.4552854115551,330.74002482715895
2020,8,ewma_w2_h0.25,슬라이더,396,4068.6225461248505,2239.508377253397
2020,8,ewma_w2_h0.25,직구,809,7123.718259809533,3442.1425405065465
2020,8,ewma_w2_h0.25,체인지업,205,2883.7095322249224,1341.925794706478
2020,8,ewma_w2_h0.25,커브,181,1363.3816722230354,991.0855904945855
2020,8,ewma_w2_h0.25,커터,44,418.983842739081,196.47942686213185
2020,8,ewma_w2_h0.25,투심,154,1785.933855103749,1368.0915374475912
2020,8,ewma_w2_h0.25,포크,106,1267.251557682859,863.1460619097342
2020,8,ewma_w2_h0.5,너클볼,5,502.46947204010803,330.789063120052
2020,8,ewma_w2_h0.5,슬라이더,396,4120.495847221649,2235.1507370827007
2020,8,ewma_w2_h0.5,직구,809,7226.234536159849,3430.1895038797347
2020,8,ewma_w2_h0.5,체인지업,205,2893.709405852803,1337.7778016637894
2020,8,ewma_w2_h0.5,커브,181,1377.7906349548023,992.6075956486685
2020,8,ewma_w2_h0.5,커터,44,420.5204704497862,193.919284298472
2020,8,ewma_w2_h0.5,투심,154,1802.6319611002632,1370.994665767045
2020,8,ewma_w2_h0.5,포크,106,1275.1414544462075,860.3614067256523
2020,8,ewma_w2_h1,너클볼,5,502.51856545941166,330.8373282339714
2020,8,ewma_w2_h1,슬라이더,396,4174.065374232477,2232.0343177959367
2020,8,ewma_w2_h1,직구,809,7333.453196016846,3420.6661051956526
2020,8,ewma_w2_h1,체인지업,205,2905.5098564667605,1334.3230466434015
2020,8,ewma_w2_h1,커브,181,1393.291038776628,994.4325772303005
2020,8,ewma_w2_h1,커터,44,422.6591709382942,191.62869086113972
2020,8,ewma_w2_h1,투심,154,1820.3375624246473,1374.0709596762704
2020,8,ewma_w2_h1,포크,106,1283.9958525065163,857.8892900679103
2020,8,ewma_w2_h2,너클볼,5,502.56524221321627,330.867529543631
2020,8,ewma_w2_h2,슬라이더,396,4208.727825288261,2230.6168418568914
2020,8,ewma_w2_h2,직구,809,7403.414103190332,3415.7249525878556
2020,8,ewma_w2_h2,체인지업,205,2913.7833286960613,1332.4464550614587
2020,8,ewma_w2_h2,커브,181,1403.5891810564967,995.7230569676619
2020,8,ewma_w2_h2,커터,44,424.28191827946495,190.29948082574208
2020,8,ewma_w2_h2,투심,154,1831.993844168307,1376.0953607644906
2020,8,ewma_w2_h2,포크,106,1290.0309904753663,856.464413053949
2020,8,ewma_w2_h3,너클볼,5,502.58457331492167,330.8782539966229
2020,8,ewma_w2_h3,슬라이더,396,4221.233674253134,2230.205489798566
2020,8,ewma_w2_h3,직구,809,7428.752897391043,3414.1461908184515
2020,8,ewma_w2_h3,체인지업,205,2916.8748680689664,1331.8293376978431
2020,8,ewma_w2_h3,커브,181,1407.3494959797124,996.2069583675773
2020,8,ewma_w2_h3,커터,44,424.90729188414525,189.84546085542115
2020,8,ewma_w2_h3,투심,154,1836.2326785476657,1376.8314007488689
2020,8,ewma_w2_h3,포크,106,1292.2594935388888,855.9795169394575
2020,8,ewma_w3_h0.25,너클볼,5,502.4549746017384,330.7358203225625
2020,8,ewma_w3_h0.25,슬라이더,396,4072.0665526514995,2239.7466658262083
2020,8,ewma_w3_h0.25,직구,809,7122.998404868029,3442.711540097071
2020,8,ewma_w3_h0.25,체인지업,205,2883.9764303455195,1341.411774912107
2020,8,ewma_w3_h0.25,커브,181,1366.1467800799905,991.226706641106
2020,8,ewma_w3_h0.25,커터,44,419.5163171583374,196.46885844805695
2020,8,ewma_w3_h0.25,투심,154,1787.0457882295145,1368.1166073378245
2020,8,ewma_w3_h0.25,포크,106,1267.6232283984102,863.0451214024462
2020,8,ewma_w3_h0.5,너클볼,5,502.5293120492686,330.73098902019
2020,8,ewma_w3_h0.5,슬라이더,396,4168.792442691112,2238.8167724630957
2020,8,ewma_w3_h0.5,직구,809,7224.468444554896,3438.8352654583296
2020,8,ewma_w3_h0.5,체인지업,205,2899.127968197268,1331.4831324416486
2020,8,ewma_w3_h0.5,커브,181,1416.27981192709,994.5294654889677
2020,8,ewma_w3_h0.5,커터,44,428.35180449720394,193.96108351381406
2020,8,ewma_w3_h0.5,투심,154,1817.7743920408964,1371.280287455856
2020,8,ewma_w3_h0.5,포크,106,1280.8120955476538,859.2342415284412
2020,8,ewma_w3_h1,너클볼,5,502.9308590409448,330.65897254758534
2020,8,ewma_w3_h1,슬라이더,396,4340.684779343091,2244.857773901197
2020,8,ewma_w3_h1,직구,809,7376.870342846605,3450.607624422657
2020,8,ewma_w3_h1,체인지업,205,2932.9442605227296,1316.662821172633
2020,8,ewma_w3_h1,커브,181,1522.4969699978783,1000.590491108055
2020,8,ewma_w3_h1,커터,44,450.92445913297666,192.28386848846606
2020,8,ewma_w3_h1,투심,154,1870.0586463413456,1374.926517601185
2020,8,ewma_w3_h1,포크,106,1305.5438884873197,855.0794107776479
2020,8,ewma_w3_h2,너클볼,5,503.4710016998667,330.5857929809694
2020,8,ewma_w3_h2,슬라이더,396,4502.35896490274,2252.8527980958806
2020,8,ewma_w3_h2,직구,809,7539.204062564439,3467.374030830717
2020,8,ewma_w3_h2,체인지업,205,2972.2751680108067,1305.7008747258726
2020,8,ewma_w3_h2,커브,181,1626.4180180941344,1005.9677582748682
2020,8,ewma_w3_h2,커터,44,475.31165083533676,191.85893868189754
2020,8,ewma_w3_h2,투심,154,1916.657070129846,1377.5398136591082
2020,8,ewma_w3_h2,포크,106,1330.1334714983618,852.5936725355707
2020,8,ewma_w3_h3,너클볼,5,503.72790057721437,330.5565079802382
2020,8,ewma_w3_h3,슬라이더,396,4571.385770601542,2256.500664960844
2020,8,ewma_w3_h3,직구,809,7614.914802026841,3475.1238298955923
2020,8,ewma_w3_h3,체인지업,205,2990.7474644517806,1301.6597434981804
2020,8,ewma_w3_h3,커브,181,1671.015233826416,1008.1696991663489
2020,8,ewma_w3_h3,커터,44,486.22875859840536,191.84410853455142
2020,8,ewma_w3_h3,투심,154,1935.9876863940744,1378.5396660058818
2020,8,ewma_w3_h3,포크,106,1340.9187325317737,851.7790233119407
2020,8,ewma_w6_h0.25,너클볼,5,502.4549746017384,330.7358203225625
2020,8,ewma_w6_h0.25,슬라이더,396,4072.0665526514995,2239.7466658262083
2020,8,ewma_w6_h0.25,직구,809,7122.998404868029,3442.711540097071
2020,8,ewma_w6_h0.25,체인지업,205,2883.9764303455195,1341.411774912107
2020,8,ewma_w6_h0.25,커브,181,1366.1467800799905,991.226706641106
2020,8,ewma_w6_h0.25,커터,44,419.5163171583374,196.46885844805695
2020,8,ewma_w6_h0.25,투심,154,1787.0457882295145,1368.1166073378245
2020,8,ewma_w6_h0.25,포크,106,1267.6232283984102,863.0451214024462
2020,8,ewma_w6_h0.5,너클볼,5,502.5293120492686,330.73098902019
2020,8,ewma_w6_h0.5,슬라이더,396,4168.792442691112,2238.8167724630957
2020,8,ewma_w6_h0.5,직구,809,7224.468444554896,3438.8352654583296
2020,8,ewma_w6_h0.5,체인지업,205,2899.127968197268,1331.4831324416486
2020,8,ewma_w6_h0.5,커브,181,1416.27981192709,994.5294654889677
2020,8,ewma_w6_h0.5,커터,44,428.35180449720394,193.96108351381406
2020,8,ewma_w6_h0.5,투심,154,1817.7743920408964,1371.280287455856
2020,8,ewma_w6_h0.5,포크,106,1280.8120955476538,859.2342415284412
2020,8,ewma_w6_h1,너클볼,5,502.9308590409448,330.65897254758534
2020,8,ewma_w6_h1,슬라이더,396,4340.684779343091,2244.857773901197
2020,8,ewma_w6_h1,직구,809,7376.870342846605,3450.607624422657
2020,8,ewma_w6_h1,체인지업,205,2932.9442605227296,1316.662821172633
2020,8,ewma_w6_h1,커브,181,1522.4969699978783,1000.590491108055
2020,8,ewma_w6_h1,커터,44,450.92445913297666,192.28386848846606
2020,8,ewma_w6_h1,투심,154,1870.0586463413456,1374.926517601185
2020,8,ewma_w6_h1,포크,106,1305.5438884873197,855.0794107776479
2020,8,ewma_w6_h2,너클볼,5,503.4710016998667,330.5857929809694
2020,8,ewma_w6_h2,슬라이더,396,4502.35896490274,2252.8527980958806
2020,8,ewma_w6_h2,직구,809,7539.204062564439,3467.374030830717
2020,8,ewma_w6_h2,체인지업,205,2972.2751680108067,1305.7008747258726
2020,8,ewma_w6_h2,커브,181,1626.4180180941344,1005.9677582748682
2020,8,ewma_w6_h2,커터,44,475.31165083533676,191.85893868189754
2020,8,ewma_w6_h2,투심,154,1916.657070129846,1377.5398136591082
2020,8,ewma_w6_h2,포크,106,1330.1334714983618,852.5936725355707
2020,8,ewma_w6_h3,너클볼,5,503.72790057721437,330.5565079802382
2020,8,ewma_w6_h3,슬라이더,396,4571.385770601542,2256.500664960844
2020,8,ewma_w6_h3,직구,809,7614.914802026841,3475.1238298955923
2020,8,ewma_w6_h3,체인지업,205,2990.7474644517806,1301.6597434981804
2020,8,ewma_w6_h3,커브,181,1671.015233826416,1008.1696991663489
2020,8,ewma_w6_h3,커터,44,486.22875859840536,191.84410853455142
2020,8,ewma_w6_h3,투심,154,1935.9876863940744,1378.5396660058818
2020,8,ewma_w6_h3,포크,106,1340.9187325317737,851.7790233119407
2020,8,precision_h0.5_q0.25,너클볼,5,502.46490254952704,330.73398692249543
2020,8,precision_h0.5_q0.25,슬라이더,396,4095.4939743155787,2238.435933901883
2020,8,precision_h0.5_q0.25,직구,809,7168.133740815698,3442.839937906765
2020,8,precision_h0.5_q0.25,체인지업,205,2884.656133690636,1333.1266568083615
2020,8,precision_h0.5_q0.25,커브,181,1372.9363513343196,993.3271556959174
2020,8,precision_h0.5_q0.25,커터,44,419.01617496346586,194.30870742012243
2020,8,precision_h0.5_q0.25,투심,154,1791.6282590098785,1370.7453699398186
2020,8,precision_h0.5_q0.25,포크,106,1272.96821977984,860.070972640047
2020,8,precision_h0.5_q1,너클볼,5,502.46367415324505,330.73690668477786
2020,8,precision_h0.5_q1,슬라이더,396,4096.186923709851,2238.8969398184427
2020,8,precision_h0.5_q1,직구,809,7163.3601573022115,3440.469232054505
2020,8,precision_h0.5_q1,체인지업,205,2887.766084046065,1337.2238572457643
2020,8,precision_h0.5_q1,커브,181,1374.1919449742718,992.4423768107492
2020,8,precision_h0.5_q1,커터,44,420.543795803897,195.30351251870542
2020,8,precision_h0.5_q1,투심,154,1796.1325396709667,1369.4342705767122
2020,8,precision_h0.5_q1,포크,106,1271.9115319768207,861.4382144765009
2020,8,precision_h0.5_q2,너클볼,5,502.4635345746933,330.73667271008975
2020,8,precision_h0.5_q2,슬라이더,396,4099.9881766834715,2238.9950365803693
2020,8,precision_h0.5_q2,직구,809,7160.764662479213,3440.4795710390154
2020,8,precision_h0.5_q2,체인지업,205,2888.420417306652,1337.6741432548133
2020,8,precision_h0.5_q2,커브,181,1377.864699845116,992.3479878564473
2020,8,precision_h0.5_q2,커터,44,421.38088214511,195.4385880670688
2020,8,precision_h0.5_q2,투심,154,1797.077407205142,1369.293830181116
2020,8,precision_h0.5_q2,포크,106,1271.8160484119055,861.5725140790759
2020,8,precision_h1_q0.25,너클볼,5,502.55537739968815,330.67995780269155
2020,8,precision_h1_q0.25,슬라이더,396,4140.445608890892,2242.926101906762
2020,8,precision_h1_q0.25,직구,809,7242.605803086761,3459.2878364169105
2020,8,precision_h1_q0.25,체인지업,205,2894.176083909189,1320.0624482982782
2020,8,precision_h1_q0.25,커브,181,1389.4603678629576,997.3102382838991
2020,8,precision_h1_q0.25,커터,44,421.6217768345724,192.84288576601966
2020,8,precision_h1_q0.25,투심,154,1812.3043965150846,1374.6002396465342
2020,8,precision_h1_q0.25,포크,106,1283.8669243959914,856.3298698000224
2020,8,precision_h1_q1,너클볼,5,502.55659825785665,330.71055188267104
2020,8,precision_h1_q1,슬라이더,396,4150.7939950925265,2240.3365360910357
2020,8,precision_h1_q1,직구,809,7236.432703250617,3443.284306366497
2020,8,precision_h1_q1,체인지업,205,2898.419496363639,1328.1636645226033
2020,8,precision_h1_q1,커브,181,1397.8177732333797,995.4676849234359
2020,8,precision_h1_q1,커터,44,425.12072873579444,193.74857397588372
2020,8,precision_h1_q1,투심,154,1819.5831527189657,1371.8177066810229
2020,8,precision_h1_q1,포크,106,1281.5765220263713,858.5610414802567
2020,8,precision_h1_q2,너클볼,5,502.5572281684478,330.71272687986414
2020,8,precision_h1_q2,슬라이더,396,4166.55634640932,2240.108211398119
2020,8,precision_h1_q2,직구,809,7231.927010588847,3442.075328294869
2020,8,precision_h1_q2,체인지업,205,2900.074428466338,1329.179467235638
2020,8,precision_h1_q2,커브,181,1411.923818390261,995.2454167215776
2020,8,precision_h1_q2,커터,44,427.9333345092777,193.91802295547538
2020,8,precision_h1_q2,투심,154,1821.6260151753686,1371.5072993280123
2020,8,precision_h1_q2,포크,106,1281.8819335866067,858.8056884388561
2020,8,precision_h2_q0.25,너클볼,5,502.71025700935,330.6178179827199
2020,8,precision_h2_q0.25,슬라이더,396,4176.1685286469765,2249.4144198551057
2020,8,precision_h2_q0.25,직구,809,7299.124052563413,3478.819030197217
2020,8,precision_h2_q0.25,체인지업,205,2903.9985722821,1310.070749068681
2020,8,precision_h2_q0.25,커브,181,1403.6240786735711,1001.0368947616112
2020,8,precision_h2_q0.25,커터,44,424.82769374645267,192.44740860046255
2020,8,precision_h2_q0.25,투심,154,1832.6052885493364,1377.5227531033058
2020,8,precision_h2_q0.25,포크,106,1293.3141117372268,853.8985958440003
2020,8,precision_h2_q1,너클볼,5,502.72525301425696,330.6709420392083
2020,8,precision_h2_q1,슬라이더,396,4199.703107791942,2243.7166073576286
2020,8,precision_h2_q1,직구,809,7295.110078682305,3450.7077180489864
2020,8,precision_h2_q1,체인지업,205,2909.2366095106554,1320.2489285979432
2020,8,precision_h2_q1,커브,181,1421.6021851778532,998.4959904530692
2020,8,precision_h2_q1,커터,44,430.4291171965207,192.949225989376
2020,8,precision_h2_q1,투심,154,1841.8647074233422,1373.699206509461
2020,8,precision_h2_q1,포크,106,1290.6118050965272,856.4335891630217
2020,8,precision_h2_q2,너클볼,5,502.7287753008023,330.6755248187792
2020,8,precision_h2_q2,슬라이더,396,4230.514624666944,2243.086080478917
2020,8,precision_h2_q2,직구,809,7293.446690728749,3448.150903885964
2020,8,precision_h2_q2,체인지업,205,2912.72749108912,1321.6461914439788
2020,8,precision_h2_q2,커브,181,1448.2319815283845,998.1677767876904
2020,8,precision_h2_q2,커터,44,435.69351452047323,193.0987322369803
2020,8,precision_h2_q2,투심,154,1845.1564262925228,1373.2515623716347
2020,8,precision_h2_q2,포크,106,1291.8732125766,856.734364866732
2020,8,ema_a0.5,너클볼,5,503.491433674443,330.5443206156418
2020,8,ema_a0.5,슬라이더,396,4512.880383066639,2256.3542914877216
2020,8,ema_a0.5,직구,809,7517.578917619534,3476.6976209267655
2020,8,ema_a0.5,체인지업,205,2976.0525691256667,1304.3906224092377
2020,8,ema_a0.5,커브,181,1645.0105008183605,1006.1541165180797
2020,8,ema_a0.5,커터,44,480.6957585182262,193.00579706476265
2020,8,ema_a0.5,투심,154,1917.9201832998601,1376.3135472850008
2020,8,ema_a0.5,포크,106,1330.9784245066667,853.3089175051248
2020,8,ema_a0.75,너클볼,5,502.55750604687023,330.71345708083686
2020,8,ema_a0.75,슬라이더,396,4185.561955390968,2240.0305595416403
2020,8,ema_a0.75,직구,809,7227.733815811345,3441.668696488202
2020,8,ema_a0.75,체인지업,205,2901.6133506171423,1329.5514455472476
2020,8,ema_a0.75,커브,181,1429.2170155150097,995.1640509782542
2020,8,ema_a0.75,커터,44,431.10168658869316,193.98273494616458
2020,8,ema_a0.75,투심,154,1822.8833795493558,1371.395832030097
2020,8,ema_a0.75,포크,106,1282.9136235050155,858.8940243922976
2020,8,ema_a0.9,너클볼,5,502.4570360211932,330.7393189516412
2020,8,ema_a0.9,슬라이더,396,4089.4896204372917,2239.0995452045163
2020,8,ema_a0.9,직구,809,7144.2940670361895,3440.86865062989
2020,8,ema_a0.9,체인지업,205,2886.5525937408083,1339.553640123409
2020,8,ema_a0.9,커브,181,1374.114716098927,991.7833449613998
2020,8,ema_a0.9,커터,44,420.7541167773136,195.86504507166654
2020,8,ema_a0.9,투심,154,1792.601726835215,1368.7855173180005
2020,8,ema_a0.9,포크,106,1269.955479787734,862.2312109583045
2020,8,kalman_q0.25,너클볼,5,502.8295763163991,330.58797435284976
2020,8,kalman_q0.25,슬라이더,396,4150.335022369289,2251.585745367389
2020,8,kalman_q0.25,직구,809,7233.719491016696,3470.8399895092557
2020,8,kalman_q0.25,체인지업,205,2922.586958063391,1316.5151703372876
2020,8,kalman_q0.25,커브,181,1400.9736893289155,993.4184683579376
2020,8,kalman_q0.25,커터,44,425.8501872219131,192.89744795426103
2020,8,kalman_q0.25,투심,154,1871.561179942848,1374.8477907455708
2020,8,kalman_q0.25,포크,106,1306.9036872731342,861.9631151618787
2020,8,kalman_q0.5,너클볼,5,502.50793858189445,330.6782865037107
2020,8,kalman_q0.5,슬라이더,396,4107.1567150803985,2240.524955118581
2020,8,kalman_q0.5,직구,809,7141.179063696841,3440.4163331087793
2020,8,kalman_q0.5,체인지업,205,2896.3000357476194,1335.9757662149382
2020,8,kalman_q0.5,커브,181,1391.122376838209,989.5173602036556
2020,8,kalman_q0.5,커터,44,421.77062105204686,194.8400106624887
2020,8,kalman_q0.5,투심,154,1818.2110804554268,1370.972147805663
2020,8,kalman_q0.5,포크,106,1286.5624035200015,863.3384379715048
2020,8,kalman_q1,너클볼,5,502.45497073598375,330.71415823248276
2020,8,kalman_q1,슬라이더,396,4073.5977410433807,2239.9285570292536
2020,8,kalman_q1,직구,809,7094.681278417764,3439.6864551881686
2020,8,kalman_q1,체인지업,205,2883.34469099553,1342.4377030890428
2020,8,kalman_q1,커브,181,1376.1935052726392,989.6371599487326
2020,8,kalman_q1,커터,44,419.4129980343519,196.46695127890604
2020,8,kalman_q1,투심,154,1789.1766989304078,1368.3180304747975
2020,8,kalman_q1,포크,106,1272.848101781973,863.5938846191708
2020,8,kalman_q2,너클볼,5,502.4582865338841,330.7203387895363
2020,8,kalman_q2,슬라이더,396,4056.3266729308316,2241.172208849498
2020,8,kalman_q2,직구,809,7085.226064766066,3444.7899404308687
2020,8,kalman_q2,체인지업,205,2880.5197233542967,1343.3740931096988
2020,8,kalman_q2,커브,181,1364.2215801743223,990.2194558095701
2020,8,kalman_q2,커터,44,418.7071461862376,197.2294090714392
2020,8,kalman_q2,투심,154,1781.491676034279,1367.3159809426015
2020,8,kalman_q2,포크,106,1266.9203235293674,864.0140911987731
2020,8,kalman_q4,너클볼,5,502.46015774468975,330.7204278489255
2020,8,kalman_q4,슬라이더,396,4050.5160944954,2241.556038110585
2020,8,kalman_q4,직구,809,7084.601389154066,3446.9042683348443
2020,8,kalman_q4,체인지업,205,2880.278840289865,1343.654365796997
2020,8,kalman_q4,커브,181,1359.5811393148383,990.4771889683611
2020,8,kalman_q4,커터,44,418.58159571332135,197.48927903720912
2020,8,kalman_q4,투심,154,1780.0098131867385,1367.0707078606224
2020,8,kalman_q4,포크,106,1265.0624013611935,864.2560303798076
2020,8,adaptive_q0.5,너클볼,5,502.50793858189445,330.6782865037107
2020,8,adaptive_q0.5,슬라이더,396,4107.1567150803985,2240.524955118581
2020,8,adaptive_q0.5,직구,809,7141.179063696841,3440.4163331087793
2020,8,adaptive_q0.5,체인지업,205,2896.3000357476194,1335.9757662149382
2020,8,adaptive_q0.5,커브,181,1391.122376838209,989.5173602036556
2020,8,adaptive_q0.5,커터,44,421.77062105204686,194.8400106624887
2020,8,adaptive_q0.5,투심,154,1818.2110804554268,1370.972147805663
2020,8,adaptive_q0.5,포크,106,1286.5624035200015,863.3384379715048
2020,8,adaptive_q1,너클볼,5,502.45497073598375,330.71415823248276
2020,8,adaptive_q1,슬라이더,396,4073.5977410433807,2239.9285570292536
2020,8,adaptive_q1,직구,809,7094.681278417764,3439.6864551881686
2020,8,adaptive_q1,체인지업,205,2883.34469099553,1342.4377030890428
2020,8,adaptive_q1,커브,181,1376.1935052726392,989.6371599487326
2020,8,adaptive_q1,커터,44,419.4129980343519,196.46695127890604
2020,8,adaptive_q1,투심,154,1789.1766989304078,1368.3180304747975
2020,8,adaptive_q1,포크,106,1272.848101781973,863.5938846191708
2020,8,adaptive_q2,너클볼,5,502.4582865338841,330.7203387895363
2020,8,adaptive_q2,슬라이더,396,4056.3266729308316,2241.172208849498
2020,8,adaptive_q2,직구,809,7085.226064766066,3444.7899404308687
2020,8,adaptive_q2,체인지업,205,2880.5197233542967,1343.3740931096988
2020,8,adaptive_q2,커브,181,1364.2215801743223,990.2194558095701
2020,8,adaptive_q2,커터,44,418.7071461862376,197.2294090714392
2020,8,adaptive_q2,투심,154,1781.491676034279,1367.3159809426015
2020,8,adaptive_q2,포크,106,1266.9203235293674,864.0140911987731
2020,8,trend_d0.25,너클볼,5,502.55978137468685,330.64016191244053
2020,8,trend_d0.25,슬라이더,396,3972.5320821930322,2252.834285946966
2020,8,trend_d0.25,직구,809,6938.94279471278,3474.9934960280216
2020,8,trend_d0.25,체인지업,205,2870.780722751323,1352.7567003208383
2020,8,trend_d0.25,커브,181,1339.0455222123423,989.227615805576
2020,8,trend_d0.25,커터,44,418.2325971078598,202.56315298713957
2020,8,trend_d0.25,투심,154,1756.754338793015,1363.0108109773346
2020,8,trend_d0.25,포크,106,1255.3187744734487,869.8367766392153
2020,8,trend_d0.5,너클볼,5,502.78061964371597,330.56676805389947
2020,8,trend_d0.5,슬라이더,396,3912.2189162657505,2267.4355689414033
2020,8,trend_d0.5,직구,809,6829.050428733491,3508.3262838367414
2020,8,trend_d0.5,체인지업,205,2869.3077906198055,1363.2910443280248
2020,8,trend_d0.5,커브,181,1326.5662930151104,989.2027378893586
2020,8,trend_d0.5,커터,44,420.2483835668702,207.97404615040216
2020,8,trend_d0.5,투심,154,1740.5192922862411,1360.174427530113
2020,8,trend_d0.5,포크,106,1251.0134501424377,875.8555218314277
2020,8,monthly_w28_hflat,너클볼,5,502.4649788172254,330.5126701568867
2020,8,monthly_w28_hflat,슬라이더,396,4039.412105701951,2283.2853454304914
2020,8,monthly_w28_hflat,직구,809,7131.516095224952,3521.3957530244825
2020,8,monthly_w28_hflat,체인지업,205,2880.1050343443894,1328.7313498546555
2020,8,monthly_w28_hflat,커브,181,1346.4285223870743,990.8245525201444
2020,8,monthly_w28_hflat,커터,44,416.0141452610494,201.8776994544226
2020,8,monthly_w28_hflat,투심,154,1781.5185688457684,1389.837865891967
2020,8,monthly_w28_hflat,포크,106,1262.6844027226402,888.1508375494421
2020,8,monthly_w28_h14,너클볼,5,502.48004286010735,330.6901611211548
2020,8,monthly_w28_h14,슬라이더,396,4015.6848449106146,2263.0701557461944
2020,8,monthly_w28_h14,직구,809,7161.273055500966,3536.2947273076024
2020,8,monthly_w28_h14,체인지업,205,2862.727769800941,1331.921126055454
2020,8,monthly_w28_h14,커브,181,1302.5201029742157,990.1204608244327
2020,8,monthly_w28_h14,커터,44,414.6173633700285,202.26261492986734
2020,8,monthly_w28_h14,투심,154,1775.112048844091,1383.346517327459
2020,8,monthly_w28_h14,포크,106,1248.3151737666058,868.3478202046015
2020,8,monthly_w28_h28,너클볼,5,502.467216377408,330.59727094659024
2020,8,monthly_w28_h28,슬라이더,396,4026.7505067295224,2273.963171248186
2020,8,monthly_w28_h28,직구,809,7135.297083736072,3532.5315804908105
2020,8,monthly_w28_h28,체인지업,205,2870.734783618572,1329.929457625485
2020,8,monthly_w28_h28,커브,181,1326.705743099797,990.1029710157763
2020,8,monthly_w28_h28,커터,44,415.01949942078636,202.33683430398133
2020,8,monthly_w28_h28,투심,154,1776.2255025836348,1386.8179946964717
2020,8,monthly_w28_h28,포크,106,1255.4510415955874,878.9459471257652
2020,8,monthly_w28_h28_huber,너클볼,5,502.47669941756317,330.5873031551261
2020,8,monthly_w28_h28_huber,슬라이더,396,4002.2963033910764,2288.4380805120936
2020,8,monthly_w28_h28_huber,직구,809,7075.937807744064,3560.0502304561305
2020,8,monthly_w28_h28_huber,체인지업,205,2847.9576097918944,1320.308772985111
2020,8,monthly_w28_h28_huber,커브,181,1312.5650364593841,988.4530632048336
2020,8,monthly_w28_h28_huber,커터,44,413.4920449356279,202.83625156051124
2020,8,monthly_w28_h28_huber,투심,154,1761.0934266562776,1387.490546149233
2020,8,monthly_w28_h28_huber,포크,106,1253.2409996392778,880.3795157967194
2020,8,monthly_w56_hflat,너클볼,5,502.6349384798061,330.8591668759392
2020,8,monthly_w56_hflat,슬라이더,396,4223.337912543629,2225.8018092946277
2020,8,monthly_w56_hflat,직구,809,7485.256018302047,3393.7559134965986
2020,8,monthly_w56_hflat,체인지업,205,2923.05334031424,1329.8104337852503
2020,8,monthly_w56_hflat,커브,181,1406.0860677658652,998.3719792226348
2020,8,monthly_w56_hflat,커터,44,423.7242606614938,188.5883546773497
2020,8,monthly_w56_hflat,투심,154,1839.6127456135705,1371.2612590686463
2020,8,monthly_w56_hflat,포크,106,1298.049526717,848.0943780359876
2020,8,monthly_w56_h14,너클볼,5,502.51054682235923,330.9420420788614
2020,8,monthly_w56_h14,슬라이더,396,4080.1756256768745,2235.7867286380097
2020,8,monthly_w56_h14,직구,809,7268.98137845419,3478.4948322526257
2020,8,monthly_w56_h14,체인지업,205,2873.6048060269004,1337.49313679224
2020,8,monthly_w56_h14,커브,181,1331.459188793118,991.6231542718676
2020,8,monthly_w56_h14,커터,44,415.9047980669987,196.49315833974228
2020,8,monthly_w56_h14,투심,154,1787.722244679269,1372.7844534230182
2020,8,monthly_w56_h14,포크,106,1263.0638463370422,852.4779544846334
2020,8,monthly_w56_h28,너클볼,5,502.54705371233666,330.90573349473743
2020,8,monthly_w56_h28,슬라이더,396,4139.4084586932295,2231.1070977395457
2020,8,monthly_w56_h28,직구,809,7343.736205078922,3440.303312953646
2020,8,monthly_w56_h28,체인지업,205,2892.619041668775,1334.364814962272
2020,8,monthly_w56_h28,커브,181,1368.0948412270195,993.6336717610268
2020,8,monthly_w56_h28,커터,44,418.6985605102049,192.99402983970327
2020,8,monthly_w56_h28,투심,154,1806.34370285229,1371.487985979512
2020,8,monthly_w56_h28,포크,106,1278.9360500304454,852.1610623652614
2020,8,monthly_w56_h28_huber,너클볼,5,502.60164870277487,330.8712311571373
2020,8,monthly_w56_h28_huber,슬라이더,396,4119.908921497847,2250.4012550676694
2020,8,monthly_w56_h28_huber,직구,809,7308.760948274819,3460.4621998700777
2020,8,monthly_w56_h28_huber,체인지업,205,2876.449619504094,1320.9563149140472
2020,8,monthly_w56_h28_huber,커브,181,1353.974380289903,993.7787534605274
2020,8,monthly_w56_h28_huber,커터,44,415.7750739951911,193.20591355154946
2020,8,monthly_w56_h28_huber,투심,154,1795.166564995542,1374.9835607821506
2020,8,monthly_w56_h28_huber,포크,106,1277.218981420802,858.1013241111231
2020,8,monthly_w84_hflat,너클볼,5,504.5406680952378,330.5444334643629
2020,8,monthly_w84_hflat,슬라이더,396,4688.1707388119,2254.462922174959
2020,8,monthly_w84_hflat,직구,809,7916.689544131721,3470.1845380988957
2020,8,monthly_w84_hflat,체인지업,205,3052.2197188129594,1303.6044265315036
2020,8,monthly_w84_hflat,커브,181,1688.9421688332502,1018.5230348071077
2020,8,monthly_w84_hflat,커터,44,495.33758150898046,192.86110371737405
2020,8,monthly_w84_hflat,투심,154,2012.8703627162686,1374.2645510625907
2020,8,monthly_w84_hflat,포크,106,1354.1196395331376,848.1407747595475
2020,8,monthly_w84_h14,너클볼,5,502.6344747458951,330.9231618717208
2020,8,monthly_w84_h14,슬라이더,396,4125.818349425671,2237.599381272575
2020,8,monthly_w84_h14,직구,809,7291.267101972513,3483.8472852033165
2020,8,monthly_w84_h14,체인지업,205,2883.2068426781407,1333.7511962917351
2020,8,monthly_w84_h14,커브,181,1360.3130674991926,994.533818455689
2020,8,monthly_w84_h14,커터,44,421.40944348042217,196.7068586961189
2020,8,monthly_w84_h14,투심,154,1809.9064694122708,1373.1802840089092
2020,8,monthly_w84_h14,포크,106,1269.4700695001802,851.8591311191857
2020,8,monthly_w84_h28,너클볼,5,503.09281286305185,330.7874757385811
2020,8,monthly_w84_h28,슬라이더,396,4299.076082357451,2239.843578869477
2020,8,monthly_w84_h28,직구,809,7456.389196794991,3464.057984176218
2020,8,monthly_w84_h28,체인지업,205,2931.856812818244,1322.6346266967817
2020,8,monthly_w84_h28,커브,181,1466.2550370591134,1002.1421877725932
2020,8,monthly_w84_h28,커터,44,440.64265488430345,194.08520350622567
2020,8,monthly_w84_h28,투심,154,1876.0651203057732,1372.6505000490229
2020,8,monthly_w84_h28,포크,106,1299.4010371610239,851.2495879611112
2020,8,monthly_w84_h28_huber,너클볼,5,503.0346480273026,330.7556544468237
2020,8,monthly_w84_h28_huber,슬라이더,396,4202.204556387407,2256.3864425480506
2020,8,monthly_w84_h28_huber,직구,809,7357.166382033023,3482.3326854259794
2020,8,monthly_w84_h28_huber,체인지업,205,2900.168496066729,1313.18875894446
2020,8,monthly_w84_h28_huber,커브,181,1402.2869390382828,1001.1004785101766
2020,8,monthly_w84_h28_huber,커터,44,427.3500868399059,194.32984850888613
2020,8,monthly_w84_h28_huber,투심,154,1845.5028850485614,1376.404024766091
2020,8,monthly_w84_h28_huber,포크,106,1291.9981788322464,858.3105401303466
2020,8,weekly_w28_hflat,너클볼,5,484.2593265423963,342.64789246791054
2020,8,weekly_w28_hflat,슬라이더,396,4001.369216350029,2266.849746869025
2020,8,weekly_w28_hflat,직구,809,6767.951746573477,3284.980529542862
2020,8,weekly_w28_hflat,체인지업,205,2714.8854697017814,1425.9229751280395
2020,8,weekly_w28_hflat,커브,181,1328.2126009817316,1100.3977990133499
2020,8,weekly_w28_hflat,커터,44,419.51309179807794,189.41539883987195
2020,8,weekly_w28_hflat,투심,154,1757.9540172741076,1376.6964412848415
2020,8,weekly_w28_hflat,포크,106,1373.5055141982214,872.6402200315199
2020,8,weekly_w28_h14,너클볼,5,495.5939387133249,335.4564609005478
2020,8,weekly_w28_h14,슬라이더,396,3980.8405543479275,2275.864589775564
2020,8,weekly_w28_h14,직구,809,6686.694658918692,3236.2484607664483
2020,8,weekly_w28_h14,체인지업,205,2689.7524382868505,1443.5786156072238
2020,8,weekly_w28_h14,커브,181,1327.621102729719,1119.4035029174881
2020,8,weekly_w28_h14,커터,44,418.3224366914649,187.27573542417218
2020,8,weekly_w28_h14,투심,154,1768.2331359705386,1383.3715877973686
2020,8,weekly_w28_h14,포크,106,1390.3008612265392,875.8709474265365
2020,8,weekly_w28_h28,너클볼,5,490.35120866629666,339.12059150869095
2020,8,weekly_w28_h28,슬라이더,396,3989.334586863136,2270.4844938290053
2020,8,weekly_w28_h28,직구,809,6724.9491038527585,3260.9949391239643
2020,8,weekly_w28_h28,체인지업,205,2701.8494866856154,1434.261647356404
2020,8,weekly_w28_h28,커브,181,1327.4297431414814,1109.1739183237705
2020,8,weekly_w28_h28,커터,44,419.17314437331623,188.28963292815652
2020,8,weekly_w28_h28,투심,154,1762.8012337922444,1379.6405503778028
2020,8,weekly_w28_h28,포크,106,1381.1358336885967,873.9361310975254
2020,8,weekly_w28_h28_huber,너클볼,5,493.3269570852818,343.63261894248615
2020,8,weekly_w28_h28_huber,슬라이더,396,3971.1278051657446,2263.3627132798256
2020,8,weekly_w28_h28_huber,직구,809,6653.148245679481,3274.702868573012
2020,8,weekly_w28_h28_huber,체인지업,205,2684.778722293019,1422.2585601812148
2020,8,weekly_w28_h28_huber,커브,181,1325.0958818208671,1106.970466317899
2020,8,weekly_w28_h28_huber,커터,44,418.3906741770641,193.49742138302946
2020,8,weekly_w28_h28_huber,투심,154,1747.5514715566387,1378.306466949722
2020,8,weekly_w28_h28_huber,포크,106,1360.431221921408,871.4303855194767
2020,8,weekly_w56_hflat,너클볼,5,482.1654215759586,336.7523857657433
2020,8,weekly_w56_hflat,슬라이더,396,4026.4828429774734,2249.7521030080206
2020,8,weekly_w56_hflat,직구,809,6803.1591204381975,3350.1152295562188
2020,8,weekly_w56_hflat,체인지업,205,2724.9737016591116,1359.2039363946997
2020,8,weekly_w56_hflat,커브,181,1366.4736501498214,1031.9841251285739
2020,8,weekly_w56_hflat,커터,44,400.0400393932202,188.8929591843006
2020,8,weekly_w56_hflat,투심,154,1757.8828264228628,1378.842504834617
2020,8,weekly_w56_hflat,포크,106,1281.047502469226,868.8766724622656
2020,8,weekly_w56_h14,너클볼,5,489.160772276021,337.8057304999203
2020,8,weekly_w56_h14,슬라이더,396,3926.1560734225013,2257.9193543116576
2020,8,weekly_w56_h14,직구,809,6518.96310468437,3276.79838394973
2020,8,weekly_w56_h14,체인지업,205,2664.4524759396627,1402.0372533302452
2020,8,weekly_w56_h14,커브,181,1344.2149787894473,1074.2213409954184
2020,8,weekly_w56_h14,커터,44,402.6414662039765,188.1684616992862
2020,8,weekly_w56_h14,투심,154,1741.7334728797373,1379.3075110779628
2020,8,weekly_w56_h14,포크,106,1316.6746868257308,873.4756607427154
2020,8,weekly_w56_h28,너클볼,5,484.6521358382201,337.844269955001
2020,8,weekly_w56_h28,슬라이더,396,3961.8055269388497,2252.719128301826
2020,8,weekly_w56_h28,직구,809,6623.510492428142,3314.718916558142
2020,8,weekly_w56_h28,체인지업,205,2687.4189574044794,1380.1955166887246
2020,8,weekly_w56_h28,커브,181,1354.5621207409724,1050.7084916312085
2020,8,weekly_w56_h28,커터,44,400.67657215824823,188.4637165938419
2020,8,weekly_w56_h28,투심,154,1742.956217996998,1377.3943860651034
2020,8,weekly_w56_h28,포크,106,1294.9988926053902,871.0965437089237
2020,8,weekly_w56_h28_huber,너클볼,5,485.8496106304369,337.89186447143715
2020,8,weekly_w56_h28_huber,슬라이더,396,3951.865695006929,2265.4966470520767
2020,8,weekly_w56_h28_huber,직구,809,6596.89362568872,3330.0130160970402
2020,8,weekly_w56_h28_huber,체인지업,205,2679.952999762907,1369.6894993208894
2020,8,weekly_w56_h28_huber,커브,181,1346.82051102596,1050.9748206476443
2020,8,weekly_w56_h28_huber,커터,44,400.6618083167986,190.72554981145922
2020,8,weekly_w56_h28_huber,투심,154,1738.3213773745006,1378.6968369468614
2020,8,weekly_w56_h28_huber,포크,106,1292.978585452028,875.2653362867726
2020,8,weekly_w84_hflat,너클볼,5,487.5893430264016,335.8344130909112
2020,8,weekly_w84_hflat,슬라이더,396,4269.782679813666,2234.4653573274977
2020,8,weekly_w84_hflat,직구,809,7308.7150354254245,3368.574494593384
2020,8,weekly_w84_hflat,체인지업,205,2830.525318650475,1332.012787038404
2020,8,weekly_w84_hflat,커브,181,1491.3612461916723,1035.2921181200943
2020,8,weekly_w84_hflat,커터,44,470.3541792425247,190.95408507439953
2020,8,weekly_w84_hflat,투심,154,1878.9571280821729,1377.1486900950724
2020,8,weekly_w84_hflat,포크,106,1355.4338366681907,851.8408128097915
2020,8,weekly_w84_h14,너클볼,5,487.9074934037218,338.00516710208933
2020,8,weekly_w84_h14,슬라이더,396,3952.6770751901854,2252.5280242557637
2020,8,weekly_w84_h14,직구,809,6562.60854643018,3281.7132196823086
2020,8,weekly_w84_h14,체인지업,205,2671.0964511006123,1395.46764915337
2020,8,weekly_w84_h14,커브,181,1359.7507891614218,1070.4158875674043
2020,8,weekly_w84_h14,커터,44,407.7524361225486,188.05342739322353
2020,8,weekly_w84_h14,투심,154,1749.507286054215,1377.7202275731006
2020,8,weekly_w84_h14,포크,106,1320.4826743055048,869.18497408284
2020,8,weekly_w84_h28,너클볼,5,484.7866038810728,337.57474261898346
2020,8,weekly_w84_h28,슬라이더,396,4051.787245586649,2242.565894731413
2020,8,weekly_w84_h28,직구,809,6800.418874301004,3324.8875116900363
2020,8,weekly_w84_h28,체인지업,205,2720.338900723512,1364.6043430900722
2020,8,weekly_w84_h28,커브,181,1400.7258331151152,1046.8393952186611
2020,8,weekly_w84_h28,커터,44,422.94788533248965,188.76480432543704
2020,8,weekly_w84_h28,투심,154,1781.142473909781,1375.5099956880806
2020,8,weekly_w84_h28,포크,106,1317.4983452214226,861.233820346154
2020,8,weekly_w84_h28_huber,너클볼,5,487.12732472783324,337.76241236617255
2020,8,weekly_w84_h28_huber,슬라이더,396,4014.002605449884,2254.435419293758
2020,8,weekly_w84_h28_huber,직구,809,6734.945698159202,3341.6427533777646
2020,8,weekly_w84_h28_huber,체인지업,205,2709.790681740539,1355.9662225803022
2020,8,weekly_w84_h28_huber,커브,181,1379.4345500605305,1045.967787350786
2020,8,weekly_w84_h28_huber,커터,44,412.67972967046825,190.3076979506256
2020,8,weekly_w84_h28_huber,투심,154,1765.7604756038015,1378.3613635985503
2020,8,weekly_w84_h28_huber,포크,106,1308.2040994878669,866.8308407778244
2020,8,weekly_w56_h7,너클볼,5,497.95895295484274,332.8939694615696
2020,8,weekly_w56_h7,슬라이더,396,3926.0536531730386,2276.173579826269
2020,8,weekly_w56_h7,직구,809,6483.688964055298,3207.6306259284947
2020,8,weekly_w56_h7,체인지업,205,2649.1579805703395,1441.5081428905053
2020,8,weekly_w56_h7,커브,181,1334.2274804176513,1121.2778760792755
2020,8,weekly_w56_h7,커터,44,407.0495093516484,187.1265894725397
2020,8,weekly_w56_h7,투심,154,1760.3965752696809,1389.374906482848
2020,8,weekly_w56_h7,포크,106,1369.6643198111196,878.4812510765975
2020,8,weekly_w56_h10,너클볼,5,493.2034319413824,336.5767756262431
2020,8,weekly_w56_h10,슬라이더,396,3916.889827499929,2264.0141180826413
2020,8,weekly_w56_h10,직구,809,6483.150472298574,3247.2015906326897
2020,8,weekly_w56_h10,체인지업,205,2654.6585927371098,1418.673224217308
2020,8,weekly_w56_h10,커브,181,1338.1391616570313,1093.740250358363
2020,8,weekly_w56_h10,커터,44,404.53534597144096,187.83160012587956
2020,8,weekly_w56_h10,투심,154,1747.3318454596715,1382.6347352029445
2020,8,weekly_w56_h10,포크,106,1337.4329735724612,875.384687417543
2020,8,weekly_w56_h21,너클볼,5,485.9867217364934,337.9969905306932
2020,8,weekly_w56_h21,슬라이더,396,3946.6674347485523,2254.171448076745
2020,8,weekly_w56_h21,직구,809,6580.383460035946,3302.1569808906424
2020,8,weekly_w56_h21,체인지업,205,2678.20908768917,1387.512920021752
2020,8,weekly_w56_h21,커브,181,1350.8736053776381,1058.2309299403391
2020,8,weekly_w56_h21,커터,44,401.2302077745162,188.36693764083137
2020,8,weekly_w56_h21,투심,154,1741.216356828561,1377.695915192247
2020,8,weekly_w56_h21,포크,106,1301.4929970353237,871.8862862983558
2020,8,weekly_w84_h7,너클볼,5,497.56767994972256,333.082674044031
2020,8,weekly_w84_h7,슬라이더,396,3927.2664818583526,2275.0265814417708
2020,8,weekly_w84_h7,직구,809,6482.718332256101,3208.308692747792
2020,8,weekly_w84_h7,체인지업,205,2648.8151094214945,1440.8115310929943
2020,8,weekly_w84_h7,커브,181,1335.804923346427,1120.3689784895191
2020,8,weekly_w84_h7,커터,44,407.1353105595916,187.09962246298667
2020,8,weekly_w84_h7,투심,154,1760.0723088564282,1388.9279421969802
2020,8,weekly_w84_h7,포크,106,1369.0887753878828,878.0152593542587
2020,8,weekly_w84_h10,너클볼,5,492.22277721793506,336.8609939386065
2020,8,weekly_w84_h10,슬라이더,396,3925.539206247291,2261.0134573723285
2020,8,weekly_w84_h10,직구,809,6493.086207803264,3249.6321901173305
2020,8,weekly_w84_h10,체인지업,205,2655.694564756577,1415.876605651294
2020,8,weekly_w84_h10,커브,181,1344.4507941328143,1091.337782481969
2020,8,weekly_w84_h10,커터,44,405.8098208301956,187.7403234471469
2020,8,weekly_w84_h10,투심,154,1748.6016669753608,1381.5588722235098
2020,8,weekly_w84_h10,포크,106,1337.4260194192739,873.5169314633046
2020,8,weekly_w84_h21,너클볼,5,485.29317428257974,337.9304803422482
2020,8,weekly_w84_h21,슬라이더,396,4007.945067092948,2245.8044277271474
2020,8,weekly_w84_h21,직구,809,6695.919549435377,3310.280345790181
2020,8,weekly_w84_h21,체인지업,205,2698.5726467663735,1375.449664742956
2020,8,weekly_w84_h21,커브,181,1383.1880621624782,1053.8951595706785
2020,8,weekly_w84_h21,커터,44,415.32322387251685,188.42406485705922
2020,8,weekly_w84_h21,투심,154,1764.8911192759479,1375.8399280210729
2020,8,weekly_w84_h21,포크,106,1315.0497530750145,864.1805760770077
2020,8,weekly_w112_h7,너클볼,5,497.63855080811913,333.08682267743836
2020,8,weekly_w112_h7,슬라이더,396,3927.640630325319,2275.0107731633925
2020,8,weekly_w112_h7,직구,809,6482.143768553449,3208.43131783018
2020,8,weekly_w112_h7,체인지업,205,2648.8828846370316,1440.7073536361272
2020,8,weekly_w112_h7,커브,181,1336.2381908674254,1120.3455414061868
2020,8,weekly_w112_h7,커터,44,407.0729019498944,187.09839512500776
2020,8,weekly_w112_h7,투심,154,1760.069896463725,1388.9315326349838
2020,8,weekly_w112_h7,포크,106,1368.9470204289773,878.0022811416766
2020,8,weekly_w112_h10,너클볼,5,492.67210371261876,336.83739587620806
2020,8,weekly_w112_h10,슬라이더,396,3929.324328970418,2261.076875997312
2020,8,weekly_w112_h10,직구,809,6490.670163854777,3250.699069849797
2020,8,weekly_w112_h10,체인지업,205,2656.726483190979,1415.071867292005
2020,8,weekly_w112_h10,커브,181,1347.9458909545115,1091.141873015888
2020,8,weekly_w112_h10,커터,44,405.3768733105485,187.70821830561098
2020,8,weekly_w112_h10,투심,154,1748.9709397285217,1381.6012368416564
2020,8,weekly_w112_h10,포크,106,1336.6349373741105,873.4285682857186
2020,8,weekly_w112_h21,너클볼,5,488.58037573943784,337.2431457674322
2020,8,weekly_w112_h21,슬라이더,396,4055.858825106092,2248.9659759624383
2020,8,weekly_w112_h21,직구,809,6707.359487314376,3322.217829501934
2020,8,weekly_w112_h21,체인지업,205,2717.166319025646,1368.861025082626
2020,8,weekly_w112_h21,커브,181,1418.8394805379648,1052.0334165106678
2020,8,weekly_w112_h21,커터,44,413.7178744288367,187.9444920264936
2020,8,weekly_w112_h21,투심,154,1775.3251756413538,1376.2492277153096
2020,8,weekly_w112_h21,포크,106,1312.6023960943992,863.7501406111065
2020,8,weekly_w112_h14,너클볼,5,489.3162696144512,337.80606077825263
2020,8,weekly_w112_h14,슬라이더,396,3968.540098681599,2253.256769176989
2020,8,weekly_w112_h14,직구,809,6560.299856150307,3285.8762071988513
2020,8,weekly_w112_h14,체인지업,205,2676.466376015153,1392.716212452393
2020,8,weekly_w112_h14,커브,181,1372.6660626397327,1069.681505489128
2020,8,weekly_w112_h14,커터,44,406.58601425870563,187.891120542613
2020,8,weekly_w112_h14,투심,154,1752.1285858080544,1377.8799428558696
2020,8,weekly_w112_h14,포크,106,1318.6537786137435,868.9275431029043
2020,8,weekly_w84_h3.5,너클볼,5,494.1082997994215,316.98676291174866
2020,8,weekly_w84_h3.5,슬라이더,396,4035.750147538117,2325.415468111145
2020,8,weekly_w84_h3.5,직구,809,6646.2389163093885,3139.794779761627
2020,8,weekly_w84_h3.5,체인지업,205,2669.34759097447,1505.6214322752471
2020,8,weekly_w84_h3.5,커브,181,1358.709004300385,1193.6919242945637
2020,8,weekly_w84_h3.5,커터,44,410.37246983266726,186.35359614708838
2020,8,weekly_w84_h3.5,투심,154,1804.486251029126,1416.3732074731151
2020,8,weekly_w84_h3.5,포크,106,1448.0984972211938,892.2195628169493
2020,8,weekly_w28_h7,너클볼,5,501.5405804146004,327.790925466527
2020,8,weekly_w28_h7,슬라이더,396,3980.106448379012,2291.3899738074156
2020,8,weekly_w28_h7,직구,809,6636.515460315482,3190.833050267739
2020,8,weekly_w28_h7,체인지업,205,2671.4693639395255,1464.833800562352
2020,8,weekly_w28_h7,커브,181,1332.3010704785625,1143.5689360189058
2020,8,weekly_w28_h7,커터,44,415.46914214824005,185.8079799143256
2020,8,weekly_w28_h7,투심,154,1780.4583135397352,1392.7776523323746
2020,8,weekly_w28_h7,포크,106,1411.9149272407751,881.2696400803443
2020,8,weekly_w84_h14_huber,너클볼,5,490.74720853050405,338.04431576729314
2020,8,weekly_w84_h14_huber,슬라이더,396,3935.0393720507996,2258.898553874897
2020,8,weekly_w84_h14_huber,직구,809,6533.245710597868,3294.6879521009478
2020,8,weekly_w84_h14_huber,체인지업,205,2664.701748490929,1389.3614744410913
2020,8,weekly_w84_h14_huber,커브,181,1350.7990696627494,1069.9387270527868
2020,8,weekly_w84_h14_huber,커터,44,405.5035772513184,190.9078026387795
2020,8,weekly_w84_h14_huber,투심,154,1745.7184717256587,1378.737372073014
2020,8,weekly_w84_h14_huber,포크,106,1315.658526394209,872.2163116162479
2020,8,daily_w84_h3.5,너클볼,5,505.9479393987459,347.3242224088316
2020,8,daily_w84_h3.5,슬라이더,396,3715.594898513406,2289.4875654791085
2020,8,daily_w84_h3.5,직구,809,6002.263614101585,3066.0179553083117
2020,8,daily_w84_h3.5,체인지업,205,2555.448152676403,1486.5710117327194
2020,8,daily_w84_h3.5,커브,181,1319.1901063614612,1164.3272296556586
2020,8,daily_w84_h3.5,커터,44,374.5559360384493,195.12526915396106
2020,8,daily_w84_h3.5,투심,154,1668.8958023846726,1336.1744770993148
2020,8,daily_w84_h3.5,포크,106,1335.660889312658,877.742583126249
2020,8,daily_w56_h7,너클볼,5,502.2475513876455,338.64943319265114
2020,8,daily_w56_h7,슬라이더,396,3736.307456719854,2256.204223215341
2020,8,daily_w56_h7,직구,809,6047.252293191723,3152.2873320440526
2020,8,daily_w56_h7,체인지업,205,2568.7321615697665,1432.1172389493336
2020,8,daily_w56_h7,커브,181,1313.6989238524175,1123.3509674778124
2020,8,daily_w56_h7,커터,44,390.8857593607581,191.2471211275348
2020,8,daily_w56_h7,투심,154,1680.7456843411842,1349.0046482865414
2020,8,daily_w56_h7,포크,106,1319.180733764847,862.9911869071378
2020,8,daily_w56_h14,너클볼,5,496.62533267772017,337.84735035305414
2020,8,daily_w56_h14,슬라이더,396,3778.248617584827,2246.3861302693213
2020,8,daily_w56_h14,직구,809,6189.434624892431,3232.668893901853
2020,8,daily_w56_h14,체인지업,205,2593.950346872364,1397.4747464343195
2020,8,daily_w56_h14,커브,181,1331.9825110368529,1083.3484905789965
2020,8,daily_w56_h14,커터,44,395.28015225621095,190.12578333227512
2020,8,daily_w56_h14,투심,154,1688.069211346753,1357.622442179931
2020,8,daily_w56_h14,포크,106,1289.5901401066822,863.1942713372966
2020,8,daily_w56_h28,너클볼,5,492.4773922420221,336.83966038087135
2020,8,daily_w56_h28,슬라이더,396,3830.3131188651514,2243.572235872537
2020,8,daily_w56_h28,직구,809,6338.917843647364,3277.280402655533
2020,8,daily_w56_h28,체인지업,205,2621.0274414807454,1379.5012418297342
2020,8,daily_w56_h28,커브,181,1347.2056924233261,1059.4408605485114
2020,8,daily_w56_h28,커터,44,395.88381917001414,189.11341059175896
2020,8,daily_w56_h28,투심,154,1698.6068379499588,1361.0907839650708
2020,8,daily_w56_h28,포크,106,1273.5239161964769,865.5991412747147
2020,8,daily_w84_h7,너클볼,5,502.1030556988003,338.809095296368
2020,8,daily_w84_h7,슬라이더,396,3737.291819596174,2255.6390470979304
2020,8,daily_w84_h7,직구,809,6047.658490777873,3153.9617868806627
2020,8,daily_w84_h7,체인지업,205,2568.29926965881,1431.1991705212386
2020,8,daily_w84_h7,커브,181,1314.519985369141,1122.4749502982281
2020,8,daily_w84_h7,커터,44,390.794592886833,191.21697369434804
2020,8,daily_w84_h7,투심,154,1680.7074225860133,1349.4256365368124
2020,8,daily_w84_h7,포크,106,1318.7694896495766,862.6450733048115
2020,8,daily_w84_h14,너클볼,5,495.32228274855015,338.41491579355954
2020,8,daily_w84_h14,슬라이더,396,3803.6389165560354,2244.0962736084784
2020,8,daily_w84_h14,직구,809,6235.753395498841,3241.9707553246462
2020,8,daily_w84_h14,체인지업,205,2602.919054002274,1390.7868127522734
2020,8,daily_w84_h14,커브,181,1340.4962851281146,1078.8453756458212
2020,8,daily_w84_h14,커터,44,396.4528856000848,190.05509322453594
2020,8,daily_w84_h14,투심,154,1695.190962245097,1359.9526116511347
2020,8,daily_w84_h14,포크,106,1293.2974343469264,860.2660763183488
2020,8,daily_w84_h28,너클볼,5,490.84434802699536,337.1987256894728
2020,8,daily_w84_h28,슬라이더,396,3915.492612931071,2239.770337015169
2020,8,daily_w84_h28,직구,809,6513.411048128767,3294.3583792091654
2020,8,daily_w84_h28,체인지업,205,2667.160387682094,1364.713105029528
2020,8,daily_w84_h28,커브,181,1373.0026774366488,1053.3809787990776
2020,8,daily_w84_h28,커터,44,404.193365594777,189.60815416260525
2020,8,daily_w84_h28,투심,154,1730.858472273863,1366.1671322591876
2020,8,daily_w84_h28,포크,106,1294.9813933006178,857.4091700995683
2020,8,fortnightly_w84_h7,너클볼,5,512.4946143541201,335.8595987502807
2020,8,fortnightly_w84_h7,슬라이더,396,3904.2330547412994,2280.129217128977
2020,8,fortnightly_w84_h7,직구,809,6528.187720330623,3231.4201924480485
2020,8,fortnightly_w84_h7,체인지업,205,2660.7950096497934,1392.2745202172046
2020,8,fortnightly_w84_h7,커브,181,1302.916967080058,1077.798543984581
2020,8,fortnightly_w84_h7,커터,44,417.8815065521535,191.447490853222
2020,8,fortnightly_w84_h7,투심,154,1743.8347096895286,1373.9575486786873
2020,8,fortnightly_w84_h7,포크,106,1374.2566948694414,865.7892241787048
2020,8,fortnightly_w84_h14,너클볼,5,498.76815514365893,339.8749304992475
2020,8,fortnightly_w84_h14,슬라이더,396,3964.9703028884087,2260.4603837309096
2020,8,fortnightly_w84_h14,직구,809,6664.331469844795,3302.012922991164
2020,8,fortnightly_w84_h14,체인지업,205,2683.579397093633,1362.6805085089945
2020,8,fortnightly_w84_h14,커브,181,1332.011779294593,1039.1535249717786
2020,8,fortnightly_w84_h14,커터,44,416.89899794538724,190.51056539656517
2020,8,fortnightly_w84_h14,투심,154,1749.3418764106068,1374.9732492313801
2020,8,fortnightly_w84_h14,포크,106,1325.6303254651987,863.0642029679267
2020,8,fortnightly_w84_h28,너클볼,5,493.28525944763214,338.8336831059289
2020,8,fortnightly_w84_h28,슬라이더,396,4080.0107350010358,2251.8282982176806
2020,8,fortnightly_w84_h28,직구,809,6889.80878150372,3343.729776974599
2020,8,fortnightly_w84_h28,체인지업,205,2730.30649667319,1342.6922160378854
2020,8,fortnightly_w84_h28,커브,181,1383.1948616529248,1025.9127506407508
2020,8,fortnightly_w84_h28,커터,44,432.758957154675,190.6794298276294
2020,8,fortnightly_w84_h28,투심,154,1782.8264847294167,1376.4175308305685
2020,8,fortnightly_w84_h28,포크,106,1325.5509957694464,859.0499171041646
2020,9,uncorrected,너클볼,2,9.263130845455121,91.10176291646107
2020,9,uncorrected,슬라이더,424,15621.070978518957,5259.011854994121
2020,9,uncorrected,직구,935,43093.936140118225,15701.26020606557
2020,9,uncorrected,체인지업,189,8541.019451902466,2512.749733188357
2020,9,uncorrected,커브,162,3703.7284937006207,1544.2725071103173
2020,9,uncorrected,커터,35,2161.1189958567516,428.18156364410424
2020,9,uncorrected,투심,170,9150.553563725134,4042.3808922200465
2020,9,uncorrected,포크,148,4015.5998048449505,2367.4480608582526
2020,9,last_month,너클볼,2,6.878075258697901,46.076471895955905
2020,9,last_month,슬라이더,424,4505.220294754517,2509.744606307426
2020,9,last_month,직구,935,7583.078814487741,4491.2084573479115
2020,9,last_month,체인지업,189,1856.1117573989682,1560.4832847190537
2020,9,last_month,커브,162,973.5646099746558,917.2143163729843
2020,9,last_month,커터,35,581.4238436793502,264.22526749379307
2020,9,last_month,투심,170,2291.8469005072884,2283.9487503346395
2020,9,last_month,포크,148,2243.399973740133,1475.229526648105
2020,9,season_to_date,너클볼,2,1.3514121745687513,51.91993365353072
2020,9,season_to_date,슬라이더,424,4917.467198205988,2356.664176868777
2020,9,season_to_date,직구,935,8837.37030865392,4546.299728600329
2020,9,season_to_date,체인지업,189,2010.9475449692668,1478.8966181543428
2020,9,season_to_date,커브,162,1396.4741360158646,840.5101564541387
2020,9,season_to_date,커터,35,637.4923396259685,251.9201715640981
2020,9,season_to_date,투심,170,2671.926073699797,2227.717004979393
2020,9,season_to_date,포크,148,2666.757348071474,1374.748872562261
2020,9,ewma_w2_h0.25,너클볼,2,6.319343308855073,46.62066711215577
2020,9,ewma_w2_h0.25,슬라이더,424,4464.439561484531,2492.140318361018
2020,9,ewma_w2_h0.25,직구,935,7567.285963090981,4481.6731225021385
2020,9,ewma_w2_h0.25,체인지업,189,1841.4005405287398,1553.8530209257656
2020,9,ewma_w2_h0.25,커브,162,966.4063134459342,909.7763967950088
2020,9,ewma_w2_h0.25,커터,35,583.1668472728969,262.9616627736136
2020,9,ewma_w2_h0.25,투심,170,2298.534062759477,2275.051390796657
2020,9,ewma_w2_h0.25,포크,148,2240.089433075341,1463.839155809032
2020,9,ewma_w2_h0.5,너클볼,2,5.074941218391476,47.939770510342086
2020,9,ewma_w2_h0.5,슬라이더,424,4398.882841629044,2452.159963560228
2020,9,ewma_w2_h0.5,직구,935,7591.285969685385,4463.742514900703
2020,9,ewma_w2_h0.5,체인지업,189,1817.0443222875415,1539.0714944515612
2020,9,ewma_w2_h0.5,커브,162,958.1697088601725,892.7042802942578
2020,9,ewma_w2_h0.5,커터,35,587.7050345945738,260.1128199781808
2020,9,ewma_w2_h0.5,투심,170,2324.317100842861,2254.7217999516597
2020,9,ewma_w2_h0.5,포크,148,2241.299867689884,1437.5682936025128
2020,9,ewma_w2_h1,너클볼,2,4.024835933715209,49.202487452174786
2020,9,ewma_w2_h1,슬라이더,424,4378.860621015045,2417.3432495620996
2020,9,ewma_w2_h1,직구,935,7694.197077696098,4453.230158128779
2020,9,ewma_w2_h1,체인지업,189,1808.2365820470486,1526.5774132273682
2020,9,ewma_w2_h1,커브,162,961.9838692666162,877.5902875629431
2020,9,ewma_w2_h1,커터,35,592.4512579687789,257.6605165474918
2020,9,ewma_w2_h1,투심,170,2361.285699911783,2236.849131620849
2020,9,ewma_w2_h1,포크,148,2254.311597690714,1414.1388116390985
2020,9,ewma_w2_h2,너클볼,2,3.447087751972866,49.97645213503306
2020,9,ewma_w2_h2,슬라이더,424,4386.54537614949,2397.6162413630027
2020,9,ewma_w2_h2,직구,935,7794.607741920445,4449.893320816089
2020,9,ewma_w2_h2,체인지업,189,1809.6133231313293,1519.6925477710843
2020,9,ewma_w2_h2,커브,162,969.7853061963806,868.9000536534177
2020,9,ewma_w2_h2,커터,35,595.5481460017688,256.28573302018725
2020,9,ewma_w2_h2,투심,170,2389.6837656432335,2226.635927801224
2020,9,ewma_w2_h2,포크,148,2267.822643696122,1400.5805798711895
2020,9,ewma_w2_h3,너클볼,2,3.2556346052681864,50.24849401108844
2020,9,ewma_w2_h3,슬라이더,424,4392.765635888617,2390.966869620808
2020,9,ewma_w2_h3,직구,935,7836.4842897061735,4449.268247602526
2020,9,ewma_w2_h3,체인지업,189,1811.2919623244197,1517.4089206997237
2020,9,ewma_w2_h3,커브,162,973.4908678206536,865.9466710326645
2020,9,ewma_w2_h3,커터,35,596.6697834007294,255.8251361133895
2020,9,ewma_w2_h3,투심,170,2400.677369875628,2223.1768449386936
2020,9,ewma_w2_h3,포크,148,2273.547794957484,1395.9564951097914
2020,9,ewma_w3_h0.25,너클볼,2,6.278082703340446,46.65584004237014
2020,9,ewma_w3_h0.25,슬라이더,424,4462.350063547941,2491.166379838757
2020,9,ewma_w3_h0.25,직구,935,7567.643417401987,4481.6785120274635
2020,9,ewma_w3_h0.25,체인지업,189,1840.7071416007602,1553.4475843239156
2020,9,ewma_w3_h0.25,커브,162,966.1015619299435,909.3811986293243
2020,9,ewma_w3_h0.25,커터,35,583.4344304764373,262.9352286601764
2020,9,ewma_w3_h0.25,투심,170,2298.9979424559306,2274.8177350026103
2020,9,ewma_w3_h0.25,포크,148,2240.119253205412,1463.31574824591
2020,9,ewma_w3_h0.5,너클볼,2,4.658400123244849,48.340938008800535
2020,9,ewma_w3_h0.5,슬라이더,424,4392.494931831863,2442.2635036272195
2020,9,ewma_w3_h0.5,직구,935,7628.630580528581,4466.428243946317
2020,9,ewma_w3_h0.5,체인지업,189,1815.0742271678764,1534.9412062356987
2020,9,ewma_w3_h0.5,커브,162,959.5091797462476,888.6792549719777
2020,9,ewma_w3_h0.5,커터,35,591.1750960016072,259.9709951150591
2020,9,ewma_w3_h0.5,투심,170,2334.604184583049,2253.013751137973
2020,9,ewma_w3_h0.5,포크,148,2246.8977206971795,1432.401923528993
2020,9,ewma_w3_h1,너클볼,2,3.0910276092088145,50.243080669846485
2020,9,ewma_w3_h1,슬라이더,424,4409.878237845316,2394.8420259142986
2020,9,ewma_w3_h1,직구,935,7882.663789902328,4467.252357427176
2020,9,ewma_w3_h1,체인지업,189,1819.4483533420062,1517.0767548781496
2020,9,ewma_w3_h1,커브,162,978.7312639255232,868.4385478159566
2020,9,ewma_w3_h1,커터,35,602.8350250442219,257.7476128956026
2020,9,ewma_w3_h1,투심,170,2401.787111822002,2235.1818644770315
2020,9,ewma_w3_h1,포크,148,2283.5682722450483,1402.9463479616788
2020,9,ewma_w3_h2,너클볼,2,2.241410617982529,51.465751470353155
2020,9,ewma_w3_h2,슬라이더,424,4474.518039693969,2368.256516055961
2020,9,ewma_w3_h2,직구,935,8149.175732011059,4476.57553009536
2020,9,ewma_w3_h2,체인지업,189,1840.764556347693,1507.0933567588813
2020,9,ewma_w3_h2,커브,162,1006.0497333598349,856.9888092223425
2020,9,ewma_w3_h2,커터,35,611.9593899762463,256.86405989003435
2020,9,ewma_w3_h2,투심,170,2460.444252268595,2227.0417204105916
2020,9,ewma_w3_h2,포크,148,2323.5807952894,1386.6750026291634
2020,9,ewma_w3_h3,너클볼,2,1.975317854179763,51.891717022041504
2020,9,ewma_w3_h3,슬라이더,424,4506.9279253624245,2359.6845085053246
2020,9,ewma_w3_h3,직구,935,8261.24179491431,4481.38058651231
2020,9,ewma_w3_h3,체인지업,189,1851.6343196028758,1503.872713015705
2020,9,ewma_w3_h3,커브,162,1018.3635449670469,853.276708864154
2020,9,ewma_w3_h3,커터,35,615.4655410450445,256.65369635764085
2020,9,ewma_w3_h3,투심,170,2483.7990303732,2224.8054055239545
2020,9,ewma_w3_h3,포크,148,2340.6180893178876,1381.4778753579321
2020,9,ewma_w6_h0.25,너클볼,2,6.2765153283521204,46.65667938216002
2020,9,ewma_w6_h0.25,슬라이더,424,4462.065921692776,2491.110353080998
2020,9,ewma_w6_h0.25,직구,935,7566.994413229386,4481.67977880824
2020,9,ewma_w6_h0.25,체인지업,189,1840.6299339440543,1553.4007609322189
2020,9,ewma_w6_h0.25,커브,162,966.2610864801896,909.3494024328318
2020,9,ewma_w6_h0.25,커터,35,583.459717309021,262.9272970065613
2020,9,ewma_w6_h0.25,투심,170,2298.992275271081,2274.795676736173
2020,9,ewma_w6_h0.25,포크,148,2240.193625975714,1463.2792182984974
2020,9,ewma_w6_h0.5,너클볼,2,4.60677880942294,48.36485449218148
2020,9,ewma_w6_h0.5,슬라이더,424,4385.896534425003,2440.278252214319
2020,9,ewma_w6_h0.5,직구,935,7608.575835066451,4467.376452117349
2020,9,ewma_w6_h0.5,체인지업,189,1813.881869274461,1532.9141039392202
2020,9,ewma_w6_h0.5,커브,162,969.861627799378,887.400226540216
2020,9,ewma_w6_h0.5,커터,35,592.4860356976887,259.62668972359575
2020,9,ewma_w6_h0.5,투심,170,2336.094915770081,2252.281422068051
2020,9,ewma_w6_h0.5,포크,148,2253.062506287931,1431.040232790363
2020,9,ewma_w6_h1,너클볼,2,2.9476002892898525,50.253198496930025
2020,9,ewma_w6_h1,슬라이더,424,4421.6683165609265,2388.744711529206
2020,9,ewma_w6_h1,직구,935,7853.285644919144,4477.009551368599
2020,9,ewma_w6_h1,체인지업,189,1830.187267903816,1507.7739451744415
2020,9,ewma_w6_h1,커브,162,1051.8205614349863,863.2387637996693
2020,9,ewma_w6_h1,커터,35,610.4149797648964,256.11962297619806
2020,9,ewma_w6_h1,투심,170,2421.671823332837,2233.112513366542
2020,9,ewma_w6_h1,포크,148,2334.3420426494704,1398.1164620755499
2020,9,ewma_w6_h2,너클볼,2,2.095802826878868,51.31723550640858
2020,9,ewma_w6_h2,슬라이더,424,4564.837657439349,2361.9614129502947
2020,9,ewma_w6_h2,직구,935,8206.427215277976,4501.546753407793
2020,9,ewma_w6_h2,체인지업,189,1887.2926189939892,1490.5145052609655
2020,9,ewma_w6_h2,커브,162,1178.7437332253646,848.7458140110161
2020,9,ewma_w6_h2,커터,35,628.0516116533007,253.84664239847547
2020,9,ewma_w6_h2,투심,170,2517.8712320300137,2225.070988786496
2020,9,ewma_w6_h2,포크,148,2451.974169227179,1380.1240443802417
2020,9,ewma_w6_h3,너클볼,2,1.8493109496780038,51.63419046882191
2020,9,ewma_w6_h3,슬라이더,424,4647.456577578605,2354.5035219443107
2020,9,ewma_w6_h3,직구,935,8384.878301588054,4514.136155646425
2020,9,ewma_w6_h3,체인지업,189,1920.0589261941504,1484.4506649228151
2020,9,ewma_w6_h3,커브,162,1242.0562214480099,844.1141197813139
2020,9,ewma_w6_h3,커터,35,635.6148690949296,253.05248923673005
2020,9,ewma_w6_h3,투심,170,2562.225148994112,2223.263196357635
2020,9,ewma_w6_h3,포크,148,2510.2129662808334,1374.7675128566489
2020,9,precision_h0.5_q0.25,너클볼,2,4.627731795470157,47.73002840377795
2020,9,precision_h0.5_q0.25,슬라이더,424,4390.164361076628,2457.0820702163123
2020,9,precision_h0.5_q0.25,직구,935,7617.43931399446,4470.445046122826
2020,9,precision_h0.5_q0.25,체인지업,189,1814.3388840009352,1539.460822284648
2020,9,precision_h0.5_q0.25,커브,162,961.416249302189,894.7187734714962
2020,9,precision_h0.5_q0.25,커터,35,592.2216919201074,260.519359844838
2020,9,precision_h0.5_q0.25,투심,170,2331.5064035601117,2259.199604425168
2020,9,precision_h0.5_q0.25,포크,148,2246.04340081418,1441.5492189406086
2020,9,precision_h0.5_q1,너클볼,2,5.454544285573686,47.34601453318222
2020,9,precision_h0.5_q1,슬라이더,424,4418.377237373106,2469.572641406012
2020,9,precision_h0.5_q1,직구,935,7571.165321491679,4473.984213590389
2020,9,precision_h0.5_q1,체인지업,189,1825.0196857353385,1544.7417334496015
2020,9,precision_h0.5_q1,커브,162,962.6816454846754,900.1512582319247
2020,9,precision_h0.5_q1,커터,35,587.4709693100925,261.5234049072727
2020,9,precision_h0.5_q1,투심,170,2312.736012025778,2265.046762366347
2020,9,precision_h0.5_q1,포크,148,2241.993515945096,1449.6754291809489
2020,9,precision_h0.5_q2,너클볼,2,5.585366092525344,47.300732537185894
2020,9,precision_h0.5_q2,슬라이더,424,4422.864171579371,2471.1953352564915
2020,9,precision_h0.5_q2,직구,935,7567.262727063826,4474.549554157779
2020,9,precision_h0.5_q2,체인지업,189,1826.7902384326785,1545.4366280328074
2020,9,precision_h0.5_q2,커브,162,963.1904299076051,900.8390230333824
2020,9,precision_h0.5_q2,커터,35,586.764853785497,261.627193367468
2020,9,precision_h0.5_q2,투심,170,2310.4727003596568,2265.818518321963
2020,9,precision_h0.5_q2,포크,148,2241.3988641973674,1450.7074074221914
2020,9,precision_h1_q0.25,너클볼,2,3.096590317762356,49.303831918907505
2020,9,precision_h1_q0.25,슬라이더,424,4394.284404828635,2408.7568742688018
2020,9,precision_h1_q0.25,직구,935,7818.163811412329,4470.443521281197
2020,9,precision_h1_q0.25,체인지업,189,1816.6363545265644,1516.5078729073098
2020,9,precision_h1_q0.25,커브,162,982.1549745315168,872.8630432057823
2020,9,precision_h1_q0.25,커터,35,605.2288125849205,257.38161310848625
2020,9,precision_h1_q0.25,투심,170,2392.3570283943745,2240.2502002320857
2020,9,precision_h1_q0.25,포크,148,2282.15632022729,1411.162130388897
2020,9,precision_h1_q1,너클볼,2,4.160636900603675,48.62365413338533
2020,9,precision_h1_q1,슬라이더,424,4382.951766348746,2431.520360633935
2020,9,precision_h1_q1,직구,935,7652.6864388358545,4469.065689656702
2020,9,precision_h1_q1,체인지업,189,1813.7269455851635,1527.8680900866784
2020,9,precision_h1_q1,커브,162,973.8189794048242,883.2406368986258
2020,9,precision_h1_q1,커터,35,596.8542264763569,259.02213654710016
2020,9,precision_h1_q1,투심,170,2350.174652295308,2249.427904068526
2020,9,precision_h1_q1,포크,148,2261.8089245336923,1425.7073566216548
2020,9,precision_h1_q2,너클볼,2,4.358053632380608,48.540698100708966
2020,9,precision_h1_q2,슬라이더,424,4382.073597475361,2434.4269479267073
2020,9,precision_h1_q2,직구,935,7625.052792446732,4469.270902921851
2020,9,precision_h1_q2,체인지업,189,1813.64028083765,1529.2746145708093
2020,9,precision_h1_q2,커브,162,976.7877686626044,884.5289944280244
2020,9,precision_h1_q2,커터,35,595.4201686294736,259.20242218387193
2020,9,precision_h1_q2,투심,170,2344.201151255649,2250.659488789915
2020,9,precision_h1_q2,포크,148,2260.597834111246,1427.546744340454
2020,9,precision_h2_q0.25,너클볼,2,2.2445600244720723,50.36423226110501
2020,9,precision_h2_q0.25,슬라이더,424,4447.327624302527,2376.929239391714
2020,9,precision_h2_q0.25,직구,935,8042.196142255056,4484.8778184134635
2020,9,precision_h2_q0.25,체인지업,189,1837.9805350782258,1498.3349662380492
2020,9,precision_h2_q0.25,커브,162,1014.2774538658999,857.1444008932706
2020,9,precision_h2_q0.25,커터,35,617.1779735394842,255.17022987130863
2020,9,precision_h2_q0.25,투심,170,2448.987187901965,2229.4610254662557
2020,9,precision_h2_q0.25,포크,148,2325.564501240816,1390.829587959557
2020,9,precision_h2_q1,너클볼,2,3.2790611184449774,49.57882995872753
2020,9,precision_h2_q1,슬라이더,424,4396.581397845648,2404.1834348623743
2020,9,precision_h2_q1,직구,935,7788.029171760634,4474.522525287564
2020,9,precision_h2_q1,체인지업,189,1821.145841093985,1513.7785107737086
2020,9,precision_h2_q1,커브,162,1002.5261504337573,870.2359880869283
2020,9,precision_h2_q1,커터,35,606.7995227649692,257.0668649143361
2020,9,precision_h2_q1,투심,170,2393.2401907920066,2239.4055826609633
2020,9,precision_h2_q1,포크,148,2295.7276877305294,1408.2839232998049
2020,9,precision_h2_q2,너클볼,2,3.490236056412611,49.477440881323744
2020,9,precision_h2_q2,슬라이더,424,4390.049042884921,2407.7029380775807
2020,9,precision_h2_q2,직구,935,7735.915412490395,4473.828615972104
2020,9,precision_h2_q2,체인지업,189,1818.9825027119705,1515.6781732216955
2020,9,precision_h2_q2,커브,162,1011.885689048818,871.880471051172
2020,9,precision_h2_q2,커터,35,604.8844404925171,257.29164946293173
2020,9,precision_h2_q2,투심,170,2384.9131302044425,2240.772459269373
2020,9,precision_h2_q2,포크,148,2296.8629395726684,1410.527513423174
2020,9,ema_a0.5,너클볼,2,2.8248962831824134,50.262052431238516
2020,9,ema_a0.5,슬라이더,424,4460.905512650837,2384.255538321315
2020,9,ema_a0.5,직구,935,7890.664793140077,4487.5559653283835
2020,9,ema_a0.5,체인지업,189,1850.809156134983,1500.0432295651979
2020,9,ema_a0.5,커브,162,1126.7000598187715,859.0069423890004
2020,9,ema_a0.5,커터,35,617.8478477045876,254.7687526994809
2020,9,ema_a0.5,투심,170,2448.9829502978796,2231.6907468518366
2020,9,ema_a0.5,포크,148,2390.509286939813,1394.2579062911427
2020,9,ema_a0.75,너클볼,2,4.5899032352838525,48.37270337710541
2020,9,ema_a0.75,슬라이더,424,4384.003467169778,2439.6352736145486
2020,9,ema_a0.75,직구,935,7602.580875716165,4467.707341199438
2020,9,ema_a0.75,체인지업,189,1813.5946094779035,1532.2530674549212
2020,9,ema_a0.75,커브,162,973.3582671223763,886.983669275164
2020,9,ema_a0.75,커터,35,592.9232911511422,259.5144497588932
2020,9,ema_a0.75,투심,170,2336.67607109679,2252.044981391063
2020,9,ema_a0.75,포크,148,2255.1937869673834,1430.5971445650748
2020,9,ema_a0.9,너클볼,2,5.922012286265361,47.00629372420219
2020,9,ema_a0.9,슬라이더,424,4440.230153601046,2480.270921906917
2020,9,ema_a0.9,직구,935,7564.827496531711,4477.139845168047
2020,9,ema_a0.9,체인지업,189,1832.8303005441908,1549.2093754459286
2020,9,ema_a0.9,커브,162,963.6492746117285,904.7444438196378
2020,9,ema_a0.9,커터,35,584.922617443302,262.2019478396188
2020,9,ema_a0.9,투심,170,2304.528727310857,2269.6994816939955
2020,9,ema_a0.9,포크,148,2239.9028009752187,1456.3711753470789
2020,9,kalman_q0.25,너클볼,2,2.922634692926028,49.034705262907686
2020,9,kalman_q0.25,슬라이더,424,4624.01134093439,2469.096309281529
2020,9,kalman_q0.25,직구,935,8280.178689156057,4540.607906642198
2020,9,kalman_q0.25,체인지업,189,1841.7746556767015,1526.9259789720043
2020,9,kalman_q0.25,커브,162,1140.297190145469,871.66905986159
2020,9,kalman_q0.25,커터,35,582.3024490791986,244.60017233917426
2020,9,kalman_q0.25,투심,170,2512.2897584036314,2266.6191547475646
2020,9,kalman_q0.25,포크,148,2451.596313799535,1437.9841011316962
2020,9,kalman_q0.5,너클볼,2,4.439054037978588,47.564723985975974
2020,9,kalman_q0.5,슬라이더,424,4464.405165968575,2514.1427566578395
2020,9,kalman_q0.5,직구,935,7758.863852155904,4522.627600960282
2020,9,kalman_q0.5,체인지업,189,1795.9472851612745,1556.090401878604
2020,9,kalman_q0.5,커브,162,1066.903136329473,901.0570843424262
2020,9,kalman_q0.5,커터,35,569.1393010831853,253.30187350394803
2020,9,kalman_q0.5,투심,170,2389.0989260489423,2282.9966889067023
2020,9,kalman_q0.5,포크,148,2340.2281118929022,1468.1550656042505
2020,9,kalman_q1,너클볼,2,5.840203831527121,46.797716465414034
2020,9,kalman_q1,슬라이더,424,4439.666122073502,2518.255956624168
2020,9,kalman_q1,직구,935,7537.842230489028,4506.904557985559
2020,9,kalman_q1,체인지업,189,1809.967818048944,1562.4157031802492
2020,9,kalman_q1,커브,162,1007.1709655248087,912.9094159910319
2020,9,kalman_q1,커터,35,571.6519074331053,259.88054513006745
2020,9,kalman_q1,투심,170,2313.078684009188,2287.651841490129
2020,9,kalman_q1,포크,148,2271.3245568357625,1476.426702100125
2020,9,kalman_q2,너클볼,2,6.55564264838222,46.32505118510815
2020,9,kalman_q2,슬라이더,424,4477.11232786113,2513.0048219051705
2020,9,kalman_q2,직구,935,7548.428136434293,4496.3454392107415
2020,9,kalman_q2,체인지업,189,1838.557903497337,1561.452571522053
2020,9,kalman_q2,커브,162,982.7131827429023,916.1121107362554
2020,9,kalman_q2,커터,35,577.7182414159422,262.90620796024274
2020,9,kalman_q2,투심,170,2294.8337002239823,2285.6944148109183
2020,9,kalman_q2,포크,148,2249.90006700068,1476.0714871179953
2020,9,kalman_q4,너클볼,2,6.791908850392269,46.145008120710195
2020,9,kalman_q4,슬라이더,424,4497.033163820105,2510.6591214199543
2020,9,kalman_q4,직구,935,7571.966240937124,4492.593221250921
2020,9,kalman_q4,체인지업,189,1851.1466400730933,1560.769711680151
2020,9,kalman_q4,커브,162,975.8820310907083,916.9380134982084
2020,9,kalman_q4,커터,35,580.3790994111716,263.8760229174452
2020,9,kalman_q4,투심,170,2292.31840098186,2284.46257247701
2020,9,kalman_q4,포크,148,2244.94167642271,1475.4903019588883
2020,9,adaptive_q0.5,너클볼,2,5.784153941870684,46.81458982081312
2020,9,adaptive_q0.5,슬라이더,424,4445.687002104578,2517.435801325757
2020,9,adaptive_q0.5,직구,935,7540.56952403196,4508.3901420232505
2020,9,adaptive_q0.5,체인지업,189,1810.4584233752444,1561.4322353230662
2020,9,adaptive_q0.5,커브,162,1011.2138440787844,912.4923370762365
2020,9,adaptive_q0.5,커터,35,571.6614953940242,259.8131160114949
2020,9,adaptive_q0.5,투심,170,2314.5307644526492,2288.696470086342
2020,9,adaptive_q0.5,포크,148,2278.078480592336,1476.446590412158
2020,9,adaptive_q1,너클볼,2,5.840203831527121,46.797716465414034
2020,9,adaptive_q1,슬라이더,424,4439.666122073502,2518.255956624168
2020,9,adaptive_q1,직구,935,7537.842230489028,4506.904557985559
2020,9,adaptive_q1,체인지업,189,1809.967818048944,1562.4157031802492
2020,9,adaptive_q1,커브,162,1007.1709655248087,912.9094159910319
2020,9,adaptive_q1,커터,35,571.6519074331053,259.88054513006745
2020,9,adaptive_q1,투심,170,2313.078684009188,2287.651841490129
2020,9,adaptive_q1,포크,148,2271.3245568357625,1476.426702100125
2020,9,adaptive_q2,너클볼,2,6.55564264838222,46.32505118510815
2020,9,adaptive_q2,슬라이더,424,4477.11232786113,2513.0048219051705
2020,9,adaptive_q2,직구,935,7548.428136434293,4496.3454392107415
2020,9,adaptive_q2,체인지업,189,1838.557903497337,1561.452571522053
2020,9,adaptive_q2,커브,162,982.7131827429023,916.1121107362554
2020,9,adaptive_q2,커터,35,577.7182414159422,262.90620796024274
2020,9,adaptive_q2,투심,170,2294.8337002239823,2285.6944148109183
2020,9,adaptive_q2,포크,148,2249.90006700068,1476.0714871179953
2020,9,trend_d0.25,너클볼,2,9.516702500261225,43.79928447521055
2020,9,trend_d0.25,슬라이더,424,4694.87499480758,2590.769687069557
2020,9,trend_d0.25,직구,935,7774.411757443375,4545.280260207648
2020,9,trend_d0.25,체인지업,189,1927.3390524276415,1591.754775531073
2020,9,trend_d0.25,커브,162,1009.1337276488155,950.9552532531044
2020,9,trend_d0.25,커터,35,574.9867232818385,270.098189011972
2020,9,trend_d0.25,투심,170,2285.8922436968214,2324.5627253722773
2020,9,trend_d0.25,포크,148,2260.8166554252207,1526.5535224996406
2020,9,trend_d0.5,너클볼,2,12.582784954247366,41.57980355139563
2020,9,trend_d0.5,슬라이더,424,4972.562484232274,2681.8439648629483
2020,9,trend_d0.5,직구,935,8136.320192098615,4621.284701734863
2020,9,trend_d0.5,체인지업,189,2029.3874023830379,1628.0337696515971
2020,9,trend_d0.5,커브,162,1069.9840853887554,988.1444032240146
2020,9,trend_d0.5,커터,35,570.1211231582349,276.78484622311043
2020,9,trend_d0.5,투심,170,2306.148146016925,2369.710352697598
2020,9,trend_d0.5,포크,148,2304.316841391532,1582.5969122895574
2020,9,monthly_w28_hflat,너클볼,2,8.142523677159135,47.344956656745055
2020,9,monthly_w28_hflat,슬라이더,424,4509.165941080566,2519.7257601372285
2020,9,monthly_w28_hflat,직구,935,7592.829553664942,4545.89010057499
2020,9,monthly_w28_hflat,체인지업,189,1862.212218488572,1580.3796796536421
2020,9,monthly_w28_hflat,커브,162,963.4827657691465,927.609064701787
2020,9,monthly_w28_hflat,커터,35,570.8973516876766,271.39858603545605
2020,9,monthly_w28_hflat,투심,170,2284.617380802775,2306.034820877354
2020,9,monthly_w28_hflat,포크,148,2215.014049083844,1490.9002646080153
2020,9,monthly_w28_h14,너클볼,2,7.219301382063426,47.88710552290945
2020,9,monthly_w28_h14,슬라이더,424,4489.049592632986,2501.320420532684
2020,9,monthly_w28_h14,직구,935,7603.7929325119085,4569.850584530011
2020,9,monthly_w28_h14,체인지업,189,1853.8632842702668,1580.90294152515
2020,9,monthly_w28_h14,커브,162,939.7493402308346,920.7378205689461
2020,9,monthly_w28_h14,커터,35,571.2859697412597,276.11816283946257
2020,9,monthly_w28_h14,투심,170,2275.9404806772386,2310.789203485769
2020,9,monthly_w28_h14,포크,148,2208.241815767812,1487.7686528740041
2020,9,monthly_w28_h28,너클볼,2,7.670983245165104,47.59371351612175
2020,9,monthly_w28_h28,슬라이더,424,4497.681142053034,2510.484483911203
2020,9,monthly_w28_h28,직구,935,7595.672915494963,4556.195276713792
2020,9,monthly_w28_h28,체인지업,189,1857.3758896003405,1580.567224776305
2020,9,monthly_w28_h28,커브,162,950.1927796393868,923.9254101499192
2020,9,monthly_w28_h28,커터,35,571.0522129221782,273.6923037985616
2020,9,monthly_w28_h28,투심,170,2279.0870131634224,2308.2377789428683
2020,9,monthly_w28_h28,포크,148,2210.612034454051,1489.5249414877144
2020,9,monthly_w28_h28_huber,너클볼,2,7.558543156724308,47.63632488554035
2020,9,monthly_w28_h28_huber,슬라이더,424,4505.395038804873,2525.29122034552
2020,9,monthly_w28_h28_huber,직구,935,7650.468400320898,4559.241602103881
2020,9,monthly_w28_h28_huber,체인지업,189,1857.781818312153,1590.2413485233897
2020,9,monthly_w28_h28_huber,커브,162,939.2147187630092,931.1895694970544
2020,9,monthly_w28_h28_huber,커터,35,570.1756735704736,277.2212343043341
2020,9,monthly_w28_h28_huber,투심,170,2283.003978269042,2310.4949261042602
2020,9,monthly_w28_h28_huber,포크,148,2206.457566751359,1496.0388568259627
2020,9,monthly_w56_hflat,너클볼,2,4.659134759568976,50.19686866249654
2020,9,monthly_w56_hflat,슬라이더,424,4435.234636646986,2397.1929390285077
2020,9,monthly_w56_hflat,직구,935,7770.515045474556,4440.9168127129815
2020,9,monthly_w56_hflat,체인지업,189,1801.375111114991,1523.077241743844
2020,9,monthly_w56_hflat,커브,162,987.5078403896968,869.8623825980897
2020,9,monthly_w56_hflat,커터,35,559.2930262814798,257.25878304383656
2020,9,monthly_w56_hflat,투심,170,2389.5604484604937,2220.813509185011
2020,9,monthly_w56_hflat,포크,148,2267.6628902442867,1398.1089031638696
2020,9,monthly_w56_h14,너클볼,2,6.010244006419207,48.57003701276611
2020,9,monthly_w56_h14,슬라이더,424,4429.768446236505,2455.242993811058
2020,9,monthly_w56_h14,직구,935,7568.084507029771,4485.915376147412
2020,9,monthly_w56_h14,체인지업,189,1820.3840651437267,1556.9852465210554
2020,9,monthly_w56_h14,커브,162,946.0621960293679,898.9613920367316
2020,9,monthly_w56_h14,커터,35,565.8628442980084,269.16778853550795
2020,9,monthly_w56_h14,투심,170,2299.6149714908424,2265.379687889096
2020,9,monthly_w56_h14,포크,148,2223.025778618654,1445.930172133014
2020,9,monthly_w56_h28,너클볼,2,5.538898044953925,49.04856580873517
2020,9,monthly_w56_h28,슬라이더,424,4416.6071386665535,2432.8521718656884
2020,9,monthly_w56_h28,직구,935,7607.3577698988265,4454.267786183063
2020,9,monthly_w56_h28,체인지업,189,1805.9311440463848,1542.5353804007964
2020,9,monthly_w56_h28,커브,162,962.0698573634206,887.3750336438363
2020,9,monthly_w56_h28,커터,35,561.0576727487583,263.3980583111882
2020,9,monthly_w56_h28,투심,170,2331.3967982048543,2242.60658329061
2020,9,monthly_w56_h28,포크,148,2237.9301321616076,1424.8238421085925
2020,9,monthly_w56_h28_huber,너클볼,2,5.548801155942593,49.75082746255265
2020,9,monthly_w56_h28_huber,슬라이더,424,4423.1844179550135,2438.564707418025
2020,9,monthly_w56_h28_huber,직구,935,7626.136208728902,4454.3163173401335
2020,9,monthly_w56_h28_huber,체인지업,189,1804.615888713969,1546.8476800190065
2020,9,monthly_w56_h28_huber,커브,162,964.9016724688636,888.870875875494
2020,9,monthly_w56_h28_huber,커터,35,559.9939867855036,262.94970737705637
2020,9,monthly_w56_h28_huber,투심,170,2334.251098474535,2246.2109898660324
2020,9,monthly_w56_h28_huber,포크,148,2244.699486258485,1426.6955315557593
2020,9,monthly_w84_hflat,너클볼,2,2.0493606544190106,52.120249917278464
2020,9,monthly_w84_hflat,슬라이더,424,4572.715978998223,2369.299776000208
2020,9,monthly_w84_hflat,직구,935,8229.14187537902,4492.040713792241
2020,9,monthly_w84_hflat,체인지업,189,1844.3875203697094,1509.097772782051
2020,9,monthly_w84_hflat,커브,162,1057.6532688946904,852.8462037472968
2020,9,monthly_w84_hflat,커터,35,590.4201668939614,254.9834312747206
2020,9,monthly_w84_hflat,투심,170,2488.580718511127,2222.2010101944356
2020,9,monthly_w84_hflat,포크,148,2380.219411014329,1382.1512762452107
2020,9,monthly_w84_h14,너클볼,2,5.412153423010265,49.02899930953879
2020,9,monthly_w84_h14,슬라이더,424,4424.857850199232,2447.452690988267
2020,9,monthly_w84_h14,직구,935,7563.940924602165,4486.882025651434
2020,9,monthly_w84_h14,체인지업,189,1813.093625662265,1553.2133672924701
2020,9,monthly_w84_h14,커브,162,959.2005764531808,894.2716842119743
2020,9,monthly_w84_h14,커터,35,566.8654039180763,267.7363120031982
2020,9,monthly_w84_h14,투심,170,2307.3066238940246,2262.5158058594798
2020,9,monthly_w84_h14,포크,148,2239.3741015865553,1440.2013662788108
2020,9,monthly_w84_h28,너클볼,2,4.022744555865527,50.12055173974896
2020,9,monthly_w84_h28,슬라이더,424,4441.012055705107,2414.8734005876668
2020,9,monthly_w84_h28,직구,935,7708.987907790477,4469.566550948737
2020,9,monthly_w84_h28,체인지업,189,1804.3830184873605,1533.1715879030953
2020,9,monthly_w84_h28,커브,162,995.982706419737,876.5183231543551
2020,9,monthly_w84_h28,커터,35,569.0687063306082,260.7385405412616
2020,9,monthly_w84_h28,투심,170,2365.6371906857876,2239.5050497790435
2020,9,monthly_w84_h28,포크,148,2287.0779105985157,1413.2279868338346
2020,9,monthly_w84_h28_huber,너클볼,2,4.064557885533793,50.83995544956877
2020,9,monthly_w84_h28_huber,슬라이더,424,4453.953956925966,2421.880789812856
2020,9,monthly_w84_h28_huber,직구,935,7732.7875683697075,4474.4257294074105
2020,9,monthly_w84_h28_huber,체인지업,189,1805.5084801864805,1536.1084873308378
2020,9,monthly_w84_h28_huber,커브,162,997.7106079515014,876.8097907377391
2020,9,monthly_w84_h28_huber,커터,35,567.6348983288208,259.130339041746
2020,9,monthly_w84_h28_huber,투심,170,2367.3416542530567,2245.7558842963667
2020,9,monthly_w84_h28_huber,포크,148,2294.3302423746472,1416.1540831118975
2020,9,weekly_w28_hflat,너클볼,2,8.553001239137433,48.37648036947609
2020,9,weekly_w28_hflat,슬라이더,424,4501.691957845855,2354.432537872455
2020,9,weekly_w28_hflat,직구,935,7401.8622035140625,4618.680895797608
2020,9,weekly_w28_hflat,체인지업,189,1884.3647545082576,1509.1919170724022
2020,9,weekly_w28_hflat,커브,162,1016.7879001775369,877.3724894163134
2020,9,weekly_w28_hflat,커터,35,562.3406911096287,278.80958138877384
2020,9,weekly_w28_hflat,투심,170,2286.295340955726,2274.9395165842284
2020,9,weekly_w28_hflat,포크,148,2279.666166146745,1388.8297589212916
2020,9,weekly_w28_h14,너클볼,2,7.418487997062343,48.72918753709133
2020,9,weekly_w28_h14,슬라이더,424,4546.892565302855,2331.1312892862907
2020,9,weekly_w28_h14,직구,935,7413.012347821854,4685.9496920340625
2020,9,weekly_w28_h14,체인지업,189,1895.2889194785967,1491.1225101968112
2020,9,weekly_w28_h14,커브,162,1030.203580458353,873.3568621628931
2020,9,weekly_w28_h14,커터,35,551.6049768334066,275.3372176510311
2020,9,weekly_w28_h14,투심,170,2303.886002975008,2275.1626002892144
2020,9,weekly_w28_h14,포크,148,2276.7803906137656,1368.0067532185801
2020,9,weekly_w28_h28,너클볼,2,7.9663765215732205,48.56186847584453
2020,9,weekly_w28_h28,슬라이더,424,4522.724534518286,2341.010109598571
2020,9,weekly_w28_h28,직구,935,7407.304283305148,4653.110245638571
2020,9,weekly_w28_h28,체인지업,189,1889.8165052208483,1499.731774711844
2020,9,weekly_w28_h28,커브,162,1021.7910911430492,875.1424300567518
2020,9,weekly_w28_h28,커터,35,557.249901827814,277.3990410483433
2020,9,weekly_w28_h28,투심,170,2294.6909314902146,2275.554670036831
2020,9,weekly_w28_h28,포크,148,2276.8105916422146,1377.80949933947
2020,9,weekly_w28_h28_huber,너클볼,2,7.935383964131611,48.48720507352553
2020,9,weekly_w28_h28_huber,슬라이더,424,4531.681713693099,2361.7363700423634
2020,9,weekly_w28_h28_huber,직구,935,7405.285363633484,4628.287540929533
2020,9,weekly_w28_h28_huber,체인지업,189,1884.9046898256208,1508.8206268649665
2020,9,weekly_w28_h28_huber,커브,162,1036.1169557793703,878.3308816709186
2020,9,weekly_w28_h28_huber,커터,35,556.425229106917,274.7160484950401
2020,9,weekly_w28_h28_huber,투심,170,2272.3729955416616,2275.751316921529
2020,9,weekly_w28_h28_huber,포크,148,2306.826471317398,1393.0111649043147
2020,9,weekly_w56_hflat,너클볼,2,4.76026384811095,48.922814093663135
2020,9,weekly_w56_hflat,슬라이더,424,4498.467913522869,2411.5974430086153
2020,9,weekly_w56_hflat,직구,935,7625.920471195733,4482.8904174982235
2020,9,weekly_w56_hflat,체인지업,189,1872.4128609310346,1516.1940417808805
2020,9,weekly_w56_hflat,커브,162,994.1161807913466,874.9396214688074
2020,9,weekly_w56_hflat,커터,35,579.5468791733313,262.28282475999174
2020,9,weekly_w56_hflat,투심,170,2347.603447179194,2249.938649811944
2020,9,weekly_w56_hflat,포크,148,2256.4586949156846,1416.669466175581
2020,9,weekly_w56_h14,너클볼,2,6.034133079991399,48.322610835930426
2020,9,weekly_w56_h14,슬라이더,424,4504.725985269026,2356.469255179424
2020,9,weekly_w56_h14,직구,935,7463.0669996191855,4589.926379433921
2020,9,weekly_w56_h14,체인지업,189,1871.2987109403632,1495.975625914809
2020,9,weekly_w56_h14,커브,162,1005.276333367868,869.0727881311001
2020,9,weekly_w56_h14,커터,35,558.4271219051828,266.79579362898556
2020,9,weekly_w56_h14,투심,170,2312.2542067473296,2263.075199016805
2020,9,weekly_w56_h14,포크,148,2252.790398669977,1387.4600410567878
2020,9,weekly_w56_h28,너클볼,2,5.596864258567104,48.467302468949995
2020,9,weekly_w56_h28,슬라이더,424,4490.462756297402,2381.3596440183674
2020,9,weekly_w56_h28,직구,935,7519.742223599058,4530.206675250112
2020,9,weekly_w56_h28,체인지업,189,1866.6163463138118,1506.5439012295587
2020,9,weekly_w56_h28,커브,162,994.7628922659022,871.7519985025533
2020,9,weekly_w56_h28,커터,35,568.0854751861978,265.14275630593585
2020,9,weekly_w56_h28,투심,170,2323.6358079173715,2257.5457630702217
2020,9,weekly_w56_h28,포크,148,2251.637847694262,1402.2516576634146
2020,9,weekly_w56_h28_huber,너클볼,2,5.68238892135388,49.329861997017545
2020,9,weekly_w56_h28_huber,슬라이더,424,4495.375903271127,2398.407030278142
2020,9,weekly_w56_h28_huber,직구,935,7526.304788762189,4507.643895183704
2020,9,weekly_w56_h28_huber,체인지업,189,1859.855413527981,1514.501227438562
2020,9,weekly_w56_h28_huber,커브,162,1004.1912621083977,874.8209788699819
2020,9,weekly_w56_h28_huber,커터,35,567.2628002726766,264.23283733044065
2020,9,weekly_w56_h28_huber,투심,170,2310.244792389228,2253.6318340856415
2020,9,weekly_w56_h28_huber,포크,148,2266.1458198784585,1410.953921823132
2020,9,weekly_w84_hflat,너클볼,2,2.480963038147285,52.1180161525418
2020,9,weekly_w84_hflat,슬라이더,424,4466.133507026108,2365.55458550368
2020,9,weekly_w84_hflat,직구,935,7951.636908925993,4492.903075561377
2020,9,weekly_w84_hflat,체인지업,189,1836.7929826114178,1495.7818757117097
2020,9,weekly_w84_hflat,커브,162,1021.0172619947587,850.0781212990162
2020,9,weekly_w84_hflat,커터,35,579.070725237814,257.4667418889516
2020,9,weekly_w84_hflat,투심,170,2423.691333730456,2223.6564259046645
2020,9,weekly_w84_hflat,포크,148,2308.2038513528178,1378.7228215377004
2020,9,weekly_w84_h14,너클볼,2,5.497616841066988,49.04596506748004
2020,9,weekly_w84_h14,슬라이더,424,4468.350580823112,2348.6239497616716
2020,9,weekly_w84_h14,직구,935,7459.800326319042,4580.329482703325
2020,9,weekly_w84_h14,체인지업,189,1856.6366603799972,1492.149330664081
2020,9,weekly_w84_h14,커브,162,1000.5843132128014,864.0633577336154
2020,9,weekly_w84_h14,커터,35,557.0926217012835,265.55682991076566
2020,9,weekly_w84_h14,투심,170,2310.8261261144407,2254.5056942317588
2020,9,weekly_w84_h14,포크,148,2247.8234872252087,1379.6462197020473
2020,9,weekly_w84_h28,너클볼,2,4.297267750202769,50.15853281591036
2020,9,weekly_w84_h28,슬라이더,424,4435.268023040977,2361.428412259547
2020,9,weekly_w84_h28,직구,935,7587.742666461414,4519.92160783495
2020,9,weekly_w84_h28,체인지업,189,1837.1506690483272,1496.7694753765911
2020,9,weekly_w84_h28,커브,162,996.3006230805833,859.5642366683702
2020,9,weekly_w84_h28,커터,35,565.2016815168458,262.0427618312028
2020,9,weekly_w84_h28,투심,170,2339.4652567276325,2239.673394726864
2020,9,weekly_w84_h28,포크,148,2258.2571713141215,1383.7876550096794
2020,9,weekly_w84_h28_huber,너클볼,2,4.364771957279827,50.92142712350049
2020,9,weekly_w84_h28_huber,슬라이더,424,4448.361496089762,2375.8980099568826
2020,9,weekly_w84_h28_huber,직구,935,7605.359587361593,4511.437380370246
2020,9,weekly_w84_h28_huber,체인지업,189,1835.7680585274577,1501.7933238681296
2020,9,weekly_w84_h28_huber,커브,162,1006.1410685435708,860.7380827626578
2020,9,weekly_w84_h28_huber,커터,35,566.5151874857111,259.71730850943027
2020,9,weekly_w84_h28_huber,투심,170,2332.051811008464,2242.5147039305093
2020,9,weekly_w84_h28_huber,포크,148,2275.986349758672,1392.2830094152923
2020,9,weekly_w56_h7,너클볼,2,6.0898920008205994,48.7147610274846
2020,9,weekly_w56_h7,슬라이더,424,4568.893552476933,2327.9033255369013
2020,9,weekly_w56_h7,직구,935,7422.397292989082,4695.492035253032
2020,9,weekly_w56_h7,체인지업,189,1890.4311332268564,1477.7680613719358
2020,9,weekly_w56_h7,커브,162,1041.6214477491162,866.2972092065604
2020,9,weekly_w56_h7,커터,35,541.8069268471287,265.7631824166481
2020,9,weekly_w56_h7,투심,170,2316.5246612634614,2266.1362278811653
2020,9,weekly_w56_h7,포크,148,2268.0904626999018,1361.217270812157
2020,9,weekly_w56_h10,너클볼,2,6.14589868205025,48.394482157682006
2020,9,weekly_w56_h10,슬라이더,424,4526.989361352595,2341.8193024265865
2020,9,weekly_w56_h10,직구,935,7440.220920816739,4636.998851178381
2020,9,weekly_w56_h10,체인지업,189,1878.6605574850587,1487.95711816074
2020,9,weekly_w56_h10,커브,162,1018.3076213864098,867.5799471296743
2020,9,weekly_w56_h10,커터,35,551.5241427824859,267.0532827369729
2020,9,weekly_w56_h10,투심,170,2310.8819110268887,2265.565010117179
2020,9,weekly_w56_h10,포크,148,2257.4247858980098,1376.150875602676
2020,9,weekly_w56_h21,너클볼,2,5.786231097163919,48.38615822457204
2020,9,weekly_w56_h21,슬라이더,424,4493.047323231176,2372.3013333812987
2020,9,weekly_w56_h21,직구,935,7496.203595574647,4549.4769605584015
2020,9,weekly_w56_h21,체인지업,189,1867.2947475011892,1503.0356080621068
2020,9,weekly_w56_h21,커브,162,997.3292871901276,870.7718064841972
2020,9,weekly_w56_h21,커터,35,564.696425407356,265.8502871393483
2020,9,weekly_w56_h21,투심,170,2318.4543030957516,2259.6615524863573
2020,9,weekly_w56_h21,포크,148,2251.360729663663,1397.303772421953
2020,9,weekly_w84_h7,너클볼,2,6.026416852832826,48.81486784640032
2020,9,weekly_w84_h7,슬라이더,424,4562.138740385005,2326.889556719086
2020,9,weekly_w84_h7,직구,935,7418.601320221419,4693.989382940266
2020,9,weekly_w84_h7,체인지업,189,1888.6644326855765,1477.4343271036719
2020,9,weekly_w84_h7,커브,162,1040.118507668357,865.6783008996238
2020,9,weekly_w84_h7,커터,35,541.8784821872342,265.71470263379337
2020,9,weekly_w84_h7,투심,170,2315.252265488408,2265.171498888083
2020,9,weekly_w84_h7,포크,148,2266.197535456484,1360.1690447386757
2020,9,weekly_w84_h10,너클볼,2,5.911890827019235,48.731711568558694
2020,9,weekly_w84_h10,슬라이더,424,4506.89838080843,2338.255968789035
2020,9,weekly_w84_h10,직구,935,7431.675755922801,4631.662183220911
2020,9,weekly_w84_h10,체인지업,189,1871.883891841996,1486.381201916778
2020,9,weekly_w84_h10,커브,162,1014.6165956199263,865.3178649513382
2020,9,weekly_w84_h10,커터,35,551.1410855309996,266.6065309704937
2020,9,weekly_w84_h10,투심,170,2308.2399510359346,2261.6594033053943
2020,9,weekly_w84_h10,포크,148,2252.9949443666487,1372.5244849560818
2020,9,weekly_w84_h21,너클볼,2,4.791255539565779,49.68343682942764
2020,9,weekly_w84_h21,슬라이더,424,4442.1468708159955,2357.5924873207123
2020,9,weekly_w84_h21,직구,935,7526.064279641062,4537.947775479381
2020,9,weekly_w84_h21,체인지업,189,1842.906629161227,1495.7263140645048
2020,9,weekly_w84_h21,커브,162,995.1313836192332,861.565785188556
2020,9,weekly_w84_h21,커터,35,562.2292076873804,263.456317841778
2020,9,weekly_w84_h21,투심,170,2325.078090312987,2245.1592215492515
2020,9,weekly_w84_h21,포크,148,2251.3970775492962,1383.2515041409333
2020,9,weekly_w112_h7,너클볼,2,6.020379241164938,48.81385480638771
2020,9,weekly_w112_h7,슬라이더,424,4561.702265032869,2326.8185527663163
2020,9,weekly_w112_h7,직구,935,7418.261526962233,4693.8985456656355
2020,9,weekly_w112_h7,체인지업,189,1888.521743131341,1477.408219836777
2020,9,weekly_w112_h7,커브,162,1040.0781264015677,865.6310950510731
2020,9,weekly_w112_h7,커터,35,541.9099118055475,265.7029781739084
2020,9,weekly_w112_h7,투심,170,2315.1799569178097,2265.1143238832956
2020,9,weekly_w112_h7,포크,148,2266.1072119256355,1360.1398124028258
2020,9,weekly_w112_h10,너클볼,2,5.868024154921411,48.7305529793604
2020,9,weekly_w112_h10,슬라이더,424,4503.93792906969,2337.7133270374006
2020,9,weekly_w112_h10,직구,935,7429.814156503306,4631.003060256375
2020,9,weekly_w112_h10,체인지업,189,1870.6178441550478,1486.1435041532827
2020,9,weekly_w112_h10,커브,162,1014.5710654948342,864.9156766802699
2020,9,weekly_w112_h10,커터,35,551.3575989029059,266.5000893408734
2020,9,weekly_w112_h10,투심,170,2307.9317840265403,2261.200967396299
2020,9,weekly_w112_h10,포크,148,2252.408227254238,1372.2554418629888
2020,9,weekly_w112_h21,너클볼,2,4.485671138046944,49.75705198413669
2020,9,weekly_w112_h21,슬라이더,424,4433.626952689428,2352.8997676260287
2020,9,weekly_w112_h21,직구,935,7547.083411305597,4535.430922603058
2020,9,weekly_w112_h21,체인지업,189,1834.1553591001114,1493.2638467187908
2020,9,weekly_w112_h21,커브,162,1002.9117851105813,857.5503727127475
2020,9,weekly_w112_h21,커터,35,565.4484562839169,262.5839810476102
2020,9,weekly_w112_h21,투심,170,2331.225795444712,2241.6813237442057
2020,9,weekly_w112_h21,포크,148,2251.752085935651,1380.4428119257418
2020,9,weekly_w112_h14,너클볼,2,5.3554756571839,49.05947784417623
2020,9,weekly_w112_h14,슬라이더,424,4460.488624060512,2346.7484291185838
2020,9,weekly_w112_h14,직구,935,7458.693030257882,4578.529763895298
2020,9,weekly_w112_h14,체인지업,189,1852.2602501294946,1491.2300228066601
2020,9,weekly_w112_h14,커브,162,1001.7546013643312,862.550205942331
2020,9,weekly_w112_h14,커터,35,558.0032992935039,265.17625150358714
2020,9,weekly_w112_h14,투심,170,2311.102960037537,2252.952213857472
2020,9,weekly_w112_h14,포크,148,2246.5880544623496,1378.608409410955
2020,9,weekly_w84_h3.5,너클볼,2,5.618507314003171,50.52807355188514
2020,9,weekly_w84_h3.5,슬라이더,424,4709.57961410936,2319.7814206745124
2020,9,weekly_w84_h3.5,직구,935,7362.841087993016,4778.092407268987
2020,9,weekly_w84_h3.5,체인지업,189,1910.9727291008837,1459.9063467958917
2020,9,weekly_w84_h3.5,커브,162,1128.2105108182836,865.4429082711653
2020,9,weekly_w84_h3.5,커터,35,512.4695463062193,253.77992699784465
2020,9,weekly_w84_h3.5,투심,170,2348.700078896337,2254.943110376593
2020,9,weekly_w84_h3.5,포크,148,2312.772282689241,1330.467253497513
2020,9,weekly_w28_h7,너클볼,2,6.540073125320493,49.09539978296954
2020,9,weekly_w28_h7,슬라이더,424,4601.6904361674515,2320.440335679313
2020,9,weekly_w28_h7,직구,935,7416.658592447633,4738.761818676195
2020,9,weekly_w28_h7,체인지업,189,1905.030731258562,1476.9151962770443
2020,9,weekly_w28_h7,커브,162,1056.3124503122117,870.6784077774167
2020,9,weekly_w28_h7,커터,35,538.9129318867112,269.4071719975779
2020,9,weekly_w28_h7,투심,170,2322.0431111693356,2270.7754460314936
2020,9,weekly_w28_h7,포크,148,2283.6156553954515,1352.044078174907
2020,9,weekly_w84_h14_huber,너클볼,2,5.525848056533377,49.627069427880976
2020,9,weekly_w84_h14_huber,슬라이더,424,4477.2168324921895,2364.499323500245
2020,9,weekly_w84_h14_huber,직구,935,7463.60094568848,4555.400201318029
2020,9,weekly_w84_h14_huber,체인지업,189,1852.6680715897946,1500.8566781007366
2020,9,weekly_w84_h14_huber,커브,162,1011.4308854372221,867.1254209257909
2020,9,weekly_w84_h14_huber,커터,35,557.6221782038713,264.2377368177101
2020,9,weekly_w84_h14_huber,투심,170,2297.355028530403,2251.7371073478703
2020,9,weekly_w84_h14_huber,포크,148,2268.125190387327,1389.503014616494
2020,9,daily_w84_h3.5,너클볼,2,8.645390053233545,53.36437974888273
2020,9,daily_w84_h3.5,슬라이더,424,4667.153328528847,2293.155894065269
2020,9,daily_w84_h3.5,직구,935,7545.941827807225,4730.987065367521
2020,9,daily_w84_h3.5,체인지업,189,1913.407324072316,1475.9219002693947
2020,9,daily_w84_h3.5,커브,162,1091.3241856314721,866.0517796152512
2020,9,daily_w84_h3.5,커터,35,549.4073869425847,229.29358724474025
2020,9,daily_w84_h3.5,투심,170,2471.8126780185776,2211.43224053838
2020,9,daily_w84_h3.5,포크,148,2255.5482651349007,1285.9269483757016
2020,9,daily_w56_h7,너클볼,2,8.107253952289438,49.678040019471695
2020,9,daily_w56_h7,슬라이더,424,4591.312714914976,2296.80076727025
2020,9,daily_w56_h7,직구,935,7529.123043593544,4684.761942262342
2020,9,daily_w56_h7,체인지업,189,1902.9728236916155,1475.5835231520741
2020,9,daily_w56_h7,커브,162,1032.6259646506082,862.7786913003883
2020,9,daily_w56_h7,커터,35,553.2741037704578,245.94546925023744
2020,9,daily_w56_h7,투심,170,2392.8354109260554,2241.5569215578284
2020,9,daily_w56_h7,포크,148,2232.591501072484,1328.752965867265
2020,9,daily_w56_h14,너클볼,2,7.126856066431046,48.83141370150612
2020,9,daily_w56_h14,슬라이더,424,4537.816105129561,2333.0840453282794
2020,9,daily_w56_h14,직구,935,7532.438454910844,4611.373401829145
2020,9,daily_w56_h14,체인지업,189,1883.7543371751694,1489.0960739292966
2020,9,daily_w56_h14,커브,162,1000.9354715824533,867.2517766466914
2020,9,daily_w56_h14,커터,35,562.5340265123839,255.79492948221923
2020,9,daily_w56_h14,투심,170,2358.466093008505,2260.7148462607965
2020,9,daily_w56_h14,포크,148,2236.6412618208487,1365.8028657701598
2020,9,daily_w56_h28,너클볼,2,6.262311587892928,48.968804460074495
2020,9,daily_w56_h28,슬라이더,424,4524.408356617128,2365.694723672571
2020,9,daily_w56_h28,직구,935,7573.762099111672,4570.017874059385
2020,9,daily_w56_h28,체인지업,189,1876.0853110526682,1500.7782404124123
2020,9,daily_w56_h28,커브,162,989.3556968985878,872.3152556554123
2020,9,daily_w56_h28,커터,35,569.3416854303689,259.4203736720989
2020,9,daily_w56_h28,투심,170,2355.9244325624963,2267.6894042839313
2020,9,daily_w56_h28,포크,148,2246.0334158604874,1388.6798483643602
2020,9,daily_w84_h7,너클볼,2,8.065256785676068,49.75528479168718
2020,9,daily_w84_h7,슬라이더,424,4585.854663383365,2296.3520602367544
2020,9,daily_w84_h7,직구,935,7526.020456078632,4682.564529190575
2020,9,daily_w84_h7,체인지업,189,1901.0480849934272,1475.3157107284012
2020,9,daily_w84_h7,커브,162,1031.469240913066,862.2617729668129
2020,9,daily_w84_h7,커터,35,553.1194932933424,245.95738878872632
2020,9,daily_w84_h7,투심,170,2391.4359089606505,2240.6440027954154
2020,9,daily_w84_h7,포크,148,2232.237521980505,1327.982189067976
2020,9,daily_w84_h14,너클볼,2,6.621340430210283,49.38029034042776
2020,9,daily_w84_h14,슬라이더,424,4503.5512482755075,2327.9113410665504
2020,9,daily_w84_h14,직구,935,7521.329751104591,4596.352391363081
2020,9,daily_w84_h14,체인지업,189,1867.782784042996,1485.7305731721403
2020,9,daily_w84_h14,커브,162,997.5445841066397,862.8106598315122
2020,9,daily_w84_h14,커터,35,560.3839194821106,254.98545441263286
2020,9,daily_w84_h14,투심,170,2354.549692758919,2251.2973471402183
2020,9,daily_w84_h14,포크,148,2236.8962117253554,1359.606878094873
2020,9,daily_w84_h28,너클볼,2,4.946455624396897,50.19899775568374
2020,9,daily_w84_h28,슬라이더,424,4467.141973710358,2348.6531102213476
2020,9,daily_w84_h28,직구,935,7604.921523240232,4541.315450219038
2020,9,daily_w84_h28,체인지업,189,1842.495758489887,1491.5337949042932
2020,9,daily_w84_h28,커브,162,993.0254727165475,860.7288277124721
2020,9,daily_w84_h28,커터,35,565.0113322966182,256.34964514075585
2020,9,daily_w84_h28,투심,170,2363.69429045559,2244.0254352694105
2020,9,daily_w84_h28,포크,148,2255.095723749403,1372.6589118753427
2020,9,fortnightly_w84_h7,너클볼,2,11.651531266174677,45.6115305293359
2020,9,fortnightly_w84_h7,슬라이더,424,4530.130079435998,2342.72752913019
2020,9,fortnightly_w84_h7,직구,935,7303.635959780244,4569.061596117712
2020,9,fortnightly_w84_h7,체인지업,189,1840.8934711492443,1526.0390961562807
2020,9,fortnightly_w84_h7,커브,162,1036.9389359277513,878.9586770316378
2020,9,fortnightly_w84_h7,커터,35,542.6878073846401,275.0995262556564
2020,9,fortnightly_w84_h7,투심,170,2263.1261349039223,2255.8906858679497
2020,9,fortnightly_w84_h7,포크,148,2309.690637518396,1392.0995790889406
2020,9,fortnightly_w84_h14,너클볼,2,7.98483375401891,48.19191951014341
2020,9,fortnightly_w84_h14,슬라이더,424,4456.875406095649,2356.7107945762764
2020,9,fortnightly_w84_h14,직구,935,7409.324284045498,4495.2151367185525
2020,9,fortnightly_w84_h14,체인지업,189,1823.6762568404,1516.512061877015
2020,9,fortnightly_w84_h14,커브,162,1005.4240568826942,865.3199586647514
2020,9,fortnightly_w84_h14,커터,35,558.9469071575165,267.04806462129386
2020,9,fortnightly_w84_h14,투심,170,2301.491562187884,2241.835667836612
2020,9,fortnightly_w84_h14,포크,148,2276.024356603551,1396.6502443254517
2020,9,fortnightly_w84_h28,너클볼,2,5.237902568151101,50.22478295857736
2020,9,fortnightly_w84_h28,슬라이더,424,4444.024529662472,2359.4057808333437
2020,9,fortnightly_w84_h28,직구,935,7607.745153939444,4466.985493772513
2020,9,fortnightly_w84_h28,체인지업,189,1815.7554773813513,1507.4920997174345
2020,9,fortnightly_w84_h28,커브,162,1009.3905335506043,854.2470567368271
2020,9,fortnightly_w84_h28,커터,35,565.7301387131637,260.04105185434776
2020,9,fortnightly_w84_h28,투심,170,2352.0213755469094,2228.5721950242114
2020,9,fortnightly_w84_h28,포크,148,2282.358240952006,1389.7684807850642
2021,6,uncorrected,슬라이더,462,16605.375462715092,6597.167835503067
2021,6,uncorrected,직구,821,35070.414584244485,9846.246366791274
2021,6,uncorrected,체인지업,223,7551.109371155377,2188.602122269298
2021,6,uncorrected,커브,211,4727.495500148119,2705.758730409754
2021,6,uncorrected,커터,31,878.1555034626833,358.89670792425994
2021,6,uncorrected,투심,161,5856.488224080222,3963.199219584705
2021,6,uncorrected,포크,114,4423.138580232223,1858.82181758933
2021,6,last_month,슬라이더,462,4885.18504843118,3317.1501089163467
2021,6,last_month,직구,821,5235.614471489099,3282.8713055079697
2021,6,last_month,체인지업,223,1876.2456710103595,831.9075071992428
2021,6,last_month,커브,211,1875.9040844252183,1472.6962220798525
2021,6,last_month,커터,31,374.48649151432187,178.96880695334954
2021,6,last_month,투심,161,1834.2696849969552,1359.0835754540115
2021,6,last_month,포크,114,1378.5980099350932,1036.830909964646
2021,6,season_to_date,슬라이더,462,4751.067362210429,3337.375315016688
2021,6,season_to_date,직구,821,5152.385793682606,3225.193317060909
2021,6,season_to_date,체인지업,223,1850.8451270231549,827.9666754688428
2021,6,season_to_date,커브,211,1764.9938743386624,1449.380088521967
2021,6,season_to_date,커터,31,365.2889638780649,181.47873866262577
2021,6,season_to_date,투심,161,1818.3595187630667,1362.100203117036
2021,6,season_to_date,포크,114,1364.0388820159212,1033.2909192024097
2021,6,ewma_w2_h0.25,슬라이더,462,4858.269854220955,3315.9183820185635
2021,6,ewma_w2_h0.25,직구,821,5209.672711051062,3270.2990937929494
2021,6,ewma_w2_h0.25,체인지업,223,1868.539325957497,830.3116246702501
2021,6,ewma_w2_h0.25,커브,211,1858.0890575251021,1469.5695110798065
2021,6,ewma_w2_h0.25,커터,31,373.4345074595822,178.97664845539126
2021,6,ewma_w2_h0.25,투심,161,1830.5359219499496,1358.2572929619455
2021,6,ewma_w2_h0.25,포크,114,1374.9720092356654,1035.5348791441431
2021,6,ewma_w2_h0.5,슬라이더,462,4804.201221013683,3315.6415018450407
2021,6,ewma_w2_h0.5,직구,821,5166.485878787893,3245.1009462317556
2021,6,ewma_w2_h0.5,체인지업,223,1855.1200031839708,827.8096941691778
2021,6,ewma_w2_h0.5,커브,211,1820.3273000273161,1463.2497903422768
2021,6,ewma_w2_h0.5,커터,31,371.3024001952024,179.1932965723007
2021,6,ewma_w2_h0.5,투심,161,1824.2582563322296,1357.0683564943392
2021,6,ewma_w2_h0.5,포크,114,1367.9120446514355,1033.2562299487995
2021,6,ewma_w2_h1,슬라이더,462,4766.7835915551295,3318.8531243974717
2021,6,ewma_w2_h1,직구,821,5150.4230834128375,3227.7519779580343
2021,6,ewma_w2_h1,체인지업,223,1849.026075652197,827.1684844329013
2021,6,ewma_w2_h1,커브,211,1791.137519693748,1458.8164799490644
2021,6,ewma_w2_h1,커터,31,369.79773986568955,179.65435305013375
2021,6,ewma_w2_h1,투심,161,1821.8077869276558,1356.9749147552081
2021,6,ewma_w2_h1,포크,114,1363.37338544425,1032.1824637489483
2021,6,ewma_w2_h2,슬라이더,462,4750.5460450886285,3322.44534095222
2021,6,ewma_w2_h2,직구,821,5152.383112425043,3220.280904543502
2021,6,ewma_w2_h2,체인지업,223,1848.444147954959,827.5945232953807
2021,6,ewma_w2_h2,커브,211,1776.4955379563416,1456.8539848186301
2021,6,ewma_w2_h2,커터,31,369.1259495797784,180.05542153817225
2021,6,ewma_w2_h2,투심,161,1821.9678854088058,1357.405531161407
2021,6,ewma_w2_h2,포크,114,1361.6280534527857,1032.0415367232104
2021,6,ewma_w2_h3,슬라이더,462,4746.019615601197,3323.9942886629156
2021,6,ewma_w2_h3,직구,821,5155.153767871992,3218.212587791685
2021,6,ewma_w2_h3,체인지업,223,1848.7956355920917,827.8887011242354
2021,6,ewma_w2_h3,커브,211,1771.922006472872,1456.2972896061892
2021,6,ewma_w2_h3,커터,31,368.93398779023823,180.21728411075324
2021,6,ewma_w2_h3,투심,161,1822.317241458085,1357.6429212293706
2021,6,ewma_w2_h3,포크,114,1361.1973689890465,1032.0832066177788
2021,6,ewma_w3_h0.25,슬라이더,462,4858.269854220955,3315.9183820185635
2021,6,ewma_w3_h0.25,직구,821,5209.672711051062,3270.2990937929494
2021,6,ewma_w3_h0.25,체인지업,223,1868.539325957497,830.3116246702501
2021,6,ewma_w3_h0.25,커브,211,1858.0890575251021,1469.5695110798065
2021,6,ewma_w3_h0.25,커터,31,373.4345074595822,178.97664845539126
2021,6,ewma_w3_h0.25,투심,161,1830.5359219499496,1358.2572929619455
2021,6,ewma_w3_h0.25,포크,114,1374.9720092356654,1035.5348791441431
2021,6,ewma_w3_h0.5,슬라이더,462,4804.201221013683,3315.6415018450407
2021,6,ewma_w3_h0.5,직구,821,5166.485878787893,3245.1009462317556
2021,6,ewma_w3_h0.5,체인지업,223,1855.1200031839708,827.8096941691778
2021,6,ewma_w3_h0.5,커브,211,1820.3273000273161,1463.2497903422768
2021,6,ewma_w3_h0.5,커터,31,371.3024001952024,179.1932965723007
2021,6,ewma_w3_h0.5,투심,161,1824.2582563322296,1357.0683564943392
2021,6,ewma_w3_h0.5,포크,114,1367.9120446514355,1033.2562299487995
2021,6,ewma_w3_h1,슬라이더,462,4766.7835915551295,3318.8531243974717
2021,6,ewma_w3_h1,직구,821,5150.4230834128375,3227.7519779580343
2021,6,ewma_w3_h1,체인지업,223,1849.026075652197,827.1684844329013
2021,6,ewma_w3_h1,커브,211,1791.137519693748,1458.8164799490644
2021,6,ewma_w3_h1,커터,31,369.79773986568955,179.65435305013375
2021,6,ewma_w3_h1,투심,161,1821.8077869276558,1356.9749147552081
2021,6,ewma_w3_h1,포크,114,1363.37338544425,1032.1824637489483
2021,6,ewma_w3_h2,슬라이더,462,4750.5460450886285,3322.44534095222
2021,6,ewma_w3_h2,직구,821,5152.383112425043,3220.280904543502
2021,6,ewma_w3_h2,체인지업,223,1848.444147954959,827.5945232953807
2021,6,ewma_w3_h2,커브,211,1776.4955379563416,1456.8539848186301
2021,6,ewma_w3_h2,커터,31,369.1259495797784,180.05542153817225
2021,6,ewma_w3_h2,투심,161,1821.9678854088058,1357.405531161407
2021,6,ewma_w3_h2,포크,114,1361.6280534527857,1032.0415367232104
2021,6,ewma_w3_h3,슬라이더,462,4746.019615601197,3323.9942886629156
2021,6,ewma_w3_h3,직구,821,5155.153767871992,3218.212587791685
2021,6,ewma_w3_h3,체인지업,223,1848.7956355920917,827.8887011242354
2021,6,ewma_w3_h3,커브,211,1771.922006472872,1456.2972896061892
2021,6,ewma_w3_h3,커터,31,368.93398779023823,180.21728411075324
2021,6,ewma_w3_h3,투심,161,1822.317241458085,1357.6429212293706
2021,6,ewma_w3_h3,포크,114,1361.1973689890465,1032.0832066177788
2021,6,ewma_w6_h0.25,슬라이더,462,4858.269854220955,3315.9183820185635
2021,6,ewma_w6_h0.25,직구,821,5209.672711051062,3270.2990937929494
2021,6,ewma_w6_h0.25,체인지업,223,1868.539325957497,830.3116246702501
2021,6,ewma_w6_h0.25,커브,211,1858.0890575251021,1469.5695110798065
2021,6,ewma_w6_h0.25,커터,31,373.4345074595822,178.97664845539126
2021,6,ewma_w6_h0.25,투심,161,1830.5359219499496,1358.2572929619455
2021,6,ewma_w6_h0.25,포크,114,1374.9720092356654,1035.5348791441431
2021,6,ewma_w6_h0.5,슬라이더,462,4804.201221013683,3315.6415018450407
2021,6,ewma_w6_h0.5,직구,821,5166.485878787893,3245.1009462317556
2021,6,ewma_w6_h0.5,체인지업,223,1855.1200031839708,827.8096941691778
2021,6,ewma_w6_h0.5,커브,211,1820.3273000273161,1463.2497903422768
2021,6,ewma_w6_h0.5,커터,31,371.3024001952024,179.1932965723007
2021,6,ewma_w6_h0.5,투심,161,1824.2582563322296,1357.0683564943392
2021,6,ewma_w6_h0.5,포크,114,1367.9120446514355,1033.2562299487995
2021,6,ewma_w6_h1,슬라이더,462,4766.7835915551295,3318.8531243974717
2021,6,ewma_w6_h1,직구,821,5150.4230834128375,3227.7519779580343
2021,6,ewma_w6_h1,체인지업,223,1849.026075652197,827.1684844329013
2021,6,ewma_w6_h1,커브,211,1791.137519693748,1458.8164799490644
2021,6,ewma_w6_h1,커터,31,369.79773986568955,179.65435305013375
2021,6,ewma_w6_h1,투심,161,1821.8077869276558,1356.9749147552081
2021,6,ewma_w6_h1,포크,114,1363.37338544425,1032.1824637489483
2021,6,ewma_w6_h2,슬라이더,462,4750.5460450886285,3322.44534095222
2021,6,ewma_w6_h2,직구,821,5152.383112425043,3220.280904543502
2021,6,ewma_w6_h2,체인지업,223,1848.444147954959,827.5945232953807
2021,6,ewma_w6_h2,커브,211,1776.4955379563416,1456.8539848186301
2021,6,ewma_w6_h2,커터,31,369.1259495797784,180.05542153817225
2021,6,ewma_w6_h2,투심,161,1821.9678854088058,1357.405531161407
2021,6,ewma_w6_h2,포크,114,1361.6280534527857,1032.0415367232104
2021,6,ewma_w6_h3,슬라이더,462,4746.019615601197,3323.9942886629156
2021,6,ewma_w6_h3,직구,821,5155.153767871992,3218.212587791685
2021,6,ewma_w6_h3,체인지업,223,1848.7956355920917,827.8887011242354
2021,6,ewma_w6_h3,커브,211,1771.922006472872,1456.2972896061892
2021,6,ewma_w6_h3,커터,31,368.93398779023823,180.21728411075324
2021,6,ewma_w6_h3,투심,161,1822.317241458085,1357.6429212293706
2021,6,ewma_w6_h3,포크,114,1361.1973689890465,1032.0832066177788
2021,6,precision_h0.5_q0.25,슬라이더,462,4825.543194872796,3313.3235452932713
2021,6,precision_h0.5_q0.25,직구,821,5165.216107949048,3246.8863578285122
2021,6,precision_h0.5_q0.25,체인지업,223,1863.8520700636554,828.3575570387648
2021,6,precision_h0.5_q0.25,커브,211,1844.7236414308627,1465.7800043926718
2021,6,precision_h0.5_q0.25,커터,31,371.0821966242174,178.80631490755306
2021,6,precision_h0.5_q0.25,투심,161,1823.0650265840031,1357.6497784073067
2021,6,precision_h0.5_q0.25,포크,114,1368.5136532453603,1034.2775066484105
2021,6,precision_h0.5_q1,슬라이더,462,4834.108480884868,3315.060413689189
2021,6,precision_h0.5_q1,직구,821,5184.9539341840755,3257.9212296239325
2021,6,precision_h0.5_q1,체인지업,223,1863.1445535623234,829.0178207747317
2021,6,precision_h0.5_q1,커브,211,1843.602663823109,1466.7241711588654
2021,6,precision_h0.5_q1,커터,31,372.17971300684195,178.99601836285777
2021,6,precision_h0.5_q1,투심,161,1826.6739600043188,1357.6152209370111
2021,6,precision_h0.5_q1,포크,114,1371.3075304131905,1034.4452324208785
2021,6,precision_h0.5_q2,슬라이더,462,4835.832808850868,3315.289493927583
2021,6,precision_h0.5_q2,직구,821,5188.9138647383115,3259.5389045766206
2021,6,precision_h0.5_q2,체인지업,223,1862.8686835401572,829.1250973989672
2021,6,precision_h0.5_q2,커브,211,1843.3893225914285,1466.9455194696777
2021,6,precision_h0.5_q2,커터,31,372.4601701284551,179.01695334837333
2021,6,precision_h0.5_q2,투심,161,1827.4494685394586,1357.6645771232947
2021,6,precision_h0.5_q2,포크,114,1371.8694044754595,1034.5218198703026
2021,6,precision_h1_q0.25,슬라이더,462,4790.314867720532,3314.5021417058924
2021,6,precision_h1_q0.25,직구,821,5130.187051449841,3228.6781937263836
2021,6,precision_h1_q0.25,체인지업,223,1858.2516274106242,827.4675407672047
2021,6,precision_h1_q0.25,커브,211,1823.923840831315,1462.0374428770833
2021,6,precision_h1_q0.25,커터,31,369.01973813082515,179.01758180602164
2021,6,precision_h1_q0.25,투심,161,1817.9351776279711,1357.5315758872216
2021,6,precision_h1_q0.25,포크,114,1363.8382739584758,1033.322808424096
2021,6,precision_h1_q1,슬라이더,462,4800.721066868441,3315.4391163106275
2021,6,precision_h1_q1,직구,821,5157.949876074284,3242.0978747575164
2021,6,precision_h1_q1,체인지업,223,1855.944559732282,827.7182125043645
2021,6,precision_h1_q1,커브,211,1821.0208828611694,1462.8859381062593
2021,6,precision_h1_q1,커터,31,370.6718820626875,179.16954479054135
2021,6,precision_h1_q1,투심,161,1822.608005296802,1357.0392136668306
2021,6,precision_h1_q1,포크,114,1366.7729763163902,1033.168597613002
2021,6,precision_h1_q2,슬라이더,462,4803.18425461418,3315.5844910201495
2021,6,precision_h1_q2,직구,821,5163.974519474681,3244.2690366375687
2021,6,precision_h1_q2,체인지업,223,1855.3720022812845,827.7830086795736
2021,6,precision_h1_q2,커브,211,1820.5359541635726,1463.1435048842147
2021,6,precision_h1_q2,커터,31,371.11203377857726,179.18708748918743
2021,6,precision_h1_q2,투심,161,1823.7655629068977,1357.0560970116007
2021,6,precision_h1_q2,포크,114,1367.5745354590592,1033.2279534634595
2021,6,precision_h2_q0.25,슬라이더,462,4771.279266473819,3316.8728428663844
2021,6,precision_h2_q0.25,직구,821,5115.581526041903,3220.175023048554
2021,6,precision_h2_q0.25,체인지업,223,1856.1979360903283,827.5856615485625
2021,6,precision_h2_q0.25,커브,211,1811.3564655746961,1460.150539778291
2021,6,precision_h2_q0.25,커터,31,367.8843371473311,179.28904377431735
2021,6,precision_h2_q0.25,투심,161,1815.9392209596517,1357.8311531326617
2021,6,precision_h2_q0.25,포크,114,1361.7720328050902,1033.0851529884344
2021,6,precision_h2_q1,슬라이더,462,4781.507791307305,3316.7006297715543
2021,6,precision_h2_q1,직구,821,5146.232260277072,3233.2251255484234
2021,6,precision_h2_q1,체인지업,223,1852.6468996217734,827.3179109369341
2021,6,precision_h2_q1,커브,211,1807.1203147627402,1460.7021108208637
2021,6,precision_h2_q1,커터,31,369.80348575373995,179.36326291879618
2021,6,precision_h2_q1,투심,161,1820.820435407829,1356.9356100097855
2021,6,precision_h2_q1,포크,114,1364.2940494727404,1032.5993421676449
2021,6,precision_h2_q2,슬라이더,462,4784.220250451556,3316.694975367361
2021,6,precision_h2_q2,직구,821,5153.198746167347,3235.4829584597155
2021,6,precision_h2_q2,체인지업,223,1851.8599912035656,827.3086039254446
2021,6,precision_h2_q2,커브,211,1806.426370127001,1460.9318171573213
2021,6,precision_h2_q2,커터,31,370.32400092522914,179.37124338536415
2021,6,precision_h2_q2,투심,161,1822.1401791177432,1356.9053175782246
2021,6,precision_h2_q2,포크,114,1365.1767659923626,1032.6188662160325
2021,6,ema_a0.5,슬라이더,462,4738.654592154186,3327.6121832629715
2021,6,ema_a0.5,직구,821,5164.120388922984,3214.8759477651092
2021,6,ema_a0.5,체인지업,223,1850.397248634028,828.7189710817931
2021,6,ema_a0.5,커브,211,1763.4943796999505,1455.3721915683675
2021,6,ema_a0.5,커터,31,368.61224007243607,180.5809949707734
2021,6,ema_a0.5,투심,161,1823.4964935903356,1358.2644048445254
2021,6,ema_a0.5,포크,114,1360.6085437899287,1032.3132790361856
2021,6,ema_a0.75,슬라이더,462,4788.616023514871,3316.450482745956
2021,6,ema_a0.75,직구,821,5157.647680544833,3237.8609014500075
2021,6,ema_a0.75,체인지업,223,1852.08573182651,827.3732406164711
2021,6,ema_a0.75,커브,211,1808.6441252836312,1461.4125198105871
2021,6,ema_a0.75,커터,31,370.6802087700819,179.3369993078758
2021,6,ema_a0.75,투심,161,1822.9433475206483,1356.9161248202292
2021,6,ema_a0.75,포크,114,1365.967673919186,1032.730815704101
2021,6,ema_a0.9,슬라이더,462,4840.964527237982,3315.4468992457005
2021,6,ema_a0.9,직구,821,5194.2950151927025,3262.2240898400178
2021,6,ema_a0.9,체인지업,223,1863.8851206178556,829.3882009203629
2021,6,ema_a0.9,커브,211,1846.3468751416344,1467.553536288901
2021,6,ema_a0.9,커터,31,372.7553807310346,179.01098749815537
2021,6,ema_a0.9,투심,161,1828.3136119809128,1357.7947075215297
2021,6,ema_a0.9,포크,114,1372.6733308223318,1034.7489653493128
2021,6,kalman_q0.25,슬라이더,462,4804.311444649355,3329.4072694307924
2021,6,kalman_q0.25,직구,821,5112.729590823063,3171.3918805831863
2021,6,kalman_q0.25,체인지업,223,1867.1251071533507,851.3273327291577
2021,6,kalman_q0.25,커브,211,1825.4670901869908,1508.2665424218899
2021,6,kalman_q0.25,커터,31,365.7018734999167,178.19258824225798
2021,6,kalman_q0.25,투심,161,1836.0435769622345,1360.2331261924658
2021,6,kalman_q0.25,포크,114,1398.800076865902,1050.758992983481
2021,6,kalman_q0.5,슬라이더,462,4811.834456760097,3321.391226853917
2021,6,kalman_q0.5,직구,821,5137.42193902689,3201.1760305309685
2021,6,kalman_q0.5,체인지업,223,1862.0242541898988,841.757405666366
2021,6,kalman_q0.5,커브,211,1826.9495537114499,1494.9563070021445
2021,6,kalman_q0.5,커터,31,367.37477101214,178.3439418675737
2021,6,kalman_q0.5,투심,161,1829.8474928162332,1359.2433835088761
2021,6,kalman_q0.5,포크,114,1387.7731556965866,1044.5936287224151
2021,6,kalman_q1,슬라이더,462,4841.167022909584,3317.8115699718082
2021,6,kalman_q1,직구,821,5180.42096214702,3244.575928330644
2021,6,kalman_q1,체인지업,223,1864.6053144718776,834.8632751104542
2021,6,kalman_q1,커브,211,1846.0400699975658,1482.1919000610128
2021,6,kalman_q1,커터,31,370.6216558226267,178.6549946376271
2021,6,kalman_q1,투심,161,1828.646594108107,1359.318350975417
2021,6,kalman_q1,포크,114,1379.3548964548847,1039.8834970230107
2021,6,kalman_q2,슬라이더,462,4868.918293802898,3317.2569621899024
2021,6,kalman_q2,직구,821,5215.841094029312,3270.579095454451
2021,6,kalman_q2,체인지업,223,1871.3529566220432,832.6188762800574
2021,6,kalman_q2,커브,211,1864.8476054216248,1475.715194233419
2021,6,kalman_q2,커터,31,373.12203156338364,178.86617642458452
2021,6,kalman_q2,투심,161,1831.6498619299946,1359.22482522782
2021,6,kalman_q2,포크,114,1377.9961302262918,1037.75890006008
2021,6,kalman_q4,슬라이더,462,4880.579220511976,3317.1723544536103
2021,6,kalman_q4,직구,821,5230.089841384886,3279.5570755216827
2021,6,kalman_q4,체인지업,223,1874.803046752932,832.0789428296853
2021,6,kalman_q4,커브,211,1872.771020788808,1473.5125250941128
2021,6,kalman_q4,커터,31,374.10565043170664,178.94105435213913
2021,6,kalman_q4,투심,161,1833.4765932996277,1359.1287233582814
2021,6,kalman_q4,포크,114,1378.3423249948305,1037.0772812372331
2021,6,adaptive_q0.5,슬라이더,462,4811.834456760097,3321.391226853917
2021,6,adaptive_q0.5,직구,821,5137.42193902689,3201.1760305309685
2021,6,adaptive_q0.5,체인지업,223,1862.0242541898988,841.757405666366
2021,6,adaptive_q0.5,커브,211,1826.9495537114499,1494.9563070021445
2021,6,adaptive_q0.5,커터,31,367.37477101214,178.3439418675737
2021,6,adaptive_q0.5,투심,161,1829.8474928162332,1359.2433835088761
2021,6,adaptive_q0.5,포크,114,1387.7731556965866,1044.5936287224151
2021,6,adaptive_q1,슬라이더,462,4841.167022909584,3317.8115699718082
2021,6,adaptive_q1,직구,821,5180.42096214702,3244.575928330644
2021,6,adaptive_q1,체인지업,223,1864.6053144718776,834.8632751104542
2021,6,adaptive_q1,커브,211,1846.0400699975658,1482.1919000610128
2021,6,adaptive_q1,커터,31,370.6216558226267,178.6549946376271
2021,6,adaptive_q1,투심,161,1828.646594108107,1359.318350975417
2021,6,adaptive_q1,포크,114,1379.3548964548847,1039.8834970230107
2021,6,adaptive_q2,슬라이더,462,4868.918293802898,3317.2569621899024
2021,6,adaptive_q2,직구,821,5215.841094029312,3270.579095454451
2021,6,adaptive_q2,체인지업,223,1871.3529566220432,832.6188762800574
2021,6,adaptive_q2,커브,211,1864.8476054216248,1475.715194233419
2021,6,adaptive_q2,커터,31,373.12203156338364,178.86617642458452
2021,6,adaptive_q2,투심,161,1831.6498619299946,1359.22482522782
2021,6,adaptive_q2,포크,114,1377.9961302262918,1037.75890006008
2021,6,trend_d0.25,슬라이더,462,5028.361666903113,3329.7110617741373
2021,6,trend_d0.25,직구,821,5398.020761755777,3349.907159938996
2021,6,trend_d0.25,체인지업,223,1922.8770661855767,842.3217708301073
2021,6,trend_d0.25,커브,211,1965.2742571247118,1489.223298376162
2021,6,trend_d0.25,커터,31,380.0310883051563,179.47641790719462
2021,6,trend_d0.25,투심,161,1857.475506019256,1364.7667567458723
2021,6,trend_d0.25,포크,114,1398.49955183765,1044.6135618178196
2021,6,trend_d0.5,슬라이더,462,5218.145878930671,3354.1333413193347
2021,6,trend_d0.5,직구,821,5644.866551344871,3438.968464743087
2021,6,trend_d0.5,체인지업,223,1991.979917352161,858.6160315090656
2021,6,trend_d0.5,커브,211,2076.754643382113,1510.993748699515
2021,6,trend_d0.5,커터,31,387.31399914258515,180.85983216941102
2021,6,trend_d0.5,투심,161,1892.5608105875503,1373.965668695811
2021,6,trend_d0.5,포크,114,1425.6722996268566,1056.0787712636218
2021,6,monthly_w28_hflat,슬라이더,462,4853.5118207286405,3340.8800214786966
2021,6,monthly_w28_hflat,직구,821,5257.126481294981,3275.27562566488
2021,6,monthly_w28_hflat,체인지업,223,1853.492608673399,847.792591864011
2021,6,monthly_w28_hflat,커브,211,1844.8840264753205,1461.1600166225162
2021,6,monthly_w28_hflat,커터,31,378.9500708341886,176.37598338019288
2021,6,monthly_w28_hflat,투심,161,1814.6993813519723,1323.580218922633
2021,6,monthly_w28_hflat,포크,114,1327.1741541706906,1031.6035974774675
2021,6,monthly_w28_h14,슬라이더,462,4815.620858279022,3356.9203607681357
2021,6,monthly_w28_h14,직구,821,5288.219999441782,3290.5263112948887
2021,6,monthly_w28_h14,체인지업,223,1830.1578570449856,853.9167385717216
2021,6,monthly_w28_h14,커브,211,1800.0380834273765,1470.988524843036
2021,6,monthly_w28_h14,커터,31,378.84617011835377,175.90561214324066
2021,6,monthly_w28_h14,투심,161,1806.7436233557528,1325.1697311299686
2021,6,monthly_w28_h14,포크,114,1299.9308738134762,1038.1615335705476
2021,6,monthly_w28_h28,슬라이더,462,4831.468431554025,3348.0614363361356
2021,6,monthly_w28_h28,직구,821,5274.419659768334,3281.8592193859477
2021,6,monthly_w28_h28,체인지업,223,1840.4062544251342,850.3490205428052
2021,6,monthly_w28_h28,커브,211,1819.933488063426,1465.965455146999
2021,6,monthly_w28_h28,커터,31,379.35009388542903,176.2017030385758
2021,6,monthly_w28_h28,투심,161,1809.3579985662357,1324.4458666906612
2021,6,monthly_w28_h28,포크,114,1311.8023474663291,1034.5388803679089
2021,6,monthly_w28_h28_huber,슬라이더,462,4821.303998938607,3351.8312324933586
2021,6,monthly_w28_h28_huber,직구,821,5259.776865834895,3284.884782838605
2021,6,monthly_w28_h28_huber,체인지업,223,1833.6610290640817,842.4386914129253
2021,6,monthly_w28_h28_huber,커브,211,1816.2415936073548,1462.2076928989397
2021,6,monthly_w28_h28_huber,커터,31,380.6643134316018,178.27945535073817
2021,6,monthly_w28_h28_huber,투심,161,1810.9031354965275,1332.645374390232
2021,6,monthly_w28_h28_huber,포크,114,1316.542561867467,1030.8720716289474
2021,6,monthly_w56_hflat,슬라이더,462,4742.424005892308,3331.879667745664
2021,6,monthly_w56_hflat,직구,821,5139.933786420044,3211.9452974992246
2021,6,monthly_w56_hflat,체인지업,223,1852.3522861516324,824.4878248217847
2021,6,monthly_w56_hflat,커브,211,1772.2090457414738,1448.818785672744
2021,6,monthly_w56_hflat,커터,31,365.3528878709065,182.5779546135932
2021,6,monthly_w56_hflat,투심,161,1827.456961213252,1364.108299988655
2021,6,monthly_w56_hflat,포크,114,1358.0613870632662,1029.8696944610547
2021,6,monthly_w56_h14,슬라이더,462,4769.125750239798,3330.3701189662356
2021,6,monthly_w56_h14,직구,821,5166.767817235791,3240.837674861824
2021,6,monthly_w56_h14,체인지업,223,1835.6944488913527,832.6729644357833
2021,6,monthly_w56_h14,커브,211,1787.7715183261696,1461.8354921753428
2021,6,monthly_w56_h14,커터,31,371.18351275483764,178.05252524623154
2021,6,monthly_w56_h14,투심,161,1812.148039066722,1346.4592164967423
2021,6,monthly_w56_h14,포크,114,1326.849897038927,1035.4290045211656
2021,6,monthly_w56_h28,슬라이더,462,4755.392028030734,3326.0459001048757
2021,6,monthly_w56_h28,직구,821,5133.274262369245,3221.156130351622
2021,6,monthly_w56_h28,체인지업,223,1843.9088463736725,825.8465789851132
2021,6,monthly_w56_h28,커브,211,1784.8320735061204,1453.6264210927593
2021,6,monthly_w56_h28,커터,31,368.21285008974985,180.18294179137058
2021,6,monthly_w56_h28,투심,161,1817.4728896449365,1354.7306907594234
2021,6,monthly_w56_h28,포크,114,1343.791676112076,1031.1268461117247
2021,6,monthly_w56_h28_huber,슬라이더,462,4742.259718404866,3326.9807087868317
2021,6,monthly_w56_h28_huber,직구,821,5134.47120947322,3220.4687350820695
2021,6,monthly_w56_h28_huber,체인지업,223,1841.7058785362224,823.243347443854
2021,6,monthly_w56_h28_huber,커브,211,1779.2752374670586,1451.4917221397914
2021,6,monthly_w56_h28_huber,커터,31,369.4696471589269,180.8603419822304
2021,6,monthly_w56_h28_huber,투심,161,1811.192997497443,1354.8783841364998
2021,6,monthly_w56_h28_huber,포크,114,1338.2768327435933,1028.6259356962394
2021,6,monthly_w84_hflat,슬라이더,462,4751.067362210429,3337.375315016688
2021,6,monthly_w84_hflat,직구,821,5152.385793682606,3225.193317060909
2021,6,monthly_w84_hflat,체인지업,223,1850.8451270231546,827.9666754688428
2021,6,monthly_w84_hflat,커브,211,1764.9938743386624,1449.380088521967
2021,6,monthly_w84_hflat,커터,31,365.288963878065,181.47873866262577
2021,6,monthly_w84_hflat,투심,161,1818.3595187630667,1362.100203117036
2021,6,monthly_w84_hflat,포크,114,1364.0388820159212,1033.2909192024097
2021,6,monthly_w84_h14,슬라이더,462,4769.257462505179,3332.231233458525
2021,6,monthly_w84_h14,직구,821,5168.057318552357,3244.543178092493
2021,6,monthly_w84_h14,체인지업,223,1834.5011158186908,833.5207632587476
2021,6,monthly_w84_h14,커브,211,1784.3478942261247,1461.6358017473206
2021,6,monthly_w84_h14,커터,31,370.9441347833246,177.8492346176677
2021,6,monthly_w84_h14,투심,161,1808.7872858245455,1346.2218396589922
2021,6,monthly_w84_h14,포크,114,1328.5618711163775,1036.5673229142837
2021,6,monthly_w84_h28,슬라이더,462,4757.876658718042,3329.659231731615
2021,6,monthly_w84_h28,직구,821,5138.385554152008,3228.875447510084
2021,6,monthly_w84_h28,체인지업,223,1842.2023743845684,827.8031213387035
2021,6,monthly_w84_h28,커브,211,1778.965818564007,1453.7037206813293
2021,6,monthly_w84_h28,커터,31,367.892322485774,179.6977016072158
2021,6,monthly_w84_h28,투심,161,1811.2092928710745,1353.9631924514501
2021,6,monthly_w84_h28,포크,114,1347.3184328444088,1033.3418293510567
2021,6,monthly_w84_h28_huber,슬라이더,462,4746.119950850565,3330.5498103607033
2021,6,monthly_w84_h28_huber,직구,821,5136.613064759341,3228.612508339642
2021,6,monthly_w84_h28_huber,체인지업,223,1840.4366431146052,824.8663625776697
2021,6,monthly_w84_h28_huber,커브,211,1775.8768458100988,1450.5397650074692
2021,6,monthly_w84_h28_huber,커터,31,369.55946725477736,180.3720690173569
2021,6,monthly_w84_h28_huber,투심,161,1806.7264479217843,1354.1299262249213
2021,6,monthly_w84_h28_huber,포크,114,1341.6403729171886,1030.5694100067847
2021,6,weekly_w28_hflat,슬라이더,462,4854.412233164096,3313.5388006885173
2021,6,weekly_w28_hflat,직구,821,5203.427218347444,3249.8147779560236
2021,6,weekly_w28_hflat,체인지업,223,1871.257738388885,891.920835088977
2021,6,weekly_w28_hflat,커브,211,1806.9105037961529,1481.042930379533
2021,6,weekly_w28_hflat,커터,31,377.7231170604987,192.7768094522831
2021,6,weekly_w28_hflat,투심,161,1857.0049211807327,1336.6161843620303
2021,6,weekly_w28_hflat,포크,114,1256.7590460089702,1003.9255000644456
2021,6,weekly_w28_h14,슬라이더,462,4875.847371810969,3327.8860933126425
2021,6,weekly_w28_h14,직구,821,5191.30022279909,3256.6648954860048
2021,6,weekly_w28_h14,체인지업,223,1868.6353399830728,893.0945541148294
2021,6,weekly_w28_h14,커브,211,1811.8667952530345,1495.1602340724817
2021,6,weekly_w28_h14,커터,31,377.1783882818587,194.40717954510234
2021,6,weekly_w28_h14,투심,161,1865.7829697175537,1340.7797519999644
2021,6,weekly_w28_h14,포크,114,1258.3937617920787,1002.7479171020108
2021,6,weekly_w28_h28,슬라이더,462,4864.439970397362,3320.409934756087
2021,6,weekly_w28_h28,직구,821,5198.982170104991,3252.243015744254
2021,6,weekly_w28_h28,체인지업,223,1870.1386231775928,892.4601396053133
2021,6,weekly_w28_h28,커브,211,1808.3300898361103,1488.4050982181125
2021,6,weekly_w28_h28,커터,31,377.7740258646985,193.6897193333301
2021,6,weekly_w28_h28,투심,161,1862.2499492819275,1338.8898616836773
2021,6,weekly_w28_h28,포크,114,1257.389050639491,1003.2164936313658
2021,6,weekly_w28_h28_huber,슬라이더,462,4885.762550156647,3316.5738942846224
2021,6,weekly_w28_h28_huber,직구,821,5216.566079044862,3252.747378325269
2021,6,weekly_w28_h28_huber,체인지업,223,1883.572533072376,883.1279524095748
2021,6,weekly_w28_h28_huber,커브,211,1819.8713200308498,1485.8548461028695
2021,6,weekly_w28_h28_huber,커터,31,378.47547640252844,195.92003346106208
2021,6,weekly_w28_h28_huber,투심,161,1863.2280081700897,1350.081202998817
2021,6,weekly_w28_h28_huber,포크,114,1264.8223364854084,1004.1186108457405
2021,6,weekly_w56_hflat,슬라이더,462,4822.170577412464,3321.8976408867316
2021,6,weekly_w56_hflat,직구,821,5101.403160526916,3251.516542654894
2021,6,weekly_w56_hflat,체인지업,223,1878.4526908379398,839.9307098878863
2021,6,weekly_w56_hflat,커브,211,1860.857831636311,1452.4240358562672
2021,6,weekly_w56_hflat,커터,31,366.6159858752269,178.3366655576116
2021,6,weekly_w56_hflat,투심,161,1793.3277926193919,1336.0854050535354
2021,6,weekly_w56_hflat,포크,114,1358.7830816053229,1010.9178401009602
2021,6,weekly_w56_h14,슬라이더,462,4843.059882945185,3318.4020231054174
2021,6,weekly_w56_h14,직구,821,5130.687327786335,3229.676835421923
2021,6,weekly_w56_h14,체인지업,223,1858.6855604411262,866.7192952667058
2021,6,weekly_w56_h14,커브,211,1835.5639544982405,1475.875277163881
2021,6,weekly_w56_h14,커터,31,371.72568585479405,185.94781635779248
2021,6,weekly_w56_h14,투심,161,1825.390352783026,1332.2465541347024
2021,6,weekly_w56_h14,포크,114,1292.2999386106392,1003.2522734293541
2021,6,weekly_w56_h28,슬라이더,462,4825.37252952947,3315.8580541611655
2021,6,weekly_w56_h28,직구,821,5112.288780517123,3231.510801899961
2021,6,weekly_w56_h28,체인지업,223,1866.0098426578056,852.5071562748201
2021,6,weekly_w56_h28,커브,211,1845.7716333148044,1463.197189643031
2021,6,weekly_w56_h28,커터,31,369.61392759528275,182.23338644916478
2021,6,weekly_w56_h28,투심,161,1807.6225042475708,1333.1369568471343
2021,6,weekly_w56_h28,포크,114,1320.5489073260956,1006.676799758846
2021,6,weekly_w56_h28_huber,슬라이더,462,4825.917577237215,3317.3460101805767
2021,6,weekly_w56_h28_huber,직구,821,5122.425308762303,3238.971110399698
2021,6,weekly_w56_h28_huber,체인지업,223,1872.940872978349,846.0404796717211
2021,6,weekly_w56_h28_huber,커브,211,1846.9484692691499,1458.1998503481482
2021,6,weekly_w56_h28_huber,커터,31,370.1544516868806,183.64333051448023
2021,6,weekly_w56_h28_huber,투심,161,1803.3777431526644,1336.9420471543328
2021,6,weekly_w56_h28_huber,포크,114,1320.2229558422746,1003.6116471952124
2021,6,weekly_w84_hflat,슬라이더,462,4762.053323702227,3325.1857222716744
2021,6,weekly_w84_hflat,직구,821,5123.513697965207,3211.46658556301
2021,6,weekly_w84_hflat,체인지업,223,1854.4233210702478,832.2303085768949
2021,6,weekly_w84_hflat,커브,211,1773.8805865782924,1453.5718903699212
2021,6,weekly_w84_hflat,커터,31,362.5121158623098,183.61727329591895
2021,6,weekly_w84_hflat,투심,161,1816.901674929807,1354.720045361499
2021,6,weekly_w84_hflat,포크,114,1346.4955675788908,1021.895214273848
2021,6,weekly_w84_h14,슬라이더,462,4821.924254139511,3315.4026817117656
2021,6,weekly_w84_h14,직구,821,5119.958737923189,3215.2595295641836
2021,6,weekly_w84_h14,체인지업,223,1853.641765731078,859.2847287121319
2021,6,weekly_w84_h14,커브,211,1814.4393488237915,1475.811952475999
2021,6,weekly_w84_h14,커터,31,368.747450515951,186.8404280170226
2021,6,weekly_w84_h14,투심,161,1826.7555437581116,1336.6117904609837
2021,6,weekly_w84_h14,포크,114,1291.7080723061335,1006.2246845005379
2021,6,weekly_w84_h28,슬라이더,462,4785.611028316191,3314.2070139543953
2021,6,weekly_w84_h28,직구,821,5103.238944992826,3206.4786478256556
2021,6,weekly_w84_h28,체인지업,223,1852.7779383903705,842.0057886857421
2021,6,weekly_w84_h28,커브,211,1798.210235001708,1463.1836114788475
2021,6,weekly_w84_h28,커터,31,365.12442370766286,184.76766838503838
2021,6,weekly_w84_h28,투심,161,1815.596416069613,1343.5721831718329
2021,6,weekly_w84_h28,포크,114,1317.11704040155,1013.2078645040644
2021,6,weekly_w84_h28_huber,슬라이더,462,4784.246938939826,3314.1284855128033
2021,6,weekly_w84_h28_huber,직구,821,5110.433548371917,3211.1634280129165
2021,6,weekly_w84_h28_huber,체인지업,223,1857.709492816563,837.6065173022472
2021,6,weekly_w84_h28_huber,커브,211,1800.5598360360266,1458.6250910646938
2021,6,weekly_w84_h28_huber,커터,31,367.18137344639547,185.20198004743233
2021,6,weekly_w84_h28_huber,투심,161,1810.4172381538033,1345.3700164177726
2021,6,weekly_w84_h28_huber,포크,114,1314.8465176401799,1010.9704862836909
2021,6,weekly_w56_h7,슬라이더,462,4889.25190044651,3337.3896874783295
2021,6,weekly_w56_h7,직구,821,5150.623750325387,3253.6992172450805
2021,6,weekly_w56_h7,체인지업,223,1855.604695276417,887.4145728278271
2021,6,weekly_w56_h7,커브,211,1832.682279930868,1498.2280389170046
2021,6,weekly_w56_h7,커터,31,372.1150833656975,191.3443467425784
2021,6,weekly_w56_h7,투심,161,1852.9307001617208,1336.24746245728
2021,6,weekly_w56_h7,포크,114,1266.8554670126478,1000.3470951076924
2021,6,weekly_w56_h10,슬라이더,462,4861.523753921914,3324.792418486724
2021,6,weekly_w56_h10,직구,821,5142.696188369258,3237.0818418215986
2021,6,weekly_w56_h10,체인지업,223,1855.9772116545305,876.7687558380198
2021,6,weekly_w56_h10,커브,211,1831.6823234879334,1485.6903161085215
2021,6,weekly_w56_h10,커터,31,372.4847866196434,188.50050052532907
2021,6,weekly_w56_h10,투심,161,1838.4220651826654,1333.026499434322
2021,6,weekly_w56_h10,포크,114,1277.8292748263377,1001.4198526211179
2021,6,weekly_w56_h21,슬라이더,462,4830.118358311349,3315.8360983787243
2021,6,weekly_w56_h21,직구,821,5118.273344900636,3229.0780524814463
2021,6,weekly_w56_h21,체인지업,223,1863.0207143113498,857.2625529116754
2021,6,weekly_w56_h21,커브,211,1841.7428810089505,1467.3456341422325
2021,6,weekly_w56_h21,커터,31,370.4442093369923,183.5145071285772
2021,6,weekly_w56_h21,투심,161,1813.4652942637706,1332.6008080152465
2021,6,weekly_w56_h21,포크,114,1309.8620229257197,1005.4174824606744
2021,6,weekly_w84_h7,슬라이더,462,4885.654787715124,3336.4097207887207
2021,6,weekly_w84_h7,직구,821,5147.962095931491,3250.734721952257
2021,6,weekly_w84_h7,체인지업,223,1855.3765835278334,885.9385044711432
2021,6,weekly_w84_h7,커브,211,1829.9549794259515,1498.2200763908918
2021,6,weekly_w84_h7,커터,31,371.54309911892744,191.3519805940061
2021,6,weekly_w84_h7,투심,161,1852.6468097441532,1336.6119128845005
2021,6,weekly_w84_h7,포크,114,1267.0646385179182,1000.679344933185
2021,6,weekly_w84_h10,슬라이더,462,4850.468485524477,3322.4938789146736
2021,6,weekly_w84_h10,직구,821,5135.834491404233,3228.8199917105503
2021,6,weekly_w84_h10,체인지업,223,1854.1917929101378,872.4433599824467
2021,6,weekly_w84_h10,커브,211,1821.9001351905522,1485.6808349723815
2021,6,weekly_w84_h10,커터,31,370.78048001404346,188.78984579101694
2021,6,weekly_w84_h10,투심,161,1838.3447044705038,1334.8392057016017
2021,6,weekly_w84_h10,포크,114,1277.910711697963,1002.7590795340508
2021,6,weekly_w84_h21,슬라이더,462,4797.078500749076,3313.3149137721775
2021,6,weekly_w84_h21,직구,821,5106.768807220658,3207.951919895997
2021,6,weekly_w84_h21,체인지업,223,1853.001826185042,847.3970063173346
2021,6,weekly_w84_h21,커브,211,1804.642481008636,1467.261032793153
2021,6,weekly_w84_h21,커터,31,366.35668191831314,185.37275295206973
2021,6,weekly_w84_h21,투심,161,1818.357976971692,1340.647686149945
2021,6,weekly_w84_h21,포크,114,1307.7734454201473,1010.5891389069575
2021,6,weekly_w112_h7,슬라이더,462,4885.655163196401,3336.414104264002
2021,6,weekly_w112_h7,직구,821,5147.960617072491,3250.736487146927
2021,6,weekly_w112_h7,체인지업,223,1855.3729205532256,885.9390342056264
2021,6,weekly_w112_h7,커브,211,1829.9564683480073,1498.2137161960184
2021,6,weekly_w112_h7,커터,31,371.5433878733875,191.35084210903184
2021,6,weekly_w112_h7,투심,161,1852.639514673558,1336.6122768922708
2021,6,weekly_w112_h7,포크,114,1267.0618658039189,1000.6829394752262
2021,6,weekly_w112_h10,슬라이더,462,4850.449082658276,3322.535663269494
2021,6,weekly_w112_h10,직구,821,5135.821103748152,3228.848544984647
2021,6,weekly_w112_h10,체인지업,223,1854.1623519262803,872.4469059845197
2021,6,weekly_w112_h10,커브,211,1821.9191583848137,1485.645893500635
2021,6,weekly_w112_h10,커터,31,370.783372556606,188.78289240917744
2021,6,weekly_w112_h10,투심,161,1838.2967276495438,1334.8435636679183
2021,6,weekly_w112_h10,포크,114,1277.8891226122441,1002.7876146812439
2021,6,weekly_w112_h21,슬라이더,462,4796.700111854101,3313.767379990497
2021,6,weekly_w112_h21,직구,821,5106.565438832553,3208.351903450977
2021,6,weekly_w112_h21,체인지업,223,1852.6935799370597,847.4385719330405
2021,6,weekly_w112_h21,커브,211,1804.8748215988885,1467.0974875838929
2021,6,weekly_w112_h21,커터,31,366.3910096354692,185.3371672159559
2021,6,weekly_w112_h21,투심,161,1817.8824151789204,1340.6913998638852
2021,6,weekly_w112_h21,포크,114,1307.5310420102862,1010.8541271905758
2021,6,weekly_w112_h14,슬라이더,462,4821.811422565466,3315.566441143932
2021,6,weekly_w112_h14,직구,821,5119.896559299508,3215.3908931160086
2021,6,weekly_w112_h14,체인지업,223,1853.530571444557,859.2984978194331
2021,6,weekly_w112_h14,커브,211,1814.5204494570823,1475.7218085886711
2021,6,weekly_w112_h14,커터,31,368.75932392160155,186.82147860825225
2021,6,weekly_w112_h14,투심,161,1826.58492702937,1336.6289744802389
2021,6,weekly_w112_h14,포크,114,1291.6243419085895,1006.3266072132477
2021,6,weekly_w84_h3.5,슬라이더,462,4974.466575180193,3380.317831178905
2021,6,weekly_w84_h3.5,직구,821,5152.93936751984,3310.8855835692857
2021,6,weekly_w84_h3.5,체인지업,223,1873.1088370323432,899.328815993874
2021,6,weekly_w84_h3.5,커브,211,1876.9696795941916,1524.07850953002
2021,6,weekly_w84_h3.5,커터,31,365.56769732758636,193.56885136027987
2021,6,weekly_w84_h3.5,투심,161,1872.0076002525143,1358.4009352453782
2021,6,weekly_w84_h3.5,포크,114,1269.3203996791965,1006.2846964213331
2021,6,weekly_w28_h7,슬라이더,462,4901.865271515774,3344.416782816834
2021,6,weekly_w28_h7,직구,821,5169.056913208205,3270.690607610857
2021,6,weekly_w28_h7,체인지업,223,1865.5455523723258,894.5172441358977
2021,6,weekly_w28_h7,커브,211,1824.7760202573277,1507.0886684008235
2021,6,weekly_w28_h7,커터,31,374.13067395120487,195.20600939792828
2021,6,weekly_w28_h7,투심,161,1868.8168872100916,1344.9800721965478
2021,6,weekly_w28_h7,포크,114,1260.790236134378,1002.8854598704511
2021,6,weekly_w84_h14_huber,슬라이더,462,4826.0467281220335,3316.050753679059
2021,6,weekly_w84_h14_huber,직구,821,5126.59965973813,3220.4379048232586
2021,6,weekly_w84_h14_huber,체인지업,223,1860.694703515902,852.4340107193348
2021,6,weekly_w84_h14_huber,커브,211,1821.6692260248292,1470.9452313879374
2021,6,weekly_w84_h14_huber,커터,31,370.9520782258153,187.45921634502835
2021,6,weekly_w84_h14_huber,투심,161,1821.9579718283028,1341.7056890478648
2021,6,weekly_w84_h14_huber,포크,114,1292.1120449704688,1005.3218386222466
2021,6,daily_w84_h3.5,슬라이더,462,4859.94711426731,3352.101954929958
2021,6,daily_w84_h3.5,직구,821,5116.246283370503,3347.48895810966
2021,6,daily_w84_h3.5,체인지업,223,1890.3647699913527,944.1719958287485
2021,6,daily_w84_h3.5,커브,211,1872.5048106557806,1483.0817154856675
2021,6,daily_w84_h3.5,커터,31,363.41826043307356,169.10092128802742
2021,6,daily_w84_h3.5,투심,161,1899.4699196608435,1362.6237590480425
2021,6,daily_w84_h3.5,포크,114,1355.1418899833327,1037.1805543611547
2021,6,daily_w56_h7,슬라이더,462,4810.54093805943,3300.913337787908
2021,6,daily_w56_h7,직구,821,5113.062574210648,3253.486953493765
2021,6,daily_w56_h7,체인지업,223,1862.112387022537,907.3942292032958
2021,6,daily_w56_h7,커브,211,1832.0128763168505,1476.5787919364163
2021,6,daily_w56_h7,커터,31,365.90385596586356,179.4805897466461
2021,6,daily_w56_h7,투심,161,1872.5395899845712,1351.83820026903
2021,6,daily_w56_h7,포크,114,1300.6392788825294,1013.8952756916964
2021,6,daily_w56_h14,슬라이더,462,4795.2171622004535,3292.4600949009377
2021,6,daily_w56_h14,직구,821,5103.668889433497,3221.0650791432354
2021,6,daily_w56_h14,체인지업,223,1856.2402661195758,877.8150461238135
2021,6,daily_w56_h14,커브,211,1833.506905341474,1465.4081592048092
2021,6,daily_w56_h14,커터,31,370.0392184207777,181.2836384903238
2021,6,daily_w56_h14,투심,161,1841.6846394105967,1344.4627476698602
2021,6,daily_w56_h14,포크,114,1298.7187832419727,1011.4627175511523
2021,6,daily_w56_h28,슬라이더,462,4791.826652848996,3295.066378014385
2021,6,daily_w56_h28,직구,821,5086.687740208861,3214.995440140565
2021,6,daily_w56_h28,체인지업,223,1860.4727712350427,857.8480238878257
2021,6,daily_w56_h28,커브,211,1843.7535240106763,1458.4100329921116
2021,6,daily_w56_h28,커터,31,371.9563414795367,181.8252260629536
2021,6,daily_w56_h28,투심,161,1818.843863128478,1342.0492790985788
2021,6,daily_w56_h28,포크,114,1316.2824353710048,1014.2763182109173
2021,6,daily_w84_h7,슬라이더,462,4808.5641881561505,3300.3176047354227
2021,6,daily_w84_h7,직구,821,5111.626482874675,3251.9069484314264
2021,6,daily_w84_h7,체인지업,223,1861.8512067007457,906.3918597875011
2021,6,daily_w84_h7,커브,211,1829.6759240682695,1476.2888392132272
2021,6,daily_w84_h7,커터,31,365.593506128635,179.28579503697193
2021,6,daily_w84_h7,투심,161,1872.1135668200106,1351.8742696340303
2021,6,daily_w84_h7,포크,114,1300.972378450895,1013.8006049693668
2021,6,daily_w84_h14,슬라이더,462,4782.229670914305,3292.027374270203
2021,6,daily_w84_h14,직구,821,5097.836259594321,3213.342841730997
2021,6,daily_w84_h14,체인지업,223,1852.8534179355345,871.6475422444366
2021,6,daily_w84_h14,커브,211,1814.3000834765485,1464.1451007873065
2021,6,daily_w84_h14,커터,31,366.91292464346236,180.64756848941573
2021,6,daily_w84_h14,투심,161,1841.5815652817998,1346.1728843824126
2021,6,daily_w84_h14,포크,114,1300.508316297881,1011.6052333999863
2021,6,daily_w84_h28,슬라이더,462,4765.769356909574,3299.2887873687073
2021,6,daily_w84_h28,직구,821,5088.632040445586,3202.9243989308347
2021,6,daily_w84_h28,체인지업,223,1851.593362115327,849.2457154934363
2021,6,daily_w84_h28,커브,211,1798.2307670915927,1456.3543493762095
2021,6,daily_w84_h28,커터,31,365.1767745351795,181.07726192331833
2021,6,daily_w84_h28,투심,161,1824.472567550328,1347.7325166679684
2021,6,daily_w84_h28,포크,114,1318.257635348988,1015.3385218917182
2021,6,fortnightly_w84_h7,슬라이더,462,4916.680427822698,3326.8561014083534
2021,6,fortnightly_w84_h7,직구,821,5263.528199383145,3217.468034351871
2021,6,fortnightly_w84_h7,체인지업,223,1864.2599100124985,895.0545610107929
2021,6,fortnightly_w84_h7,커브,211,1825.1993708945406,1477.7371587846483
2021,6,fortnightly_w84_h7,커터,31,388.5396938616462,185.43330005474172
2021,6,fortnightly_w84_h7,투심,161,1828.9212641779966,1335.4570997262372
2021,6,fortnightly_w84_h7,포크,114,1314.923193841296,1017.4587869711187
2021,6,fortnightly_w84_h14,슬라이더,462,4837.8068692080715,3308.8687579510593
2021,6,fortnightly_w84_h14,직구,821,5182.209481994785,3202.877727324817
2021,6,fortnightly_w84_h14,체인지업,223,1852.7028005457678,856.8951702136467
2021,6,fortnightly_w84_h14,커브,211,1811.3130417407451,1458.9423350259692
2021,6,fortnightly_w84_h14,커터,31,377.2142982453398,181.75416433980925
2021,6,fortnightly_w84_h14,투심,161,1808.0403765762198,1336.9070525616607
2021,6,fortnightly_w84_h14,포크,114,1324.6229626159898,1016.6736584707676
2021,6,fortnightly_w84_h28,슬라이더,462,4795.137246950599,3312.6214123003424
2021,6,fortnightly_w84_h28,직구,821,5140.190523874286,3204.774417914826
2021,6,fortnightly_w84_h28,체인지업,223,1849.1556504968567,839.4088083936231
2021,6,fortnightly_w84_h28,커브,211,1794.9641372731976,1452.325027625554
2021,6,fortnightly_w84_h28,커터,31,369.90412323195096,181.54629099876777
2021,6,fortnightly_w84_h28,투심,161,1804.0029820206262,1344.404877501457
2021,6,fortnightly_w84_h28,포크,114,1338.4228644386062,1019.8994919508566
2021,7,uncorrected,슬라이더,48,1183.5559753530615,479.6677295525467
2021,7,uncorrected,직구,140,6198.142871234606,889.3997227459299
2021,7,uncorrected,체인지업,21,468.6246188582877,82.86039288694832
2021,7,uncorrected,커브,26,208.5028949364951,147.75823205272914
2021,7,uncorrected,커터,4,23.37676734614263,77.76819417062356
2021,7,uncorrected,투심,25,576.2809001812826,467.6724003773333
2021,7,uncorrected,포크,13,473.8044530272566,41.442372043988435
2021,7,last_month,슬라이더,48,406.2440213297015,311.98787252604626
2021,7,last_month,직구,140,869.0884164840518,404.27000548752005
2021,7,last_month,체인지업,21,99.68630804284635,76.62881069696877
2021,7,last_month,커브,26,101.44874196323836,66.98828974423132
2021,7,last_month,커터,4,52.506719642310756,28.396062420900158
2021,7,last_month,투심,25,296.69605531323964,245.18167485057248
2021,7,last_month,포크,13,139.10323727405972,36.68236308419488
2021,7,season_to_date,슬라이더,48,409.4374314019194,310.3439763419002
2021,7,season_to_date,직구,140,912.2489228748494,418.9224886359899
2021,7,season_to_date,체인지업,21,98.289640943831,69.03595589135371
2021,7,season_to_date,커브,26,102.87599104235974,74.9357539465552
2021,7,season_to_date,커터,4,54.06127834671423,33.28202205043186
2021,7,season_to_date,투심,25,274.37502178489365,251.80148471024884
2021,7,season_to_date,포크,13,142.59707522249195,40.17035147421407
2021,7,ewma_w2_h0.25,슬라이더,48,404.4208625926011,312.25561550475834
2021,7,ewma_w2_h0.25,직구,140,872.1931986598042,405.49743638025734
2021,7,ewma_w2_h0.25,체인지업,21,99.91805278225245,76.28882955593814
2021,7,ewma_w2_h0.25,커브,26,102.23270853542803,67.37955668782872
2021,7,ewma_w2_h0.25,커터,4,53.783118603433834,28.60400268878162
2021,7,ewma_w2_h0.25,투심,25,295.98461822341085,244.79018999596548
2021,7,ewma_w2_h0.25,포크,13,139.13600395615873,37.19031055977115
2021,7,ewma_w2_h0.5,슬라이더,48,400.4317929792234,313.39505749177573
2021,7,ewma_w2_h0.5,직구,140,880.6534658601744,409.59429777368257
2021,7,ewma_w2_h0.5,체인지업,21,100.62068460743853,75.5737367865383
2021,7,ewma_w2_h0.5,커브,26,104.31220276044594,68.55002237407243
2021,7,ewma_w2_h0.5,커터,4,56.92064272088832,29.107662797273278
2021,7,ewma_w2_h0.5,투심,25,294.47140132976904,243.93993798506
2021,7,ewma_w2_h0.5,포크,13,139.37824541306804,38.54814962021189
2021,7,ewma_w2_h1,슬라이더,48,397.1653715831898,315.11527341780254
2021,7,ewma_w2_h1,직구,140,889.9514089290319,414.9556281185847
2021,7,ewma_w2_h1,체인지업,21,101.474116730167,75.02911839016399
2021,7,ewma_w2_h1,커브,26,106.53280307709977,69.95545758724178
2021,7,ewma_w2_h1,커터,4,59.98000184576448,29.589309244002642
2021,7,ewma_w2_h1,투심,25,293.2940344216316,243.2526965453281
2021,7,ewma_w2_h1,포크,13,139.8191049259088,40.010433887184455
2021,7,ewma_w2_h2,슬라이더,48,395.42112449358194,316.4636401283292
2021,7,ewma_w2_h2,직구,140,896.2105673294393,418.91410961369127
2021,7,ewma_w2_h2,체인지업,21,102.08167085117505,74.76064250252178
2021,7,ewma_w2_h2,커브,26,108.00130343134768,70.95000321058748
2021,7,ewma_w2_h2,커터,4,61.88132420142868,29.88430156833533
2021,7,ewma_w2_h2,투심,25,292.69902566502424,242.89061780233038
2021,7,ewma_w2_h2,포크,13,140.186919592249,40.98260660032493
2021,7,ewma_w2_h3,슬라이더,48,394.8535065499938,316.9894190893586
2021,7,ewma_w2_h3,직구,140,898.509375010759,420.42403670636173
2021,7,ewma_w2_h3,체인지업,21,102.31011320435495,74.67779734606096
2021,7,ewma_w2_h3,커브,26,108.53640950612042,71.32304823241624
2021,7,ewma_w2_h3,커터,4,62.55423033343791,29.98794893885028
2021,7,ewma_w2_h3,투심,25,292.5122166339854,242.77378158795824
2021,7,ewma_w2_h3,포크,13,140.33341285136916,41.337698245966095
2021,7,ewma_w3_h0.25,슬라이더,48,404.5330035995855,312.1749759779579
2021,7,ewma_w3_h0.25,직구,140,872.3938855903874,405.4487479647891
2021,7,ewma_w3_h0.25,체인지업,21,99.90526359374591,76.22264161231995
2021,7,ewma_w3_h0.25,커브,26,102.20545365870711,67.41311418164662
2021,7,ewma_w3_h0.25,커터,4,53.74320688917207,28.63666431788535
2021,7,ewma_w3_h0.25,투심,25,295.82236215262026,244.86269381050838
2021,7,ewma_w3_h0.25,포크,13,139.16322024982725,37.18688135619954
2021,7,ewma_w3_h0.5,슬라이더,48,401.9776152069334,312.4067712015701
2021,7,ewma_w3_h0.5,직구,140,882.6966679763357,409.0612329850575
2021,7,ewma_w3_h0.5,체인지업,21,100.38145339699507,74.76966906521407
2021,7,ewma_w3_h0.5,커브,26,103.8092468801317,68.97611462026126
2021,7,ewma_w3_h0.5,커터,4,56.23090502316453,29.512107887376196
2021,7,ewma_w3_h0.5,투심,25,292.4086047480206,244.93353172771475
2021,7,ewma_w3_h0.5,포크,13,139.6841723819362,38.45730414936488
2021,7,ewma_w3_h1,슬라이더,48,402.1052443622276,312.1825529027497
2021,7,ewma_w3_h1,직구,140,894.5882779885482,413.3461598774592
2021,7,ewma_w3_h1,체인지업,21,100.58132098424387,72.76747352177377
2021,7,ewma_w3_h1,커브,26,104.62872928750305,71.14093204311779
2021,7,ewma_w3_h1,커터,4,57.42747558922227,30.75098022378156
2021,7,ewma_w3_h1,투심,25,287.24049731136256,246.37450194219687
2021,7,ewma_w3_h1,포크,13,140.6077300444091,39.55775469534049
2021,7,ewma_w3_h2,슬라이더,48,403.6497012092547,311.7373576940331
2021,7,ewma_w3_h2,직구,140,902.3472460173939,416.11894664178214
2021,7,ewma_w3_h2,체인지업,21,100.54681251527987,71.31340826827073
2021,7,ewma_w3_h2,커브,26,104.65323692798151,72.6933039903295
2021,7,ewma_w3_h2,커터,4,57.38131176870947,31.68066425954833
2021,7,ewma_w3_h2,투심,25,283.2545182390272,247.97817266904315
2021,7,ewma_w3_h2,포크,13,141.34206703979552,40.05657865122364
2021,7,ewma_w3_h3,슬라이더,48,404.48153044664724,311.51504490218065
2021,7,ewma_w3_h3,직구,140,905.122016892425,417.0715353328328
2021,7,ewma_w3_h3,체인지업,21,100.51413830515169,70.77736259655006
2021,7,ewma_w3_h3,커브,26,104.57733909234818,73.25924844343434
2021,7,ewma_w3_h3,커터,4,57.213837137820754,32.03127643257831
2021,7,ewma_w3_h3,투심,25,281.7462277583179,248.66659659101296
2021,7,ewma_w3_h3,포크,13,141.62924560307258,40.18530918929505
2021,7,ewma_w6_h0.25,슬라이더,48,404.5330035995855,312.1749759779579
2021,7,ewma_w6_h0.25,직구,140,872.3938855903874,405.4487479647891
2021,7,ewma_w6_h0.25,체인지업,21,99.90526359374591,76.22264161231995
2021,7,ewma_w6_h0.25,커브,26,102.20545365870711,67.41311418164662
2021,7,ewma_w6_h0.25,커터,4,53.74320688917207,28.63666431788535
2021,7,ewma_w6_h0.25,투심,25,295.82236215262026,244.86269381050838
2021,7,ewma_w6_h0.25,포크,13,139.16322024982725,37.18688135619954
2021,7,ewma_w6_h0.5,슬라이더,48,401.9776152069334,312.4067712015701
2021,7,ewma_w6_h0.5,직구,140,882.6966679763357,409.0612329850575
2021,7,ewma_w6_h0.5,체인지업,21,100.38145339699507,74.76966906521407
2021,7,ewma_w6_h0.5,커브,26,103.8092468801317,68.97611462026126
2021,7,ewma_w6_h0.5,커터,4,56.23090502316453,29.512107887376196
2021,7,ewma_w6_h0.5,투심,25,292.4086047480206,244.93353172771475
2021,7,ewma_w6_h0.5,포크,13,139.6841723819362,38.45730414936488
2021,7,ewma_w6_h1,슬라이더,48,402.1052443622276,312.1825529027497
2021,7,ewma_w6_h1,직구,140,894.5882779885482,413.3461598774592
2021,7,ewma_w6_h1,체인지업,21,100.58132098424387,72.76747352177377
2021,7,ewma_w6_h1,커브,26,104.62872928750305,71.14093204311779
2021,7,ewma_w6_h1,커터,4,57.42747558922227,30.75098022378156
2021,7,ewma_w6_h1,투심,25,287.24049731136256,246.37450194219687
2021,7,ewma_w6_h1,포크,13,140.6077300444091,39.55775469534049
2021,7,ewma_w6_h2,슬라이더,48,403.6497012092547,311.7373576940331
2021,7,ewma_w6_h2,직구,140,902.3472460173939,416.11894664178214
2021,7,ewma_w6_h2,체인지업,21,100.54681251527987,71.31340826827073
2021,7,ewma_w6_h2,커브,26,104.65323692798151,72.6933039903295
2021,7,ewma_w6_h2,커터,4,57.38131176870947,31.68066425954833
2021,7,ewma_w6_h2,투심,25,283.2545182390272,247.97817266904315
2021,7,ewma_w6_h2,포크,13,141.34206703979552,40.05657865122364
2021,7,ewma_w6_h3,슬라이더,48,404.48153044664724,311.51504490218065
2021,7,ewma_w6_h3,직구,140,905.122016892425,417.0715353328328
2021,7,ewma_w6_h3,체인지업,21,100.51413830515169,70.77736259655006
2021,7,ewma_w6_h3,커브,26,104.57733909234818,73.25924844343434
2021,7,ewma_w6_h3,커터,4,57.213837137820754,32.03127643257831
2021,7,ewma_w6_h3,투심,25,281.7462277583179,248.66659659101296
2021,7,ewma_w6_h3,포크,13,141.62924560307258,40.18530918929505
2021,7,precision_h0.5_q0.25,슬라이더,48,402.18988678176055,311.848708008908
2021,7,precision_h0.5_q0.25,직구,140,878.6918388147201,406.9032795209805
2021,7,precision_h0.5_q0.25,체인지업,21,100.45672868265258,75.31207100512565
2021,7,precision_h0.5_q0.25,커브,26,102.88890706768952,68.19868535130948
2021,7,precision_h0.5_q0.25,커터,4,54.99155466567363,29.17678633061508
2021,7,precision_h0.5_q0.25,투심,25,294.5691811015597,245.01015906745693
2021,7,precision_h0.5_q0.25,포크,13,139.32357997803211,37.69990284590508
2021,7,precision_h0.5_q1,슬라이더,48,403.2029118352741,312.159715979053
2021,7,precision_h0.5_q1,직구,140,876.5508126578263,406.6511099879798
2021,7,precision_h0.5_q1,체인지업,21,100.15713904980032,75.63109504679021
2021,7,precision_h0.5_q1,커브,26,102.81947127136323,67.97473630720307
2021,7,precision_h0.5_q1,커터,4,54.75524370833293,28.986870554198013
2021,7,precision_h0.5_q1,투심,25,294.59558419493345,244.8491032286839
2021,7,precision_h0.5_q1,포크,13,139.32482252027836,37.65365416874856
2021,7,precision_h0.5_q2,슬라이더,48,403.38088657470587,312.194417332664
2021,7,precision_h0.5_q2,직구,140,876.2104439247294,406.6170702119513
2021,7,precision_h0.5_q2,체인지업,21,100.10231106575922,75.67216808010802
2021,7,precision_h0.5_q2,커브,26,102.81560587256908,67.9502563520477
2021,7,precision_h0.5_q2,커터,4,54.72299678165215,28.959369353994312
2021,7,precision_h0.5_q2,투심,25,294.5944201594639,244.8335333338841
2021,7,precision_h0.5_q2,포크,13,139.32684424354014,37.6491887116253
2021,7,precision_h1_q0.25,슬라이더,48,401.06880948501754,311.34732309068556
2021,7,precision_h1_q0.25,직구,140,886.640093773209,409.3000058012068
2021,7,precision_h1_q0.25,체인지업,21,100.84070097400019,73.84006349210692
2021,7,precision_h1_q0.25,커브,26,103.77251195952151,69.59577333596346
2021,7,precision_h1_q0.25,커터,4,56.381774902877716,30.069440620973296
2021,7,precision_h1_q0.25,투심,25,290.8819431685882,245.67797967972524
2021,7,precision_h1_q0.25,포크,13,139.88120199946812,38.454383583355266
2021,7,precision_h1_q1,슬라이더,48,402.166372166662,312.0104078457712
2021,7,precision_h1_q1,직구,140,883.9927215602959,408.98651710463
2021,7,precision_h1_q1,체인지업,21,100.42833560153426,74.41939738338374
2021,7,precision_h1_q1,커브,26,103.66650804480622,69.17562361019675
2021,7,precision_h1_q1,커터,4,56.07175031947282,29.711931852645524
2021,7,precision_h1_q1,투심,25,291.631038969092,245.29793911850751
2021,7,precision_h1_q1,포크,13,139.79670730294518,38.432312445572585
2021,7,precision_h1_q2,슬라이더,48,402.38825322999327,312.08103595376383
2021,7,precision_h1_q2,직구,140,883.5490958794414,408.9370486055666
2021,7,precision_h1_q2,체인지업,21,100.34656554988229,74.49442689083392
2021,7,precision_h1_q2,커브,26,103.66133879627284,69.12948713806423
2021,7,precision_h1_q2,커터,4,56.031987765509236,29.659246899920056
2021,7,precision_h1_q2,투심,25,291.73233611633714,245.2605451595632
2021,7,precision_h1_q2,포크,13,139.78808087786575,38.430213291390714
2021,7,precision_h2_q0.25,슬라이더,48,401.413878242183,310.82516047609613
2021,7,precision_h2_q0.25,직구,140,891.8765753702642,411.11652134660744
2021,7,precision_h2_q0.25,체인지업,21,100.92316908104914,72.66568714454016
2021,7,precision_h2_q0.25,커브,26,104.10818609593804,70.73903121397126
2021,7,precision_h2_q0.25,커터,4,56.877930925262476,30.801642685635656
2021,7,precision_h2_q0.25,투심,25,287.63647406296747,246.5976707916554
2021,7,precision_h2_q0.25,포크,13,140.39217528959998,38.892654551048096
2021,7,precision_h2_q1,슬라이더,48,402.287546790344,311.7469540399155
2021,7,precision_h2_q1,직구,140,889.612344464576,410.8134198471397
2021,7,precision_h2_q1,체인지업,21,100.52005541516385,73.39124989487226
2021,7,precision_h2_q1,커브,26,104.02494828468718,70.20457358959968
2021,7,precision_h2_q1,커터,4,56.605977084735116,30.338524614837766
2021,7,precision_h2_q1,투심,25,288.9508990997835,246.0344938559297
2021,7,precision_h2_q1,포크,13,140.25196844610505,38.92605319772237
2021,7,precision_h2_q2,슬라이더,48,402.4945015829637,311.8445718316343
2021,7,precision_h2_q2,직구,140,889.212019315004,410.75938849351166
2021,7,precision_h2_q2,체인지업,21,100.4313050479026,73.48625489064482
2021,7,precision_h2_q2,커브,26,104.02409229228101,70.1448818101512
2021,7,precision_h2_q2,커터,4,56.57281695919136,30.26930222190431
2021,7,precision_h2_q2,투심,25,289.14418110634176,245.9778343580747
2021,7,precision_h2_q2,포크,13,140.23485066606955,38.92978149183225
2021,7,ema_a0.5,슬라이더,48,406.3559146564073,310.1958419856612
2021,7,ema_a0.5,직구,140,899.4761185355921,412.74144018532144
2021,7,ema_a0.5,체인지업,21,100.15567084426183,71.17555639502635
2021,7,ema_a0.5,커브,26,103.47810762868859,72.12403224599382
2021,7,ema_a0.5,커터,4,55.58573484307828,31.64838396686728
2021,7,ema_a0.5,투심,25,282.91661103336384,248.8160091411299
2021,7,ema_a0.5,포크,13,141.38305605256264,39.232772486065436
2021,7,ema_a0.75,슬라이더,48,402.47661719605395,312.1064822509487
2021,7,ema_a0.75,직구,140,883.3781127998654,408.9186401027305
2021,7,ema_a0.75,체인지업,21,100.31395341984806,74.52215514688825
2021,7,ema_a0.75,커브,26,103.66020992060416,69.11294387569657
2021,7,ema_a0.75,커터,4,56.017316185264264,29.639431365413273
2021,7,ema_a0.75,투심,25,291.7705112178719,245.2474524564581
2021,7,ema_a0.75,포크,13,139.78506772222016,38.429565481443284
2021,7,ema_a0.9,슬라이더,48,403.77687112947274,312.23669254149854
2021,7,ema_a0.9,직구,140,874.5123387809471,406.15984574154743
2021,7,ema_a0.9,체인지업,21,100.02120881672646,75.93591804647836
2021,7,ema_a0.9,커브,26,102.59937714887906,67.70847490251053
2021,7,ema_a0.9,커터,4,54.369962685214276,28.806080906612042
2021,7,ema_a0.9,투심,25,295.176069868827,244.78633966141322
2021,7,ema_a0.9,포크,13,139.2429386166855,37.4704724380048
2021,7,kalman_q0.25,슬라이더,48,409.1309277480649,308.369611910945
2021,7,kalman_q0.25,직구,140,893.1558703208954,406.9737098803497
2021,7,kalman_q0.25,체인지업,21,95.38455843459658,73.78824006576265
2021,7,kalman_q0.25,커브,26,101.1470159107185,70.73588989475314
2021,7,kalman_q0.25,커터,4,53.775829731629585,29.033113790187045
2021,7,kalman_q0.25,투심,25,278.6163528080848,247.13784443975956
2021,7,kalman_q0.25,포크,13,139.02770781238215,38.237944422134994
2021,7,kalman_q0.5,슬라이더,48,407.2493803250751,311.5229796882072
2021,7,kalman_q0.5,직구,140,879.915257713943,407.1199509072477
2021,7,kalman_q0.5,체인지업,21,97.38463068588968,75.45023258436369
2021,7,kalman_q0.5,커브,26,101.83288393246076,68.21404434006797
2021,7,kalman_q0.5,커터,4,54.116527840516845,28.941518905497276
2021,7,kalman_q0.5,투심,25,287.2302970851593,245.54387212562085
2021,7,kalman_q0.5,포크,13,138.87961578085722,37.70095779694178
2021,7,kalman_q1,슬라이더,48,406.14233969542624,312.4891684536759
2021,7,kalman_q1,직구,140,871.8056910439784,405.98230061784034
2021,7,kalman_q1,체인지업,21,99.10786261450406,76.34056504035803
2021,7,kalman_q1,커브,26,102.02533853937477,67.2157216390469
2021,7,kalman_q1,커터,4,53.745326558400336,28.72218062038882
2021,7,kalman_q1,투심,25,293.7015448993564,245.0812178388228
2021,7,kalman_q1,포크,13,138.9781645257234,37.12722950002373
2021,7,kalman_q2,슬라이더,48,406.1520951450668,312.24789907426134
2021,7,kalman_q2,직구,140,869.4587899722779,404.8693685361827
2021,7,kalman_q2,체인지업,21,99.63201362565101,76.57103429265993
2021,7,kalman_q2,커브,26,101.77880763674756,67.02358441663444
2021,7,kalman_q2,커터,4,53.053550397842145,28.516273474713504
2021,7,kalman_q2,투심,25,295.958892229508,245.10510453485102
2021,7,kalman_q2,포크,13,139.08783253961371,36.81763937328617
2021,7,kalman_q4,슬라이더,48,406.21920241202906,312.06647287534855
2021,7,kalman_q4,직구,140,869.1252547285271,404.43521266005473
2021,7,kalman_q4,체인지업,21,99.68780068307065,76.61630517008493
2021,7,kalman_q4,커브,26,101.55891756996223,66.99506131960523
2021,7,kalman_q4,커터,4,52.6739941293674,28.42996524938598
2021,7,kalman_q4,투심,25,296.51689387845107,245.15631141622632
2021,7,kalman_q4,포크,13,139.10427169553884,36.717924214884235
2021,7,adaptive_q0.5,슬라이더,48,407.2493803250751,311.5229796882072
2021,7,adaptive_q0.5,직구,140,879.915257713943,407.1199509072477
2021,7,adaptive_q0.5,체인지업,21,97.38463068588968,75.45023258436369
2021,7,adaptive_q0.5,커브,26,101.83288393246076,68.21404434006797
2021,7,adaptive_q0.5,커터,4,54.116527840516845,28.941518905497276
2021,7,adaptive_q0.5,투심,25,287.2302970851593,245.54387212562085
2021,7,adaptive_q0.5,포크,13,138.87961578085722,37.70095779694178
2021,7,adaptive_q1,슬라이더,48,406.14233969542624,312.4891684536759
2021,7,adaptive_q1,직구,140,871.8056910439784,405.98230061784034
2021,7,adaptive_q1,체인지업,21,99.10786261450406,76.34056504035803
2021,7,adaptive_q1,커브,26,102.02533853937477,67.2157216390469
2021,7,adaptive_q1,커터,4,53.745326558400336,28.72218062038882
2021,7,adaptive_q1,투심,25,293.7015448993564,245.0812178388228
2021,7,adaptive_q1,포크,13,138.9781645257234,37.12722950002373
2021,7,adaptive_q2,슬라이더,48,406.1520951450668,312.24789907426134
2021,7,adaptive_q2,직구,140,869.4587899722779,404.8693685361827
2021,7,adaptive_q2,체인지업,21,99.63201362565101,76.57103429265993
2021,7,adaptive_q2,커브,26,101.77880763674756,67.02358441663444
2021,7,adaptive_q2,커터,4,53.053550397842145,28.516273474713504
2021,7,adaptive_q2,투심,25,295.958892229508,245.10510453485102
2021,7,adaptive_q2,포크,13,139.08783253961371,36.81763937328617
2021,7,trend_d0.25,슬라이더,48,415.04931295052086,312.208563251971
2021,7,trend_d0.25,직구,140,858.6515023347376,402.20076433245174
2021,7,trend_d0.25,체인지업,21,99.10182694501262,78.34952499303533
2021,7,trend_d0.25,커브,26,98.65822042297133,65.9582080274077
2021,7,trend_d0.25,커터,4,47.284823383832176,27.52490388358796
2021,7,trend_d0.25,투심,25,300.25076640346225,247.08969699869473
2021,7,trend_d0.25,포크,13,139.41132650760142,34.90302218541957
2021,7,trend_d0.5,슬라이더,48,425.56572255214206,314.62888945910373
2021,7,trend_d0.5,직구,140,852.6805854863561,405.227216735866
2021,7,trend_d0.5,체인지업,21,99.1656676337418,80.51676363135547
2021,7,trend_d0.5,커브,26,96.74414827852905,65.9526641666707
2021,7,trend_d0.5,커터,4,42.391268891735024,26.674125272002918
2021,7,trend_d0.5,투심,25,304.66535928355626,249.39310922040707
2021,7,trend_d0.5,포크,13,140.44369286036752,33.73800603247297
2021,7,monthly_w28_hflat,슬라이더,48,414.5271993900699,315.49704046600385
2021,7,monthly_w28_hflat,직구,140,850.2317552471872,407.02598784057864
2021,7,monthly_w28_hflat,체인지업,21,100.29331050942584,78.2101156195701
2021,7,monthly_w28_hflat,커브,26,103.6639068434488,68.36567065686322
2021,7,monthly_w28_hflat,커터,4,53.19638764449756,28.226899895606078
2021,7,monthly_w28_hflat,투심,25,301.55729620633207,244.64490330442132
2021,7,monthly_w28_hflat,포크,13,140.70576781434747,37.0013854215134
2021,7,monthly_w28_h14,슬라이더,48,409.7363176955778,317.59978116372224
2021,7,monthly_w28_h14,직구,140,865.9553169255407,405.14034553185775
2021,7,monthly_w28_h14,체인지업,21,99.62491643472028,79.94087006770735
2021,7,monthly_w28_h14,커브,26,101.26045829452751,66.97759349917344
2021,7,monthly_w28_h14,커터,4,50.87395073572651,29.8033884767559
2021,7,monthly_w28_h14,투심,25,303.4734731388748,239.81418744250715
2021,7,monthly_w28_h14,포크,13,140.55762734144975,35.430697659002305
2021,7,monthly_w28_h28,슬라이더,48,411.91199034933686,316.65891582436905
2021,7,monthly_w28_h28,직구,140,857.9814781743248,406.0567258482548
2021,7,monthly_w28_h28,체인지업,21,99.94657094923755,79.1196184807155
2021,7,monthly_w28_h28,커브,26,102.26539523344549,67.54723610009943
2021,7,monthly_w28_h28,커터,4,52.01992954524569,29.014825650216512
2021,7,monthly_w28_h28,투심,25,302.94827410683354,242.00326154618256
2021,7,monthly_w28_h28,포크,13,140.58180383688608,36.22291407233615
2021,7,monthly_w28_h28_huber,슬라이더,48,415.6380519133711,316.6168094964711
2021,7,monthly_w28_h28_huber,직구,140,848.1705808005759,405.1299893639408
2021,7,monthly_w28_h28_huber,체인지업,21,100.82814655034858,77.33955987489878
2021,7,monthly_w28_h28_huber,커브,26,104.8059369913851,67.79274399375971
2021,7,monthly_w28_h28_huber,커터,4,51.50902837843505,31.451570415614263
2021,7,monthly_w28_h28_huber,투심,25,304.88976800340805,244.44535993785198
2021,7,monthly_w28_h28_huber,포크,13,141.2454321851092,35.646699090943095
2021,7,monthly_w56_hflat,슬라이더,48,393.5002104605459,316.1257135798025
2021,7,monthly_w56_hflat,직구,140,901.1163155391783,420.09516669644586
2021,7,monthly_w56_hflat,체인지업,21,105.45392524641012,74.84965655717583
2021,7,monthly_w56_hflat,커브,26,109.57453653598701,72.94800156248509
2021,7,monthly_w56_hflat,커터,4,64.19258562619835,27.451964526179474
2021,7,monthly_w56_hflat,투심,25,308.11718280976703,249.23553566085295
2021,7,monthly_w56_hflat,포크,13,141.5246185797273,42.19527515071228
2021,7,monthly_w56_h14,슬라이더,48,402.09723448793466,315.4143216519241
2021,7,monthly_w56_h14,직구,140,886.5881842095433,404.1382651857861
2021,7,monthly_w56_h14,체인지업,21,100.1382528410511,78.40231539521639
2021,7,monthly_w56_h14,커브,26,102.02760205015089,67.56339896734902
2021,7,monthly_w56_h14,커터,4,53.74726437385917,28.758733621711972
2021,7,monthly_w56_h14,투심,25,301.8985923132547,242.06424816085476
2021,7,monthly_w56_h14,포크,13,140.3678839597492,37.01836835341236
2021,7,monthly_w56_h28,슬라이더,48,398.32889906547325,315.11839740135747
2021,7,monthly_w56_h28,직구,140,891.4673929675002,409.8805017432703
2021,7,monthly_w56_h28,체인지업,21,102.05585206116288,76.75029747347173
2021,7,monthly_w56_h28,커브,26,104.87389518710042,69.78690823910279
2021,7,monthly_w56_h28,커터,4,58.12039081075733,27.848788578737356
2021,7,monthly_w56_h28,투심,25,303.95345245385954,245.4737797825979
2021,7,monthly_w56_h28,포크,13,140.64486805733185,39.38646640273379
2021,7,monthly_w56_h28_huber,슬라이더,48,399.30769062438014,316.52335824976245
2021,7,monthly_w56_h28_huber,직구,140,884.8493024906281,411.1014606160939
2021,7,monthly_w56_h28_huber,체인지업,21,101.90760694790676,75.56685656751903
2021,7,monthly_w56_h28_huber,커브,26,105.81787606566678,69.64212318985938
2021,7,monthly_w56_h28_huber,커터,4,57.10444921182146,29.90747353335692
2021,7,monthly_w56_h28_huber,투심,25,303.4912505583049,246.90947688628737
2021,7,monthly_w56_h28_huber,포크,13,140.10712815133422,39.094701803203606
2021,7,monthly_w84_hflat,슬라이더,48,408.7172912506542,311.58833265826684
2021,7,monthly_w84_hflat,직구,140,903.4589489004245,416.94279599059905
2021,7,monthly_w84_hflat,체인지업,21,98.05144974609816,69.63657686585876
2021,7,monthly_w84_hflat,커브,26,102.27808761544605,74.3011594501326
2021,7,monthly_w84_hflat,커터,4,55.39094806803246,33.331507821356574
2021,7,monthly_w84_hflat,투심,25,279.3292056832126,251.16996405590814
2021,7,monthly_w84_hflat,포크,13,141.8700461311087,40.0402309844604
2021,7,monthly_w84_h14,슬라이더,48,403.94947381841587,315.01599695028773
2021,7,monthly_w84_h14,직구,140,886.4000302434936,403.558212732721
2021,7,monthly_w84_h14,체인지업,21,99.23439237475887,77.72557003090164
2021,7,monthly_w84_h14,커브,26,101.92243140515625,68.04496323431341
2021,7,monthly_w84_h14,커터,4,53.04655690541924,29.495502424023197
2021,7,monthly_w84_h14,투심,25,296.51893158446256,241.87988760245426
2021,7,monthly_w84_h14,포크,13,140.45597313200355,37.0476722758297
2021,7,monthly_w84_h28,슬라이더,48,404.1917453319521,313.68689954476645
2021,7,monthly_w84_h28,직구,140,892.3250302882872,408.69876278355275
2021,7,monthly_w84_h28,체인지업,21,99.14751716820446,74.49391897485293
2021,7,monthly_w84_h28,커브,26,102.96681253544268,70.87661292056984
2021,7,monthly_w84_h28,커터,4,55.1621182089218,30.222287570809108
2021,7,monthly_w84_h28,투심,25,289.96581042139974,245.68105788646864
2021,7,monthly_w84_h28,포크,13,140.83362875896353,39.04012023246708
2021,7,monthly_w84_h28_huber,슬라이더,48,404.4322950491296,315.22782577294333
2021,7,monthly_w84_h28_huber,직구,140,886.6677237369754,410.71160570922194
2021,7,monthly_w84_h28_huber,체인지업,21,100.15554563576426,73.65233570819561
2021,7,monthly_w84_h28_huber,커브,26,104.5732606900262,70.86341733090984
2021,7,monthly_w84_h28_huber,커터,4,54.91400645024306,32.02062592319052
2021,7,monthly_w84_h28_huber,투심,25,291.90554961353445,247.69299559486666
2021,7,monthly_w84_h28_huber,포크,13,140.75870899613574,38.82162012207481
2021,7,weekly_w28_hflat,슬라이더,48,409.0780455410671,319.7002546916061
2021,7,weekly_w28_hflat,직구,140,877.9661369301557,411.9283047673158
2021,7,weekly_w28_hflat,체인지업,21,100.5472523270821,80.22866518998599
2021,7,weekly_w28_hflat,커브,26,100.7181790903748,68.34134761708268
2021,7,weekly_w28_hflat,커터,4,50.568904417746595,26.631923824668398
2021,7,weekly_w28_hflat,투심,25,302.7830906798224,241.25487778578545
2021,7,weekly_w28_hflat,포크,13,139.49625033971284,38.605234459402986
2021,7,weekly_w28_h14,슬라이더,48,412.6494306878608,320.38199306515
2021,7,weekly_w28_h14,직구,140,880.8633166256918,409.0721905019608
2021,7,weekly_w28_h14,체인지업,21,100.56043781794737,80.85400418074389
2021,7,weekly_w28_h14,커브,26,98.68451634344542,68.59530480485778
2021,7,weekly_w28_h14,커터,4,49.28262568646497,28.093568995343077
2021,7,weekly_w28_h14,투심,25,305.04157170677587,238.16057813559812
2021,7,weekly_w28_h14,포크,13,140.90717312117778,37.805100991832425
2021,7,weekly_w28_h28,슬라이더,48,410.68810923486996,320.13064332795227
2021,7,weekly_w28_h28,직구,140,879.1860772064041,410.3998470641177
2021,7,weekly_w28_h28,체인지업,21,100.48084258550422,80.55771023565526
2021,7,weekly_w28_h28,커브,26,99.55296141988686,68.34809638923082
2021,7,weekly_w28_h28,커터,4,49.7947709298262,27.382634176275758
2021,7,weekly_w28_h28,투심,25,304.03652099288456,239.65131531156794
2021,7,weekly_w28_h28,포크,13,140.1607701860492,38.18604128829399
2021,7,weekly_w28_h28_huber,슬라이더,48,410.8469699800971,319.71609244638506
2021,7,weekly_w28_h28_huber,직구,140,873.965178969886,410.4544627415937
2021,7,weekly_w28_h28_huber,체인지업,21,101.59116934997414,78.75740122933368
2021,7,weekly_w28_h28_huber,커브,26,102.09326431737843,68.61285436332284
2021,7,weekly_w28_h28_huber,커터,4,48.56047477219877,29.51652650554236
2021,7,weekly_w28_h28_huber,투심,25,305.33031984194065,241.50790084930154
2021,7,weekly_w28_h28_huber,포크,13,140.0321417655749,37.75819956989514
2021,7,weekly_w56_hflat,슬라이더,48,395.14712354940195,320.86001252313326
2021,7,weekly_w56_hflat,직구,140,901.686965874098,426.88551757652056
2021,7,weekly_w56_hflat,체인지업,21,103.78828965460083,75.81431168210132
2021,7,weekly_w56_hflat,커브,26,108.54346552067376,74.46676366383156
2021,7,weekly_w56_hflat,커터,4,62.57639961562262,26.83479074113312
2021,7,weekly_w56_hflat,투심,25,302.403597765168,249.10197887855344
2021,7,weekly_w56_hflat,포크,13,140.6842729505209,43.93037583301668
2021,7,weekly_w56_h14,슬라이더,48,407.8868447871529,318.16520841780175
2021,7,weekly_w56_h14,직구,140,883.3911144844276,409.6031847771899
2021,7,weekly_w56_h14,체인지업,21,100.55333730936472,78.5050651326142
2021,7,weekly_w56_h14,커브,26,100.79270048490798,70.39226551734174
2021,7,weekly_w56_h14,커터,4,53.90938747090863,27.764819458718172
2021,7,weekly_w56_h14,투심,25,302.0091396966397,242.43067333098716
2021,7,weekly_w56_h14,포크,13,141.03189678241318,39.79592164911901
2021,7,weekly_w56_h28,슬라이더,48,401.9380240515916,318.6581422835503
2021,7,weekly_w56_h28,직구,140,890.3996321723732,416.2549148233789
2021,7,weekly_w56_h28,체인지업,21,101.84490848252685,77.182463139731
2021,7,weekly_w56_h28,커브,26,103.84137061705498,71.97474486749049
2021,7,weekly_w56_h28,커터,4,57.568856392655924,27.084868703345368
2021,7,weekly_w56_h28,투심,25,301.8510343211985,245.72239508936966
2021,7,weekly_w56_h28,포크,13,140.64241150503736,41.609726581054964
2021,7,weekly_w56_h28_huber,슬라이더,48,402.11023345100824,319.40730267518506
2021,7,weekly_w56_h28_huber,직구,140,883.7326569147597,417.09509206326044
2021,7,weekly_w56_h28_huber,체인지업,21,101.30879963141462,75.94155595349565
2021,7,weekly_w56_h28_huber,커브,26,105.07048075539652,71.81530949767009
2021,7,weekly_w56_h28_huber,커터,4,56.4827945053548,28.962495982041837
2021,7,weekly_w56_h28_huber,투심,25,301.1123253040707,246.93696766025147
2021,7,weekly_w56_h28_huber,포크,13,139.90879344251908,41.28479333609789
2021,7,weekly_w84_hflat,슬라이더,48,406.99250043552854,312.6728963222904
2021,7,weekly_w84_hflat,직구,140,895.4798600146509,418.52857451099834
2021,7,weekly_w84_hflat,체인지업,21,100.02307378282005,70.10257481668545
2021,7,weekly_w84_hflat,커브,26,105.55273889978564,74.982839723877
2021,7,weekly_w84_hflat,커터,4,54.898012385468704,32.28831428998197
2021,7,weekly_w84_hflat,투심,25,278.866032364861,251.76762666778802
2021,7,weekly_w84_hflat,포크,13,142.81548981873163,40.92630345351928
2021,7,weekly_w84_h14,슬라이더,48,408.55087865996984,317.216872612275
2021,7,weekly_w84_h14,직구,140,881.3061622172711,408.43745020037943
2021,7,weekly_w84_h14,체인지업,21,99.74945079746755,77.43993306089337
2021,7,weekly_w84_h14,커브,26,101.35983304215269,70.70261071940902
2021,7,weekly_w84_h14,커터,4,53.69018643868028,28.728341285099958
2021,7,weekly_w84_h14,투심,25,297.5652923107105,242.34490046405753
2021,7,weekly_w84_h14,포크,13,141.27281876127728,39.770749659759694
2021,7,weekly_w84_h28,슬라이더,48,405.6055398759262,315.6707276810588
2021,7,weekly_w84_h28,직구,140,887.3113941206848,413.1852146695413
2021,7,weekly_w84_h28,체인지업,21,99.83527571550648,74.33380461655233
2021,7,weekly_w84_h28,커브,26,103.70760347018553,72.56328502855285
2021,7,weekly_w84_h28,커터,4,55.36143104152431,29.677083719544388
2021,7,weekly_w84_h28,투심,25,290.26065609137174,246.16695024369434
2021,7,weekly_w84_h28,포크,13,141.4317886424717,40.893041115965445
2021,7,weekly_w84_h28_huber,슬라이더,48,404.8963750544991,316.5595150486126
2021,7,weekly_w84_h28_huber,직구,140,882.545478646808,414.98324367265985
2021,7,weekly_w84_h28_huber,체인지업,21,100.5821079172258,73.54025032019224
2021,7,weekly_w84_h28_huber,커브,26,105.34638909338742,72.66195295267042
2021,7,weekly_w84_h28_huber,커터,4,55.04743063492974,31.23974496702715
2021,7,weekly_w84_h28_huber,투심,25,292.0143157708204,248.04748249795182
2021,7,weekly_w84_h28_huber,포크,13,141.0833141833902,40.63067355946145
2021,7,weekly_w56_h7,슬라이더,48,416.39768477549353,318.83450135800194
2021,7,weekly_w56_h7,직구,140,882.5924948187956,405.1180069865635
2021,7,weekly_w56_h7,체인지업,21,100.13326936857815,80.35831362260068
2021,7,weekly_w56_h7,커브,26,98.4504912238708,70.01458726768651
2021,7,weekly_w56_h7,커터,4,50.46969040516286,29.18208898339114
2021,7,weekly_w56_h7,투심,25,303.07750811705125,237.55788560233609
2021,7,weekly_w56_h7,포크,13,142.50262042049218,37.804883861429325
2021,7,weekly_w56_h10,슬라이더,48,411.7266532205909,318.4672219498975
2021,7,weekly_w56_h10,직구,140,881.2162548449373,406.82503387124893
2021,7,weekly_w56_h10,체인지업,21,100.11160495705998,79.40545540434776
2021,7,weekly_w56_h10,커브,26,99.41662068897165,69.85425219811714
2021,7,weekly_w56_h10,커터,4,52.0473788218887,28.4087689891887
2021,7,weekly_w56_h10,투심,25,302.47379829450927,240.16836639304313
2021,7,weekly_w56_h10,포크,13,141.5537559454539,38.78151919112081
2021,7,weekly_w56_h21,슬라이더,48,404.06085354373505,318.3275148990984
2021,7,weekly_w56_h21,직구,140,887.5197200471522,413.5821162407482
2021,7,weekly_w56_h21,체인지업,21,101.3208175033624,77.63852330870074
2021,7,weekly_w56_h21,커브,26,102.63673745231014,71.33180976812469
2021,7,weekly_w56_h21,커터,4,56.173545596673335,27.27655684613199
2021,7,weekly_w56_h21,투심,25,301.8251509676664,244.58753333394807
2021,7,weekly_w56_h21,포크,13,140.73091509883287,40.93616250572342
2021,7,weekly_w84_h7,슬라이더,48,416.35298070959277,318.79338653961975
2021,7,weekly_w84_h7,직구,140,881.9605589805296,404.9680657415215
2021,7,weekly_w84_h7,체인지업,21,100.03073400959333,80.26268373843719
2021,7,weekly_w84_h7,커브,26,98.65285049337297,70.03675858770949
2021,7,weekly_w84_h7,커터,4,50.579626706059926,29.299817268528173
2021,7,weekly_w84_h7,투심,25,302.6159759580341,237.50601743579296
2021,7,weekly_w84_h7,포크,13,142.53396579234618,37.84455622974329
2021,7,weekly_w84_h10,슬라이더,48,411.7966420390029,318.12738019639903
2021,7,weekly_w84_h10,직구,140,879.7996619565636,406.2856068898906
2021,7,weekly_w84_h10,체인지업,21,99.75130949626408,78.97825770812106
2021,7,weekly_w84_h10,커브,26,99.87358699483538,69.98790892703074
2021,7,weekly_w84_h10,커터,4,52.162311389587664,28.817650812162494
2021,7,weekly_w84_h10,투심,25,300.61032273955146,240.0553255224559
2021,7,weekly_w84_h10,포크,13,141.65037134803507,38.84246352944161
2021,7,weekly_w84_h21,슬라이더,48,406.2796405076199,316.26668034167
2021,7,weekly_w84_h21,직구,140,884.8432375558708,411.3752923333331
2021,7,weekly_w84_h21,체인지업,21,99.81257649790739,75.53297461420938
2021,7,weekly_w84_h21,커브,26,102.92348475257181,71.8380544839618
2021,7,weekly_w84_h21,커터,4,54.941420303858465,29.176611635287145
2021,7,weekly_w84_h21,투심,25,293.22198679051166,244.74179698194803
2021,7,weekly_w84_h21,포크,13,141.2677516450636,40.575065997160166
2021,7,weekly_w112_h7,슬라이더,48,416.3662779724766,318.779532518586
2021,7,weekly_w112_h7,직구,140,881.9975678215941,404.961873352088
2021,7,weekly_w112_h7,체인지업,21,100.02557170029968,80.2564923651468
2021,7,weekly_w112_h7,커브,26,98.63986916557982,70.03752319618614
2021,7,weekly_w112_h7,커터,4,50.57886687006249,29.300599436059603
2021,7,weekly_w112_h7,투심,25,302.59354027528974,237.50986334030637
2021,7,weekly_w112_h7,포크,13,142.53550299085344,37.845168470790696
2021,7,weekly_w112_h10,슬라이더,48,411.8969932474714,318.03597748846687
2021,7,weekly_w112_h10,직구,140,880.1177624526628,406.27910982250285
2021,7,weekly_w112_h10,체인지업,21,99.71111210735934,78.92727962776901
2021,7,weekly_w112_h10,커브,26,99.7847302825129,70.00370402161094
2021,7,weekly_w112_h10,커터,4,52.154526848741035,28.829372493449664
2021,7,weekly_w112_h10,투심,25,300.4600238596536,240.0891069686957
2021,7,weekly_w112_h10,포크,13,141.65746340022085,38.84795373581953
2021,7,weekly_w112_h21,슬라이더,48,407.1846328625033,315.71317384575053
2021,7,weekly_w112_h21,직구,140,887.9248333730876,411.7293762506963
2021,7,weekly_w112_h21,체인지업,21,99.4124077447833,75.12163737905433
2021,7,weekly_w112_h21,커브,26,102.17532287852265,72.02439924703016
2021,7,weekly_w112_h21,커터,4,54.81258335496176,29.35996994032972
2021,7,weekly_w112_h21,투심,25,291.9714547437595,245.0052842211754
2021,7,weekly_w112_h21,포크,13,141.2884304655289,40.61152522353843
2021,7,weekly_w112_h14,슬라이더,48,408.90448170553725,316.9503637383134
2021,7,weekly_w112_h14,직구,140,882.4654340176079,408.50448462221595
2021,7,weekly_w112_h14,체인지업,21,99.60073258492719,77.26644278709425
2021,7,weekly_w112_h14,커브,26,101.0609804940582,70.77044977459806
2021,7,weekly_w112_h14,커터,4,53.65237997389919,28.786837690785326
2021,7,weekly_w112_h14,투심,25,297.06210897118444,242.4613213912665
2021,7,weekly_w112_h14,포크,13,141.28838605451597,39.78874889753258
2021,7,weekly_w84_h3.5,슬라이더,48,428.88496904937006,312.3048797362177
2021,7,weekly_w84_h3.5,직구,140,909.7392621575216,404.7214360781595
2021,7,weekly_w84_h3.5,체인지업,21,101.6318597912935,80.26894000537457
2021,7,weekly_w84_h3.5,커브,26,97.82783030536001,74.66925652229692
2021,7,weekly_w84_h3.5,커터,4,48.34616266645439,28.639992683899898
2021,7,weekly_w84_h3.5,투심,25,301.2902542120398,233.56687403133142
2021,7,weekly_w84_h3.5,포크,13,144.97566960855067,36.40912209656406
2021,7,weekly_w28_h7,슬라이더,48,417.4481322862242,319.83313148412765
2021,7,weekly_w28_h7,직구,140,886.7286624184542,406.8715577006933
2021,7,weekly_w28_h7,체인지업,21,100.93482603171742,81.24653536847046
2021,7,weekly_w28_h7,커브,26,97.72601163013486,69.88318074034467
2021,7,weekly_w28_h7,커터,4,48.787149209066236,29.108292868348848
2021,7,weekly_w28_h7,투심,25,305.5553683438369,235.8149675536665
2021,7,weekly_w28_h7,포크,13,142.49273170240113,37.17301636327513
2021,7,weekly_w84_h14_huber,슬라이더,48,408.47466569757756,317.52377223188125
2021,7,weekly_w84_h14_huber,직구,140,876.3881552406888,410.01059613324753
2021,7,weekly_w84_h14_huber,체인지업,21,100.2415171709304,76.24446979930245
2021,7,weekly_w84_h14_huber,커브,26,103.02908289391638,70.85579298158878
2021,7,weekly_w84_h14_huber,커터,4,52.75862964084076,30.65511590921281
2021,7,weekly_w84_h14_huber,투심,25,298.35569644176445,243.84847083599823
2021,7,weekly_w84_h14_huber,포크,13,140.99722954449288,39.30053099289351
2021,7,daily_w84_h3.5,슬라이더,48,430.4286908768194,316.98891071817843
2021,7,daily_w84_h3.5,직구,140,892.5824917970801,411.7205545720752
2021,7,daily_w84_h3.5,체인지업,21,103.2371735880842,82.3843133194113
2021,7,daily_w84_h3.5,커브,26,121.73808582879121,69.81722914061001
2021,7,daily_w84_h3.5,커터,4,47.078015041575256,32.62088087205113
2021,7,daily_w84_h3.5,투심,25,295.06030899942607,240.9536465276184
2021,7,daily_w84_h3.5,포크,13,147.39158157480688,35.4889397811331
2021,7,daily_w56_h7,슬라이더,48,416.1700097858061,317.97495416665123
2021,7,daily_w56_h7,직구,140,881.493950949542,404.9682209685443
2021,7,daily_w56_h7,체인지업,21,102.80404544355238,80.74140055885228
2021,7,daily_w56_h7,커브,26,107.51318762286347,66.63374362299518
2021,7,daily_w56_h7,커터,4,48.1515855465255,30.538143399706236
2021,7,daily_w56_h7,투심,25,299.4992569253283,239.37434246131707
2021,7,daily_w56_h7,포크,13,143.01321846046613,35.150040886324696
2021,7,daily_w56_h14,슬라이더,48,409.6161093004738,316.93881689204767
2021,7,daily_w56_h14,직구,140,883.8369508422143,404.81290910702364
2021,7,daily_w56_h14,체인지업,21,102.05182930901262,78.58811380553743
2021,7,daily_w56_h14,커브,26,103.9760839155657,67.01275556829339
2021,7,daily_w56_h14,커터,4,51.58067471052891,28.742870915895935
2021,7,daily_w56_h14,투심,25,300.6817671249245,242.56956708910363
2021,7,daily_w56_h14,포크,13,141.8213978786134,37.15681276964716
2021,7,daily_w56_h28,슬라이더,48,405.241760590372,317.18748658476795
2021,7,daily_w56_h28,직구,140,891.8864249243856,409.0068763534299
2021,7,daily_w56_h28,체인지업,21,102.8594532653572,77.20937777297958
2021,7,daily_w56_h28,커브,26,104.24945981898935,68.78682817343375
2021,7,daily_w56_h28,커터,4,54.909150305217715,27.774047511957768
2021,7,daily_w56_h28,투심,25,302.4498470745184,245.24325722412485
2021,7,daily_w56_h28,포크,13,141.94190308822195,39.277449586545856
2021,7,daily_w84_h7,슬라이더,48,416.002036333424,317.91697287579586
2021,7,daily_w84_h7,직구,140,880.7729401916981,404.87292429353437
2021,7,daily_w84_h7,체인지업,21,102.71855620680971,80.66481549919212
2021,7,daily_w84_h7,커브,26,107.73732837366072,66.6106435838972
2021,7,daily_w84_h7,커터,4,48.44055007120758,30.613976313697737
2021,7,daily_w84_h7,투심,25,299.0276185593799,239.27279940744913
2021,7,daily_w84_h7,포크,13,142.95051480176357,35.1553114474958
2021,7,daily_w84_h14,슬라이더,48,409.4667401806678,316.5084729130626
2021,7,daily_w84_h14,직구,140,880.5795496473531,404.9996473227159
2021,7,daily_w84_h14,체인지업,21,101.26106616405812,77.66529888584999
2021,7,daily_w84_h14,커브,26,105.3709148867386,67.41557732796487
2021,7,daily_w84_h14,커터,4,52.56860162641746,29.49492382489062
2021,7,daily_w84_h14,투심,25,296.2965075260885,242.33958521939553
2021,7,daily_w84_h14,포크,13,141.5295395085948,37.33253923857869
2021,7,daily_w84_h28,슬라이더,48,407.6882898068551,316.2698290887944
2021,7,daily_w84_h28,직구,140,886.1385055642066,410.6379097957644
2021,7,daily_w84_h28,체인지업,21,100.81027351171815,74.59866117093954
2021,7,daily_w84_h28,커브,26,106.21847871189517,69.97235880567153
2021,7,daily_w84_h28,커터,4,55.2709052630844,29.969968371114128
2021,7,daily_w84_h28,투심,25,291.09313165826075,245.35985361163398
2021,7,daily_w84_h28,포크,13,141.38584381278164,39.489094316222804
2021,7,fortnightly_w84_h7,슬라이더,48,426.9966234681099,317.6514004087778
2021,7,fortnightly_w84_h7,직구,140,842.8221615539494,411.12877104855585
2021,7,fortnightly_w84_h7,체인지업,21,100.1858541092986,79.24829016936528
2021,7,fortnightly_w84_h7,커브,26,103.69948867343051,71.65829801240389
2021,7,fortnightly_w84_h7,커터,4,52.49835642472273,27.85305466745951
2021,7,fortnightly_w84_h7,투심,25,302.05220338815917,238.06992011859018
2021,7,fortnightly_w84_h7,포크,13,144.4958084632821,39.44751455519677
2021,7,fortnightly_w84_h14,슬라이더,48,414.38065121471703,315.9174722915915
2021,7,fortnightly_w84_h14,직구,140,861.5235290985221,414.5099178459817
2021,7,fortnightly_w84_h14,체인지업,21,99.46078929695291,76.33945536868784
2021,7,fortnightly_w84_h14,커브,26,102.76894503608983,72.84341853768805
2021,7,fortnightly_w84_h14,커터,4,54.78884217604127,27.657724172058174
2021,7,fortnightly_w84_h14,투심,25,296.93274153020747,244.50384425620248
2021,7,fortnightly_w84_h14,포크,13,141.76663995756007,41.05737784579047
2021,7,fortnightly_w84_h28,슬라이더,48,409.62358950861807,314.598132542768
2021,7,fortnightly_w84_h28,직구,140,879.643039215877,418.14200756716366
2021,7,fortnightly_w84_h28,체인지업,21,99.17875320854186,73.34649354959946
2021,7,fortnightly_w84_h28,커브,26,102.92683881205073,74.4585190390654
2021,7,fortnightly_w84_h28,커터,4,56.09297473365666,29.074501165143737
2021,7,fortnightly_w84_h28,투심,25,289.3039121485788,248.76510747075076
2021,7,fortnightly_w84_h28,포크,13,141.45237138139709,41.74611060071657
2021,9,uncorrected,슬라이더,423,15031.201055078225,5452.020554590956
2021,9,uncorrected,직구,858,38718.15637774556,12059.803186968278
2021,9,uncorrected,체인지업,210,8561.566112342309,2145.482660815016
2021,9,uncorrected,커브,172,3982.2383334419565,1104.1074380838593
2021,9,uncorrected,커터,39,1647.6708458691376,851.7630978974009
2021,9,uncorrected,투심,146,4965.150072911956,1865.6008601472943
2021,9,uncorrected,포크,134,5411.7926674075225,2537.8254840436734
2021,9,last_month,슬라이더,423,4318.912284295722,2100.9077705656255
2021,9,last_month,직구,858,5428.977334229303,3664.851205987731
2021,9,last_month,체인지업,210,2118.6264142281702,1324.9807957155363
2021,9,last_month,커브,172,1226.0043025459331,680.5732909841518
2021,9,last_month,커터,39,593.94490859602,476.14366865111606
2021,9,last_month,투심,146,1180.221072114498,810.2482754405671
2021,9,last_month,포크,134,1696.389974947528,1289.159722109181
2021,9,season_to_date,슬라이더,423,4353.633652476314,2112.2877294077643
2021,9,season_to_date,직구,858,5378.032600556902,3691.2219637122043
2021,9,season_to_date,체인지업,210,2230.5406092242183,1301.3483167272273
2021,9,season_to_date,커브,172,1194.3334430056361,651.0780261084822
2021,9,season_to_date,커터,39,563.2293197233935,474.1450912227983
2021,9,season_to_date,투심,146,1119.466486414275,781.7707711487827
2021,9,season_to_date,포크,134,1719.0510062406715,1285.468729548821
2021,9,ewma_w2_h0.25,슬라이더,423,4318.912284295722,2100.9077705656255
2021,9,ewma_w2_h0.25,직구,858,5428.977334229303,3664.851205987731
2021,9,ewma_w2_h0.25,체인지업,210,2118.6264142281702,1324.9807957155363
2021,9,ewma_w2_h0.25,커브,172,1226.0043025459331,680.5732909841518
2021,9,ewma_w2_h0.25,커터,39,593.94490859602,476.14366865111606
2021,9,ewma_w2_h0.25,투심,146,1180.221072114498,810.2482754405671
2021,9,ewma_w2_h0.25,포크,134,1696.389974947528,1289.159722109181
2021,9,ewma_w2_h0.5,슬라이더,423,4318.912284295722,2100.9077705656255
2021,9,ewma_w2_h0.5,직구,858,5428.977334229303,3664.851205987731
2021,9,ewma_w2_h0.5,체인지업,210,2118.6264142281702,1324.9807957155363
2021,9,ewma_w2_h0.5,커브,172,1226.0043025459331,680.5732909841518
2021,9,ewma_w2_h0.5,커터,39,593.94490859602,476.14366865111606
2021,9,ewma_w2_h0.5,투심,146,1180.221072114498,810.2482754405671
2021,9,ewma_w2_h0.5,포크,134,1696.389974947528,1289.159722109181
2021,9,ewma_w2_h1,슬라이더,423,4318.912284295722,2100.9077705656255
2021,9,ewma_w2_h1,직구,858,5428.977334229303,3664.851205987731
2021,9,ewma_w2_h1,체인지업,210,2118.6264142281702,1324.9807957155363
2021,9,ewma_w2_h1,커브,172,1226.0043025459331,680.5732909841518
2021,9,ewma_w2_h1,커터,39,593.94490859602,476.14366865111606
2021,9,ewma_w2_h1,투심,146,1180.221072114498,810.2482754405671
2021,9,ewma_w2_h1,포크,134,1696.389974947528,1289.159722109181
2021,9,ewma_w2_h2,슬라이더,423,4318.912284295722,2100.9077705656255
2021,9,ewma_w2_h2,직구,858,5428.977334229303,3664.851205987731
2021,9,ewma_w2_h2,체인지업,210,2118.6264142281702,1324.9807957155363
2021,9,ewma_w2_h2,커브,172,1226.0043025459331,680.5732909841518
2021,9,ewma_w2_h2,커터,39,593.94490859602,476.14366865111606
2021,9,ewma_w2_h2,투심,146,1180.221072114498,810.2482754405671
2021,9,ewma_w2_h2,포크,134,1696.389974947528,1289.159722109181
2021,9,ewma_w2_h3,슬라이더,423,4318.912284295722,2100.9077705656255
2021,9,ewma_w2_h3,직구,858,5428.977334229303,3664.851205987731
2021,9,ewma_w2_h3,체인지업,210,2118.6264142281702,1324.9807957155363
2021,9,ewma_w2_h3,커브,172,1226.0043025459331,680.5732909841518
2021,9,ewma_w2_h3,커터,39,593.94490859602,476.14366865111606
2021,9,ewma_w2_h3,투심,146,1180.221072114498,810.2482754405671
2021,9,ewma_w2_h3,포크,134,1696.389974947528,1289.159722109181
2021,9,ewma_w3_h0.25,슬라이더,423,4318.722236155707,2100.6290394090342
2021,9,ewma_w3_h0.25,직구,858,5427.274754400585,3664.134661608805
2021,9,ewma_w3_h0.25,체인지업,210,2118.630668765084,1324.9732679228644
2021,9,ewma_w3_h0.25,커브,172,1225.8279727956872,680.555940727998
2021,9,ewma_w3_h0.25,커터,39,593.7797545183892,476.0520516901233
2021,9,ewma_w3_h0.25,투심,146,1179.8040562233393,810.175884371257
2021,9,ewma_w3_h0.25,포크,134,1696.2371596708285,1288.9363755152713
2021,9,ewma_w3_h0.5,슬라이더,423,4316.542084831086,2096.950439803065
2021,9,ewma_w3_h0.5,직구,858,5404.199932008513,3654.501120197917
2021,9,ewma_w3_h0.5,체인지업,210,2118.955874943652,1324.987402181658
2021,9,ewma_w3_h0.5,커브,172,1223.5511241749075,680.4122978722212
2021,9,ewma_w3_h0.5,커터,39,591.5167543640326,474.77950325058833
2021,9,ewma_w3_h0.5,투심,146,1174.096569446404,809.2339476800455
2021,9,ewma_w3_h0.5,포크,134,1694.2476703514913,1285.8783818519023
2021,9,ewma_w3_h1,슬라이더,423,4315.247782393728,2089.693518092905
2021,9,ewma_w3_h1,직구,858,5353.136616287378,3633.875944038362
2021,9,ewma_w3_h1,체인지업,210,2122.0633925753496,1326.055391357615
2021,9,ewma_w3_h1,커브,172,1219.5204308264445,680.9110907288916
2021,9,ewma_w3_h1,커터,39,586.2884958750312,471.6878463327069
2021,9,ewma_w3_h1,투심,146,1160.9688239194677,807.4990805570941
2021,9,ewma_w3_h1,포크,134,1690.5732741823017,1278.8344524286201
2021,9,ewma_w3_h2,슬라이더,423,4319.721540081482,2085.7443336703186
2021,9,ewma_w3_h2,직구,858,5315.802215747296,3619.860538434338
2021,9,ewma_w3_h2,체인지업,210,2128.0015450426545,1328.4279247646953
2021,9,ewma_w3_h2,커브,172,1218.1208025147466,682.5296236633635
2021,9,ewma_w3_h2,커터,39,582.1275816862301,469.0043148553913
2021,9,ewma_w3_h2,투심,146,1150.6069579839204,806.7673794809944
2021,9,ewma_w3_h2,포크,134,1689.0048526204919,1273.259446928725
2021,9,ewma_w3_h3,슬라이더,423,4323.047748853456,2084.956593677809
2021,9,ewma_w3_h3,직구,858,5303.868330364329,3615.752934107484
2021,9,ewma_w3_h3,체인지업,210,2131.182237233017,1329.743142416282
2021,9,ewma_w3_h3,커브,172,1218.214751264436,683.4856354497449
2021,9,ewma_w3_h3,커터,39,580.679189539459,467.9985093442013
2021,9,ewma_w3_h3,투심,146,1147.0276433042973,806.7212634729416
2021,9,ewma_w3_h3,포크,134,1688.8946602793426,1271.3287521509428
2021,9,ewma_w6_h0.25,슬라이더,423,4318.679567593996,2100.619310173412
2021,9,ewma_w6_h0.25,직구,858,5427.081395903466,3664.1464105066716
2021,9,ewma_w6_h0.25,체인지업,210,2118.6362304005997,1324.9473746120884
2021,9,ewma_w6_h0.25,커브,172,1225.7979167749718,680.5249970073155
2021,9,ewma_w6_h0.25,커터,39,593.7609570933414,476.05099190801127
2021,9,ewma_w6_h0.25,투심,146,1179.745978811468,810.1569621702101
2021,9,ewma_w6_h0.25,포크,134,1696.2132225449777,1288.9343386930914
2021,9,ewma_w6_h0.5,슬라이더,423,4314.082661984717,2096.626391158996
2021,9,ewma_w6_h0.5,직구,858,5393.775875061161,3655.7314277125274
2021,9,ewma_w6_h0.5,체인지업,210,2119.813607086595,1323.4159692904532
2021,9,ewma_w6_h0.5,커브,172,1221.5011742797851,678.5511043678895
2021,9,ewma_w6_h0.5,커터,39,590.3321462766352,474.77625170326615
2021,9,ewma_w6_h0.5,투심,146,1170.733030887747,808.0693473885784
2021,9,ewma_w6_h0.5,포크,134,1693.1386064408694,1285.8913340158051
2021,9,ewma_w6_h1,슬라이더,423,4308.077226401158,2091.21696163533
2021,9,ewma_w6_h1,직구,858,5316.652721986345,3648.859550210641
2021,9,ewma_w6_h1,체인지업,210,2134.7215469614803,1316.550293711593
2021,9,ewma_w6_h1,커브,172,1208.3118364584402,669.7581980589744
2021,9,ewma_w6_h1,커터,39,579.9576598631413,472.49550300504495
2021,9,ewma_w6_h1,투심,146,1145.0075198737882,800.5978004752844
2021,9,ewma_w6_h1,포크,134,1689.0577403230607,1280.7058366220358
2021,9,ewma_w6_h2,슬라이더,423,4321.028436156954,2093.7434155150595
2021,9,ewma_w6_h2,직구,858,5298.315144810504,3660.776440190536
2021,9,ewma_w6_h2,체인지업,210,2165.6278256500527,1309.3759212296798
2021,9,ewma_w6_h2,커브,172,1199.9397984271964,660.5781493606237
2021,9,ewma_w6_h2,커터,39,572.0209875547192,472.11402073448386
2021,9,ewma_w6_h2,투심,146,1129.1670860814443,793.4837366973932
2021,9,ewma_w6_h2,포크,134,1695.7395729993655,1279.9734310384852
2021,9,ewma_w6_h3,슬라이더,423,4330.61560577757,2096.2309742304624
2021,9,ewma_w6_h3,직구,858,5307.555872704977,3668.7639794400447
2021,9,ewma_w6_h3,체인지업,210,2181.172963807452,1306.6574394420745
2021,9,ewma_w6_h3,커브,172,1198.0000111815957,657.1755922406098
2021,9,ewma_w6_h3,커터,39,569.7009554943065,472.41107124534796
2021,9,ewma_w6_h3,투심,146,1126.183887400665,790.920759811457
2021,9,ewma_w6_h3,포크,134,1701.1706288053729,1280.6561065709452
2021,9,precision_h0.5_q0.25,슬라이더,423,4313.8909570593,2097.8636636948095
2021,9,precision_h0.5_q0.25,직구,858,5386.871354443972,3655.6109923462964
2021,9,precision_h0.5_q0.25,체인지업,210,2120.332836641297,1324.534412149046
2021,9,precision_h0.5_q0.25,커브,172,1223.8067022101134,679.7819697773709
2021,9,precision_h0.5_q0.25,커터,39,590.354933870286,474.90962572854573
2021,9,precision_h0.5_q0.25,투심,146,1169.9312363588597,808.9256533637563
2021,9,precision_h0.5_q0.25,포크,134,1692.7285737585064,1286.6337862715116
2021,9,precision_h0.5_q1,슬라이더,423,4316.543240784034,2099.1713535750764
2021,9,precision_h0.5_q1,직구,858,5412.40852504809,3660.8003002682244
2021,9,precision_h0.5_q1,체인지업,210,2119.044438660883,1324.527436695426
2021,9,precision_h0.5_q1,커브,172,1224.381604161831,679.9679159647617
2021,9,precision_h0.5_q1,커터,39,592.3413179500471,475.58028011909516
2021,9,precision_h0.5_q1,투심,146,1176.0023979534212,809.4985512702865
2021,9,precision_h0.5_q1,포크,134,1694.9050805264455,1287.831566577057
2021,9,precision_h0.5_q2,슬라이더,423,4317.044733845356,2099.301774232459
2021,9,precision_h0.5_q2,직구,858,5415.854629882737,3661.234075752205
2021,9,precision_h0.5_q2,체인지업,210,2118.888621111514,1324.5341048230553
2021,9,precision_h0.5_q2,커브,172,1224.4999238761256,679.990582829156
2021,9,precision_h0.5_q2,커터,39,592.6479391333967,475.63664708852946
2021,9,precision_h0.5_q2,투심,146,1176.8183107971995,809.548845003276
2021,9,precision_h0.5_q2,포크,134,1695.1672039716211,1287.9434464936103
2021,9,precision_h1_q0.25,슬라이더,423,4308.963793342658,2092.6385318115786
2021,9,precision_h1_q0.25,직구,858,5293.8976639040175,3641.5062161011574
2021,9,precision_h1_q0.25,체인지업,210,2133.775051388585,1321.2410885916183
2021,9,precision_h1_q0.25,커브,172,1219.523431252449,675.1422927624451
2021,9,precision_h1_q0.25,커터,39,580.9017967760389,472.3040418569684
2021,9,precision_h1_q0.25,투심,146,1143.735472284679,804.3432269360463
2021,9,precision_h1_q0.25,포크,134,1688.3588131421639,1281.649211278094
2021,9,precision_h1_q1,슬라이더,423,4309.322517920076,2095.050715905348
2021,9,precision_h1_q1,직구,858,5360.586090281481,3652.8969069426485
2021,9,precision_h1_q1,체인지업,210,2123.206474278599,1321.80150670357
2021,9,precision_h1_q1,커브,172,1218.2441506950395,676.5213371456575
2021,9,precision_h1_q1,커터,39,586.7453387815073,474.1863749988941
2021,9,precision_h1_q1,투심,146,1161.5394530138356,806.3294174296602
2021,9,precision_h1_q1,포크,134,1691.051294850232,1284.649102043756
2021,9,precision_h1_q2,슬라이더,423,4310.568276175242,2095.371318366847
2021,9,precision_h1_q2,직구,858,5372.967438171122,3654.0430670867563
2021,9,precision_h1_q2,체인지업,210,2121.9559726879684,1321.9045883998224
2021,9,precision_h1_q2,커브,172,1218.3506088356198,676.7027167224369
2021,9,precision_h1_q2,커터,39,587.9008821834517,474.3686460909075
2021,9,precision_h1_q2,투심,146,1164.613245216939,806.5467440579521
2021,9,precision_h1_q2,포크,134,1691.6565955331157,1284.972339242764
2021,9,precision_h2_q0.25,슬라이더,423,4321.634065068161,2091.779212202423
2021,9,precision_h2_q0.25,직구,858,5256.4406429151,3641.2925624319623
2021,9,precision_h2_q0.25,체인지업,210,2159.6458330835476,1316.3853877820309
2021,9,precision_h2_q0.25,커브,172,1218.9566264870277,668.6962794685926
2021,9,precision_h2_q0.25,커터,39,573.5405041553443,470.869619549339
2021,9,precision_h2_q0.25,투심,146,1126.4067121316252,799.1175692270203
2021,9,precision_h2_q0.25,포크,134,1693.7000351401648,1279.1663879702428
2021,9,precision_h2_q1,슬라이더,423,4306.016901618104,2092.5626388761693
2021,9,precision_h2_q1,직구,858,5313.166235585459,3650.340538600008
2021,9,precision_h2_q1,체인지업,210,2134.5075537220946,1317.5044759565155
2021,9,precision_h2_q1,커브,172,1211.1515868743918,671.1456483942789
2021,9,precision_h2_q1,커터,39,580.1025276214765,473.0830442881619
2021,9,precision_h2_q1,투심,146,1145.6267905075888,801.8687836566976
2021,9,precision_h2_q1,포크,134,1689.8265933165003,1282.236789413247
2021,9,precision_h2_q2,슬라이더,423,4305.847813167368,2092.7925304779305
2021,9,precision_h2_q2,직구,858,5329.521344315801,3651.484282001727
2021,9,precision_h2_q2,체인지업,210,2130.9005030453623,1317.7285091291542
2021,9,precision_h2_q2,커브,172,1210.3092011940478,671.5176282248419
2021,9,precision_h2_q2,커터,39,581.8202640619761,473.3337971039031
2021,9,precision_h2_q2,투심,146,1150.041915290445,802.2306124724
2021,9,precision_h2_q2,포크,134,1689.7720334726364,1282.6218462520642
2021,9,ema_a0.5,슬라이더,423,4315.585233703096,2092.3984462641424
2021,9,ema_a0.5,직구,858,5305.310120173619,3652.223804551238
2021,9,ema_a0.5,체인지업,210,2160.2476582075124,1312.7261999327807
2021,9,ema_a0.5,커브,172,1198.557840781465,664.9373205127213
2021,9,ema_a0.5,커터,39,572.8312511549659,471.8510463278735
2021,9,ema_a0.5,투심,146,1133.848834383963,795.5036146301545
2021,9,ema_a0.5,포크,134,1696.2733197812545,1279.2481597851843
2021,9,ema_a0.75,슬라이더,423,4311.166668520757,2090.006438934456
2021,9,ema_a0.75,직구,858,5330.774139439167,3640.8658794420853
2021,9,ema_a0.75,체인지업,210,2127.3147226620977,1321.0612853754444
2021,9,ema_a0.75,커브,172,1214.25534422284,675.0018773119779
2021,9,ema_a0.75,커터,39,583.1207650110865,471.9908321192941
2021,9,ema_a0.75,투심,146,1152.1864114698787,803.9408916960349
2021,9,ema_a0.75,포크,134,1688.8692870369996,1279.5562299522442
2021,9,ema_a0.9,슬라이더,423,4314.526819351454,2094.829337720221
2021,9,ema_a0.9,직구,858,5385.558822854053,3650.0784475550245
2021,9,ema_a0.9,체인지업,210,2119.842698893379,1324.163440681826
2021,9,ema_a0.9,커브,172,1221.42863438931,679.2935895311587
2021,9,ema_a0.9,커터,39,589.6244340090351,474.04849254731243
2021,9,ema_a0.9,투심,146,1168.9793320955694,808.080950802398
2021,9,ema_a0.9,포크,134,1692.541066407985,1284.1764187778645
2021,9,kalman_q0.25,슬라이더,423,4333.661163981879,2094.9021630359284
2021,9,kalman_q0.25,직구,858,5230.3027235111695,3648.0429900067475
2021,9,kalman_q0.25,체인지업,210,2191.4214347860757,1320.7046462764129
2021,9,kalman_q0.25,커브,172,1248.366824948533,676.9833673994722
2021,9,kalman_q0.25,커터,39,569.0084736027788,472.3336916656959
2021,9,kalman_q0.25,투심,146,1132.405402573021,805.4446067085091
2021,9,kalman_q0.25,포크,134,1694.6536706213776,1272.6456000181613
2021,9,kalman_q0.5,슬라이더,423,4314.668570991363,2095.2960525673943
2021,9,kalman_q0.5,직구,858,5282.927169462989,3653.4776393723223
2021,9,kalman_q0.5,체인지업,210,2148.968215578736,1324.2713238566764
2021,9,kalman_q0.5,커브,172,1234.981251278075,681.1535591278802
2021,9,kalman_q0.5,커터,39,577.2501264603536,474.44313173570595
2021,9,kalman_q0.5,투심,146,1150.2383746897262,810.0565719866306
2021,9,kalman_q0.5,포크,134,1689.8522753549298,1280.9782790588106
2021,9,kalman_q1,슬라이더,423,4313.282234513925,2098.5604267357303
2021,9,kalman_q1,직구,858,5364.949261725302,3659.323925787537
2021,9,kalman_q1,체인지업,210,2126.9164245589304,1325.5645672920878
2021,9,kalman_q1,커브,172,1227.3259298366393,681.9126606512727
2021,9,kalman_q1,커터,39,586.7192785988985,475.60560644349226
2021,9,kalman_q1,투심,146,1167.9992625607392,810.8843296220003
2021,9,kalman_q1,포크,134,1693.1264624385592,1286.3157261543415
2021,9,kalman_q2,슬라이더,423,4316.757862056851,2100.2283883302075
2021,9,kalman_q2,직구,858,5409.21053664698,3663.028576777446
2021,9,kalman_q2,체인지업,210,2120.6315884834094,1325.2772421970385
2021,9,kalman_q2,커브,172,1226.09902609873,681.1274698476254
2021,9,kalman_q2,커터,39,591.7321157694065,475.99068165406686
2021,9,kalman_q2,투심,146,1176.574673996135,810.5253512714315
2021,9,kalman_q2,포크,134,1695.4561335128747,1288.3388036838007
2021,9,kalman_q4,슬라이더,423,4318.305027495007,2100.7309562172054
2021,9,kalman_q4,직구,858,5423.721581681249,3664.3552417825167
2021,9,kalman_q4,체인지업,210,2119.1166753473244,1325.0685746567226
2021,9,kalman_q4,커브,172,1226.0050665099657,680.7314697382731
2021,9,kalman_q4,커터,39,593.3590071324124,476.1034377279463
2021,9,kalman_q4,투심,146,1179.2604266527899,810.327924547441
2021,9,kalman_q4,포크,134,1696.149059018594,1288.9443651394588
2021,9,adaptive_q0.5,슬라이더,423,4314.668570991363,2095.2960525673943
2021,9,adaptive_q0.5,직구,858,5282.927169462989,3653.4776393723223
2021,9,adaptive_q0.5,체인지업,210,2148.968215578736,1324.2713238566764
2021,9,adaptive_q0.5,커브,172,1234.981251278075,681.1535591278802
2021,9,adaptive_q0.5,커터,39,577.2501264603536,474.44313173570595
2021,9,adaptive_q0.5,투심,146,1150.2383746897262,810.0565719866306
2021,9,adaptive_q0.5,포크,134,1689.8522753549298,1280.9782790588106
2021,9,adaptive_q1,슬라이더,423,4313.282234513925,2098.5604267357303
2021,9,adaptive_q1,직구,858,5364.949261725302,3659.323925787537
2021,9,adaptive_q1,체인지업,210,2126.9164245589304,1325.5645672920878
2021,9,adaptive_q1,커브,172,1227.3259298366393,681.9126606512727
2021,9,adaptive_q1,커터,39,586.7192785988985,475.60560644349226
2021,9,adaptive_q1,투심,146,1167.9992625607392,810.8843296220003
2021,9,adaptive_q1,포크,134,1693.1264624385592,1286.3157261543415
2021,9,adaptive_q2,슬라이더,423,4316.757862056851,2100.2283883302075
2021,9,adaptive_q2,직구,858,5409.21053664698,3663.028576777446
2021,9,adaptive_q2,체인지업,210,2120.6315884834094,1325.2772421970385
2021,9,adaptive_q2,커브,172,1226.09902609873,681.1274698476254
2021,9,adaptive_q2,커터,39,591.7321157694065,475.99068165406686
2021,9,adaptive_q2,투심,146,1176.574673996135,810.5253512714315
2021,9,adaptive_q2,포크,134,1695.4561335128747,1288.3388036838007
2021,9,trend_d0.25,슬라이더,423,4327.524947967459,2111.1405620753703
2021,9,trend_d0.25,직구,858,5488.467244945199,3690.2753382715546
2021,9,trend_d0.25,체인지업,210,2119.8117365705166,1325.822985537254
2021,9,trend_d0.25,커브,172,1232.7284839460149,681.6357596846537
2021,9,trend_d0.25,커터,39,599.5924574227892,479.1909088344179
2021,9,trend_d0.25,투심,146,1194.5141728985272,812.972992359982
2021,9,trend_d0.25,포크,134,1702.1363296207624,1296.8090734063749
2021,9,trend_d0.5,슬라이더,423,4341.000957779958,2123.8532641345746
2021,9,trend_d0.5,직구,858,5557.256741816627,3720.3645425288164
2021,9,trend_d0.5,체인지업,210,2123.5612387661963,1327.829646203601
2021,9,trend_d0.5,커브,172,1241.507866557944,683.6779157243589
2021,9,trend_d0.5,커터,39,605.9033069235211,482.4399576594869
2021,9,trend_d0.5,투심,146,1210.546078038045,816.4719170618926
2021,9,trend_d0.5,포크,134,1709.5064663670491,1305.3784691242174
2021,9,monthly_w28_hflat,슬라이더,423,4318.912284295722,2100.9077705656255
2021,9,monthly_w28_hflat,직구,858,5428.977334229303,3664.851205987731
2021,9,monthly_w28_hflat,체인지업,210,2118.6264142281702,1324.9807957155363
2021,9,monthly_w28_hflat,커브,172,1226.0043025459331,680.5732909841518
2021,9,monthly_w28_hflat,커터,39,593.94490859602,476.14366865111606
2021,9,monthly_w28_hflat,투심,146,1180.221072114498,810.2482754405671
2021,9,monthly_w28_hflat,포크,134,1696.389974947528,1289.159722109181
2021,9,monthly_w28_h14,슬라이더,423,4290.352357705275,2103.3324271952697
2021,9,monthly_w28_h14,직구,858,5421.813678692231,3700.4618151028008
2021,9,monthly_w28_h14,체인지업,210,2138.308743844397,1319.5132517681172
2021,9,monthly_w28_h14,커브,172,1195.22082927017,676.5088682806479
2021,9,monthly_w28_h14,커터,39,580.8524227915026,479.9042356380656
2021,9,monthly_w28_h14,투심,146,1164.2427409643847,809.9784255011587
2021,9,monthly_w28_h14,포크,134,1685.9849541286333,1295.3341661207492
2021,9,monthly_w28_h28,슬라이더,423,4302.071374273615,2101.5508155091666
2021,9,monthly_w28_h28,직구,858,5421.527224138578,3682.642069071716
2021,9,monthly_w28_h28,체인지업,210,2127.5882957732038,1321.847634548818
2021,9,monthly_w28_h28,커브,172,1209.1844138777951,678.1864117715256
2021,9,monthly_w28_h28,커터,39,587.0788615855822,477.9702720440149
2021,9,monthly_w28_h28,투심,146,1171.0322144100653,809.9793474390492
2021,9,monthly_w28_h28,포크,134,1690.1015711933537,1292.0098986013443
2021,9,monthly_w28_h28_huber,슬라이더,423,4315.943029806731,2115.5986702720334
2021,9,monthly_w28_h28_huber,직구,858,5377.954405469267,3623.8361520296426
2021,9,monthly_w28_h28_huber,체인지업,210,2123.204123729552,1335.3326687164008
2021,9,monthly_w28_h28_huber,커브,172,1224.1510501521627,691.8013267571826
2021,9,monthly_w28_h28_huber,커터,39,588.1184489664704,474.6004819079184
2021,9,monthly_w28_h28_huber,투심,146,1168.284676783921,810.5474311287637
2021,9,monthly_w28_h28_huber,포크,134,1689.1667430164152,1289.582502649735
2021,9,monthly_w56_hflat,슬라이더,423,4344.873316232823,2100.559717265416
2021,9,monthly_w56_hflat,직구,858,5416.598927732997,3671.976014449616
2021,9,monthly_w56_hflat,체인지업,210,2118.653666253569,1324.4100907443105
2021,9,monthly_w56_hflat,커브,172,1244.6239963386447,678.7970412838512
2021,9,monthly_w56_hflat,커터,39,597.7169418228184,477.05997076858677
2021,9,monthly_w56_hflat,투심,146,1191.9560425839863,809.297926145174
2021,9,monthly_w56_hflat,포크,134,1711.215380865146,1291.411891889846
2021,9,monthly_w56_h14,슬라이더,423,4293.300513575851,2103.214879834004
2021,9,monthly_w56_h14,직구,858,5418.073511625572,3701.463057328797
2021,9,monthly_w56_h14,체인지업,210,2137.912525066969,1319.3967750450267
2021,9,monthly_w56_h14,커브,172,1197.6420147409308,676.2184530973586
2021,9,monthly_w56_h14,커터,39,581.362414692433,480.033873032649
2021,9,monthly_w56_h14,투심,146,1165.6820483060317,809.8430318239937
2021,9,monthly_w56_h14,포크,134,1687.803756288814,1295.6390290057032
2021,9,monthly_w56_h28,슬라이더,423,4310.985343215503,2101.3128073151947
2021,9,monthly_w56_h28,직구,858,5413.737863030352,3685.309910709679
2021,9,monthly_w56_h28,체인지업,210,2126.981876283994,1321.5905742623468
2021,9,monthly_w56_h28,커브,172,1216.0353903659561,677.463934558139
2021,9,monthly_w56_h28,커터,39,588.4983008008165,478.31902901766404
2021,9,monthly_w56_h28,투심,146,1175.2350768166802,809.614197481756
2021,9,monthly_w56_h28,포크,134,1695.3968717466382,1292.8499218110205
2021,9,monthly_w56_h28_huber,슬라이더,423,4324.6728666699055,2115.210629440002
2021,9,monthly_w56_h28_huber,직구,858,5370.520231473836,3626.20019393334
2021,9,monthly_w56_h28_huber,체인지업,210,2121.9575581500994,1334.9744099296404
2021,9,monthly_w56_h28_huber,커브,172,1230.679921434472,690.9223189468722
2021,9,monthly_w56_h28_huber,커터,39,589.4465278816978,475.04115249630803
2021,9,monthly_w56_h28_huber,투심,146,1172.5448288120692,809.9028767402762
2021,9,monthly_w56_h28_huber,포크,134,1694.583769217637,1290.7051790710527
2021,9,monthly_w84_hflat,슬라이더,423,4324.826367926048,2113.2666890239966
2021,9,monthly_w84_hflat,직구,858,5309.458088996222,3561.4676655670733
2021,9,monthly_w84_hflat,체인지업,210,2132.8151981409173,1363.036387895059
2021,9,monthly_w84_hflat,커브,172,1224.3718844189052,712.134304223441
2021,9,monthly_w84_hflat,커터,39,580.6317265285311,462.7906703697934
2021,9,monthly_w84_hflat,투심,146,1152.310005198437,801.6521271950476
2021,9,monthly_w84_hflat,포크,134,1696.8377257966995,1273.8458890241081
2021,9,monthly_w84_h14,슬라이더,423,4290.655843394627,2101.2279007740067
2021,9,monthly_w84_h14,직구,858,5418.743210467372,3674.6500357330287
2021,9,monthly_w84_h14,체인지업,210,2139.5409599602604,1321.061894144742
2021,9,monthly_w84_h14,커브,172,1194.3673627859353,677.6929166749808
2021,9,monthly_w84_h14,커터,39,579.2709149832309,477.1943613059798
2021,9,monthly_w84_h14,투심,146,1163.2621755661125,806.4509885388165
2021,9,monthly_w84_h14,포크,134,1687.468932877723,1291.3598055187
2021,9,monthly_w84_h28,슬라이더,423,4300.110101298889,2098.6649277719116
2021,9,monthly_w84_h28,직구,858,5393.952608913699,3615.2375803371483
2021,9,monthly_w84_h28,체인지업,210,2132.509456895442,1331.3095732966203
2021,9,monthly_w84_h28,커브,172,1204.9861555677548,685.69919786416
2021,9,monthly_w84_h28,커터,39,580.9928116876503,470.5249696131098
2021,9,monthly_w84_h28,투심,146,1163.111272122637,801.2901463528357
2021,9,monthly_w84_h28,포크,134,1691.7471394746726,1281.37608315345
2021,9,monthly_w84_h28_huber,슬라이더,423,4317.396745553882,2121.919480784128
2021,9,monthly_w84_h28_huber,직구,858,5366.8260841908705,3576.7970481195366
2021,9,monthly_w84_h28_huber,체인지업,210,2129.131990980792,1345.646107134789
2021,9,monthly_w84_h28_huber,커브,172,1219.3760497581857,699.7817789183482
2021,9,monthly_w84_h28_huber,커터,39,583.1722449179396,469.57138876290736
2021,9,monthly_w84_h28_huber,투심,146,1165.2891567392048,803.0770579621474
2021,9,monthly_w84_h28_huber,포크,134,1695.5481389197516,1286.9052869221032
2021,9,weekly_w28_hflat,슬라이더,423,4375.431033797794,2124.327581064573
2021,9,weekly_w28_hflat,직구,858,5273.587974569271,3626.3893105365614
2021,9,weekly_w28_hflat,체인지업,210,2196.006451686459,1339.2929106697911
2021,9,weekly_w28_hflat,커브,172,1326.5129036770268,692.4603656493564
2021,9,weekly_w28_hflat,커터,39,594.9755738233598,454.9203678051103
2021,9,weekly_w28_hflat,투심,146,1124.7962593008967,798.1501026768735
2021,9,weekly_w28_hflat,포크,134,1716.175289477962,1279.1129404212415
2021,9,weekly_w28_h14,슬라이더,423,4369.3298793543145,2135.114176215875
2021,9,weekly_w28_h14,직구,858,5276.148943254559,3612.1835561091107
2021,9,weekly_w28_h14,체인지업,210,2200.5035896510335,1346.372222274529
2021,9,weekly_w28_h14,커브,172,1324.0131152782521,696.8925180424567
2021,9,weekly_w28_h14,커터,39,582.4657482156733,453.13153697149244
2021,9,weekly_w28_h14,투심,146,1114.3068879481525,794.6988756093722
2021,9,weekly_w28_h14,포크,134,1727.2987744243046,1273.9450287618151
2021,9,weekly_w28_h28,슬라이더,423,4369.768191318508,2129.6616536143965
2021,9,weekly_w28_h28,직구,858,5271.601069251603,3617.9549453523823
2021,9,weekly_w28_h28,체인지업,210,2197.515562766016,1342.1713389260717
2021,9,weekly_w28_h28,커브,172,1324.3539033630932,694.0276606084062
2021,9,weekly_w28_h28,커터,39,588.1970571896434,453.89133908216763
2021,9,weekly_w28_h28,투심,146,1119.0084450305403,795.7780361270866
2021,9,weekly_w28_h28,포크,134,1721.5569665292705,1276.2522974320846
2021,9,weekly_w28_h28_huber,슬라이더,423,4364.66467274169,2141.6249738343577
2021,9,weekly_w28_h28_huber,직구,858,5241.4528983067,3581.728854196745
2021,9,weekly_w28_h28_huber,체인지업,210,2183.833280754654,1351.285201401754
2021,9,weekly_w28_h28_huber,커브,172,1334.9215853580738,706.2818472562749
2021,9,weekly_w28_h28_huber,커터,39,588.0071456221863,454.78882238440514
2021,9,weekly_w28_h28_huber,투심,146,1125.8072405021626,792.9256420901668
2021,9,weekly_w28_h28_huber,포크,134,1726.518733502031,1283.6876892437824
2021,9,weekly_w56_hflat,슬라이더,423,4333.154624363092,2111.819583379408
2021,9,weekly_w56_hflat,직구,858,5291.172545437374,3618.4560535572496
2021,9,weekly_w56_hflat,체인지업,210,2148.438533552415,1335.46666484704
2021,9,weekly_w56_hflat,커브,172,1299.931111790272,687.8624717210675
2021,9,weekly_w56_hflat,커터,39,592.1994801884084,461.7975866940662
2021,9,weekly_w56_hflat,투심,146,1133.9017911441392,801.0250633169712
2021,9,weekly_w56_hflat,포크,134,1692.3405719397142,1275.7983978727998
2021,9,weekly_w56_h14,슬라이더,423,4341.64987557379,2124.1622901439005
2021,9,weekly_w56_h14,직구,858,5279.727922444216,3611.376771674707
2021,9,weekly_w56_h14,체인지업,210,2174.028940685323,1342.6970955875813
2021,9,weekly_w56_h14,커브,172,1303.4092188193292,694.9329272250841
2021,9,weekly_w56_h14,커터,39,580.316708478156,457.31785499587096
2021,9,weekly_w56_h14,투심,146,1112.6696436829895,797.3763848575306
2021,9,weekly_w56_h14,포크,134,1706.2264832072744,1274.1440866191629
2021,9,weekly_w56_h28,슬라이더,423,4334.539207963245,2116.920625424279
2021,9,weekly_w56_h28,직구,858,5280.353317222904,3615.746498491756
2021,9,weekly_w56_h28,체인지업,210,2160.9899559270075,1338.0155888000586
2021,9,weekly_w56_h28,커브,172,1298.6646106983567,690.6650177129662
2021,9,weekly_w56_h28,커터,39,585.4618834668497,459.5472198854933
2021,9,weekly_w56_h28,투심,146,1120.9574182465046,798.9408858335829
2021,9,weekly_w56_h28,포크,134,1697.5918346262042,1275.2609725754055
2021,9,weekly_w56_h28_huber,슬라이더,423,4339.745266423828,2130.058064274829
2021,9,weekly_w56_h28_huber,직구,858,5253.644070997852,3574.3706557305527
2021,9,weekly_w56_h28_huber,체인지업,210,2153.943487064711,1350.6899185502425
2021,9,weekly_w56_h28_huber,커브,172,1313.919617098057,703.971054647362
2021,9,weekly_w56_h28_huber,커터,39,585.7115773176838,459.1077989873336
2021,9,weekly_w56_h28_huber,투심,146,1126.665227075214,798.1144653617723
2021,9,weekly_w56_h28_huber,포크,134,1702.742768121475,1278.7578665870094
2021,9,weekly_w84_hflat,슬라이더,423,4299.547339164979,2133.6563223907333
2021,9,weekly_w84_hflat,직구,858,5265.154013296312,3546.20432146033
2021,9,weekly_w84_hflat,체인지업,210,2140.9678215278286,1373.1507934201318
2021,9,weekly_w84_hflat,커브,172,1286.5157246054323,714.8710464882441
2021,9,weekly_w84_hflat,커터,39,569.5712887906956,455.90982677846597
2021,9,weekly_w84_hflat,투심,146,1126.7694953807695,803.7531290049462
2021,9,weekly_w84_hflat,포크,134,1701.1079970041942,1267.0029705463746
2021,9,weekly_w84_h14,슬라이더,423,4335.145985974667,2124.0552391568226
2021,9,weekly_w84_h14,직구,858,5279.102944937931,3596.405373533866
2021,9,weekly_w84_h14,체인지업,210,2174.4972457459676,1345.2068309070467
2021,9,weekly_w84_h14,커브,172,1301.6087631223195,697.2396106675619
2021,9,weekly_w84_h14,커터,39,578.2250807749953,455.702613290064
2021,9,weekly_w84_h14,투심,146,1113.6725880441488,796.3746062327801
2021,9,weekly_w84_h14,포크,134,1704.7898028141826,1270.7779207330982
2021,9,weekly_w84_h28,슬라이더,423,4316.255370524399,2120.311175639803
2021,9,weekly_w84_h28,직구,858,5276.003208381063,3575.91423608632
2021,9,weekly_w84_h28,체인지업,210,2160.790648570035,1349.138417565623
2021,9,weekly_w84_h28,커브,172,1292.9543157118926,699.1684604545253
2021,9,weekly_w84_h28,커터,39,577.6184071245762,455.6408026794663
2021,9,weekly_w84_h28,투심,146,1121.4087152179109,797.6551943402794
2021,9,weekly_w84_h28,포크,134,1696.9345913926431,1267.4322480916298
2021,9,weekly_w84_h28_huber,슬라이더,423,4324.44415269729,2135.1739902396303
2021,9,weekly_w84_h28_huber,직구,858,5256.758494458172,3537.274384891851
2021,9,weekly_w84_h28_huber,체인지업,210,2154.210119405832,1361.7568615481798
2021,9,weekly_w84_h28_huber,커브,172,1306.761150793861,713.1098744366896
2021,9,weekly_w84_h28_huber,커터,39,579.2176406896847,455.13102491542014
2021,9,weekly_w84_h28_huber,투심,146,1127.8738560281126,796.8536651608122
2021,9,weekly_w84_h28_huber,포크,134,1703.3811585246733,1274.1544146380627
2021,9,weekly_w56_h7,슬라이더,423,4367.497216215353,2140.337011250059
2021,9,weekly_w56_h7,직구,858,5301.280955677963,3607.8358205916406
2021,9,weekly_w56_h7,체인지업,210,2197.4233692386233,1356.1921104008281
2021,9,weekly_w56_h7,커브,172,1318.6148823149126,705.668695300109
2021,9,weekly_w56_h7,커터,39,573.410389535948,454.0035512238224
2021,9,weekly_w56_h7,투심,146,1105.6644272031976,797.776637918055
2021,9,weekly_w56_h7,포크,134,1727.6255634199933,1272.1513194200786
2021,9,weekly_w56_h10,슬라이더,423,4350.567464631911,2130.58724529371
2021,9,weekly_w56_h10,직구,858,5285.423102572909,3608.667309771714
2021,9,weekly_w56_h10,체인지업,210,2183.9613527062393,1347.5828803530444
2021,9,weekly_w56_h10,커브,172,1309.0241025953146,698.9773500693047
2021,9,weekly_w56_h10,커터,39,577.0831896115325,455.7701895021804
2021,9,weekly_w56_h10,투심,146,1108.6397190262016,796.8862170398033
2021,9,weekly_w56_h10,포크,134,1714.605037074331,1273.1991414923368
2021,9,weekly_w56_h21,슬라이더,423,4336.330267301267,2119.1726872337563
2021,9,weekly_w56_h21,직구,858,5279.079942379396,3614.311796616119
2021,9,weekly_w56_h21,체인지업,210,2165.366644183852,1339.3674238749873
2021,9,weekly_w56_h21,커브,172,1299.8175298887395,691.9603495317176
2021,9,weekly_w56_h21,커터,39,583.5934081537381,458.78341406431855
2021,9,weekly_w56_h21,투심,146,1117.7356584672916,798.3288626076405
2021,9,weekly_w56_h21,포크,134,1700.15083407725,1274.924062363318
2021,9,weekly_w84_h7,슬라이더,423,4366.94943702966,2140.296925551913
2021,9,weekly_w84_h7,직구,858,5301.060261391262,3606.7010087823382
2021,9,weekly_w84_h7,체인지업,210,2197.471848783001,1356.3061180785896
2021,9,weekly_w84_h7,커브,172,1318.5124669291533,705.8264031340374
2021,9,weekly_w84_h7,커터,39,573.2855340950864,453.8612334579098
2021,9,weekly_w84_h7,투심,146,1105.802083958638,797.6561639683044
2021,9,weekly_w84_h7,포크,134,1727.379095027321,1271.8347815438133
2021,9,weekly_w84_h10,슬라이더,423,4348.10725712346,2130.4375045409524
2021,9,weekly_w84_h10,직구,858,5285.014757359849,3603.07886585423
2021,9,weekly_w84_h10,체인지업,210,2184.1968057640224,1348.3349066057835
2021,9,weekly_w84_h10,커브,172,1308.4439680545415,699.7732453013323
2021,9,weekly_w84_h10,커터,39,576.4098827663204,455.12017126717524
2021,9,weekly_w84_h10,투심,146,1109.1615091934445,796.4237926305751
2021,9,weekly_w84_h10,포크,134,1713.8026972419716,1271.831978669757
2021,9,weekly_w84_h21,슬라이더,423,4322.920118446448,2120.4182080462756
2021,9,weekly_w84_h21,직구,858,5277.029673739711,3584.309295045047
2021,9,weekly_w84_h21,체인지업,210,2165.709672185161,1346.2152366186483
2021,9,weekly_w84_h21,커브,172,1295.7613760683153,697.5046335082773
2021,9,weekly_w84_h21,커터,39,578.4427993342222,455.74661118911615
2021,9,weekly_w84_h21,투심,146,1118.7696120183668,796.9165065979759
2021,9,weekly_w84_h21,포크,134,1698.7080201133517,1268.6872681199402
2021,9,weekly_w112_h7,슬라이더,423,4366.876537774916,2140.270362868249
2021,9,weekly_w112_h7,직구,858,5301.05469575839,3606.704401799124
2021,9,weekly_w112_h7,체인지업,210,2197.492009722843,1356.2725368476517
2021,9,weekly_w112_h7,커브,172,1318.4241224818197,705.8272086620773
2021,9,weekly_w112_h7,커터,39,573.2602533278003,453.90007154348666
2021,9,weekly_w112_h7,투심,146,1105.7470754483697,797.6578345625393
2021,9,weekly_w112_h7,포크,134,1727.3253285342093,1271.7872057620048
2021,9,weekly_w112_h10,슬라이더,423,4347.374194519176,2130.1888817285176
2021,9,weekly_w112_h10,직구,858,5285.064844473811,3603.3251565228256
2021,9,weekly_w112_h10,체인지업,210,2184.4457129230805,1348.049593504124
2021,9,weekly_w112_h10,커브,172,1307.5380844555016,699.6935942385725
2021,9,weekly_w112_h10,커터,39,576.1384343293511,455.4518121992553
2021,9,weekly_w112_h10,투심,146,1108.6237072925833,796.4099625859441
2021,9,weekly_w112_h10,포크,134,1713.4155923760457,1271.4586645463828
2021,9,weekly_w112_h21,슬라이더,423,4315.717839882886,2117.204157249329
2021,9,weekly_w112_h21,직구,858,5273.161135489321,3591.5440801152818
2021,9,weekly_w112_h21,체인지업,210,2168.9202296944995,1342.6237387154774
2021,9,weekly_w112_h21,커브,172,1283.2416386308892,695.2249007515886
2021,9,weekly_w112_h21,커터,39,574.3064215606365,459.4018696166689
2021,9,weekly_w112_h21,투심,146,1110.739284353306,796.0947896267152
2021,9,weekly_w112_h21,포크,134,1694.6379437039109,1265.7048185418064
2021,9,weekly_w112_h14,슬라이더,423,4332.14133544903,2122.9791878337364
2021,9,weekly_w112_h14,직구,858,5278.732480490085,3598.088347637497
2021,9,weekly_w112_h14,체인지업,210,2175.577854140637,1344.0274018804537
2021,9,weekly_w112_h14,커브,172,1297.545375224609,696.656938416432
2021,9,weekly_w112_h14,커터,39,576.932832843676,457.0106817157529
2021,9,weekly_w112_h14,투심,146,1111.2009650881744,796.1966245299832
2021,9,weekly_w112_h14,포크,134,1703.3666516326728,1269.460253866012
2021,9,weekly_w84_h3.5,슬라이더,423,4434.8832383235085,2171.9492749602155
2021,9,weekly_w84_h3.5,직구,858,5369.527693466864,3629.8230395288483
2021,9,weekly_w84_h3.5,체인지업,210,2227.6525324592158,1390.5128631711436
2021,9,weekly_w84_h3.5,커브,172,1354.7995579849733,730.2984645400652
2021,9,weekly_w84_h3.5,커터,39,567.9073702360099,451.4821345174492
2021,9,weekly_w84_h3.5,투심,146,1107.9909973587114,813.0862398920967
2021,9,weekly_w84_h3.5,포크,134,1760.1255628715242,1273.0940674127405
2021,9,weekly_w28_h7,슬라이더,423,4381.6367437344925,2146.398216535156
2021,9,weekly_w28_h7,직구,858,5300.963382904824,3609.534443022748
2021,9,weekly_w28_h7,체인지업,210,2209.59545749618,1358.264876087883
2021,9,weekly_w28_h7,커브,172,1328.8106806657906,705.9233358241245
2021,9,weekly_w28_h7,커터,39,574.3467438089688,452.17346550125774
2021,9,weekly_w28_h7,투심,146,1108.4819512765027,796.5862057726728
2021,9,weekly_w28_h7,포크,134,1739.4429658675451,1271.393453091839
2021,9,weekly_w84_h14_huber,슬라이더,423,4339.015893529524,2137.7251838847733
2021,9,weekly_w84_h14_huber,직구,858,5259.728423085098,3561.0817834139384
2021,9,weekly_w84_h14_huber,체인지업,210,2165.878277655271,1355.533509259545
2021,9,weekly_w84_h14_huber,커브,172,1313.529220710987,710.1072512189409
2021,9,weekly_w84_h14_huber,커터,39,578.9435215606981,456.05963142743803
2021,9,weekly_w84_h14_huber,투심,146,1120.82376877548,795.3643335504844
2021,9,weekly_w84_h14_huber,포크,134,1710.355824204401,1276.9793618029803
2021,9,daily_w84_h3.5,슬라이더,423,4388.444862408973,2140.9402676266286
2021,9,daily_w84_h3.5,직구,858,5379.935248631902,3636.768031322649
2021,9,daily_w84_h3.5,체인지업,210,2249.734712417269,1398.4747441843317
2021,9,daily_w84_h3.5,커브,172,1338.5763728289903,782.8784307179315
2021,9,daily_w84_h3.5,커터,39,601.6867948879163,434.0654442884742
2021,9,daily_w84_h3.5,투심,146,1125.3088721774943,864.3851308540964
2021,9,daily_w84_h3.5,포크,134,1696.3612384157054,1198.1165683435347
2021,9,daily_w56_h7,슬라이더,423,4348.434316659519,2113.260105214226
2021,9,daily_w56_h7,직구,858,5276.014848125501,3607.966337528198
2021,9,daily_w56_h7,체인지업,210,2201.705985319364,1364.0410142625922
2021,9,daily_w56_h7,커브,172,1308.4481313548677,737.1514101153323
2021,9,daily_w56_h7,커터,39,593.8230972807564,444.4081818775712
2021,9,daily_w56_h7,투심,146,1103.3722507783493,830.2508025124542
2021,9,daily_w56_h7,포크,134,1692.1087619644707,1240.4229196563174
2021,9,daily_w56_h14,슬라이더,423,4337.129865210094,2104.6561952026473
2021,9,daily_w56_h14,직구,858,5250.422117285832,3610.774566424863
2021,9,daily_w56_h14,체인지업,210,2171.8149461452895,1347.8713481019297
2021,9,daily_w56_h14,커브,172,1295.5023488650322,713.6332260868865
2021,9,daily_w56_h14,커터,39,593.2702673763579,452.6439924949927
2021,9,daily_w56_h14,투심,146,1106.3381892469474,817.5581134555957
2021,9,daily_w56_h14,포크,134,1683.940408002352,1260.4332179899698
2021,9,daily_w56_h28,슬라이더,423,4335.9704699824815,2101.4367404519717
2021,9,daily_w56_h28,직구,858,5251.06803755174,3616.6177957903346
2021,9,daily_w56_h28,체인지업,210,2155.702428962404,1341.2677553974152
2021,9,daily_w56_h28,커브,172,1291.2137207159697,703.3094814508457
2021,9,daily_w56_h28,커터,39,595.6206014432852,457.2693649211852
2021,9,daily_w56_h28,투심,146,1113.864846918139,813.4961008561293
2021,9,daily_w56_h28,포크,134,1681.0981079584726,1267.9752766148945
2021,9,daily_w84_h7,슬라이더,423,4348.156995697258,2113.215883072443
2021,9,daily_w84_h7,직구,858,5275.629507118814,3607.4018131545163
2021,9,daily_w84_h7,체인지업,210,2201.731214483257,1364.089100090725
2021,9,daily_w84_h7,커브,172,1308.5402882116114,737.1868679595772
2021,9,daily_w84_h7,커터,39,593.7223137923893,444.29845721529836
2021,9,daily_w84_h7,투심,146,1103.2859724701589,830.1549519481234
2021,9,daily_w84_h7,포크,134,1691.9638444801722,1240.241317551661
2021,9,daily_w84_h14,슬라이더,423,4332.31395217127,2104.904090752254
2021,9,daily_w84_h14,직구,858,5247.198856038599,3601.8471742539114
2021,9,daily_w84_h14,체인지업,210,2172.983506890076,1349.6408266900612
2021,9,daily_w84_h14,커브,172,1296.2634292536027,714.4807933027122
2021,9,daily_w84_h14,커터,39,591.3461820474242,451.25563318075285
2021,9,daily_w84_h14,투심,146,1105.501852026772,816.4425659457276
2021,9,daily_w84_h14,포크,134,1682.7323043824522,1257.9392082637523
2021,9,daily_w84_h28,슬라이더,423,4318.706750819967,2105.0379540874846
2021,9,daily_w84_h28,직구,858,5239.519427338702,3590.0279027526412
2021,9,daily_w84_h28,체인지업,210,2160.263870256431,1349.8552867113563
2021,9,daily_w84_h28,커브,172,1292.7827779939919,707.107201233324
2021,9,daily_w84_h28,커터,39,588.0571787339297,453.7023039486655
2021,9,daily_w84_h28,투심,146,1110.3607465384857,810.9673062430627
2021,9,daily_w84_h28,포크,134,1678.6563792558936,1261.5012913360965
2021,9,fortnightly_w84_h7,슬라이더,423,4471.597224213566,2234.896723691022
2021,9,fortnightly_w84_h7,직구,858,5467.393573225679,3672.5165534656576
2021,9,fortnightly_w84_h7,체인지업,210,2230.7764329088814,1380.3779899223678
2021,9,fortnightly_w84_h7,커브,172,1354.38968742437,741.9611067153501
2021,9,fortnightly_w84_h7,커터,39,616.1244654069345,466.9221121016605
2021,9,fortnightly_w84_h7,투심,146,1156.4702510193702,795.9650860266275
2021,9,fortnightly_w84_h7,포크,134,1808.6421082564948,1310.3620332962987
2021,9,fortnightly_w84_h14,슬라이더,423,4402.614513579871,2178.801562424019
2021,9,fortnightly_w84_h14,직구,858,5388.092117574421,3619.475412330581
2021,9,fortnightly_w84_h14,체인지업,210,2200.02528415532,1357.539882374283
2021,9,fortnightly_w84_h14,커브,172,1330.8565287737092,715.9714858312941
2021,9,fortnightly_w84_h14,커터,39,609.8929585680972,463.24718562356895
2021,9,fortnightly_w84_h14,투심,146,1152.3967541990978,793.1590863602353
2021,9,fortnightly_w84_h14,포크,134,1763.15476201695,1290.5478422577658
2021,9,fortnightly_w84_h28,슬라이더,423,4347.341475946088,2160.3819797222213
2021,9,fortnightly_w84_h28,직구,858,5333.0006367604,3583.938996255737
2021,9,fortnightly_w84_h28,체인지업,210,2186.812729057794,1359.5311789772531
2021,9,fortnightly_w84_h28,커브,172,1312.5702682206088,709.6060375319844
2021,9,fortnightly_w84_h28,커터,39,595.3556106734735,459.6823575620543
2021,9,fortnightly_w84_h28,투심,146,1143.5944023508182,793.5703927015423
2021,9,fortnightly_w84_h28,포크,134,1743.7768599438627,1283.8083125335247
2022,6,uncorrected,슬라이더,406,10464.184874099581,4674.833236327922
2022,6,uncorrected,직구,727,27505.43319421738,8380.411108401491
2022,6,uncorrected,체인지업,177,4542.666973958656,1258.2925911006398
2022,6,uncorrected,커브,175,3215.5201598190197,1337.4576876259648
2022,6,uncorrected,커터,39,1298.586627148622,341.62417021994526
2022,6,uncorrected,투심,130,5181.424399463561,1978.338484556245
2022,6,uncorrected,포크,104,2437.4031828779016,1568.1627075342608
2022,6,last_month,슬라이더,406,2321.9428713882935,1776.219917007205
2022,6,last_month,직구,727,4539.464793519437,2579.7982014045556
2022,6,last_month,체인지업,177,715.3728423441385,443.56830164465015
2022,6,last_month,커브,175,1061.5684643507984,629.1054278401941
2022,6,last_month,커터,39,157.87181450950433,126.29687699488028
2022,6,last_month,투심,130,1064.582093837574,781.1721485803175
2022,6,last_month,포크,104,583.0512566201635,936.1309018058776
2022,6,season_to_date,슬라이더,406,2275.0851615794745,1764.9833457894292
2022,6,season_to_date,직구,727,4412.355970944583,2546.463359220237
2022,6,season_to_date,체인지업,177,683.8769236459508,435.3513754715344
2022,6,season_to_date,커브,175,1066.3689045863293,639.8084452476737
2022,6,season_to_date,커터,39,152.6172063911122,126.86940133854073
2022,6,season_to_date,투심,130,1063.0643358460438,764.7189865299596
2022,6,season_to_date,포크,104,561.6469688325279,933.4097654018573
2022,6,ewma_w2_h0.25,슬라이더,406,2313.763385984528,1774.2872804468514
2022,6,ewma_w2_h0.25,직구,727,4518.964143429848,2574.843319505818
2022,6,ewma_w2_h0.25,체인지업,177,709.6231091105822,442.1306120771477
2022,6,ewma_w2_h0.25,커브,175,1060.5747555808007,629.5564597097385
2022,6,ewma_w2_h0.25,커터,39,156.54478586727498,126.23467388735578
2022,6,ewma_w2_h0.25,투심,130,1064.2926465345683,779.1333972037141
2022,6,ewma_w2_h0.25,포크,104,580.0975177268258,935.408693769331
2022,6,ewma_w2_h0.5,슬라이더,406,2297.955057506319,1770.6417218676484
2022,6,ewma_w2_h0.5,직구,727,4477.198733771204,2564.8679878246708
2022,6,ewma_w2_h0.5,체인지업,177,697.6796245589826,439.2015769480432
2022,6,ewma_w2_h0.5,커브,175,1060.218900121942,631.116299707392
2022,6,ewma_w2_h0.5,커터,39,153.8675447837316,126.23022195612867
2022,6,ewma_w2_h0.5,투심,130,1064.9627900443118,774.6196680660119
2022,6,ewma_w2_h0.5,포크,104,573.9439851558916,933.912136048443
2022,6,ewma_w2_h1,슬라이더,406,2287.97997976501,1768.4856173131286
2022,6,ewma_w2_h1,직구,727,4447.393079074079,2557.9310438537304
2022,6,ewma_w2_h1,체인지업,177,688.805431086648,437.1111805909833
2022,6,ewma_w2_h1,커브,175,1062.5130586930109,633.2082864783672
2022,6,ewma_w2_h1,커터,39,151.9970751686534,126.41376711141835
2022,6,ewma_w2_h1,투심,130,1067.3649106291994,770.848353355037
2022,6,ewma_w2_h1,포크,104,569.3449239151087,932.8056076394122
2022,6,ewma_w2_h2,슬라이더,406,2284.2745905235524,1767.7869001145107
2022,6,ewma_w2_h2,직구,727,4433.875862316505,2554.8990070800855
2022,6,ewma_w2_h2,체인지업,177,684.5611257084239,436.1630943760702
2022,6,ewma_w2_h2,커브,175,1065.149755049655,634.7702073677767
2022,6,ewma_w2_h2,커터,39,151.1739337871861,126.61397938508956
2022,6,ewma_w2_h2,투심,130,1069.6595153380765,768.7933962544741
2022,6,ewma_w2_h2,포크,104,567.1291273472377,932.2796541342816
2022,6,ewma_w2_h3,슬라이더,406,2283.3969156477488,1767.6511350430403
2022,6,ewma_w2_h3,직구,727,4429.962576424097,2554.048377542523
2022,6,ewma_w2_h3,체인지업,177,683.2800108196013,435.88860388556424
2022,6,ewma_w2_h3,커브,175,1066.2935154367776,635.3685240840664
2022,6,ewma_w2_h3,커터,39,150.94162233156533,126.69981875674421
2022,6,ewma_w2_h3,투심,130,1070.6110419765132,768.1163473011411
2022,6,ewma_w2_h3,포크,104,566.4566476572084,932.1216379122466
2022,6,ewma_w3_h0.25,슬라이더,406,2313.763385984528,1774.2872804468514
2022,6,ewma_w3_h0.25,직구,727,4518.964143429848,2574.843319505818
2022,6,ewma_w3_h0.25,체인지업,177,709.6231091105822,442.1306120771477
2022,6,ewma_w3_h0.25,커브,175,1060.5747555808007,629.5564597097385
2022,6,ewma_w3_h0.25,커터,39,156.54478586727498,126.23467388735578
2022,6,ewma_w3_h0.25,투심,130,1064.2926465345683,779.1333972037141
2022,6,ewma_w3_h0.25,포크,104,580.0975177268258,935.408693769331
2022,6,ewma_w3_h0.5,슬라이더,406,2297.955057506319,1770.6417218676484
2022,6,ewma_w3_h0.5,직구,727,4477.198733771204,2564.8679878246708
2022,6,ewma_w3_h0.5,체인지업,177,697.6796245589826,439.2015769480432
2022,6,ewma_w3_h0.5,커브,175,1060.218900121942,631.116299707392
2022,6,ewma_w3_h0.5,커터,39,153.8675447837316,126.23022195612867
2022,6,ewma_w3_h0.5,투심,130,1064.9627900443118,774.6196680660119
2022,6,ewma_w3_h0.5,포크,104,573.9439851558916,933.912136048443
2022,6,ewma_w3_h1,슬라이더,406,2287.97997976501,1768.4856173131286
2022,6,ewma_w3_h1,직구,727,4447.393079074079,2557.9310438537304
2022,6,ewma_w3_h1,체인지업,177,688.805431086648,437.1111805909833
2022,6,ewma_w3_h1,커브,175,1062.5130586930109,633.2082864783672
2022,6,ewma_w3_h1,커터,39,151.9970751686534,126.41376711141835
2022,6,ewma_w3_h1,투심,130,1067.3649106291994,770.848353355037
2022,6,ewma_w3_h1,포크,104,569.3449239151087,932.8056076394122
2022,6,ewma_w3_h2,슬라이더,406,2284.2745905235524,1767.7869001145107
2022,6,ewma_w3_h2,직구,727,4433.875862316505,2554.8990070800855
2022,6,ewma_w3_h2,체인지업,177,684.5611257084239,436.1630943760702
2022,6,ewma_w3_h2,커브,175,1065.149755049655,634.7702073677767
2022,6,ewma_w3_h2,커터,39,151.1739337871861,126.61397938508956
2022,6,ewma_w3_h2,투심,130,1069.6595153380765,768.7933962544741
2022,6,ewma_w3_h2,포크,104,567.1291273472377,932.2796541342816
2022,6,ewma_w3_h3,슬라이더,406,2283.3969156477488,1767.6511350430403
2022,6,ewma_w3_h3,직구,727,4429.962576424097,2554.048377542523
2022,6,ewma_w3_h3,체인지업,177,683.2800108196013,435.88860388556424
2022,6,ewma_w3_h3,커브,175,1066.2935154367776,635.3685240840664
2022,6,ewma_w3_h3,커터,39,150.94162233156533,126.69981875674421
2022,6,ewma_w3_h3,투심,130,1070.6110419765132,768.1163473011411
2022,6,ewma_w3_h3,포크,104,566.4566476572084,932.1216379122466
2022,6,ewma_w6_h0.25,슬라이더,406,2313.763385984528,1774.2872804468514
2022,6,ewma_w6_h0.25,직구,727,4518.964143429848,2574.843319505818
2022,6,ewma_w6_h0.25,체인지업,177,709.6231091105822,442.1306120771477
2022,6,ewma_w6_h0.25,커브,175,1060.5747555808007,629.5564597097385
2022,6,ewma_w6_h0.25,커터,39,156.54478586727498,126.23467388735578
2022,6,ewma_w6_h0.25,투심,130,1064.2926465345683,779.1333972037141
2022,6,ewma_w6_h0.25,포크,104,580.0975177268258,935.408693769331
2022,6,ewma_w6_h0.5,슬라이더,406,2297.955057506319,1770.6417218676484
2022,6,ewma_w6_h0.5,직구,727,4477.198733771204,2564.8679878246708
2022,6,ewma_w6_h0.5,체인지업,177,697.6796245589826,439.2015769480432
2022,6,ewma_w6_h0.5,커브,175,1060.218900121942,631.116299707392
2022,6,ewma_w6_h0.5,커터,39,153.8675447837316,126.23022195612867
2022,6,ewma_w6_h0.5,투심,130,1064.9627900443118,774.6196680660119
2022,6,ewma_w6_h0.5,포크,104,573.9439851558916,933.912136048443
2022,6,ewma_w6_h1,슬라이더,406,2287.97997976501,1768.4856173131286
2022,6,ewma_w6_h1,직구,727,4447.393079074079,2557.9310438537304
2022,6,ewma_w6_h1,체인지업,177,688.805431086648,437.1111805909833
2022,6,ewma_w6_h1,커브,175,1062.5130586930109,633.2082864783672
2022,6,ewma_w6_h1,커터,39,151.9970751686534,126.41376711141835
2022,6,ewma_w6_h1,투심,130,1067.3649106291994,770.848353355037
2022,6,ewma_w6_h1,포크,104,569.3449239151087,932.8056076394122
2022,6,ewma_w6_h2,슬라이더,406,2284.2745905235524,1767.7869001145107
2022,6,ewma_w6_h2,직구,727,4433.875862316505,2554.8990070800855
2022,6,ewma_w6_h2,체인지업,177,684.5611257084239,436.1630943760702
2022,6,ewma_w6_h2,커브,175,1065.149755049655,634.7702073677767
2022,6,ewma_w6_h2,커터,39,151.1739337871861,126.61397938508956
2022,6,ewma_w6_h2,투심,130,1069.6595153380765,768.7933962544741
2022,6,ewma_w6_h2,포크,104,567.1291273472377,932.2796541342816
2022,6,ewma_w6_h3,슬라이더,406,2283.3969156477488,1767.6511350430403
2022,6,ewma_w6_h3,직구,727,4429.962576424097,2554.048377542523
2022,6,ewma_w6_h3,체인지업,177,683.2800108196013,435.88860388556424
2022,6,ewma_w6_h3,커브,175,1066.2935154367776,635.3685240840664
2022,6,ewma_w6_h3,커터,39,150.94162233156533,126.69981875674421
2022,6,ewma_w6_h3,투심,130,1070.6110419765132,768.1163473011411
2022,6,ewma_w6_h3,포크,104,566.4566476572084,932.1216379122466
2022,6,precision_h0.5_q0.25,슬라이더,406,2290.881584625856,1772.55197593792
2022,6,precision_h0.5_q0.25,직구,727,4473.847545405004,2569.7098574543807
2022,6,precision_h0.5_q0.25,체인지업,177,693.4860923297354,440.3568839608937
2022,6,precision_h0.5_q0.25,커브,175,1054.7691052524785,629.9398640551346
2022,6,precision_h0.5_q0.25,커터,39,153.5001130935289,126.18017916992272
2022,6,precision_h0.5_q0.25,투심,130,1066.723481657434,776.7311493801811
2022,6,precision_h0.5_q0.25,포크,104,572.0975900810204,934.5483406114598
2022,6,precision_h0.5_q1,슬라이더,406,2303.4674491380238,1772.7787890034374
2022,6,precision_h0.5_q1,직구,727,4496.4286647977215,2570.7582503678095
2022,6,precision_h0.5_q1,체인지업,177,702.4898870061539,440.88903566889746
2022,6,precision_h0.5_q1,커브,175,1058.6400988448197,630.0146626994857
2022,6,precision_h0.5_q1,커터,39,155.0789835151445,126.20538424519637
2022,6,precision_h0.5_q1,투심,130,1064.6719352263312,777.3152933026588
2022,6,precision_h0.5_q1,포크,104,576.426318410543,934.767720723276
2022,6,precision_h0.5_q2,슬라이더,406,2306.1858801157487,1772.7764897825964
2022,6,precision_h0.5_q2,직구,727,4500.620228256101,2570.8163036932674
2022,6,precision_h0.5_q2,체인지업,177,704.213007566929,440.9415419614361
2022,6,precision_h0.5_q2,커브,175,1059.6802130165238,630.0438380094259
2022,6,precision_h0.5_q2,커터,39,155.35976735619758,126.2081875918565
2022,6,precision_h0.5_q2,투심,130,1064.4098118971679,777.3771651287868
2022,6,precision_h0.5_q2,포크,104,577.311355675387,934.8023776486482
2022,6,precision_h1_q0.25,슬라이더,406,2279.0667327662213,1770.5911849716124
2022,6,precision_h1_q0.25,직구,727,4444.812764642379,2563.673359225524
2022,6,precision_h1_q0.25,체인지업,177,683.6225832591667,438.42108421642575
2022,6,precision_h1_q0.25,커브,175,1055.2978083648895,631.1111932233991
2022,6,precision_h1_q0.25,커터,39,151.73138476293985,126.23447175701624
2022,6,precision_h1_q0.25,투심,130,1070.3442685100945,773.6797082488608
2022,6,precision_h1_q0.25,포크,104,566.9635109479143,933.5654446655153
2022,6,precision_h1_q1,슬라이더,406,2292.747882782458,1770.6911391878332
2022,6,precision_h1_q1,직구,727,4469.5279376288145,2564.824512946399
2022,6,precision_h1_q1,체인지업,177,694.2995619443523,439.10949335786427
2022,6,precision_h1_q1,커브,175,1058.3286213741508,631.0705830625133
2022,6,precision_h1_q1,커터,39,153.37498060082305,126.23027545327564
2022,6,precision_h1_q1,투심,130,1065.8571395199579,774.500161652247
2022,6,precision_h1_q1,포크,104,572.1753153148022,933.8446184066465
2022,6,precision_h1_q2,슬라이더,406,2296.417837640561,1770.6573904537197
2022,6,precision_h1_q2,직구,727,4474.970442193544,2564.861350396791
2022,6,precision_h1_q2,체인지업,177,696.6982890732982,439.1777433994563
2022,6,precision_h1_q2,커브,175,1059.6436150031996,631.1025043680054
2022,6,precision_h1_q2,커터,39,153.7246424705127,126.2302381743619
2022,6,precision_h1_q2,투심,130,1065.202706239586,774.588251383773
2022,6,precision_h1_q2,포크,104,573.427720317103,933.8934713309555
2022,6,precision_h2_q0.25,슬라이더,406,2275.0371752575134,1769.674461889401
2022,6,precision_h2_q0.25,직구,727,4432.244801646986,2560.427978176098
2022,6,precision_h2_q0.25,체인지업,177,679.2695195637987,437.3711099438588
2022,6,precision_h2_q0.25,커브,175,1057.45055763648,632.1359794410023
2022,6,precision_h2_q0.25,커터,39,151.03190247624647,126.33638069484955
2022,6,precision_h2_q0.25,투심,130,1073.2322273960756,771.806153225991
2022,6,precision_h2_q0.25,포크,104,564.6271536809121,933.0158182974511
2022,6,precision_h2_q1,슬라이더,406,2287.2625095069216,1769.590158703531
2022,6,precision_h2_q1,직구,727,4454.518958615006,2561.3958638543954
2022,6,precision_h2_q1,체인지업,177,689.6452438147631,438.06816899799037
2022,6,precision_h2_q1,커브,175,1059.0614677794533,631.9637372715282
2022,6,precision_h2_q1,커터,39,152.4458375755377,126.29699603383501
2022,6,precision_h2_q1,투심,130,1067.1801693216676,772.6986038856465
2022,6,precision_h2_q1,포크,104,569.7411610848653,933.293812087189
2022,6,precision_h2_q2,슬라이더,406,2291.1160844633405,1769.5248564379792
2022,6,precision_h2_q2,직구,727,4460.032458640575,2561.393398163072
2022,6,precision_h2_q2,체인지업,177,692.2322036774474,438.13671692925334
2022,6,precision_h2_q2,커브,175,1060.3585574444878,631.9896629339279
2022,6,precision_h2_q2,커터,39,152.7859357210908,126.29319884237474
2022,6,precision_h2_q2,투심,130,1066.21354815549,772.794896124172
2022,6,precision_h2_q2,포크,104,571.1096205166352,933.3467531778314
2022,6,ema_a0.5,슬라이더,406,2282.280030540881,1767.5485153508125
2022,6,ema_a0.5,직구,727,4423.30419397958,2552.653462107661
2022,6,ema_a0.5,체인지업,177,680.9991349287209,435.42153276542086
2022,6,ema_a0.5,커브,175,1068.9738584709412,636.6686011590344
2022,6,ema_a0.5,커터,39,150.55791212717222,126.89967813429483
2022,6,ema_a0.5,투심,130,1072.7844248632546,766.8058413022038
2022,6,ema_a0.5,포크,104,565.2526070664527,931.8416769860396
2022,6,ema_a0.75,슬라이더,406,2293.6503285239523,1769.686680265467
2022,6,ema_a0.75,직구,727,4464.924264653374,2561.983833984101
2022,6,ema_a0.75,체인지업,177,694.0779315333162,438.34073267908207
2022,6,ema_a0.75,커브,175,1060.7797844557517,631.8303504784285
2022,6,ema_a0.75,커터,39,153.09120834663003,126.277678091132
2022,6,ema_a0.75,투심,130,1065.6621799717323,773.1494557714053
2022,6,ema_a0.75,포크,104,572.0812947154044,933.462252073563
2022,6,ema_a0.9,슬라이더,406,2308.5951848568047,1773.0792136912594
2022,6,ema_a0.9,직구,727,4505.69812698994,2571.6543749710913
2022,6,ema_a0.9,체인지업,177,705.8689443150627,441.20026977219413
2022,6,ema_a0.9,커브,175,1060.1750619235513,629.9417975304029
2022,6,ema_a0.9,커터,39,155.6898948511447,126.2122535597517
2022,6,ema_a0.9,투심,130,1064.2890692403537,777.7615820559873
2022,6,ema_a0.9,포크,104,578.1663189475632,934.9376729555768
2022,6,kalman_q0.25,슬라이더,406,2277.007859434366,1775.4659522203717
2022,6,kalman_q0.25,직구,727,4430.724021136786,2546.2872982818512
2022,6,kalman_q0.25,체인지업,177,676.124260872691,433.1845317361265
2022,6,kalman_q0.25,커브,175,1060.8172062530055,636.4553527069672
2022,6,kalman_q0.25,커터,39,152.60287211230482,127.08491783659306
2022,6,kalman_q0.25,투심,130,1078.0391011479035,770.0045581474767
2022,6,kalman_q0.25,포크,104,563.9000555323635,936.6267346498668
2022,6,kalman_q0.5,슬라이더,406,2275.559288104543,1774.2055301082537
2022,6,kalman_q0.5,직구,727,4445.303031395206,2552.3485788790417
2022,6,kalman_q0.5,체인지업,177,681.6080179868168,435.72111975584806
2022,6,kalman_q0.5,커브,175,1052.993020573255,633.7851385506981
2022,6,kalman_q0.5,커터,39,153.3693626484687,126.76445597311204
2022,6,kalman_q0.5,투심,130,1070.579803463192,773.3617879126798
2022,6,kalman_q0.5,포크,104,565.4976666272057,936.3483544339306
2022,6,kalman_q1,슬라이더,406,2289.4502731821353,1774.6697235116699
2022,6,kalman_q1,직구,727,4479.625259370079,2566.1160380159718
2022,6,kalman_q1,체인지업,177,695.142886100072,439.8688565856294
2022,6,kalman_q1,커브,175,1052.572481922722,631.1177622246508
2022,6,kalman_q1,커터,39,155.12045378360315,126.45330397594132
2022,6,kalman_q1,투심,130,1064.5549132496744,777.8162152519249
2022,6,kalman_q1,포크,104,571.6059230287098,936.3786635056601
2022,6,kalman_q2,슬라이더,406,2308.792502215494,1775.6297609324179
2022,6,kalman_q2,직구,727,4516.034096309526,2575.2877771234143
2022,6,kalman_q2,체인지업,177,707.7473873225952,442.38095670261794
2022,6,kalman_q2,커브,175,1057.5065757949042,629.7430452392048
2022,6,kalman_q2,커터,39,156.81730167144804,126.3380564067359
2022,6,kalman_q2,투심,130,1063.8696566456383,780.1520408118186
2022,6,kalman_q2,포크,104,578.543702580213,936.2518366855238
2022,6,kalman_q4,슬라이더,406,2318.102467824935,1776.0530263734813
2022,6,kalman_q4,직구,727,4532.683837536226,2578.5719505192073
2022,6,kalman_q4,체인지업,177,713.1944917924368,443.2483765720507
2022,6,kalman_q4,커브,175,1060.3473587112555,629.277358856067
2022,6,kalman_q4,커터,39,157.5686538846379,126.30725462875708
2022,6,kalman_q4,투심,130,1064.3137921962011,780.9025219446416
2022,6,kalman_q4,포크,104,581.7453168892118,936.1677479265145
2022,6,adaptive_q0.5,슬라이더,406,2275.559288104543,1774.2055301082537
2022,6,adaptive_q0.5,직구,727,4445.303031395206,2552.3485788790417
2022,6,adaptive_q0.5,체인지업,177,681.6080179868168,435.72111975584806
2022,6,adaptive_q0.5,커브,175,1052.993020573255,633.7851385506981
2022,6,adaptive_q0.5,커터,39,153.3693626484687,126.76445597311204
2022,6,adaptive_q0.5,투심,130,1070.579803463192,773.3617879126798
2022,6,adaptive_q0.5,포크,104,565.4976666272057,936.3483544339306
2022,6,adaptive_q1,슬라이더,406,2289.4502731821353,1774.6697235116699
2022,6,adaptive_q1,직구,727,4479.625259370079,2566.1160380159718
2022,6,adaptive_q1,체인지업,177,695.142886100072,439.8688565856294
2022,6,adaptive_q1,커브,175,1052.572481922722,631.1177622246508
2022,6,adaptive_q1,커터,39,155.12045378360315,126.45330397594132
2022,6,adaptive_q1,투심,130,1064.5549132496744,777.8162152519249
2022,6,adaptive_q1,포크,104,571.6059230287098,936.3786635056601
2022,6,adaptive_q2,슬라이더,406,2308.792502215494,1775.6297609324179
2022,6,adaptive_q2,직구,727,4516.034096309526,2575.2877771234143
2022,6,adaptive_q2,체인지업,177,707.7473873225952,442.38095670261794
2022,6,adaptive_q2,커브,175,1057.5065757949042,629.7430452392048
2022,6,adaptive_q2,커터,39,156.81730167144804,126.3380564067359
2022,6,adaptive_q2,투심,130,1063.8696566456383,780.1520408118186
2022,6,adaptive_q2,포크,104,578.543702580213,936.2518366855238
2022,6,trend_d0.25,슬라이더,406,2367.1576591339044,1787.148225576024
2022,6,trend_d0.25,직구,727,4646.925780577771,2606.0965643690242
2022,6,trend_d0.25,체인지업,177,744.8838673611874,451.10423966212375
2022,6,trend_d0.25,커브,175,1071.339898156082,628.493833244331
2022,6,trend_d0.25,커터,39,164.89973061579505,126.95727484553984
2022,6,trend_d0.25,투심,130,1069.5441664607793,790.8739197289385
2022,6,trend_d0.25,포크,104,598.16249278073,939.8476261829819
2022,6,trend_d0.5,슬라이더,406,2429.2946917607856,1802.4716059719253
2022,6,trend_d0.5,직구,727,4787.307225828372,2640.8789228775067
2022,6,trend_d0.5,체인지업,177,782.6110065844624,460.9485467315044
2022,6,trend_d0.5,커브,175,1090.0940858716024,629.9955666908397
2022,6,trend_d0.5,커터,39,174.17495666550215,128.2588716431104
2022,6,trend_d0.5,투심,130,1080.5483978413483,802.2547692172703
2022,6,trend_d0.5,포크,104,617.4150031971037,944.6124252048771
2022,6,monthly_w28_hflat,슬라이더,406,2347.5192967030016,1784.6267877520297
2022,6,monthly_w28_hflat,직구,727,4580.258905790015,2565.5876476443677
2022,6,monthly_w28_hflat,체인지업,177,736.8676691996098,446.9193038730496
2022,6,monthly_w28_hflat,커브,175,1065.643033216918,631.2685724255903
2022,6,monthly_w28_hflat,커터,39,164.41994510264445,126.41585188178612
2022,6,monthly_w28_hflat,투심,130,1060.5264255759826,777.5032556962054
2022,6,monthly_w28_hflat,포크,104,590.4271369140106,937.7342978860981
2022,6,monthly_w28_h14,슬라이더,406,2387.569714386929,1775.569553539066
2022,6,monthly_w28_h14,직구,727,4613.078235851745,2556.1742865454344
2022,6,monthly_w28_h14,체인지업,177,761.8419867923917,445.2615820435446
2022,6,monthly_w28_h14,커브,175,1089.0802077304916,638.7334769607862
2022,6,monthly_w28_h14,커터,39,167.22253888924106,127.7208740062986
2022,6,monthly_w28_h14,투심,130,1054.794316157436,767.2234683899701
2022,6,monthly_w28_h14,포크,104,599.7832005272903,935.2955718627861
2022,6,monthly_w28_h28,슬라이더,406,2367.28573941405,1778.7467496890863
2022,6,monthly_w28_h28,직구,727,4598.127795813882,2559.117086198077
2022,6,monthly_w28_h28,체인지업,177,748.8722663614055,446.0147792228013
2022,6,monthly_w28_h28,커브,175,1076.6302221606993,635.4334195599006
2022,6,monthly_w28_h28,커터,39,165.7251146614576,127.03730140763822
2022,6,monthly_w28_h28,투심,130,1057.657698360915,771.6135797169852
2022,6,monthly_w28_h28,포크,104,595.2398251549134,936.2526237043381
2022,6,monthly_w28_h28_huber,슬라이더,406,2391.440960224491,1782.3698801575824
2022,6,monthly_w28_h28_huber,직구,727,4619.929659939578,2564.125305977919
2022,6,monthly_w28_h28_huber,체인지업,177,754.305426846498,441.21895683127303
2022,6,monthly_w28_h28_huber,커브,175,1082.988938939514,632.9095341737012
2022,6,monthly_w28_h28_huber,커터,39,162.89722791013872,127.4004389519559
2022,6,monthly_w28_h28_huber,투심,130,1059.3113866469553,770.4363802236855
2022,6,monthly_w28_h28_huber,포크,104,603.5458260607572,936.0523435015584
2022,6,monthly_w56_hflat,슬라이더,406,2293.6755728491476,1750.8092162082257
2022,6,monthly_w56_hflat,직구,727,4369.359139365326,2538.6110536411543
2022,6,monthly_w56_hflat,체인지업,177,686.1194618102761,430.4513356727336
2022,6,monthly_w56_hflat,커브,175,1081.3897123875604,640.7836587273323
2022,6,monthly_w56_hflat,커터,39,152.75829700667097,125.8681975530641
2022,6,monthly_w56_hflat,투심,130,1054.4048183901846,766.7691444227871
2022,6,monthly_w56_hflat,포크,104,564.3445375470899,938.603856275505
2022,6,monthly_w56_h14,슬라이더,406,2345.3163566876624,1762.1960563543137
2022,6,monthly_w56_h14,직구,727,4472.752786566405,2547.369669835078
2022,6,monthly_w56_h14,체인지업,177,729.6333078819583,439.3071735547834
2022,6,monthly_w56_h14,커브,175,1085.0556325560185,640.0009603389642
2022,6,monthly_w56_h14,커터,39,158.66644271731266,127.00089827157535
2022,6,monthly_w56_h14,투심,130,1043.4179936019834,764.8715523728405
2022,6,monthly_w56_h14,포크,104,583.691161109434,934.616202534351
2022,6,monthly_w56_h28,슬라이더,406,2314.050324760012,1756.662623080328
2022,6,monthly_w56_h28,직구,727,4414.958581298856,2542.411531047086
2022,6,monthly_w56_h28,체인지업,177,705.5947767639948,435.27046452702234
2022,6,monthly_w56_h28,커브,175,1078.1797177986352,639.4980846031985
2022,6,monthly_w56_h28,커터,39,155.11715254786964,126.26727842530057
2022,6,monthly_w56_h28,투심,130,1046.8672115135491,765.9843761148776
2022,6,monthly_w56_h28,포크,104,573.1480669685659,936.0417906764669
2022,6,monthly_w56_h28_huber,슬라이더,406,2336.579110892269,1767.2409759905781
2022,6,monthly_w56_h28_huber,직구,727,4410.772008739826,2542.406949644992
2022,6,monthly_w56_h28_huber,체인지업,177,710.3812364247831,430.42302058779205
2022,6,monthly_w56_h28_huber,커브,175,1087.092461274718,638.9611267456978
2022,6,monthly_w56_h28_huber,커터,39,152.647636559282,127.38278370269148
2022,6,monthly_w56_h28_huber,투심,130,1045.6581023140966,765.1036826224233
2022,6,monthly_w56_h28_huber,포크,104,579.7773745917216,935.9682941303768
2022,6,monthly_w84_hflat,슬라이더,406,2275.0851615794736,1764.9833457894294
2022,6,monthly_w84_hflat,직구,727,4412.3559709445835,2546.463359220237
2022,6,monthly_w84_hflat,체인지업,177,683.8769236459511,435.3513754715343
2022,6,monthly_w84_hflat,커브,175,1066.368904586329,639.8084452476737
2022,6,monthly_w84_hflat,커터,39,152.6172063911122,126.86940133854073
2022,6,monthly_w84_hflat,투심,130,1063.0643358460438,764.7189865299597
2022,6,monthly_w84_hflat,포크,104,561.6469688325279,933.4097654018574
2022,6,monthly_w84_h14,슬라이더,406,2339.0413671713395,1765.1572075387903
2022,6,monthly_w84_h14,직구,727,4480.434067008402,2549.6759616111785
2022,6,monthly_w84_h14,체인지업,177,727.4139545442526,440.0944980633251
2022,6,monthly_w84_h14,커브,175,1080.634321406248,639.3421352751227
2022,6,monthly_w84_h14,커터,39,158.277764354955,127.15217520684881
2022,6,monthly_w84_h14,투심,130,1046.5566994583044,765.0067586037908
2022,6,monthly_w84_h14,포크,104,582.5338921112857,933.723732124741
2022,6,monthly_w84_h28,슬라이더,406,2302.6197317139413,1763.5085356096579
2022,6,monthly_w84_h28,직구,727,4435.327580260562,2547.185010752463
2022,6,monthly_w84_h28,체인지업,177,702.5802432958237,437.4036995787062
2022,6,monthly_w84_h28,커브,175,1069.6907377729704,638.5439280599783
2022,6,monthly_w84_h28,커터,39,154.63627771474245,126.69151789510163
2022,6,monthly_w84_h28,투심,130,1053.075427432224,765.6312990456543
2022,6,monthly_w84_h28,포크,104,571.2442827539228,933.7302885138965
2022,6,monthly_w84_h28_huber,슬라이더,406,2320.8919590627647,1774.6100111288156
2022,6,monthly_w84_h28_huber,직구,727,4427.272411512382,2546.765635379411
2022,6,monthly_w84_h28_huber,체인지업,177,706.3043522362809,432.91846317813724
2022,6,monthly_w84_h28_huber,커브,175,1077.3668919689483,638.6171098738741
2022,6,monthly_w84_h28_huber,커터,39,152.54059656954806,127.98313719193168
2022,6,monthly_w84_h28_huber,투심,130,1051.0584716466963,764.6545219633906
2022,6,monthly_w84_h28_huber,포크,104,576.297234905606,933.3890147618096
2022,6,weekly_w28_hflat,슬라이더,406,2381.0380812379735,1774.2806706533215
2022,6,weekly_w28_hflat,직구,727,4624.5948689216,2491.792327910155
2022,6,weekly_w28_hflat,체인지업,177,736.972291397836,422.2957355396676
2022,6,weekly_w28_hflat,커브,175,1050.4595017344072,674.6087712773524
2022,6,weekly_w28_hflat,커터,39,181.04758470672277,130.7642366090727
2022,6,weekly_w28_hflat,투심,130,1125.7436008798147,747.0182999041693
2022,6,weekly_w28_hflat,포크,104,583.9388625427578,936.6393540283036
2022,6,weekly_w28_h14,슬라이더,406,2398.8716050929124,1774.3259290071637
2022,6,weekly_w28_h14,직구,727,4670.265688343699,2502.249966290391
2022,6,weekly_w28_h14,체인지업,177,750.8278921912929,423.42196451545044
2022,6,weekly_w28_h14,커브,175,1042.6292811694125,681.8388391282264
2022,6,weekly_w28_h14,커터,39,181.94669231936152,134.72364837230583
2022,6,weekly_w28_h14,투심,130,1124.1136007296004,751.7995306636997
2022,6,weekly_w28_h14,포크,104,577.1387821675279,936.4985394642183
2022,6,weekly_w28_h28,슬라이더,406,2389.6123589362855,1774.2851609082377
2022,6,weekly_w28_h28,직구,727,4647.627331849379,2496.3275174661853
2022,6,weekly_w28_h28,체인지업,177,743.5393565912939,422.74819965537216
2022,6,weekly_w28_h28,커브,175,1045.4956818121905,678.3110568146283
2022,6,weekly_w28_h28,커터,39,181.49570790209032,132.72980310706015
2022,6,weekly_w28_h28,투심,130,1124.4643096539803,749.3835277733692
2022,6,weekly_w28_h28,포크,104,580.6067897145647,936.8616963511334
2022,6,weekly_w28_h28_huber,슬라이더,406,2400.917073955099,1783.90896814663
2022,6,weekly_w28_h28_huber,직구,727,4632.010765189543,2502.5228457015337
2022,6,weekly_w28_h28_huber,체인지업,177,743.9591174117461,418.92714581565434
2022,6,weekly_w28_h28_huber,커브,175,1047.0968026873973,680.2658999628527
2022,6,weekly_w28_h28_huber,커터,39,176.76572806604395,134.19528458982973
2022,6,weekly_w28_h28_huber,투심,130,1122.7324855227525,748.0812014647199
2022,6,weekly_w28_h28_huber,포크,104,578.4166018915939,938.1156897059357
2022,6,weekly_w56_hflat,슬라이더,406,2266.967519341698,1762.756682021659
2022,6,weekly_w56_hflat,직구,727,4443.73195328847,2534.728818093913
2022,6,weekly_w56_hflat,체인지업,177,687.5665910017451,433.470186007093
2022,6,weekly_w56_hflat,커브,175,1064.722099453858,652.9385856124015
2022,6,weekly_w56_hflat,커터,39,162.6798998431423,129.52701215555675
2022,6,weekly_w56_hflat,투심,130,1066.5483486691983,767.2365820943915
2022,6,weekly_w56_hflat,포크,104,565.5719616230521,935.3273507896743
2022,6,weekly_w56_h14,슬라이더,406,2316.6926279990357,1761.6861234178157
2022,6,weekly_w56_h14,직구,727,4545.8738577252525,2514.0371212676314
2022,6,weekly_w56_h14,체인지업,177,714.9878839669678,426.8434877819361
2022,6,weekly_w56_h14,커브,175,1047.3440475817195,665.247288220788
2022,6,weekly_w56_h14,커터,39,169.03460256590503,132.37443185411965
2022,6,weekly_w56_h14,투심,130,1075.5126794208963,760.4812137243691
2022,6,weekly_w56_h14,포크,104,570.0360334455906,933.3792481261066
2022,6,weekly_w56_h28,슬라이더,406,2287.3659852324618,1760.367793710354
2022,6,weekly_w56_h28,직구,727,4488.528601167681,2520.0595035918695
2022,6,weekly_w56_h28,체인지업,177,699.9957950587523,429.1684324581935
2022,6,weekly_w56_h28,커브,175,1054.4889588390583,658.0905986904052
2022,6,weekly_w56_h28,커터,39,165.44795211903195,130.43252198940303
2022,6,weekly_w56_h28,투심,130,1068.5809789922653,763.4954599296661
2022,6,weekly_w56_h28,포크,104,568.0413339799705,934.1038582534022
2022,6,weekly_w56_h28_huber,슬라이더,406,2307.7457219290027,1769.4906290364129
2022,6,weekly_w56_h28_huber,직구,727,4483.951730308634,2522.713612077926
2022,6,weekly_w56_h28_huber,체인지업,177,702.7709926511741,424.80339856579496
2022,6,weekly_w56_h28_huber,커브,175,1061.341278367658,658.8237829135664
2022,6,weekly_w56_h28_huber,커터,39,162.20175113446157,131.6099343782743
2022,6,weekly_w56_h28_huber,투심,130,1069.581073508481,763.4578946126446
2022,6,weekly_w56_h28_huber,포크,104,572.0538976715541,934.6737239394473
2022,6,weekly_w84_hflat,슬라이더,406,2259.8420303695707,1762.0505089174665
2022,6,weekly_w84_hflat,직구,727,4438.493333268906,2535.410331838024
2022,6,weekly_w84_hflat,체인지업,177,677.5360902074152,428.9163995617935
2022,6,weekly_w84_hflat,커브,175,1056.549034117873,646.8102054302279
2022,6,weekly_w84_hflat,커터,39,155.2046846252329,128.2049143321095
2022,6,weekly_w84_hflat,투심,130,1073.897159774539,762.5458669923787
2022,6,weekly_w84_hflat,포크,104,558.2887725126551,934.8785064376962
2022,6,weekly_w84_h14,슬라이더,406,2311.274631890231,1760.5841993670633
2022,6,weekly_w84_h14,직구,727,4538.1530722200105,2514.635776040899
2022,6,weekly_w84_h14,체인지업,177,711.3199994395497,425.76066750690575
2022,6,weekly_w84_h14,커브,175,1045.0431170812778,662.8290468726115
2022,6,weekly_w84_h14,커터,39,166.93091226804117,131.8614468502161
2022,6,weekly_w84_h14,투심,130,1075.769548733937,760.3095589156039
2022,6,weekly_w84_h14,포크,104,568.3595345817862,933.3160628902208
2022,6,weekly_w84_h28,슬라이더,406,2279.7601734836117,1759.2916858746887
2022,6,weekly_w84_h28,직구,727,4477.44108809044,2521.7159919775613
2022,6,weekly_w84_h28,체인지업,177,693.1240282683768,426.89585823704965
2022,6,weekly_w84_h28,커브,175,1049.571590489684,653.627350851197
2022,6,weekly_w84_h28,커터,39,161.0191140985778,129.52090728120808
2022,6,weekly_w84_h28,투심,130,1070.9673029939074,762.1658477714008
2022,6,weekly_w84_h28,포크,104,564.0359973551133,934.0017221747655
2022,6,weekly_w84_h28_huber,슬라이더,406,2295.089186796662,1768.8305109525256
2022,6,weekly_w84_h28_huber,직구,727,4468.144870147357,2522.461635298959
2022,6,weekly_w84_h28_huber,체인지업,177,695.2667519176994,422.7002851019131
2022,6,weekly_w84_h28_huber,커브,175,1055.6732834873264,654.8464586467832
2022,6,weekly_w84_h28_huber,커터,39,158.69198848891145,130.80098269427347
2022,6,weekly_w84_h28_huber,투심,130,1069.933211806767,761.9027784332857
2022,6,weekly_w84_h28_huber,포크,104,566.7263943241045,933.5354558760478
2022,6,weekly_w56_h7,슬라이더,406,2374.8012755860855,1768.5779980350067
2022,6,weekly_w56_h7,직구,727,4650.057095846003,2521.980609461488
2022,6,weekly_w56_h7,체인지업,177,745.3245929953604,427.1804693280943
2022,6,weekly_w56_h7,커브,175,1042.3357586514267,678.8630366718276
2022,6,weekly_w56_h7,커터,39,175.95337039512555,137.22867546482388
2022,6,weekly_w56_h7,투심,130,1097.0325644339555,759.2320958316106
2022,6,weekly_w56_h7,포크,104,569.7150609416113,932.8741312643685
2022,6,weekly_w56_h10,슬라이더,406,2341.640763898945,1764.2135125822006
2022,6,weekly_w56_h10,직구,727,4591.9109403470375,2514.6790602697592
2022,6,weekly_w56_h10,체인지업,177,727.5786349595328,426.2623185827597
2022,6,weekly_w56_h10,커브,175,1043.951528563503,671.1676092931725
2022,6,weekly_w56_h10,커터,39,172.04496370193763,134.30650392099898
2022,6,weekly_w56_h10,투심,130,1083.5090248123065,759.2286008108064
2022,6,weekly_w56_h10,포크,104,570.5971781594004,933.091346266852
2022,6,weekly_w56_h21,슬라이더,406,2296.50226485288,1760.476506525744
2022,6,weekly_w56_h21,직구,727,4506.889924789796,2517.107149404782
2022,6,weekly_w56_h21,체인지업,177,704.7909716472982,428.18049613761775
2022,6,weekly_w56_h21,커브,175,1051.7453474951817,660.3500545741338
2022,6,weekly_w56_h21,커터,39,166.57754191522815,130.98867377265873
2022,6,weekly_w56_h21,투심,130,1070.4006722770116,762.3426114830197
2022,6,weekly_w56_h21,포크,104,568.8245334237281,933.8084487143565
2022,6,weekly_w84_h7,슬라이더,406,2373.5273390244934,1768.186231085327
2022,6,weekly_w84_h7,직구,727,4648.548166148443,2521.7676645988704
2022,6,weekly_w84_h7,체인지업,177,744.6330801343952,426.94859547939456
2022,6,weekly_w84_h7,커브,175,1041.9822994769675,678.4714232089409
2022,6,weekly_w84_h7,커터,39,175.6384169563739,137.12224687020154
2022,6,weekly_w84_h7,투심,130,1096.8172491254375,759.2405384092989
2022,6,weekly_w84_h7,포크,104,569.5738803259967,932.8250844372099
2022,6,weekly_w84_h10,슬라이더,406,2338.3104138617928,1763.3763249573153
2022,6,weekly_w84_h10,직구,727,4587.515245024545,2514.669799340664
2022,6,weekly_w84_h10,체인지업,177,725.5930336075119,425.6654191390318
2022,6,weekly_w84_h10,커브,175,1042.8334435189386,669.9087238075554
2022,6,weekly_w84_h10,커터,39,171.00928965773286,134.01688067074005
2022,6,weekly_w84_h10,투심,130,1083.2943750183442,759.2369961439949
2022,6,weekly_w84_h10,포크,104,569.9055508572433,933.0245504657044
2022,6,weekly_w84_h21,슬라이더,406,2289.4287243046097,1759.3371767491526
2022,6,weekly_w84_h21,직구,727,4496.4423704198425,2518.4611907739845
2022,6,weekly_w84_h21,체인지업,177,699.0943255714184,426.40566128274315
2022,6,weekly_w84_h21,커브,175,1047.8326988816889,656.6021247978822
2022,6,weekly_w84_h21,커터,39,163.0479334920826,130.2209377111914
2022,6,weekly_w84_h21,투심,130,1071.8067878416161,761.5876555451923
2022,6,weekly_w84_h21,포크,104,565.7343709015313,933.7354549519182
2022,6,weekly_w112_h7,슬라이더,406,2373.5245287734424,1768.1909262658019
2022,6,weekly_w112_h7,직구,727,4648.561006816057,2521.770676588577
2022,6,weekly_w112_h7,체인지업,177,744.6290801976583,426.95320494915615
2022,6,weekly_w112_h7,커브,175,1041.9765593314896,678.4684063315055
2022,6,weekly_w112_h7,커터,39,175.6423340453969,137.12166026174287
2022,6,weekly_w112_h7,투심,130,1096.8182111472966,759.2426671353765
2022,6,weekly_w112_h7,포크,104,569.5757015884478,932.8241039049751
2022,6,weekly_w112_h10,슬라이더,406,2338.3031704024334,1763.4139742974662
2022,6,weekly_w112_h10,직구,727,4587.576017310204,2514.679946570481
2022,6,weekly_w112_h10,체인지업,177,725.5848895771978,425.70127885482646
2022,6,weekly_w112_h10,커브,175,1042.8074185414391,669.8959150275338
2022,6,weekly_w112_h10,커터,39,171.03873670797554,134.0135534109789
2022,6,weekly_w112_h10,투심,130,1083.2889746277024,759.2555931816603
2022,6,weekly_w112_h10,포크,104,569.9200068523423,933.0137725063881
2022,6,weekly_w112_h21,슬라이더,406,2289.4838559710506,1759.664570212306
2022,6,weekly_w112_h21,직구,727,4496.517697052415,2518.2983802367426
2022,6,weekly_w112_h21,체인지업,177,699.2833079438657,426.7090017994117
2022,6,weekly_w112_h21,커브,175,1047.7496007392072,656.6159331744464
2022,6,weekly_w112_h21,커터,39,163.33306851545325,130.2082046651279
2022,6,weekly_w112_h21,투심,130,1071.569130748791,761.7716255058812
2022,6,weekly_w112_h21,포크,104,565.8746384720591,933.5854814870229
2022,6,weekly_w112_h14,슬라이더,406,2311.2794878477534,1760.7169693659998
2022,6,weekly_w112_h14,직구,727,4538.271493472311,2514.627296558814
2022,6,weekly_w112_h14,체인지업,177,711.3464861558275,425.8846077814713
2022,6,weekly_w112_h14,커브,175,1044.9870945333162,662.8111065306932
2022,6,weekly_w112_h14,커터,39,167.03642234234266,131.85341200209655
2022,6,weekly_w112_h14,투심,130,1075.7160257813905,760.3792132377481
2022,6,weekly_w112_h14,포크,104,568.4124015827331,933.268548084274
2022,6,weekly_w84_h3.5,슬라이더,406,2429.361462821178,1782.712559839053
2022,6,weekly_w84_h3.5,직구,727,4734.506482351403,2577.895406366502
2022,6,weekly_w84_h3.5,체인지업,177,783.7806877721163,442.7216345772914
2022,6,weekly_w84_h3.5,커브,175,1057.1487959623464,690.4771813022402
2022,6,weekly_w84_h3.5,커터,39,181.39274703941658,144.58938513921296
2022,6,weekly_w84_h3.5,투심,130,1136.188568628549,768.1209419699944
2022,6,weekly_w84_h3.5,포크,104,563.4698147673053,932.2811314634617
2022,6,weekly_w28_h7,슬라이더,406,2416.150675200255,1774.7865206694225
2022,6,weekly_w28_h7,직구,727,4708.394258873597,2518.886012279495
2022,6,weekly_w28_h7,체인지업,177,765.1262766129666,426.3782365793046
2022,6,weekly_w28_h7,커브,175,1042.478027383972,687.4805375224314
2022,6,weekly_w28_h7,커터,39,182.52264179065375,138.49301454204493
2022,6,weekly_w28_h7,투심,130,1126.3443959991337,756.6773644801398
2022,6,weekly_w28_h7,포크,104,570.883306287667,934.970339717249
2022,6,weekly_w84_h14_huber,슬라이더,406,2330.2070098292834,1767.0972040584456
2022,6,weekly_w84_h14_huber,직구,727,4529.625334423929,2515.6586331846474
2022,6,weekly_w84_h14_huber,체인지업,177,715.1351232566464,420.9385344229951
2022,6,weekly_w84_h14_huber,커브,175,1050.8095794007686,663.8126381001036
2022,6,weekly_w84_h14_huber,커터,39,163.78330738131112,132.83294906512182
2022,6,weekly_w84_h14_huber,투심,130,1074.2018024456079,760.23952215355
2022,6,weekly_w84_h14_huber,포크,104,570.530491978865,933.4831247261765
2022,6,daily_w84_h3.5,슬라이더,406,2300.1773816930977,1766.9214994061347
2022,6,daily_w84_h3.5,직구,727,4619.063618659797,2588.8381502598777
2022,6,daily_w84_h3.5,체인지업,177,742.8561177427139,425.5048050068394
2022,6,daily_w84_h3.5,커브,175,1081.7393921202752,703.9360887605101
2022,6,daily_w84_h3.5,커터,39,170.74887880365296,143.17518965036325
2022,6,daily_w84_h3.5,투심,130,1043.7675402811437,798.9215852666881
2022,6,daily_w84_h3.5,포크,104,524.6811476393568,913.6414255569955
2022,6,daily_w56_h7,슬라이더,406,2288.6129802306205,1747.852879580481
2022,6,daily_w56_h7,직구,727,4552.980856542152,2536.839935307806
2022,6,daily_w56_h7,체인지업,177,716.81712619206,418.39399413115484
2022,6,daily_w56_h7,커브,175,1048.3417734665225,690.7772831946402
2022,6,daily_w56_h7,커터,39,171.19296281913634,138.74737933824323
2022,6,daily_w56_h7,투심,130,1049.032110285477,779.1195956618933
2022,6,daily_w56_h7,포크,104,541.6616180964788,924.726145108848
2022,6,daily_w56_h14,슬라이더,406,2267.5078925399785,1747.0183244397585
2022,6,daily_w56_h14,직구,727,4495.113778826914,2523.1201205894686
2022,6,daily_w56_h14,체인지업,177,700.2082623477862,421.2063870279512
2022,6,daily_w56_h14,커브,175,1049.0511019918747,673.4972220671555
2022,6,daily_w56_h14,커터,39,169.18407735037633,133.6409206633021
2022,6,daily_w56_h14,투심,130,1049.4376023605587,772.4233699159765
2022,6,daily_w56_h14,포크,104,555.0988489128273,929.6474772401226
2022,6,daily_w56_h28,슬라이더,406,2257.2998851903476,1750.1754001766794
2022,6,daily_w56_h28,직구,727,4461.9878482139775,2526.0197611254594
2022,6,daily_w56_h28,체인지업,177,692.5186715344017,424.4462350644436
2022,6,daily_w56_h28,커브,175,1054.6273135210572,662.5015078742942
2022,6,daily_w56_h28,커터,39,167.2351809006225,131.23507216113126
2022,6,daily_w56_h28,투심,130,1050.068654813187,772.8047188816977
2022,6,daily_w56_h28,포크,104,560.1991888599648,931.7225580516796
2022,6,daily_w84_h7,슬라이더,406,2287.377874421394,1747.5177181852027
2022,6,daily_w84_h7,직구,727,4551.205465593771,2536.29651716846
2022,6,daily_w84_h7,체인지업,177,716.1311815853028,418.3167466964432
2022,6,daily_w84_h7,커브,175,1047.9883244395205,690.524030641571
2022,6,daily_w84_h7,커터,39,170.90082536490817,138.65354968184232
2022,6,daily_w84_h7,투심,130,1049.2195410014244,778.8467656858597
2022,6,daily_w84_h7,포크,104,541.5112891723162,924.6564594001056
2022,6,daily_w84_h14,슬라이더,406,2261.3329083200833,1746.4163994081007
2022,6,daily_w84_h14,직구,727,4484.977890639226,2521.734919724776
2022,6,daily_w84_h14,체인지업,177,695.9563546160648,420.8186888731218
2022,6,daily_w84_h14,커브,175,1046.623068759179,671.873071727163
2022,6,daily_w84_h14,커터,39,166.68903615248638,133.14579226881906
2022,6,daily_w84_h14,투심,130,1051.4313632029796,770.7232608021282
2022,6,daily_w84_h14,포크,104,553.1855206132757,929.5220559468521
2022,6,daily_w84_h28,슬라이더,406,2247.054700870989,1750.4807652455565
2022,6,daily_w84_h28,직구,727,4445.468788378544,2524.611763328188
2022,6,daily_w84_h28,체인지업,177,683.8312009482996,423.5987784267038
2022,6,daily_w84_h28,커브,175,1049.5608087822932,659.8348380610662
2022,6,daily_w84_h28,커터,39,161.67046311955713,130.419086841661
2022,6,daily_w84_h28,투심,130,1055.878228234858,768.5187902590579
2022,6,daily_w84_h28,포크,104,555.1686283639409,931.6049342014999
2022,6,fortnightly_w84_h7,슬라이더,406,2385.8189958347966,1781.8602225756017
2022,6,fortnightly_w84_h7,직구,727,4658.070833503567,2482.9760446194778
2022,6,fortnightly_w84_h7,체인지업,177,734.6981837443456,425.591658947142
2022,6,fortnightly_w84_h7,커브,175,1040.8538153357024,673.7689235803247
2022,6,fortnightly_w84_h7,커터,39,166.36799005966003,131.372821921402
2022,6,fortnightly_w84_h7,투심,130,1041.1930632994417,753.0456542386767
2022,6,fortnightly_w84_h7,포크,104,590.7790422682992,928.192483881521
2022,6,fortnightly_w84_h14,슬라이더,406,2316.0254006700343,1769.3522968629866
2022,6,fortnightly_w84_h14,직구,727,4535.106268553805,2495.3567121771025
2022,6,fortnightly_w84_h14,체인지업,177,707.195577284838,425.58493545397977
2022,6,fortnightly_w84_h14,커브,175,1045.7377041591553,656.3761323763677
2022,6,fortnightly_w84_h14,커터,39,160.65429261817948,128.2010209558882
2022,6,fortnightly_w84_h14,투심,130,1042.5504722812095,756.5416744541589
2022,6,fortnightly_w84_h14,포크,104,579.2399999830293,931.154172510988
2022,6,fortnightly_w84_h28,슬라이더,406,2284.379069979792,1765.6187185876156
2022,6,fortnightly_w84_h28,직구,727,4474.048550678693,2510.6269296101927
2022,6,fortnightly_w84_h28,체인지업,177,691.357122798313,427.03633771669774
2022,6,fortnightly_w84_h28,커브,175,1051.6299368783168,648.5696934730802
2022,6,fortnightly_w84_h28,커터,39,156.86489727723276,127.18115748474992
2022,6,fortnightly_w84_h28,투심,130,1049.9356565434036,759.7751377817447
2022,6,fortnightly_w84_h28,포크,104,571.0313257294886,932.652070518799
2022,7,uncorrected,슬라이더,347,8025.610961589064,3653.393136856518
2022,7,uncorrected,직구,607,19134.78675643102,7940.578564909387
2022,7,uncorrected,체인지업,110,2286.27477026344,969.796176802824
2022,7,uncorrected,커브,146,2202.2771412366887,878.2833539695351
2022,7,uncorrected,커터,30,546.9028905178291,565.4752120119849
2022,7,uncorrected,투심,98,3825.7440387781935,2798.6465095782364
2022,7,uncorrected,포크,109,3111.205121859611,1268.756510582707
2022,7,last_month,슬라이더,347,1700.5925623608964,1551.9962729964368
2022,7,last_month,직구,607,3409.8615710269823,2506.1722272955662
2022,7,last_month,체인지업,110,340.70279496827703,305.73113945463604
2022,7,last_month,커브,146,594.5346951039318,417.5384184432121
2022,7,last_month,커터,30,145.6107418369346,178.06790023816868
2022,7,last_month,투심,98,823.6225197972705,1379.2367769892778
2022,7,last_month,포크,109,843.3625430042728,715.1339917410063
2022,7,season_to_date,슬라이더,347,1685.6363751777935,1524.1516137357398
2022,7,season_to_date,직구,607,3456.357857649027,2643.6148522126687
2022,7,season_to_date,체인지업,110,325.4806649615933,290.9924229544342
2022,7,season_to_date,커브,146,551.5824856479992,378.20673741242217
2022,7,season_to_date,커터,30,140.55171856878908,187.0243736773482
2022,7,season_to_date,투심,98,799.5313960190517,1390.3491516700042
2022,7,season_to_date,포크,109,844.9841546940239,716.0925840684525
2022,7,ewma_w2_h0.25,슬라이더,347,1699.1203929856865,1545.0666463003984
2022,7,ewma_w2_h0.25,직구,607,3410.320056185723,2513.868905024258
2022,7,ewma_w2_h0.25,체인지업,110,338.23381415205523,303.1090430410479
2022,7,ewma_w2_h0.25,커브,146,590.02991866731,412.6678625449754
2022,7,ewma_w2_h0.25,커터,30,144.80610399368462,178.3777920870547
2022,7,ewma_w2_h0.25,투심,98,820.7630952391283,1377.273080277924
2022,7,ewma_w2_h0.25,포크,109,842.6100858570467,714.4941353738689
2022,7,ewma_w2_h0.5,슬라이더,347,1698.668355425121,1529.7850255892085
2022,7,ewma_w2_h0.5,직구,607,3417.0565882632845,2534.884408736116
2022,7,ewma_w2_h0.5,체인지업,110,333.2837783752193,297.26865276258815
2022,7,ewma_w2_h0.5,커브,146,580.3558465790013,401.5878469237397
2022,7,ewma_w2_h0.5,커터,30,143.08120348613232,179.29646758246489
2022,7,ewma_w2_h0.5,투심,98,814.6724557004064,1372.889969542473
2022,7,ewma_w2_h0.5,포크,109,841.6767237163175,713.3605964401628
2022,7,ewma_w2_h1,슬라이더,347,1702.235538947468,1517.1017140869972
2022,7,ewma_w2_h1,직구,607,3430.7250118691454,2558.0294844900927
2022,7,ewma_w2_h1,체인지업,110,329.8733051924063,292.3394856105351
2022,7,ewma_w2_h1,커브,146,572.69361914691,391.9132450854857
2022,7,ewma_w2_h1,커터,30,141.7194663796912,180.3908732182387
2022,7,ewma_w2_h1,투심,98,809.9208990630453,1369.1778334039145
2022,7,ewma_w2_h1,포크,109,841.9262789330897,712.811293823508
2022,7,ewma_w2_h2,슬라이더,347,1706.2900546608519,1510.2360607806963
2022,7,ewma_w2_h2,직구,607,3442.474746530629,2573.630046722754
2022,7,ewma_w2_h2,체인지업,110,328.40310034118824,289.62719239915947
2022,7,ewma_w2_h2,커브,146,568.7436209149462,386.4185028900605
2022,7,ewma_w2_h2,커터,30,141.01998063391977,181.162084592676
2022,7,ewma_w2_h2,투심,98,807.5122959326354,1367.1283922601008
2022,7,ewma_w2_h2,포크,109,842.6130614255638,712.7248311331581
2022,7,ewma_w2_h3,슬라이더,347,1708.0445862808433,1507.9830267921498
2022,7,ewma_w2_h3,직구,607,3447.1992544226055,2579.36286655357
2022,7,ewma_w2_h3,체인지업,110,327.99569853236164,288.72832723001943
2022,7,ewma_w2_h3,커브,146,567.4868572746824,384.5638842971262
2022,7,ewma_w2_h3,커터,30,140.79795301021204,181.45086463744335
2022,7,ewma_w2_h3,투심,98,806.7545298777237,1366.4478586304344
2022,7,ewma_w2_h3,포크,109,842.9485908787228,712.7385636201573
2022,7,ewma_w3_h0.25,슬라이더,347,1698.7833930758507,1545.0380248786405
2022,7,ewma_w3_h0.25,직구,607,3410.2918130825597,2514.659061737954
2022,7,ewma_w3_h0.25,체인지업,110,338.14393884994394,303.0656742317967
2022,7,ewma_w3_h0.25,커브,146,589.7255522126795,412.471316387759
2022,7,ewma_w3_h0.25,커터,30,144.79024796699406,178.43342116586027
2022,7,ewma_w3_h0.25,투심,98,820.60806080609,1377.4820002554295
2022,7,ewma_w3_h0.25,포크,109,842.6210798623321,714.4827940033632
2022,7,ewma_w3_h0.5,슬라이더,347,1694.5184314424255,1530.4314262177081
2022,7,ewma_w3_h0.5,직구,607,3416.964132076031,2544.716809062067
2022,7,ewma_w3_h0.5,체인지업,110,332.4950358689989,297.1209352436374
2022,7,ewma_w3_h0.5,커브,146,577.0704580539771,399.72714911523315
2022,7,ewma_w3_h0.5,커터,30,142.99203236197607,180.053653736727
2022,7,ewma_w3_h0.5,투심,98,813.0237848275767,1375.919217057813
2022,7,ewma_w3_h0.5,포크,109,841.8708328160993,713.3374977941706
2022,7,ewma_w3_h1,슬라이더,347,1689.959510141026,1521.5991114155
2022,7,ewma_w3_h1,직구,607,3430.2959208897237,2585.634354193884
2022,7,ewma_w3_h1,체인지업,110,328.40616467465554,292.95967514466423
2022,7,ewma_w3_h1,커브,146,564.5857310984743,388.12734369363807
2022,7,ewma_w3_h1,커터,30,141.740692409335,182.70910872704223
2022,7,ewma_w3_h1,투심,98,805.8983081503463,1379.082883848219
2022,7,ewma_w3_h1,포크,109,842.5207964061126,712.9925805415248
2022,7,ewma_w3_h2,슬라이더,347,1686.7805303752252,1519.5844330301347
2022,7,ewma_w3_h2,직구,607,3441.1648212085124,2615.096290024112
2022,7,ewma_w3_h2,체인지업,110,326.83343885760627,291.53572837056356
2022,7,ewma_w3_h2,커브,146,557.4739226084632,382.0029861403499
2022,7,ewma_w3_h2,커터,30,141.3029010898491,184.83449174308552
2022,7,ewma_w3_h2,투심,98,801.9664405192455,1383.561124843432
2022,7,ewma_w3_h2,포크,109,843.5254735545778,713.1815396560995
2022,7,ewma_w3_h3,슬라이더,347,1685.6215523004428,1519.549763526879
2022,7,ewma_w3_h3,직구,607,3445.3749055116787,2625.9155370792405
2022,7,ewma_w3_h3,체인지업,110,326.47993106359354,291.2681244183656
2022,7,ewma_w3_h3,커브,146,555.176448243099,380.10573552765476
2022,7,ewma_w3_h3,커터,30,141.21734338968022,185.65151522064295
2022,7,ewma_w3_h3,투심,98,800.7186893157998,1385.5794913586208
2022,7,ewma_w3_h3,포크,109,843.982737462188,713.3169678360571
2022,7,ewma_w6_h0.25,슬라이더,347,1698.7833930758507,1545.0380248786405
2022,7,ewma_w6_h0.25,직구,607,3410.2918130825597,2514.659061737954
2022,7,ewma_w6_h0.25,체인지업,110,338.14393884994394,303.0656742317967
2022,7,ewma_w6_h0.25,커브,146,589.7255522126795,412.471316387759
2022,7,ewma_w6_h0.25,커터,30,144.79024796699406,178.43342116586027
2022,7,ewma_w6_h0.25,투심,98,820.60806080609,1377.4820002554295
2022,7,ewma_w6_h0.25,포크,109,842.6210798623321,714.4827940033632
2022,7,ewma_w6_h0.5,슬라이더,347,1694.5184314424255,1530.4314262177081
2022,7,ewma_w6_h0.5,직구,607,3416.964132076031,2544.716809062067
2022,7,ewma_w6_h0.5,체인지업,110,332.4950358689989,297.1209352436374
2022,7,ewma_w6_h0.5,커브,146,577.0704580539771,399.72714911523315
2022,7,ewma_w6_h0.5,커터,30,142.99203236197607,180.053653736727
2022,7,ewma_w6_h0.5,투심,98,813.0237848275767,1375.919217057813
2022,7,ewma_w6_h0.5,포크,109,841.8708328160993,713.3374977941706
2022,7,ewma_w6_h1,슬라이더,347,1689.959510141026,1521.5991114155
2022,7,ewma_w6_h1,직구,607,3430.2959208897237,2585.634354193884
2022,7,ewma_w6_h1,체인지업,110,328.40616467465554,292.95967514466423
2022,7,ewma_w6_h1,커브,146,564.5857310984743,388.12734369363807
2022,7,ewma_w6_h1,커터,30,141.740692409335,182.70910872704223
2022,7,ewma_w6_h1,투심,98,805.8983081503463,1379.082883848219
2022,7,ewma_w6_h1,포크,109,842.5207964061126,712.9925805415248
2022,7,ewma_w6_h2,슬라이더,347,1686.7805303752252,1519.5844330301347
2022,7,ewma_w6_h2,직구,607,3441.1648212085124,2615.096290024112
2022,7,ewma_w6_h2,체인지업,110,326.83343885760627,291.53572837056356
2022,7,ewma_w6_h2,커브,146,557.4739226084632,382.0029861403499
2022,7,ewma_w6_h2,커터,30,141.3029010898491,184.83449174308552
2022,7,ewma_w6_h2,투심,98,801.9664405192455,1383.561124843432
2022,7,ewma_w6_h2,포크,109,843.5254735545778,713.1815396560995
2022,7,ewma_w6_h3,슬라이더,347,1685.6215523004428,1519.549763526879
2022,7,ewma_w6_h3,직구,607,3445.3749055116787,2625.9155370792405
2022,7,ewma_w6_h3,체인지업,110,326.47993106359354,291.2681244183656
2022,7,ewma_w6_h3,커브,146,555.176448243099,380.10573552765476
2022,7,ewma_w6_h3,커터,30,141.21734338968022,185.65151522064295
2022,7,ewma_w6_h3,투심,98,800.7186893157998,1385.5794913586208
2022,7,ewma_w6_h3,포크,109,843.982737462188,713.3169678360571
2022,7,precision_h0.5_q0.25,슬라이더,347,1692.510218039235,1536.0734682720145
2022,7,precision_h0.5_q0.25,직구,607,3400.8388483776685,2533.094381835107
2022,7,precision_h0.5_q0.25,체인지업,110,332.92119779072164,298.8786283213971
2022,7,precision_h0.5_q0.25,커브,146,578.9378350749248,404.12889265155775
2022,7,precision_h0.5_q0.25,커터,30,142.7996140759778,179.5859273979559
2022,7,precision_h0.5_q0.25,투심,98,815.7490329540228,1376.7960207238016
2022,7,precision_h0.5_q0.25,포크,109,838.8778186938221,714.1953323116799
2022,7,precision_h0.5_q1,슬라이더,347,1695.9705041312275,1538.7899437409033
2022,7,precision_h0.5_q1,직구,607,3409.523149708315,2526.074143193583
2022,7,precision_h0.5_q1,체인지업,110,335.2990765820551,300.4553974040421
2022,7,precision_h0.5_q1,커브,146,583.7428280585345,407.1454768253019
2022,7,precision_h0.5_q1,커터,30,143.82169657398475,179.0558129166372
2022,7,precision_h0.5_q1,투심,98,817.312347094501,1376.6905174294086
2022,7,precision_h0.5_q1,포크,109,841.4509891192092,714.0228241044158
2022,7,precision_h0.5_q2,슬라이더,347,1696.582836680444,1539.0876694435392
2022,7,precision_h0.5_q2,직구,607,3411.1603031223854,2525.362890231403
2022,7,precision_h0.5_q2,체인지업,110,335.6978536378625,300.647473478364
2022,7,precision_h0.5_q2,커브,146,584.5417321245582,407.47240983664096
2022,7,precision_h0.5_q2,커터,30,144.00177318223803,178.99393835398286
2022,7,precision_h0.5_q2,투심,98,817.5663520338007,1376.6821154169231
2022,7,precision_h0.5_q2,포크,109,841.9762754129933,713.9860488689043
2022,7,precision_h1_q0.25,슬라이더,347,1686.7180671680028,1527.3512000649002
2022,7,precision_h1_q0.25,직구,607,3405.415390070369,2563.586418940497
2022,7,precision_h1_q0.25,체인지업,110,328.4237190494635,294.6454387327959
2022,7,precision_h1_q0.25,커브,146,566.8712661080137,394.0767681871947
2022,7,precision_h1_q0.25,커터,30,141.25961418565348,181.58584253520857
2022,7,precision_h1_q0.25,투심,98,809.1998562716833,1378.2585785242545
2022,7,precision_h1_q0.25,포크,109,837.9845639665488,714.016082159654
2022,7,precision_h1_q1,슬라이더,347,1691.969257730384,1530.1962236236136
2022,7,precision_h1_q1,직구,607,3414.0842059596166,2549.835311375391
2022,7,precision_h1_q1,체인지업,110,331.4878749475963,296.70241861192216
2022,7,precision_h1_q1,커브,146,574.3291777404474,398.46429833041327
2022,7,precision_h1_q1,커터,30,142.60727526444984,180.47881360347998
2022,7,precision_h1_q1,투심,98,811.9374230072251,1377.0493321436797
2022,7,precision_h1_q1,포크,109,840.9531578388687,713.4689417646607
2022,7,precision_h1_q2,슬라이더,347,1692.920763210248,1530.5373109029006
2022,7,precision_h1_q2,직구,607,3416.1963928829646,2548.3671267974505
2022,7,precision_h1_q2,체인지업,110,332.0499830011662,296.98142469575237
2022,7,precision_h1_q2,커브,146,575.5893469661628,398.97225786517333
2022,7,precision_h1_q2,커터,30,142.86579506043745,180.3442967254535
2022,7,precision_h1_q2,투심,98,812.3612459254247,1376.9218435360008
2022,7,precision_h1_q2,포크,109,841.6594954927981,713.3738795099584
2022,7,precision_h2_q0.25,슬라이더,347,1683.2550146174922,1523.782160277989
2022,7,precision_h2_q0.25,직구,607,3413.938271702744,2587.815892158876
2022,7,precision_h2_q0.25,체인지업,110,326.4328767647403,292.62370543426
2022,7,precision_h2_q0.25,커브,146,559.5261111323484,387.9655294003277
2022,7,precision_h2_q0.25,커터,30,140.62872074947367,183.29419511691825
2022,7,precision_h2_q0.25,투심,98,805.1245592814874,1380.985135506625
2022,7,precision_h2_q0.25,포크,109,838.5482355605467,714.1350175924858
2022,7,precision_h2_q1,슬라이더,347,1689.0670849746853,1525.8768168671638
2022,7,precision_h2_q1,직구,607,3419.7862215065925,2569.9866584328274
2022,7,precision_h2_q1,체인지업,110,329.33385544831293,294.6046499556372
2022,7,precision_h2_q1,커브,146,567.828987650681,392.6686462257534
2022,7,precision_h2_q1,커터,30,141.95280381099937,181.8059525925462
2022,7,precision_h2_q1,투심,98,808.2774468012708,1378.7673588707419
2022,7,precision_h2_q1,포크,109,841.1604270249381,713.3055285138555
2022,7,precision_h2_q2,슬라이더,347,1690.1539061356889,1526.1495409134104
2022,7,precision_h2_q2,직구,607,3421.795495918952,2567.999336059433
2022,7,precision_h2_q2,체인지업,110,329.91627964649786,294.8987489917014
2022,7,precision_h2_q2,커브,146,569.2657553868955,393.23909855740897
2022,7,precision_h2_q2,커터,30,142.226636532467,181.61805118686866
2022,7,precision_h2_q2,투심,98,808.7716298639225,1378.5200240856036
2022,7,precision_h2_q2,포크,109,841.8724328436103,713.164241217434
2022,7,ema_a0.5,슬라이더,347,1682.9187440041105,1525.6899074151656
2022,7,ema_a0.5,직구,607,3433.93425534417,2607.6041959713248
2022,7,ema_a0.5,체인지업,110,327.97141256498355,293.6778303475664
2022,7,ema_a0.5,커브,146,559.4839862073989,385.56235072177185
2022,7,ema_a0.5,커터,30,141.8832457480182,184.54778942376
2022,7,ema_a0.5,투심,98,803.4581858163408,1386.7445022959446
2022,7,ema_a0.5,포크,109,843.550893210619,713.3164139320476
2022,7,ema_a0.75,슬라이더,347,1693.2939469561215,1530.6609576569883
2022,7,ema_a0.75,직구,607,3417.0713051940093,2547.838669340511
2022,7,ema_a0.75,체인지업,110,332.2721695005904,297.08513547712795
2022,7,ema_a0.75,커브,146,576.0788417101242,399.1570878866982
2022,7,ema_a0.75,커터,30,142.96876767555491,180.29478737384161
2022,7,ema_a0.75,투심,98,812.5282730924339,1376.875094795823
2022,7,ema_a0.75,포크,109,841.95007546918,713.3373268923369
2022,7,ema_a0.9,슬라이더,347,1697.731519787678,1541.3992160229536
2022,7,ema_a0.9,직구,607,3411.0972533125323,2520.470799478835
2022,7,ema_a0.9,체인지업,110,336.76220612703025,301.627858424668
2022,7,ema_a0.9,커브,146,586.89295402323,409.57191350236985
2022,7,ema_a0.9,커터,30,144.35116378725758,178.7187103746248
2022,7,ema_a0.9,투심,98,818.8785845120973,1376.821880280623
2022,7,ema_a0.9,포크,109,842.3236356271307,714.1624076277444
2022,7,kalman_q0.25,슬라이더,347,1695.7828546571918,1533.505094510469
2022,7,kalman_q0.25,직구,607,3417.2792280134045,2571.5706640129824
2022,7,kalman_q0.25,체인지업,110,326.54749945389716,297.4278726247138
2022,7,kalman_q0.25,커브,146,562.6281903951004,394.7167562073648
2022,7,kalman_q0.25,커터,30,138.0125684346813,182.2731807131581
2022,7,kalman_q0.25,투심,98,804.8561681767333,1383.8204974780276
2022,7,kalman_q0.25,포크,109,838.179612168366,712.4316687065121
2022,7,kalman_q0.5,슬라이더,347,1699.9461798739287,1539.2075250737912
2022,7,kalman_q0.5,직구,607,3396.3606725302025,2538.556209204379
2022,7,kalman_q0.5,체인지업,110,328.7065557400586,299.7423695499981
2022,7,kalman_q0.5,커브,146,572.4881171078393,404.34706364137526
2022,7,kalman_q0.5,커터,30,138.9839704142395,180.23082771490027
2022,7,kalman_q0.5,투심,98,807.9539175500073,1379.9549260634542
2022,7,kalman_q0.5,포크,109,835.5594735295512,714.1413310693042
2022,7,kalman_q1,슬라이더,347,1701.1869018512639,1546.6959018013
2022,7,kalman_q1,직구,607,3394.4686696377235,2519.4331717245395
2022,7,kalman_q1,체인지업,110,333.7457078697884,302.78879707842907
2022,7,kalman_q1,커브,146,583.6048860948606,411.85450433129336
2022,7,kalman_q1,커터,30,141.7138440866857,179.0616617958789
2022,7,kalman_q1,투심,98,814.5325934204321,1379.6910337387421
2022,7,kalman_q1,포크,109,836.9962940652138,715.1520289845658
2022,7,kalman_q2,슬라이더,347,1700.7385061298355,1550.4347307243238
2022,7,kalman_q2,직구,607,3402.3438248835573,2510.590946170997
2022,7,kalman_q2,체인지업,110,337.96962170742614,304.72146649960183
2022,7,kalman_q2,커브,146,590.5768618648888,415.667649484811
2022,7,kalman_q2,커터,30,144.09414068628402,178.4244188619065
2022,7,kalman_q2,투심,98,820.0538136564866,1379.537991333819
2022,7,kalman_q2,포크,109,840.4403254673198,715.2329406975286
2022,7,kalman_q4,슬라이더,347,1700.605062004317,1551.5891302505506
2022,7,kalman_q4,직구,607,3407.495690013638,2507.4021091302893
2022,7,kalman_q4,체인지업,110,339.89657971755304,305.45021745662154
2022,7,kalman_q4,커브,146,593.3991826143883,417.02271329518095
2022,7,kalman_q4,커터,30,145.16704160190577,178.16947922526683
2022,7,kalman_q4,투심,98,822.5708436912271,1379.3394578531472
2022,7,kalman_q4,포크,109,842.4580276484378,715.1699831928069
2022,7,adaptive_q0.5,슬라이더,347,1699.9461798739287,1539.2075250737912
2022,7,adaptive_q0.5,직구,607,3396.3606725302025,2538.556209204379
2022,7,adaptive_q0.5,체인지업,110,328.7065557400586,299.7423695499981
2022,7,adaptive_q0.5,커브,146,572.4881171078393,404.34706364137526
2022,7,adaptive_q0.5,커터,30,138.9839704142395,180.23082771490027
2022,7,adaptive_q0.5,투심,98,807.9539175500073,1379.9549260634542
2022,7,adaptive_q0.5,포크,109,835.5594735295512,714.1413310693042
2022,7,adaptive_q1,슬라이더,347,1701.1869018512639,1546.6959018013
2022,7,adaptive_q1,직구,607,3394.4686696377235,2519.4331717245395
2022,7,adaptive_q1,체인지업,110,333.7457078697884,302.78879707842907
2022,7,adaptive_q1,커브,146,583.6048860948606,411.85450433129336
2022,7,adaptive_q1,커터,30,141.7138440866857,179.0616617958789
2022,7,adaptive_q1,투심,98,814.5325934204321,1379.6910337387421
2022,7,adaptive_q1,포크,109,836.9962940652138,715.1520289845658
2022,7,adaptive_q2,슬라이더,347,1700.7385061298355,1550.4347307243238
2022,7,adaptive_q2,직구,607,3402.3438248835573,2510.590946170997
2022,7,adaptive_q2,체인지업,110,337.96962170742614,304.72146649960183
2022,7,adaptive_q2,커브,146,590.5768618648888,415.667649484811
2022,7,adaptive_q2,커터,30,144.09414068628402,178.4244188619065
2022,7,adaptive_q2,투심,98,820.0538136564866,1379.537991333819
2022,7,adaptive_q2,포크,109,840.4403254673198,715.2329406975286
2022,7,trend_d0.25,슬라이더,347,1715.2743535256768,1585.137180015195
2022,7,trend_d0.25,직구,607,3423.32440514768,2480.4161673162052
2022,7,trend_d0.25,체인지업,110,353.863395966388,318.1127397588934
2022,7,trend_d0.25,커브,146,616.7900494584347,439.90438637858153
2022,7,trend_d0.25,커터,30,149.5943636917368,177.22919792985113
2022,7,trend_d0.25,투심,98,837.8859553434872,1388.4841792635377
2022,7,trend_d0.25,포크,109,848.9463238050971,718.9529181888256
2022,7,trend_d0.5,슬라이더,347,1743.5967363516377,1624.2523623225366
2022,7,trend_d0.5,직구,607,3461.7390233417927,2465.9202926938733
2022,7,trend_d0.5,체인지업,110,371.34269724982033,332.4982199955924
2022,7,trend_d0.5,커브,146,644.0807301444258,464.9678582428729
2022,7,trend_d0.5,커터,30,154.49098434242705,177.1649477015924
2022,7,trend_d0.5,투심,98,855.5670080287456,1399.1914626108573
2022,7,trend_d0.5,포크,109,858.3928898180101,724.5520472163854
2022,7,monthly_w28_hflat,슬라이더,347,1714.6217536559311,1543.2117907813429
2022,7,monthly_w28_hflat,직구,607,3377.599362939009,2473.0352809647056
2022,7,monthly_w28_hflat,체인지업,110,348.99943751351714,305.207915007059
2022,7,monthly_w28_hflat,커브,146,622.278005851057,425.9358098456447
2022,7,monthly_w28_hflat,커터,30,150.75992547286285,174.28389589878412
2022,7,monthly_w28_hflat,투심,98,820.6971169849071,1367.4328321463636
2022,7,monthly_w28_hflat,포크,109,853.0810457610924,718.0800661699611
2022,7,monthly_w28_h14,슬라이더,347,1717.0599289470933,1545.2437860537302
2022,7,monthly_w28_h14,직구,607,3293.8881303344983,2442.236119187699
2022,7,monthly_w28_h14,체인지업,110,335.2398906233519,303.63549034908493
2022,7,monthly_w28_h14,커브,146,615.2718967819217,432.88016402436097
2022,7,monthly_w28_h14,커터,30,144.25556009920794,172.95039752523456
2022,7,monthly_w28_h14,투심,98,798.7961292199814,1359.2474749384485
2022,7,monthly_w28_h14,포크,109,836.0042198687826,723.0514914106566
2022,7,monthly_w28_h28,슬라이더,347,1714.4549346317094,1544.5622031336393
2022,7,monthly_w28_h28,직구,607,3333.0183228541455,2458.0307120486204
2022,7,monthly_w28_h28,체인지업,110,341.76067901839974,304.26525379419104
2022,7,monthly_w28_h28,커브,146,618.4345220649183,429.09431185677397
2022,7,monthly_w28_h28,커터,30,147.43554033933188,173.78255756877138
2022,7,monthly_w28_h28,투심,98,809.3470760502017,1364.0460371451659
2022,7,monthly_w28_h28,포크,109,844.0116301151319,720.720611350353
2022,7,monthly_w28_h28_huber,슬라이더,347,1720.973667279762,1543.7645927138733
2022,7,monthly_w28_h28_huber,직구,607,3327.474168224982,2471.9538989776124
2022,7,monthly_w28_h28_huber,체인지업,110,346.13965278330966,303.3772429093903
2022,7,monthly_w28_h28_huber,커브,146,627.6871852748172,425.80002408876067
2022,7,monthly_w28_h28_huber,커터,30,149.3967313653513,175.30190666486249
2022,7,monthly_w28_h28_huber,투심,98,808.0087393783451,1367.8245078985422
2022,7,monthly_w28_h28_huber,포크,109,847.6264727960255,719.9738772216859
2022,7,monthly_w56_hflat,슬라이더,347,1732.8513126093392,1515.5066031268725
2022,7,monthly_w56_hflat,직구,607,3459.4909460852205,2553.2911087503917
2022,7,monthly_w56_hflat,체인지업,110,325.55823667530467,286.05948657007445
2022,7,monthly_w56_hflat,커브,146,569.4109890336439,387.59870961996296
2022,7,monthly_w56_hflat,커터,30,137.09533613847384,181.42066179301057
2022,7,monthly_w56_hflat,투심,98,810.361598479146,1363.5159657000247
2022,7,monthly_w56_hflat,포크,109,839.0176519083552,719.1884701522845
2022,7,monthly_w56_h14,슬라이더,347,1721.0554151556162,1536.4570206446683
2022,7,monthly_w56_h14,직구,607,3338.418373786133,2481.417801052676
2022,7,monthly_w56_h14,체인지업,110,324.2035881728277,295.5815868514512
2022,7,monthly_w56_h14,커브,146,587.0125336665662,412.0208474423482
2022,7,monthly_w56_h14,커터,30,137.41173474169344,176.7220135054146
2022,7,monthly_w56_h14,투심,98,795.8872395838429,1364.1302684635682
2022,7,monthly_w56_h14,포크,109,826.746506855176,721.6266828234318
2022,7,monthly_w56_h28,슬라이더,347,1723.6283347567335,1527.6361827000433
2022,7,monthly_w56_h28,직구,607,3397.760111022484,2515.8945851727844
2022,7,monthly_w56_h28,체인지업,110,325.05833854299067,291.3960737851259
2022,7,monthly_w56_h28,커브,146,578.1352446342869,399.71244394373934
2022,7,monthly_w56_h28,커터,30,137.44967260451932,179.0404447654325
2022,7,monthly_w56_h28,투심,98,803.8347839637044,1366.0840202402328
2022,7,monthly_w56_h28,포크,109,832.3048718543488,719.9553627378659
2022,7,monthly_w56_h28_huber,슬라이더,347,1725.8895713317775,1532.2676411651362
2022,7,monthly_w56_h28_huber,직구,607,3381.638251437247,2530.0667273603494
2022,7,monthly_w56_h28_huber,체인지업,110,325.2284050137718,291.7818105179529
2022,7,monthly_w56_h28_huber,커브,146,577.2876633124362,398.1220414102597
2022,7,monthly_w56_h28_huber,커터,30,136.99134111311164,181.20126826396435
2022,7,monthly_w56_h28_huber,투심,98,799.3382035664049,1373.6358629587833
2022,7,monthly_w56_h28_huber,포크,109,829.0701760187878,720.0784698478915
2022,7,monthly_w84_hflat,슬라이더,347,1695.6020121072488,1520.0547402076836
2022,7,monthly_w84_hflat,직구,607,3385.923717134767,2609.1621511491257
2022,7,monthly_w84_hflat,체인지업,110,317.7909948551496,291.29773587774565
2022,7,monthly_w84_hflat,커브,146,554.2203027263795,381.7042601484745
2022,7,monthly_w84_hflat,커터,30,135.36530748705468,183.58307665612503
2022,7,monthly_w84_hflat,투심,98,788.5578566086201,1381.4068285843443
2022,7,monthly_w84_hflat,포크,109,829.0790175091026,715.1372316791033
2022,7,monthly_w84_h14,슬라이더,347,1715.1112846092706,1532.874335371975
2022,7,monthly_w84_h14,직구,607,3334.7911835286313,2492.188412000586
2022,7,monthly_w84_h14,체인지업,110,322.8973287643901,295.5633793312043
2022,7,monthly_w84_h14,커브,146,582.7098281055776,409.46777656726897
2022,7,monthly_w84_h14,커터,30,137.1491664356885,176.81957708791248
2022,7,monthly_w84_h14,투심,98,792.5909631927998,1365.0255609459396
2022,7,monthly_w84_h14,포크,109,826.2745740858888,720.0633912146797
2022,7,monthly_w84_h28,슬라이더,347,1706.889421960756,1524.203764340287
2022,7,monthly_w84_h28,직구,607,3374.47642693086,2545.3145738241474
2022,7,monthly_w84_h28,체인지업,110,321.59110541193775,292.5537461704569
2022,7,monthly_w84_h28,커브,146,569.1599651818931,394.7367850697226
2022,7,monthly_w84_h28,커터,30,136.82700816536752,179.84249379683396
2022,7,monthly_w84_h28,투심,98,794.3200864297737,1371.745262367743
2022,7,monthly_w84_h28,포크,109,829.7743969476346,717.0417960557669
2022,7,monthly_w84_h28_huber,슬라이더,347,1709.5063043026444,1531.5216689534557
2022,7,monthly_w84_h28_huber,직구,607,3358.812715930238,2560.090903276647
2022,7,monthly_w84_h28_huber,체인지업,110,321.8113582848317,293.1939737347656
2022,7,monthly_w84_h28_huber,커브,146,569.1310974282914,393.9909631149782
2022,7,monthly_w84_h28_huber,커터,30,136.33621902730602,182.39492492917475
2022,7,monthly_w84_h28_huber,투심,98,790.1876279669597,1380.2617838719007
2022,7,monthly_w84_h28_huber,포크,109,826.7110955773796,717.4922546916018
2022,7,weekly_w28_hflat,슬라이더,347,1753.4995106362103,1523.9751365226439
2022,7,weekly_w28_hflat,직구,607,3347.012347143467,2499.04528749801
2022,7,weekly_w28_hflat,체인지업,110,322.990890736477,302.153490035891
2022,7,weekly_w28_hflat,커브,146,549.0672858837129,410.14739954668687
2022,7,weekly_w28_hflat,커터,30,133.00519226790982,162.2150215003341
2022,7,weekly_w28_hflat,투심,98,766.3953243305913,1321.3879383112926
2022,7,weekly_w28_hflat,포크,109,820.6614194253647,726.6182720262412
2022,7,weekly_w28_h14,슬라이더,347,1775.070768974888,1521.6036194843118
2022,7,weekly_w28_h14,직구,607,3321.2835402157807,2473.202638780123
2022,7,weekly_w28_h14,체인지업,110,327.6195410851974,299.9048548099359
2022,7,weekly_w28_h14,커브,146,555.9172315747601,412.0917716286991
2022,7,weekly_w28_h14,커터,30,129.56017483900968,163.9866028950221
2022,7,weekly_w28_h14,투심,98,767.3285967540232,1318.2550532234864
2022,7,weekly_w28_h14,포크,109,813.9088714934574,731.9235550975491
2022,7,weekly_w28_h28,슬라이더,347,1763.351283659848,1522.9207913662517
2022,7,weekly_w28_h28,직구,607,3332.5730592228683,2486.1455304430165
2022,7,weekly_w28_h28,체인지업,110,325.1074394663074,300.9844517314489
2022,7,weekly_w28_h28,커브,146,552.1351813824432,410.92117992221006
2022,7,weekly_w28_h28,커터,30,131.1398603323494,163.1737619170438
2022,7,weekly_w28_h28,투심,98,766.7196715585319,1320.0468510256983
2022,7,weekly_w28_h28,포크,109,817.2420782711133,729.016675634493
2022,7,weekly_w28_h28_huber,슬라이더,347,1764.5250780139486,1529.2594092075678
2022,7,weekly_w28_h28_huber,직구,607,3332.171246458184,2501.299994584122
2022,7,weekly_w28_h28_huber,체인지업,110,325.9566838779762,301.14191067939987
2022,7,weekly_w28_h28_huber,커브,146,559.0012129741791,408.29390010209613
2022,7,weekly_w28_h28_huber,커터,30,131.70437713003787,165.49960866614862
2022,7,weekly_w28_h28_huber,투심,98,767.7630859297487,1327.1730952502987
2022,7,weekly_w28_h28_huber,포크,109,815.9415730426308,729.1946501740545
2022,7,weekly_w56_hflat,슬라이더,347,1717.2357810644296,1503.5710380547066
2022,7,weekly_w56_hflat,직구,607,3357.631774199215,2530.060252855782
2022,7,weekly_w56_hflat,체인지업,110,326.2676135466032,286.8176976536559
2022,7,weekly_w56_hflat,커브,146,574.1318784557759,390.9113085992143
2022,7,weekly_w56_hflat,커터,30,133.6895264013562,175.11345413678617
2022,7,weekly_w56_hflat,투심,98,805.3996668218789,1358.6608088520904
2022,7,weekly_w56_hflat,포크,109,819.8335605691178,716.4762955207035
2022,7,weekly_w56_h14,슬라이더,347,1746.224819286474,1509.9582625236003
2022,7,weekly_w56_h14,직구,607,3285.873297338013,2483.6924090337566
2022,7,weekly_w56_h14,체인지업,110,321.47912691316304,294.5905929608969
2022,7,weekly_w56_h14,커브,146,569.1640395581915,400.48439727207824
2022,7,weekly_w56_h14,커터,30,129.84251638447202,168.96120666031405
2022,7,weekly_w56_h14,투심,98,774.897653164395,1344.4751554392647
2022,7,weekly_w56_h14,포크,109,811.9794744686046,721.7142871896821
2022,7,weekly_w56_h28,슬라이더,347,1728.183979908998,1506.7067844010298
2022,7,weekly_w56_h28,직구,607,3315.4976609627483,2503.6309470037495
2022,7,weekly_w56_h28,체인지업,110,322.0211058387768,291.0157831311078
2022,7,weekly_w56_h28,커브,146,570.0423622080716,395.2964915317361
2022,7,weekly_w56_h28,커터,30,131.73040220215216,171.43487352697423
2022,7,weekly_w56_h28,투심,98,787.5390334186022,1352.0862028520514
2022,7,weekly_w56_h28,포크,109,816.0347524213579,718.1220995418347
2022,7,weekly_w56_h28_huber,슬라이더,347,1727.5771131168246,1512.0157995213137
2022,7,weekly_w56_h28_huber,직구,607,3309.1372892446457,2511.764960606425
2022,7,weekly_w56_h28_huber,체인지업,110,323.0287874245317,289.84495354058623
2022,7,weekly_w56_h28_huber,커브,146,570.2871292191012,393.02077220676
2022,7,weekly_w56_h28_huber,커터,30,131.70998797119097,173.49796235567578
2022,7,weekly_w56_h28_huber,투심,98,787.1050258341027,1357.200986700624
2022,7,weekly_w56_h28_huber,포크,109,815.463364301118,720.0006344706911
2022,7,weekly_w84_hflat,슬라이더,347,1711.5196850263633,1507.1189083079316
2022,7,weekly_w84_hflat,직구,607,3370.15718850162,2590.9673497273857
2022,7,weekly_w84_hflat,체인지업,110,317.1229071431901,288.46623508681483
2022,7,weekly_w84_hflat,커브,146,555.8533171533485,374.81121278633475
2022,7,weekly_w84_hflat,커터,30,133.3453605040978,177.0156776351559
2022,7,weekly_w84_hflat,투심,98,778.3044553922543,1368.8759625878167
2022,7,weekly_w84_hflat,포크,109,824.601033564283,713.3741292797118
2022,7,weekly_w84_h14,슬라이더,347,1741.8631330544376,1507.5540715591064
2022,7,weekly_w84_h14,직구,607,3292.3854472381877,2493.6120690003
2022,7,weekly_w84_h14,체인지업,110,319.44668076858846,293.7283645200008
2022,7,weekly_w84_h14,커브,146,565.6098481915673,396.02278156744666
2022,7,weekly_w84_h14,커터,30,129.7067215280334,169.96406845488355
2022,7,weekly_w84_h14,투심,98,770.2263109396575,1347.2925939346105
2022,7,weekly_w84_h14,포크,109,812.5335984477692,720.6671813900181
2022,7,weekly_w84_h28,슬라이더,347,1722.3935461110573,1504.3033919357617
2022,7,weekly_w84_h28,직구,607,3329.0611758335253,2532.2926804000163
2022,7,weekly_w84_h28,체인지업,110,317.81867212214354,290.3084295714211
2022,7,weekly_w84_h28,커브,146,561.4432412450795,385.8666417101505
2022,7,weekly_w84_h28,커터,30,131.64206030519955,173.2657981763354
2022,7,weekly_w84_h28,투심,98,775.8804503781192,1357.7348795220496
2022,7,weekly_w84_h28,포크,109,818.2683237304082,716.2537302517624
2022,7,weekly_w84_h28_huber,슬라이더,347,1724.852209679424,1511.4631066638403
2022,7,weekly_w84_h28_huber,직구,607,3321.2007325342997,2542.4170880135257
2022,7,weekly_w84_h28_huber,체인지업,110,317.8126071638169,289.356212567458
2022,7,weekly_w84_h28_huber,커브,146,561.6866539253942,384.2222677530406
2022,7,weekly_w84_h28_huber,커터,30,131.07398443690536,176.2078325578679
2022,7,weekly_w84_h28_huber,투심,98,773.0458680294438,1365.5089035654864
2022,7,weekly_w84_h28_huber,포크,109,815.35610734309,718.2921681298853
2022,7,weekly_w56_h7,슬라이더,347,1789.7122254261863,1512.8756771716103
2022,7,weekly_w56_h7,직구,607,3265.1893617974806,2458.582670390161
2022,7,weekly_w56_h7,체인지업,110,328.0586560150091,298.12197181748974
2022,7,weekly_w56_h7,커브,146,574.8812642216168,410.0623844695606
2022,7,weekly_w56_h7,커터,30,127.48622122424,167.0509592336708
2022,7,weekly_w56_h7,투심,98,766.0645715327094,1329.548137757733
2022,7,weekly_w56_h7,포크,109,806.074029925296,731.8740608269568
2022,7,weekly_w56_h10,슬라이더,347,1763.4802014207683,1511.8384820480192
2022,7,weekly_w56_h10,직구,607,3272.3431679707905,2471.7933845095645
2022,7,weekly_w56_h10,체인지업,110,323.2601684180534,296.5951661378056
2022,7,weekly_w56_h10,커브,146,570.5561006852948,404.60864132688744
2022,7,weekly_w56_h10,커터,30,128.63798959966905,167.82153809222703
2022,7,weekly_w56_h10,투심,98,769.0770473141697,1338.2208724920329
2022,7,weekly_w56_h10,포크,109,809.133006673928,725.5519280691454
2022,7,weekly_w56_h21,슬라이더,347,1733.54665411532,1507.8469909477822
2022,7,weekly_w56_h21,직구,607,3304.0330329010767,2496.275029132216
2022,7,weekly_w56_h21,체인지업,110,321.44148043623704,292.31565998853637
2022,7,weekly_w56_h21,커브,146,569.3863021514313,396.98137995874436
2022,7,weekly_w56_h21,커터,30,131.07103400841166,170.46807664429815
2022,7,weekly_w56_h21,투심,98,782.6591014045663,1349.6247295791188
2022,7,weekly_w56_h21,포크,109,814.6671544060059,719.1238828395457
2022,7,weekly_w84_h7,슬라이더,347,1788.5364198894115,1512.497767346993
2022,7,weekly_w84_h7,직구,607,3265.2788472189986,2459.2822232155495
2022,7,weekly_w84_h7,체인지업,110,327.58360558326547,297.9598134827913
2022,7,weekly_w84_h7,커브,146,574.3471907917185,409.43751960833356
2022,7,weekly_w84_h7,커터,30,127.4004359732208,167.21371292801004
2022,7,weekly_w84_h7,투심,98,765.2317258229364,1330.1001919228427
2022,7,weekly_w84_h7,포크,109,805.9295703761103,731.6396028466586
2022,7,weekly_w84_h10,슬라이더,347,1760.6186473273024,1510.4652832431536
2022,7,weekly_w84_h10,직구,607,3274.683484675997,2475.4154918704926
2022,7,weekly_w84_h10,체인지업,110,322.0817167124391,296.0703027159242
2022,7,weekly_w84_h10,커브,146,568.85926713818,402.4517656936689
2022,7,weekly_w84_h10,커터,30,128.49002531376303,168.3338953201784
2022,7,weekly_w84_h10,투심,98,766.7555409424905,1339.741949867866
2022,7,weekly_w84_h10,포크,109,809.1307218744881,724.9452714442455
2022,7,weekly_w84_h21,슬라이더,347,1728.1117225562748,1505.056730709046
2022,7,weekly_w84_h21,직구,607,3315.4400770809907,2517.011176728898
2022,7,weekly_w84_h21,체인지업,110,318.1830347856758,291.4003787621745
2022,7,weekly_w84_h21,커브,146,562.9293127226081,389.4666429510463
2022,7,weekly_w84_h21,커터,30,130.9785846954107,172.0293433027982
2022,7,weekly_w84_h21,투심,98,774.0739416185764,1354.1480772764576
2022,7,weekly_w84_h21,포크,109,816.2114182111935,717.56884830538
2022,7,weekly_w112_h7,슬라이더,347,1788.4232160188576,1512.4749434581136
2022,7,weekly_w112_h7,직구,607,3265.331959497475,2459.4449383080228
2022,7,weekly_w112_h7,체인지업,110,327.57154318300536,297.95381708647136
2022,7,weekly_w112_h7,커브,146,574.3031388557357,409.4103559710603
2022,7,weekly_w112_h7,커터,30,127.40852487056017,167.23994742462108
2022,7,weekly_w112_h7,투심,98,765.2307279997945,1330.1790215523306
2022,7,weekly_w112_h7,포크,109,805.9622471720986,731.614401244207
2022,7,weekly_w112_h10,슬라이더,347,1759.7843157393877,1510.34680922514
2022,7,weekly_w112_h10,직구,607,3275.403287260953,2476.6567120490754
2022,7,weekly_w112_h10,체인지업,110,322.04786850975574,296.0159571389228
2022,7,weekly_w112_h10,커브,146,568.5254594401065,402.2733262480352
2022,7,weekly_w112_h10,커터,30,128.58225459534435,168.53578268815227
2022,7,weekly_w112_h10,투심,98,766.8365629595063,1340.280077336842
2022,7,weekly_w112_h10,포크,109,809.4144560352729,724.8029541027184
2022,7,weekly_w112_h21,슬라이더,347,1721.1905479936918,1505.1030405652627
2022,7,weekly_w112_h21,직구,607,3324.177212750953,2528.3764831199323
2022,7,weekly_w112_h21,체인지업,110,318.49515720929656,291.12572947127404
2022,7,weekly_w112_h21,커브,146,560.4558357974182,388.57132132988767
2022,7,weekly_w112_h21,커터,30,132.10617653573934,173.90536621673417
2022,7,weekly_w112_h21,투심,98,775.6357881977965,1358.45834211126
2022,7,weekly_w112_h21,포크,109,819.0244161255753,716.9680876424105
2022,7,weekly_w112_h14,슬라이더,347,1739.0472423436613,1507.3524148828544
2022,7,weekly_w112_h14,직구,607,3295.4717885380887,2498.0189694234036
2022,7,weekly_w112_h14,체인지업,110,319.4611610138289,293.56441426211035
2022,7,weekly_w112_h14,커브,146,564.514714617716,395.5206180776695
2022,7,weekly_w112_h14,커터,30,130.0999661436199,170.68494588603988
2022,7,weekly_w112_h14,투심,98,770.6956621273389,1349.058709540889
2022,7,weekly_w112_h14,포크,109,813.6004277490106,720.3046875239658
2022,7,weekly_w84_h3.5,슬라이더,347,1851.0218387147397,1507.938165443494
2022,7,weekly_w84_h3.5,직구,607,3275.7314487184485,2435.503905225889
2022,7,weekly_w84_h3.5,체인지업,110,344.37964418362264,297.7171687074274
2022,7,weekly_w84_h3.5,커브,146,593.4633837364346,422.8353943782072
2022,7,weekly_w84_h3.5,커터,30,127.31765458006183,167.38691513292486
2022,7,weekly_w84_h3.5,투심,98,773.3900134375596,1313.51338692492
2022,7,weekly_w84_h3.5,포크,109,802.8057993444921,750.3786128209578
2022,7,weekly_w28_h7,슬라이더,347,1801.4286873386425,1518.2752912276496
2022,7,weekly_w28_h7,직구,607,3307.7544965866364,2448.896120412983
2022,7,weekly_w28_h7,체인지업,110,333.6070337345206,297.7997727358216
2022,7,weekly_w28_h7,커브,146,565.1079434974858,415.38911189811597
2022,7,weekly_w28_h7,커터,30,127.51236677334944,165.1522054800878
2022,7,weekly_w28_h7,투심,98,769.7655889691072,1314.1551582172046
2022,7,weekly_w28_h7,포크,109,808.3428249155601,739.0354653822236
2022,7,weekly_w84_h14_huber,슬라이더,347,1747.2526276643907,1514.1118981357945
2022,7,weekly_w84_h14_huber,직구,607,3287.127934151481,2500.1900487831595
2022,7,weekly_w84_h14_huber,체인지업,110,320.1353067055456,292.03641438779374
2022,7,weekly_w84_h14_huber,커브,146,567.1845662175222,393.6806044694663
2022,7,weekly_w84_h14_huber,커터,30,129.2367911284223,172.4098269779068
2022,7,weekly_w84_h14_huber,투심,98,767.5301366323826,1353.570055467504
2022,7,weekly_w84_h14_huber,포크,109,810.7235644214276,723.143247874172
2022,7,daily_w84_h3.5,슬라이더,347,1741.7502690271788,1519.00417646111
2022,7,daily_w84_h3.5,직구,607,3352.9438691767573,2445.7233717706567
2022,7,daily_w84_h3.5,체인지업,110,344.3682463295305,290.6663432753821
2022,7,daily_w84_h3.5,커브,146,587.9750430936922,436.1606207277428
2022,7,daily_w84_h3.5,커터,30,144.22409382873607,170.57960986784428
2022,7,daily_w84_h3.5,투심,98,749.02735997989,1285.0254840262573
2022,7,daily_w84_h3.5,포크,109,783.0162403582433,770.084559901902
2022,7,daily_w56_h7,슬라이더,347,1737.543839091911,1504.9002321253763
2022,7,daily_w56_h7,직구,607,3267.2951333509345,2418.6454800753645
2022,7,daily_w56_h7,체인지업,110,326.2924738924531,292.13329175226585
2022,7,daily_w56_h7,커브,146,579.4722894883547,422.7604662093713
2022,7,daily_w56_h7,커터,30,139.11964050020876,166.9193731488377
2022,7,daily_w56_h7,투심,98,749.9325225268134,1309.982052894434
2022,7,daily_w56_h7,포크,109,791.2501327651158,747.2584899083855
2022,7,daily_w56_h14,슬라이더,347,1729.0329066230915,1503.3603334950894
2022,7,daily_w56_h14,직구,607,3278.935861214479,2441.70592566755
2022,7,daily_w56_h14,체인지업,110,318.72536035479544,291.4652649413934
2022,7,daily_w56_h14,커브,146,571.291202235597,411.03797182626676
2022,7,daily_w56_h14,커터,30,136.63682088193406,168.51042168239553
2022,7,daily_w56_h14,투심,98,763.1035850312245,1330.7474053891258
2022,7,daily_w56_h14,포크,109,802.5511906144155,733.106537771421
2022,7,daily_w56_h28,슬라이더,347,1722.8951486274786,1503.26258224171
2022,7,daily_w56_h28,직구,607,3312.3284311421658,2466.9282890907843
2022,7,daily_w56_h28,체인지업,110,318.16908279014046,289.4837045078389
2022,7,daily_w56_h28,커브,146,570.9526617726149,404.1244594668452
2022,7,daily_w56_h28,커터,30,136.10809961549552,170.9631367247856
2022,7,daily_w56_h28,투심,98,776.4561310937943,1343.2584395178942
2022,7,daily_w56_h28,포크,109,808.9741439701692,727.008212715722
2022,7,daily_w84_h7,슬라이더,347,1737.0552565959242,1504.6511292073399
2022,7,daily_w84_h7,직구,607,3266.7446624763274,2419.1959320192996
2022,7,daily_w84_h7,체인지업,110,325.97702006159585,291.9785124957943
2022,7,daily_w84_h7,커브,146,578.864826013193,422.2716912886468
2022,7,daily_w84_h7,커터,30,138.89451321157554,167.10501825801506
2022,7,daily_w84_h7,투심,98,749.7994899027395,1310.433270703095
2022,7,daily_w84_h7,포크,109,791.3561801295436,746.7461568630426
2022,7,daily_w84_h14,슬라이더,347,1725.9619793832453,1501.1129021960196
2022,7,daily_w84_h14,직구,607,3281.0492627932235,2451.8291703494633
2022,7,daily_w84_h14,체인지업,110,317.2686543332435,290.5437757522512
2022,7,daily_w84_h14,커브,146,567.1269442519479,406.56853340699547
2022,7,daily_w84_h14,커터,30,135.69514565891296,169.8022297406308
2022,7,daily_w84_h14,투심,98,761.2732653284814,1333.457508275275
2022,7,daily_w84_h14,포크,109,803.9792192455725,730.4899835495717
2022,7,daily_w84_h28,슬라이더,347,1716.8775111487432,1499.8507047217354
2022,7,daily_w84_h28,직구,607,3316.1887700818047,2497.0444441157483
2022,7,daily_w84_h28,체인지업,110,315.2725884687341,288.3046219756776
2022,7,daily_w84_h28,커브,146,561.9597506992859,393.9569445756417
2022,7,daily_w84_h28,커터,30,134.80029466889613,173.71544582211567
2022,7,daily_w84_h28,투심,98,770.3163535091506,1348.6015010066114
2022,7,daily_w84_h28,포크,109,812.815267026831,722.3495530075324
2022,7,fortnightly_w84_h7,슬라이더,347,1800.4896514369912,1490.6610885495293
2022,7,fortnightly_w84_h7,직구,607,3276.490194721461,2477.2000120023145
2022,7,fortnightly_w84_h7,체인지업,110,330.9641910311431,290.8424076070196
2022,7,fortnightly_w84_h7,커브,146,585.0034620740203,408.5266525318839
2022,7,fortnightly_w84_h7,커터,30,126.61669910768079,171.85286795785842
2022,7,fortnightly_w84_h7,투심,98,749.3455550422352,1323.5884409445612
2022,7,fortnightly_w84_h7,포크,109,810.0733491709916,728.0156558081039
2022,7,fortnightly_w84_h14,슬라이더,347,1743.255966597109,1492.9581075189594
2022,7,fortnightly_w84_h14,직구,607,3307.4037048783794,2509.8790861454163
2022,7,fortnightly_w84_h14,체인지업,110,322.69627018017115,289.01486702867254
2022,7,fortnightly_w84_h14,커브,146,572.248165599169,395.1695384855385
2022,7,fortnightly_w84_h14,커터,30,131.79179915411584,173.99894517219653
2022,7,fortnightly_w84_h14,투심,98,767.3448699974738,1343.3568753492632
2022,7,fortnightly_w84_h14,포크,109,816.2338604373065,717.7662196347571
2022,7,fortnightly_w84_h28,슬라이더,347,1721.7063790332747,1496.3190002361512
2022,7,fortnightly_w84_h28,직구,607,3343.0904826599517,2552.3552196788114
2022,7,fortnightly_w84_h28,체인지업,110,320.1205021692176,287.5105214548976
2022,7,fortnightly_w84_h28,커브,146,565.5088455946003,385.6880426911731
2022,7,fortnightly_w84_h28,커터,30,133.9199677769488,176.80896747235076
2022,7,fortnightly_w84_h28,투심,98,775.8327647673486,1356.1013586212773
2022,7,fortnightly_w84_h28,포크,109,820.7796209282058,712.904849040361
2022,8,uncorrected,슬라이더,393,10255.00176673272,4180.613759756809
2022,8,uncorrected,직구,697,25512.78284960198,8995.419920109875
2022,8,uncorrected,체인지업,157,4211.231855950462,1377.1597129386835
2022,8,uncorrected,커브,178,4087.1310780485537,1419.7815289145667
2022,8,uncorrected,커터,38,1543.6889085266123,388.0221202438459
2022,8,uncorrected,투심,133,4266.427023606542,2341.2752871763023
2022,8,uncorrected,포크,119,2884.712754914505,1323.0727930403384
2022,8,last_month,슬라이더,393,1559.0618237228089,1635.6791458211399
2022,8,last_month,직구,697,3991.4793245933915,2331.0866834489125
2022,8,last_month,체인지업,157,646.6736238344873,462.55443581275165
2022,8,last_month,커브,178,998.2555430474802,709.258174902498
2022,8,last_month,커터,38,197.22815306172805,116.59759796719909
2022,8,last_month,투심,133,807.4771588879646,937.4563949817775
2022,8,last_month,포크,119,581.995273139446,687.8728499952838
2022,8,season_to_date,슬라이더,393,1481.3401685088,1610.0117829169753
2022,8,season_to_date,직구,697,4050.534535343023,2538.654784950877
2022,8,season_to_date,체인지업,157,597.7481231846164,401.88121639606345
2022,8,season_to_date,커브,178,896.1347353035281,610.3621325268148
2022,8,season_to_date,커터,38,186.87864285912522,122.18549605173712
2022,8,season_to_date,투심,133,816.2118199761765,925.7511337033332
2022,8,season_to_date,포크,119,587.5383820314302,664.8002836964208
2022,8,ewma_w2_h0.25,슬라이더,393,1546.0552013316783,1632.4257580947228
2022,8,ewma_w2_h0.25,직구,697,3980.1664799360333,2335.790827648808
2022,8,ewma_w2_h0.25,체인지업,157,640.0859250202873,457.52458871165027
2022,8,ewma_w2_h0.25,커브,178,988.3981155933793,704.012362958523
2022,8,ewma_w2_h0.25,커터,38,195.46249710220306,116.74997109886013
2022,8,ewma_w2_h0.25,투심,133,803.9667094083645,935.0281796092429
2022,8,ewma_w2_h0.25,포크,119,578.7262227019125,686.1928174283033
2022,8,ewma_w2_h0.5,슬라이더,393,1519.3252503898743,1626.6505647426052
2022,8,ewma_w2_h0.5,직구,697,3961.3125306008287,2350.967865681434
2022,8,ewma_w2_h0.5,체인지업,157,626.3031488080442,446.4345680952922
2022,8,ewma_w2_h0.5,커브,178,966.7935575993952,692.4475784665316
2022,8,ewma_w2_h0.5,커터,38,191.74440644256174,117.34596122218122
2022,8,ewma_w2_h0.5,투심,133,797.2884783518791,930.1373773759583
2022,8,ewma_w2_h0.5,포크,119,572.4294348474291,682.7768533594144
2022,8,ewma_w2_h1,슬라이더,393,1499.8954077556464,1623.8315044172691
2022,8,ewma_w2_h1,직구,697,3954.261234913355,2370.340557836351
2022,8,ewma_w2_h1,체인지업,157,615.9145836062692,437.2331202879918
2022,8,ewma_w2_h1,커브,178,949.0508963960049,682.8541985231386
2022,8,ewma_w2_h1,커터,38,188.9062810978132,118.20737082964074
2022,8,ewma_w2_h1,투심,133,793.2456923285085,926.7328053825948
2022,8,ewma_w2_h1,포크,119,568.4903449050784,680.3493314875137
2022,8,ewma_w2_h2,슬라이더,393,1490.8618802974593,1623.3689013591145
2022,8,ewma_w2_h2,직구,697,3955.075007872055,2384.4772498849857
2022,8,ewma_w2_h2,체인지업,157,610.8570928381938,432.25383981054495
2022,8,ewma_w2_h2,커브,178,939.5480866650089,677.6638954088392
2022,8,ewma_w2_h2,커터,38,187.5034331166097,118.87121594519988
2022,8,ewma_w2_h2,투심,133,791.8652259278385,925.2424924459071
2022,8,ewma_w2_h2,포크,119,567.051337125691,679.2548503147183
2022,8,ewma_w2_h3,슬라이더,393,1488.193764363958,1623.4294171988918
2022,8,ewma_w2_h3,직구,697,3956.2666574538416,2389.8451275449133
2022,8,ewma_w2_h3,체인지업,157,609.3104337253767,430.62015602339665
2022,8,ewma_w2_h3,커브,178,936.4499170856268,675.9611891554963
2022,8,ewma_w2_h3,커터,38,187.06972348954855,119.12850794584682
2022,8,ewma_w2_h3,투심,133,791.573532130961,924.8238392466674
2022,8,ewma_w2_h3,포크,119,566.7175359570541,678.9395259363873
2022,8,ewma_w3_h0.25,슬라이더,393,1545.496179023819,1632.0075949691475
2022,8,ewma_w3_h0.25,직구,697,3979.992823452574,2336.2835532910885
2022,8,ewma_w3_h0.25,체인지업,157,639.6429041468132,457.12371733023224
2022,8,ewma_w3_h0.25,커브,178,987.6968802510714,703.4213380150419
2022,8,ewma_w3_h0.25,커터,38,195.41148107514243,116.71930290619106
2022,8,ewma_w3_h0.25,투심,133,803.9637506631557,934.9016184674041
2022,8,ewma_w3_h0.25,포크,119,578.6601941951064,686.0354558831372
2022,8,ewma_w3_h0.5,슬라이더,393,1515.2653317726367,1622.2815970225206
2022,8,ewma_w3_h0.5,직구,697,3963.3181136622316,2358.267210578357
2022,8,ewma_w3_h0.5,체인지업,157,622.0121211787796,442.2295666523576
2022,8,ewma_w3_h0.5,커브,178,959.6318527837657,685.738335508871
2022,8,ewma_w3_h0.5,커터,38,191.4387642236246,117.03396954746816
2022,8,ewma_w3_h0.5,투심,133,798.2291321966703,929.1621000467992
2022,8,ewma_w3_h0.5,포크,119,572.3377889453204,681.1281060830615
2022,8,ewma_w3_h1,슬라이더,393,1495.8611377713532,1613.2998660353146
2022,8,ewma_w3_h1,직구,697,3970.5534865966,2393.946017109104
2022,8,ewma_w3_h1,체인지업,157,606.6911417183113,427.2606086719285
2022,8,ewma_w3_h1,커브,178,932.6737833946215,665.270352241548
2022,8,ewma_w3_h1,커터,38,188.86647439701866,117.46348946797238
2022,8,ewma_w3_h1,투심,133,798.396491652761,925.5097412417224
2022,8,ewma_w3_h1,포크,119,570.0108046874226,676.3815662853968
2022,8,ewma_w3_h2,슬라이더,393,1491.345428614461,1608.7178790633104
2022,8,ewma_w3_h2,직구,697,3989.037288743227,2422.7346516674747
2022,8,ewma_w3_h2,체인지업,157,599.2561372918016,418.7553897596723
2022,8,ewma_w3_h2,커브,178,918.0447910771979,652.0131370657294
2022,8,ewma_w3_h2,커터,38,188.16286266012614,117.81869725226201
2022,8,ewma_w3_h2,투심,133,801.8612036582872,924.7334893322104
2022,8,ewma_w3_h2,포크,119,570.8716526563321,673.7674416418981
2022,8,ewma_w3_h3,슬라이더,393,1491.279013057465,1607.3423808285127
2022,8,ewma_w3_h3,직구,697,3998.078277518527,2433.8752614861332
2022,8,ewma_w3_h3,체인지업,157,597.1018911432759,416.0056932428381
2022,8,ewma_w3_h3,커브,178,913.4614607702661,647.3759976546239
2022,8,ewma_w3_h3,커터,38,188.08930599491293,117.95770269027595
2022,8,ewma_w3_h3,투심,133,803.6820383053675,924.7626554037913
2022,8,ewma_w3_h3,포크,119,571.5975922685329,672.9350140267197
2022,8,ewma_w6_h0.25,슬라이더,393,1545.4424628494153,1631.982952164708
2022,8,ewma_w6_h0.25,직구,697,3979.973127003732,2336.3253944987705
2022,8,ewma_w6_h0.25,체인지업,157,639.6256892527146,457.0950444327457
2022,8,ewma_w6_h0.25,커브,178,987.6602169344221,703.3762519874326
2022,8,ewma_w6_h0.25,커터,38,195.40546436200287,116.71897418106143
2022,8,ewma_w6_h0.25,투심,133,803.9614609292325,934.887688607027
2022,8,ewma_w6_h0.25,포크,119,578.6674071639109,686.0217350071869
2022,8,ewma_w6_h0.5,슬라이더,393,1513.3115392391305,1621.4381459024962
2022,8,ewma_w6_h0.5,직구,697,3963.31829951879,2360.8066330649162
2022,8,ewma_w6_h0.5,체인지업,157,621.5530881933838,441.1159348139105
2022,8,ewma_w6_h0.5,커브,178,958.3003246742666,683.7934873194874
2022,8,ewma_w6_h0.5,커터,38,191.22652001518705,117.05970930049418
2022,8,ewma_w6_h0.5,투심,133,798.3543233054049,928.6751104251917
2022,8,ewma_w6_h0.5,포크,119,572.9036962241805,680.5762468009242
2022,8,ewma_w6_h1,슬라이더,393,1488.5513352987018,1610.9824973889506
2022,8,ewma_w6_h1,직구,697,3974.4274296847707,2409.9188622893184
2022,8,ewma_w6_h1,체인지업,157,606.2804696726791,423.0998818618948
2022,8,ewma_w6_h1,커브,178,928.1187921832877,656.6322091927084
2022,8,ewma_w6_h1,커터,38,188.1148780161185,117.86903273902205
2022,8,ewma_w6_h1,투심,133,800.0169681931401,923.9833426421737
2022,8,ewma_w6_h1,포크,119,574.0029337105531,674.1251377228896
2022,8,ewma_w6_h2,슬라이더,393,1479.624708540484,1606.8472039294493
2022,8,ewma_w6_h2,직구,697,3999.3649205879997,2456.7689977839855
2022,8,ewma_w6_h2,체인지업,157,600.7495434867672,412.75827078647853
2022,8,ewma_w6_h2,커브,178,911.9403375876595,637.2335220791811
2022,8,ewma_w6_h2,커터,38,187.03695246302723,118.97271034097223
2022,8,ewma_w6_h2,투심,133,805.7642975016012,922.89850520293
2022,8,ewma_w6_h2,포크,119,579.7410798230728,670.1139454858127
2022,8,ewma_w6_h3,슬라이더,393,1477.863794544681,1606.188219610301
2022,8,ewma_w6_h3,직구,697,4011.2102158852313,2476.125857619798
2022,8,ewma_w6_h3,체인지업,157,599.8356013399341,409.6361777927618
2022,8,ewma_w6_h3,커브,178,907.1832814985678,630.3853996796988
2022,8,ewma_w6_h3,커터,38,186.8428551181523,119.5117188621572
2022,8,ewma_w6_h3,투심,133,808.6042045959482,922.9747861397097
2022,8,ewma_w6_h3,포크,119,582.7483014317756,668.8128599775721
2022,8,precision_h0.5_q0.25,슬라이더,393,1520.4690896903114,1631.8296584654067
2022,8,precision_h0.5_q0.25,직구,697,3947.786970425791,2349.0181970154927
2022,8,precision_h0.5_q0.25,체인지업,157,623.1105098246259,444.5694314637462
2022,8,precision_h0.5_q0.25,커브,178,965.8047256379518,690.3777660363583
2022,8,precision_h0.5_q0.25,커터,38,190.59144936977464,117.57957258711298
2022,8,precision_h0.5_q0.25,투심,133,793.9043300090415,929.9690780862788
2022,8,precision_h0.5_q0.25,포크,119,569.7559156146395,681.5225049859908
2022,8,precision_h0.5_q1,슬라이더,393,1529.9667479227892,1628.3339869485724
2022,8,precision_h0.5_q1,직구,697,3967.4437422149267,2344.0968022795805
2022,8,precision_h0.5_q1,체인지업,157,630.7423711131967,450.111859709599
2022,8,precision_h0.5_q1,커브,178,974.2508274052892,695.3474084538716
2022,8,precision_h0.5_q1,커터,38,193.20483513051633,116.891163762553
2022,8,precision_h0.5_q1,투심,133,800.0764581318491,932.1124736410029
2022,8,precision_h0.5_q1,포크,119,574.9857079030503,683.6149707780803
2022,8,precision_h0.5_q2,슬라이더,393,1531.727690374167,1627.8845281040205
2022,8,precision_h0.5_q2,직구,697,3970.343481920369,2344.0351026438375
2022,8,precision_h0.5_q2,체인지업,157,631.9837210023072,450.7823554752806
2022,8,precision_h0.5_q2,커브,178,975.782593083235,695.92815203346
2022,8,precision_h0.5_q2,커터,38,193.58078600701452,116.81960896562373
2022,8,precision_h0.5_q2,투심,133,800.9899818934052,932.2923989279636
2022,8,precision_h0.5_q2,포크,119,575.7656610489564,683.8378829299428
2022,8,precision_h1_q0.25,슬라이더,393,1493.972883831858,1624.2408201795738
2022,8,precision_h1_q0.25,직구,697,3946.2766708172003,2383.886127539749
2022,8,precision_h1_q0.25,체인지업,157,606.873241405183,428.73201040745835
2022,8,precision_h1_q0.25,커브,178,936.7186561076568,667.5898742949882
2022,8,precision_h1_q0.25,커터,38,186.68431775142878,118.3485719176761
2022,8,precision_h1_q0.25,투심,133,790.8117715761074,925.9289948279005
2022,8,precision_h1_q0.25,포크,119,567.2559182354643,675.5417756643575
2022,8,precision_h1_q1,슬라이더,393,1506.712810897552,1620.4309985677648
2022,8,precision_h1_q1,직구,697,3960.1956006121636,2366.9105339946536
2022,8,precision_h1_q1,체인지업,157,617.2476894005481,437.29991072765574
2022,8,precision_h1_q1,커브,178,951.1581796780933,678.2904902128828
2022,8,precision_h1_q1,커터,38,190.17335576456733,117.19487698047364
2022,8,precision_h1_q1,투심,133,797.1690408703653,927.7980685983409
2022,8,precision_h1_q1,포크,119,572.0779342462821,679.051569708612
2022,8,precision_h1_q2,슬라이더,393,1509.3905826187665,1619.708347796048
2022,8,precision_h1_q2,직구,697,3963.1664384975556,2365.9860912114245
2022,8,precision_h1_q2,체인지업,157,619.1551514351979,438.43267785354186
2022,8,precision_h1_q2,커브,178,953.8863539241925,679.5223480649033
2022,8,precision_h1_q2,커터,38,190.7378465799823,117.0568963262004
2022,8,precision_h1_q2,투심,133,798.3683807180252,927.9388411298764
2022,8,precision_h1_q2,포크,119,573.0799737757692,679.4436211049607
2022,8,precision_h2_q0.25,슬라이더,393,1479.7736998259084,1618.4207621847652
2022,8,precision_h2_q0.25,직구,697,3962.2524290480887,2420.058114460478
2022,8,precision_h2_q0.25,체인지업,157,599.013853020698,418.45400134303577
2022,8,precision_h2_q0.25,커브,178,918.2842518721659,649.6220923974765
2022,8,precision_h2_q0.25,커터,38,184.9330529436291,119.0834767175827
2022,8,precision_h2_q0.25,투심,133,793.5653382044625,924.417730141477
2022,8,precision_h2_q0.25,포크,119,570.5012107236358,671.4901501791196
2022,8,precision_h2_q1,슬라이더,393,1492.4511822648765,1614.687654382833
2022,8,precision_h2_q1,직구,697,3965.3563593166214,2392.5584247224765
2022,8,precision_h2_q1,체인지업,157,608.9236583780678,427.51619284982144
2022,8,precision_h2_q1,커브,178,934.5683574722725,663.3143617663143
2022,8,precision_h2_q1,커터,38,188.39547550298414,117.60993139731241
2022,8,precision_h2_q1,투심,133,797.8422393671694,925.2599588788618
2022,8,precision_h2_q1,포크,119,572.7779652250838,675.4069159767727
2022,8,precision_h2_q2,슬라이더,393,1495.374984795823,1613.812466550476
2022,8,precision_h2_q2,직구,697,3967.268212517703,2390.6042596394827
2022,8,precision_h2_q2,체인지업,157,610.9791931206573,428.8144118839415
2022,8,precision_h2_q2,커브,178,937.8452648611762,664.9620682517477
2022,8,precision_h2_q2,커터,38,189.00890254606782,117.41861308884137
2022,8,precision_h2_q2,투심,133,798.9360453229183,925.2628609856719
2022,8,precision_h2_q2,포크,119,573.6442084598971,675.8744191310881
2022,8,ema_a0.5,슬라이더,393,1482.9363896791376,1609.4680681756136
2022,8,ema_a0.5,직구,697,3979.216922217811,2425.00409345833
2022,8,ema_a0.5,체인지업,157,606.2852023800555,419.77979092757926
2022,8,ema_a0.5,커브,178,924.4783117512047,649.3667114184988
2022,8,ema_a0.5,커터,38,187.55343443380306,118.30616903764871
2022,8,ema_a0.5,투심,133,801.7221483084444,922.9046494883237
2022,8,ema_a0.5,포크,119,577.7303871807147,672.2919289997322
2022,8,ema_a0.75,슬라이더,393,1512.6788132449753,1621.167104411551
2022,8,ema_a0.75,직구,697,3963.333283729281,2361.652171809427
2022,8,ema_a0.75,체인지업,157,621.406382655651,440.7540832419977
2022,8,ema_a0.75,커브,178,957.8672057384415,683.1585542388806
2022,8,ema_a0.75,커터,38,191.1578849855082,117.06906198006662
2022,8,ema_a0.75,투심,133,798.3984901966471,928.5182301452686
2022,8,ema_a0.75,포크,119,573.0917922908999,680.3967783470914
2022,8,ema_a0.9,슬라이더,393,1537.9726446631018,1629.7808986508937
2022,8,ema_a0.9,직구,697,3974.55273361254,2340.2032325215873
2022,8,ema_a0.9,체인지업,157,635.6110547368796,453.82190177085477
2022,8,ema_a0.9,커브,178,981.4449100624313,699.6557781106326
2022,8,ema_a0.9,커터,38,194.41931339481175,116.78473286294977
2022,8,ema_a0.9,투심,133,802.2644851648795,933.4623152194591
2022,8,ema_a0.9,포크,119,577.0112726612215,684.9137364063005
2022,8,kalman_q0.25,슬라이더,393,1461.2818623423584,1632.7561771272917
2022,8,kalman_q0.25,직구,697,3901.726722571015,2392.3404947322597
2022,8,kalman_q0.25,체인지업,157,596.795599353547,414.9162530647669
2022,8,kalman_q0.25,커브,178,931.6693057048947,653.7787921119813
2022,8,kalman_q0.25,커터,38,179.23076317109434,120.89692101410958
2022,8,kalman_q0.25,투심,133,789.1264934082672,933.6696544667659
2022,8,kalman_q0.25,포크,119,574.9641239706809,675.6375001758399
2022,8,kalman_q0.5,슬라이더,393,1486.1871439036677,1634.9404337003748
2022,8,kalman_q0.5,직구,697,3902.2539266418526,2347.854656971213
2022,8,kalman_q0.5,체인지업,157,611.4789492379516,434.1255288237396
2022,8,kalman_q0.5,커브,178,959.2018448979672,676.3777043314946
2022,8,kalman_q0.5,커터,38,183.5284944366716,118.67297527542895
2022,8,kalman_q0.5,투심,133,791.0811325659599,934.1148435422795
2022,8,kalman_q0.5,포크,119,575.662649330668,679.2259520041551
2022,8,kalman_q1,슬라이더,393,1519.2829044565767,1635.2314083165663
2022,8,kalman_q1,직구,697,3935.9016660400084,2334.2566293173963
2022,8,kalman_q1,체인지업,157,629.2233722385122,451.2350570539154
2022,8,kalman_q1,커브,178,981.5719023070969,695.7276534294253
2022,8,kalman_q1,커터,38,189.83781047339303,117.29268812264829
2022,8,kalman_q1,투심,133,798.2483943327971,935.4450329647602
2022,8,kalman_q1,포크,119,579.5188287271427,683.7987158610007
2022,8,kalman_q2,슬라이더,393,1544.0393789970854,1635.5672208556766
2022,8,kalman_q2,직구,697,3969.182944780294,2331.838159838164
2022,8,kalman_q2,체인지업,157,640.5371295183986,459.3377828586408
2022,8,kalman_q2,커브,178,993.0070852584461,705.3546052931551
2022,8,kalman_q2,커터,38,194.4682117745631,116.7906351384056
2022,8,kalman_q2,투심,133,804.0039993910615,936.7376410788413
2022,8,kalman_q2,포크,119,581.3941091143023,686.6334678289389
2022,8,kalman_q4,슬라이더,393,1554.6844614541787,1635.6605505539628
2022,8,kalman_q4,직구,697,3984.8385165990876,2331.290766874463
2022,8,kalman_q4,체인지업,157,644.93541040441,461.7372146007682
2022,8,kalman_q4,커브,178,996.8430983553792,708.2624696688747
2022,8,kalman_q4,커터,38,196.42758543729246,116.64790801323828
2022,8,kalman_q4,투심,133,806.4657958847945,937.2576173963384
2022,8,kalman_q4,포크,119,581.8558511884685,687.551881761277
2022,8,adaptive_q0.5,슬라이더,393,1486.1871439036677,1634.9404337003748
2022,8,adaptive_q0.5,직구,697,3902.2539266418526,2347.854656971213
2022,8,adaptive_q0.5,체인지업,157,611.4789492379516,434.1255288237396
2022,8,adaptive_q0.5,커브,178,959.2018448979672,676.3777043314946
2022,8,adaptive_q0.5,커터,38,183.5284944366716,118.67297527542895
2022,8,adaptive_q0.5,투심,133,791.0811325659599,934.1148435422795
2022,8,adaptive_q0.5,포크,119,575.662649330668,679.2259520041551
2022,8,adaptive_q1,슬라이더,393,1519.2829044565767,1635.2314083165663
2022,8,adaptive_q1,직구,697,3935.9016660400084,2334.2566293173963
2022,8,adaptive_q1,체인지업,157,629.2233722385122,451.2350570539154
2022,8,adaptive_q1,커브,178,981.5719023070969,695.7276534294253
2022,8,adaptive_q1,커터,38,189.83781047339303,117.29268812264829
2022,8,adaptive_q1,투심,133,798.2483943327971,935.4450329647602
2022,8,adaptive_q1,포크,119,579.5188287271427,683.7987158610007
2022,8,adaptive_q2,슬라이더,393,1544.0393789970854,1635.5672208556766
2022,8,adaptive_q2,직구,697,3969.182944780294,2331.838159838164
2022,8,adaptive_q2,체인지업,157,640.5371295183986,459.3377828586408
2022,8,adaptive_q2,커브,178,993.0070852584461,705.3546052931551
2022,8,adaptive_q2,커터,38,194.4682117745631,116.7906351384056
2022,8,adaptive_q2,투심,133,804.0039993910615,936.7376410788413
2022,8,adaptive_q2,포크,119,581.3941091143023,686.6334678289389
2022,8,trend_d0.25,슬라이더,393,1626.6062187204138,1655.0648562908268
2022,8,trend_d0.25,직구,697,4062.245689737627,2321.722837658022
2022,8,trend_d0.25,체인지업,157,680.2158385576715,486.6153824705583
2022,8,trend_d0.25,커브,178,1045.7640141301474,734.356058951437
2022,8,trend_d0.25,커터,38,206.1526539766346,116.57972397457068
2022,8,trend_d0.25,투심,133,827.1731058410594,950.3381863406703
2022,8,trend_d0.25,포크,119,600.1241017056708,696.6976753748992
2022,8,trend_d0.5,슬라이더,393,1714.0102563085047,1683.4505491177574
2022,8,trend_d0.5,직구,697,4169.743024496899,2329.5674718668615
2022,8,trend_d0.5,체인지업,157,722.7348543254448,515.0220091405675
2022,8,trend_d0.5,커브,178,1102.362473293438,763.9924302270226
2022,8,trend_d0.5,커터,38,217.37695227037312,117.58138339983032
2022,8,trend_d0.5,투심,133,854.6024931085851,967.3677769791402
2022,8,trend_d0.5,포크,119,625.1101866065657,708.2500891820488
2022,8,monthly_w28_hflat,슬라이더,393,1553.7774833834833,1653.7802281793731
2022,8,monthly_w28_hflat,직구,697,3926.628327963825,2324.677512174835
2022,8,monthly_w28_hflat,체인지업,157,643.575944600154,479.6962383764713
2022,8,monthly_w28_hflat,커브,178,1002.0711970363593,736.1666966128275
2022,8,monthly_w28_hflat,커터,38,193.86188051551855,117.14899415401683
2022,8,monthly_w28_hflat,투심,133,797.716171707807,930.9320795052458
2022,8,monthly_w28_hflat,포크,119,583.3699230319978,691.3950595933507
2022,8,monthly_w28_h14,슬라이더,393,1522.2400939616773,1651.0283058304863
2022,8,monthly_w28_h14,직구,697,3867.8937889212752,2326.9418474029117
2022,8,monthly_w28_h14,체인지업,157,634.2776720240595,491.72885197960466
2022,8,monthly_w28_h14,커브,178,1000.9474417007839,749.1762332112212
2022,8,monthly_w28_h14,커터,38,185.4827174196839,117.28569478180326
2022,8,monthly_w28_h14,투심,133,786.9339514303078,931.1437676487874
2022,8,monthly_w28_h14,포크,119,583.1190553758089,691.7682610014111
2022,8,monthly_w28_h28,슬라이더,393,1538.6653168514986,1650.8360686304454
2022,8,monthly_w28_h28,직구,697,3897.991728321007,2325.6447513801413
2022,8,monthly_w28_h28,체인지업,157,639.0652216080657,484.7423871800193
2022,8,monthly_w28_h28,커브,178,1001.2487689292893,741.159276828771
2022,8,monthly_w28_h28,커터,38,190.03726905348793,117.07719698801002
2022,8,monthly_w28_h28,투심,133,791.9839843230388,930.7220556381609
2022,8,monthly_w28_h28,포크,119,582.1403705896905,691.1205523364849
2022,8,monthly_w28_h28_huber,슬라이더,393,1528.6654558150026,1642.866253407558
2022,8,monthly_w28_h28_huber,직구,697,3881.006263256791,2323.8186314021323
2022,8,monthly_w28_h28_huber,체인지업,157,638.6217629944024,467.44845458653606
2022,8,monthly_w28_h28_huber,커브,178,1007.2121862550807,701.2727024950572
2022,8,monthly_w28_h28_huber,커터,38,186.8651902524494,119.38399136985109
2022,8,monthly_w28_h28_huber,투심,133,790.9426511223444,941.9472911725893
2022,8,monthly_w28_h28_huber,포크,119,586.5158012856868,677.4062727078358
2022,8,monthly_w56_hflat,슬라이더,393,1489.6989082613707,1628.2314164283068
2022,8,monthly_w56_hflat,직구,697,3903.0658141607773,2424.2907429650577
2022,8,monthly_w56_hflat,체인지업,157,600.2609978750431,427.9998402705536
2022,8,monthly_w56_hflat,커브,178,938.1534787933695,675.6695778741306
2022,8,monthly_w56_hflat,커터,38,182.04626217865305,121.26913505792618
2022,8,monthly_w56_hflat,투심,133,781.0128385852631,929.7060377526094
2022,8,monthly_w56_hflat,포크,119,559.600541247835,683.639651193067
2022,8,monthly_w56_h14,슬라이더,393,1513.0654092406367,1634.8267274316752
2022,8,monthly_w56_h14,직구,697,3881.794011126546,2348.604248942123
2022,8,monthly_w56_h14,체인지업,157,624.0409004130578,462.47980184878804
2022,8,monthly_w56_h14,커브,178,983.9783183708582,709.009477900732
2022,8,monthly_w56_h14,커터,38,185.0530212617349,118.34569709431858
2022,8,monthly_w56_h14,투심,133,785.3253298255141,931.9394655810125
2022,8,monthly_w56_h14,포크,119,572.265879737467,684.2188216358171
2022,8,monthly_w56_h28,슬라이더,393,1505.3302390103563,1630.1271419164077
2022,8,monthly_w56_h28,직구,697,3893.8898392929623,2375.4193284010908
2022,8,monthly_w56_h28,체인지업,157,613.8480646614406,443.78891988477824
2022,8,monthly_w56_h28,커브,178,963.7512784387983,690.0653785249541
2022,8,monthly_w56_h28,커터,38,184.54228825837635,119.39657097014475
2022,8,monthly_w56_h28,투심,133,783.867383799578,930.8773665534454
2022,8,monthly_w56_h28,포크,119,565.4766887454027,682.8339808977099
2022,8,monthly_w56_h28_huber,슬라이더,393,1505.1810508391309,1628.3966126736027
2022,8,monthly_w56_h28_huber,직구,697,3873.3273443957214,2391.269299193949
2022,8,monthly_w56_h28_huber,체인지업,157,617.7891011835957,434.67057555485394
2022,8,monthly_w56_h28_huber,커브,178,974.2648425062624,666.241581413477
2022,8,monthly_w56_h28_huber,커터,38,182.71914639110472,121.60048156925535
2022,8,monthly_w56_h28_huber,투심,133,781.7032796041618,941.7433299637094
2022,8,monthly_w56_h28_huber,포크,119,569.446251472769,675.5245469373704
2022,8,monthly_w84_hflat,슬라이더,393,1513.173416142577,1612.857526193838
2022,8,monthly_w84_hflat,직구,697,4036.12038399979,2435.439408375626
2022,8,monthly_w84_hflat,체인지업,157,590.4603409633687,409.3929028343628
2022,8,monthly_w84_hflat,커브,178,905.0579529405035,640.1488429722015
2022,8,monthly_w84_hflat,커터,38,189.21423545855063,119.79908776945508
2022,8,monthly_w84_hflat,투심,133,805.6171467258746,930.039289703979
2022,8,monthly_w84_hflat,포크,119,563.3506748926794,671.9074512653149
2022,8,monthly_w84_h14,슬라이더,393,1507.5872827508747,1629.8113850993168
2022,8,monthly_w84_h14,직구,697,3892.604782351965,2343.803389890909
2022,8,monthly_w84_h14,체인지업,157,616.8875996114838,453.80164834468
2022,8,monthly_w84_h14,커브,178,969.0392990102248,698.4730929871835
2022,8,monthly_w84_h14,커터,38,185.27704527264106,117.87600753009941
2022,8,monthly_w84_h14,투심,133,785.4440928037891,931.5163702076061
2022,8,monthly_w84_h14,포크,119,568.8134762861442,681.231304026486
2022,8,monthly_w84_h28,슬라이더,393,1503.309455234169,1620.8881267522793
2022,8,monthly_w84_h28,직구,697,3941.726360872242,2375.29897479009
2022,8,monthly_w84_h28,체인지업,157,601.9831424322315,428.50460478741434
2022,8,monthly_w84_h28,커브,178,935.574661858715,668.5957825632621
2022,8,monthly_w84_h28,커터,38,186.50685496397247,118.62775454642214
2022,8,monthly_w84_h28,투심,133,790.1963210847856,930.7598903678231
2022,8,monthly_w84_h28,포크,119,562.1048682889806,676.5888892804367
2022,8,monthly_w84_h28_huber,슬라이더,393,1498.0381093878295,1623.1104112962316
2022,8,monthly_w84_h28_huber,직구,697,3916.8090798925127,2392.085681551681
2022,8,monthly_w84_h28_huber,체인지업,157,600.9243142126285,421.83555493952304
2022,8,monthly_w84_h28_huber,커브,178,938.9201999561066,650.333603381091
2022,8,monthly_w84_h28_huber,커터,38,183.97402448941196,120.87216634219142
2022,8,monthly_w84_h28_huber,투심,133,786.1452912273985,940.3899386212452
2022,8,monthly_w84_h28_huber,포크,119,563.2748103910284,670.8334784825474
2022,8,weekly_w28_hflat,슬라이더,393,1491.5221521676751,1632.5529495519509
2022,8,weekly_w28_hflat,직구,697,4015.4973296558346,2362.8769347694824
2022,8,weekly_w28_hflat,체인지업,157,640.1697440638877,461.32876607001754
2022,8,weekly_w28_hflat,커브,178,1019.6655617454007,695.1204553887762
2022,8,weekly_w28_hflat,커터,38,166.9584946300345,112.0270186051779
2022,8,weekly_w28_hflat,투심,133,822.5070850692146,934.9647989658142
2022,8,weekly_w28_hflat,포크,119,603.6795091546018,679.3181932012876
2022,8,weekly_w28_h14,슬라이더,393,1487.860071575109,1641.5179920394787
2022,8,weekly_w28_h14,직구,697,3995.12608888807,2371.8716866316277
2022,8,weekly_w28_h14,체인지업,157,643.1764020888398,464.38976679188397
2022,8,weekly_w28_h14,커브,178,1020.0535730603415,687.990633827877
2022,8,weekly_w28_h14,커터,38,164.7969340399918,108.91563370386513
2022,8,weekly_w28_h14,투심,133,812.6488225611138,955.9836382348482
2022,8,weekly_w28_h14,포크,119,611.4829165317046,682.3946685002828
2022,8,weekly_w28_h28,슬라이더,393,1489.5614570574348,1636.354121351711
2022,8,weekly_w28_h28,직구,697,4006.78765856623,2365.92395046788
2022,8,weekly_w28_h28,체인지업,157,641.7545967039358,462.6173603890456
2022,8,weekly_w28_h28,커브,178,1020.2290449458078,690.6748330547658
2022,8,weekly_w28_h28,커터,38,165.89706702262973,110.45731547279446
2022,8,weekly_w28_h28,투심,133,818.0538820410302,945.1781543286393
2022,8,weekly_w28_h28,포크,119,607.4721978633573,680.5360881717864
2022,8,weekly_w28_h28_huber,슬라이더,393,1483.1454394966795,1643.818607886389
2022,8,weekly_w28_h28_huber,직구,697,3991.4421915214584,2361.6559720222613
2022,8,weekly_w28_h28_huber,체인지업,157,642.8385146767816,452.1714456876224
2022,8,weekly_w28_h28_huber,커브,178,1017.3945468875614,661.6832541972768
2022,8,weekly_w28_h28_huber,커터,38,166.9351266062287,111.7186655029119
2022,8,weekly_w28_h28_huber,투심,133,810.9148858217507,970.8226374617552
2022,8,weekly_w28_h28_huber,포크,119,612.2557627549762,681.7527606320848
2022,8,weekly_w56_hflat,슬라이더,393,1505.2882595301896,1644.3425160569616
2022,8,weekly_w56_hflat,직구,697,3878.9379041564653,2353.1828399726637
2022,8,weekly_w56_hflat,체인지업,157,611.4670776299374,446.2677594164483
2022,8,weekly_w56_hflat,커브,178,973.9763618876564,676.415448055849
2022,8,weekly_w56_hflat,커터,38,181.85368913366878,121.02118973031833
2022,8,weekly_w56_hflat,투심,133,781.5213573543103,947.4178954154379
2022,8,weekly_w56_hflat,포크,119,594.2290180768604,685.0416467669376
2022,8,weekly_w56_h14,슬라이더,393,1494.5888115734379,1641.1029856441198
2022,8,weekly_w56_h14,직구,697,3893.0467054279297,2355.5405116657844
2022,8,weekly_w56_h14,체인지업,157,617.9195800504572,456.9396184518653
2022,8,weekly_w56_h14,커브,178,1003.115439089383,674.2255679168074
2022,8,weekly_w56_h14,커터,38,173.23716280596918,112.97715642708661
2022,8,weekly_w56_h14,투심,133,798.8126043698171,957.6463837696226
2022,8,weekly_w56_h14,포크,119,602.9395535302054,678.8109246185368
2022,8,weekly_w56_h28,슬라이더,393,1497.8959673711217,1640.6674830298148
2022,8,weekly_w56_h28,직구,697,3880.6510947679203,2350.1793885360257
2022,8,weekly_w56_h28,체인지업,157,613.3254641506934,450.61647806485894
2022,8,weekly_w56_h28,커브,178,988.5623385604779,674.5437784448518
2022,8,weekly_w56_h28,커터,38,177.35958962110462,116.60948211380087
2022,8,weekly_w56_h28,투심,133,791.5589261299006,950.8653473455746
2022,8,weekly_w56_h28,포크,119,596.9371587757093,679.9459998910343
2022,8,weekly_w56_h28_huber,슬라이더,393,1496.8462076716326,1645.085528062617
2022,8,weekly_w56_h28_huber,직구,697,3877.352944699636,2351.027157929705
2022,8,weekly_w56_h28_huber,체인지업,157,617.3420920636601,445.6196662434104
2022,8,weekly_w56_h28_huber,커브,178,994.0486726085712,653.3747558090629
2022,8,weekly_w56_h28_huber,커터,38,176.74431746913737,119.64008877656738
2022,8,weekly_w56_h28_huber,투심,133,791.2321036806909,965.1669480510789
2022,8,weekly_w56_h28_huber,포크,119,602.7964973038303,678.1614471017162
2022,8,weekly_w84_hflat,슬라이더,393,1483.9607393542747,1622.8390275192583
2022,8,weekly_w84_hflat,직구,697,3973.047544460084,2396.0211530337983
2022,8,weekly_w84_hflat,체인지업,157,602.2063551549666,417.2401175515885
2022,8,weekly_w84_hflat,커브,178,935.1771074814653,642.2981117498734
2022,8,weekly_w84_hflat,커터,38,187.1235227981524,121.0034242269022
2022,8,weekly_w84_hflat,투심,133,800.7386991212765,937.0189328236308
2022,8,weekly_w84_hflat,포크,119,567.3641093009447,678.2145514885437
2022,8,weekly_w84_h14,슬라이더,393,1485.1058109001217,1632.9696629118496
2022,8,weekly_w84_h14,직구,697,3899.1120430199903,2355.81959968126
2022,8,weekly_w84_h14,체인지업,157,613.2546310450145,448.0396956209223
2022,8,weekly_w84_h14,커브,178,989.6986212972756,665.516432960603
2022,8,weekly_w84_h14,커터,38,174.42521677190211,113.57638855592478
2022,8,weekly_w84_h14,투심,133,797.4527373173016,952.9495633072439
2022,8,weekly_w84_h14,포크,119,594.5957148316936,676.4155659297195
2022,8,weekly_w84_h28,슬라이더,393,1480.9062172405288,1625.9454311931372
2022,8,weekly_w84_h28,직구,697,3912.646202672533,2361.6088157998383
2022,8,weekly_w84_h28,체인지업,157,605.3161565404982,432.14721901541736
2022,8,weekly_w84_h28,커브,178,962.1338792097966,655.446641385977
2022,8,weekly_w84_h28,커터,38,180.15385301324247,117.44470504506393
2022,8,weekly_w84_h28,투심,133,793.7992700010993,943.0766942570106
2022,8,weekly_w84_h28,포크,119,579.9546828504996,675.9345219518588
2022,8,weekly_w84_h28_huber,슬라이더,393,1478.0910786591553,1631.616626534975
2022,8,weekly_w84_h28_huber,직구,697,3905.3904874802192,2368.167419017233
2022,8,weekly_w84_h28_huber,체인지업,157,607.8102557624755,428.426364405468
2022,8,weekly_w84_h28_huber,커브,178,965.4038317730417,638.948740104381
2022,8,weekly_w84_h28_huber,커터,38,178.84912691750165,120.43006124587801
2022,8,weekly_w84_h28_huber,투심,133,792.5382996852979,954.9936069441455
2022,8,weekly_w84_h28_huber,포크,119,583.3073121931424,673.7893108376721
2022,8,weekly_w56_h7,슬라이더,393,1493.7335169721882,1650.3214097461168
2022,8,weekly_w56_h7,직구,697,3915.0126679321093,2379.8855828435567
2022,8,weekly_w56_h7,체인지업,157,631.9738210329308,468.643469985984
2022,8,weekly_w56_h7,커브,178,1023.2661193137571,678.5314271640873
2022,8,weekly_w56_h7,커터,38,166.28698791393805,109.0117070842491
2022,8,weekly_w56_h7,투심,133,799.0127362559156,976.2749868889811
2022,8,weekly_w56_h7,포크,119,619.3758899055597,683.9436089743863
2022,8,weekly_w56_h10,슬라이더,393,1493.627581084379,1643.9342757890163
2022,8,weekly_w56_h10,직구,697,3904.027567603383,2364.223421481335
2022,8,weekly_w56_h10,체인지업,157,623.0853527539206,462.23673258144686
2022,8,weekly_w56_h10,커브,178,1012.9683321797305,675.3324123637117
2022,8,weekly_w56_h10,커터,38,170.19204128447356,110.93301263422221
2022,8,weekly_w56_h10,투심,133,801.0458980848516,964.7849520030027
2022,8,weekly_w56_h10,포크,119,609.2710098784814,680.1999024788901
2022,8,weekly_w56_h21,슬라이더,393,1496.4335350845765,1640.3597598930585
2022,8,weekly_w56_h21,직구,697,3884.0842945491695,2351.096491145105
2022,8,weekly_w56_h21,체인지업,157,614.5672082327693,452.5806501662038
2022,8,weekly_w56_h21,커브,178,993.559100429497,674.2227658943141
2022,8,weekly_w56_h21,커터,38,175.94708962715328,115.27404173657293
2022,8,weekly_w56_h21,투심,133,794.445285521322,952.7785146532806
2022,8,weekly_w56_h21,포크,119,598.610546612011,679.131844966038
2022,8,weekly_w84_h7,슬라이더,393,1492.2057490534203,1648.992877782807
2022,8,weekly_w84_h7,직구,697,3914.5788671418713,2379.2791479974603
2022,8,weekly_w84_h7,체인지업,157,631.1274258643926,467.5433873307579
2022,8,weekly_w84_h7,커브,178,1021.2871814880959,677.4244415539072
2022,8,weekly_w84_h7,커터,38,166.44649473192328,109.1064233815064
2022,8,weekly_w84_h7,투심,133,798.6962830208197,975.400656361539
2022,8,weekly_w84_h7,포크,119,618.0759587264564,683.5537348709865
2022,8,weekly_w84_h10,슬라이더,393,1488.698784252056,1639.6432248874003
2022,8,weekly_w84_h10,직구,697,3904.541530714814,2363.077950819943
2022,8,weekly_w84_h10,체인지업,157,620.5550825937955,458.0489610965151
2022,8,weekly_w84_h10,커브,178,1006.2948682916259,671.2456560766896
2022,8,weekly_w84_h10,커터,38,170.74006132651044,111.24703556898606
2022,8,weekly_w84_h10,투심,133,800.0152343164091,962.1569356708837
2022,8,weekly_w84_h10,포크,119,605.0738509927781,678.8812493833906
2022,8,weekly_w84_h21,슬라이더,393,1481.9458102850572,1627.959698925747
2022,8,weekly_w84_h21,직구,697,3903.9665608664736,2356.96557358353
2022,8,weekly_w84_h21,체인지업,157,607.6455424719109,437.6640723782705
2022,8,weekly_w84_h21,커브,178,971.8562384187948,659.2049230685534
2022,8,weekly_w84_h21,커터,38,178.0920231570167,116.09250256798785
2022,8,weekly_w84_h21,투심,133,794.5143442656761,946.0141254896615
2022,8,weekly_w84_h21,포크,119,584.9074078679346,675.6915079531664
2022,8,weekly_w112_h7,슬라이더,393,1492.1231245024924,1648.893422458307
2022,8,weekly_w112_h7,직구,697,3914.4965944356095,2379.327168867614
2022,8,weekly_w112_h7,체인지업,157,631.0401366224424,467.4751908278391
2022,8,weekly_w112_h7,커브,178,1021.1106114107663,677.3249338595641
2022,8,weekly_w112_h7,커터,38,166.4664600779995,109.10664359981268
2022,8,weekly_w112_h7,투심,133,798.684574645983,975.3387778537264
2022,8,weekly_w112_h7,포크,119,618.0251959971166,683.5228047608091
2022,8,weekly_w112_h10,슬라이더,393,1488.054772553276,1638.8997059900294
2022,8,weekly_w112_h10,직구,697,3904.2992057862684,2363.7342756779035
2022,8,weekly_w112_h10,체인지업,157,619.9141914923933,457.49732886948453
2022,8,weekly_w112_h10,커브,178,1004.907385809592,670.4928504402567
2022,8,weekly_w112_h10,커터,38,170.87464044328584,111.26096423058132
2022,8,weekly_w112_h10,투심,133,799.8993346597584,961.7580286067696
2022,8,weekly_w112_h10,포크,119,604.8102628371724,678.6511889892539
2022,8,weekly_w112_h21,슬라이더,393,1478.3271182324554,1622.923967356558
2022,8,weekly_w112_h21,직구,697,3908.5407957214425,2367.668256062243
2022,8,weekly_w112_h21,체인지업,157,602.9757919959275,433.63366377992475
2022,8,weekly_w112_h21,커브,178,960.8459200159477,653.1215300161896
2022,8,weekly_w112_h21,커터,38,178.9242047089415,116.30201148961258
2022,8,weekly_w112_h21,투심,133,793.7611455850715,943.6916003117749
2022,8,weekly_w112_h21,포크,119,585.0341337868144,674.0125488477228
2022,8,weekly_w112_h14,슬라이더,393,1483.1352631015257,1630.6146893876353
2022,8,weekly_w112_h14,직구,697,3899.6090929867823,2359.067368823303
2022,8,weekly_w112_h14,체인지업,157,611.1760859273863,446.2081331759779
2022,8,weekly_w112_h14,커브,178,984.9956667107047,662.9711748330349
2022,8,weekly_w112_h14,커터,38,174.83020836105166,113.6467067772057
2022,8,weekly_w112_h14,투심,133,797.0491088197896,951.794221251387
2022,8,weekly_w112_h14,포크,119,594.146079499492,675.6743781879701
2022,8,weekly_w84_h3.5,슬라이더,393,1509.1571614826844,1667.4771055779704
2022,8,weekly_w84_h3.5,직구,697,3918.748755180698,2419.6111206104374
2022,8,weekly_w84_h3.5,체인지업,157,662.032969823468,471.97191838571587
2022,8,weekly_w84_h3.5,커브,178,1039.6839972744342,689.5104717635174
2022,8,weekly_w84_h3.5,커터,38,161.70165608805587,105.63415600991382
2022,8,weekly_w84_h3.5,투심,133,779.0343978268918,1001.8220393634964
2022,8,weekly_w84_h3.5,포크,119,651.6514780925384,694.5204744283747
2022,8,weekly_w28_h7,슬라이더,393,1486.6982766708038,1654.0220355378478
2022,8,weekly_w28_h7,직구,697,3968.670709122311,2389.7971002783374
2022,8,weekly_w28_h7,체인지업,157,646.7906337671182,468.27046466705104
2022,8,weekly_w28_h7,커브,178,1018.8241245459217,688.1546242065912
2022,8,weekly_w28_h7,커터,38,162.71568527215396,106.21240314140464
2022,8,weekly_w28_h7,투심,133,801.1013974495254,976.4759809596999
2022,8,weekly_w28_h7,포크,119,621.1175582556099,687.395970949349
2022,8,weekly_w84_h14_huber,슬라이더,393,1482.5826276062305,1642.108600373871
2022,8,weekly_w84_h14_huber,직구,697,3898.843869346618,2360.1860159621674
2022,8,weekly_w84_h14_huber,체인지업,157,617.1605679510399,443.3278068817857
2022,8,weekly_w84_h14_huber,커브,178,993.7032017646186,642.4833043347294
2022,8,weekly_w84_h14_huber,커터,38,173.51737067072838,117.77837650803835
2022,8,weekly_w84_h14_huber,투심,133,796.3936625763965,969.2065206970715
2022,8,weekly_w84_h14_huber,포크,119,600.6335648486737,673.8973541783986
2022,8,daily_w84_h3.5,슬라이더,393,1526.3178405985082,1681.0764308497448
2022,8,daily_w84_h3.5,직구,697,3903.8761302764624,2412.68100767057
2022,8,daily_w84_h3.5,체인지업,157,656.6734931536334,466.20203361499466
2022,8,daily_w84_h3.5,커브,178,989.8935289408582,692.6512347828374
2022,8,daily_w84_h3.5,커터,38,163.16110650891656,106.23702232957393
2022,8,daily_w84_h3.5,투심,133,742.4397593572976,1003.835688424622
2022,8,daily_w84_h3.5,포크,119,598.5330853798645,695.6419652702536
2022,8,daily_w56_h7,슬라이더,393,1504.6869089602064,1654.9840485171947
2022,8,daily_w56_h7,직구,697,3883.510290075448,2370.6403152304456
2022,8,daily_w56_h7,체인지업,157,624.6027727471472,461.9085413915999
2022,8,daily_w56_h7,커브,178,1000.0343896939783,682.515090359899
2022,8,daily_w56_h7,커터,38,163.40634229037113,108.62546440957327
2022,8,daily_w56_h7,투심,133,767.9744295114746,977.6265654177055
2022,8,daily_w56_h7,포크,119,585.993548404762,687.9062461113782
2022,8,daily_w56_h14,슬라이더,393,1499.5858506782429,1642.980882274607
2022,8,daily_w56_h14,직구,697,3874.3224496502175,2348.21613088877
2022,8,daily_w56_h14,체인지업,157,611.3421780338792,450.63168106672566
2022,8,daily_w56_h14,커브,178,996.4570157906287,675.5809800121149
2022,8,daily_w56_h14,커터,38,169.57132725886504,111.65046097852633
2022,8,daily_w56_h14,투심,133,781.9050628065568,959.2900744700307
2022,8,daily_w56_h14,포크,119,582.2421189761026,680.8735617514228
2022,8,daily_w56_h28,슬라이더,393,1498.8601532093833,1642.4741515556962
2022,8,daily_w56_h28,직구,697,3864.9160431550113,2340.232038050074
2022,8,daily_w56_h28,체인지업,157,608.5433500824756,444.7387904041111
2022,8,daily_w56_h28,커브,178,988.6646714549687,674.7534106378691
2022,8,daily_w56_h28,커터,38,174.15167523850727,114.73475793908717
2022,8,daily_w56_h28,투심,133,782.0119441386887,952.9005375512861
2022,8,daily_w56_h28,포크,119,581.3697890305399,678.9804782578481
2022,8,daily_w84_h7,슬라이더,393,1503.205335776099,1653.4985047258685
2022,8,daily_w84_h7,직구,697,3883.111014327009,2369.6724553573877
2022,8,daily_w84_h7,체인지업,157,623.7014643255391,460.9439697436114
2022,8,daily_w84_h7,커브,178,998.2944534057617,681.432831898494
2022,8,daily_w84_h7,커터,38,163.291768968554,108.7809656859019
2022,8,daily_w84_h7,투심,133,767.632299521777,976.7142275180728
2022,8,daily_w84_h7,포크,119,585.2387611854315,687.8633813962296
2022,8,daily_w84_h14,슬라이더,393,1489.1767136249805,1634.4295605401267
2022,8,daily_w84_h14,직구,697,3876.1809741570337,2348.8748317168242
2022,8,daily_w84_h14,체인지업,157,606.5425074277297,443.6222301589797
2022,8,daily_w84_h14,커브,178,982.9154420309184,667.8859354609855
2022,8,daily_w84_h14,커터,38,169.22132425803116,112.64733437012325
2022,8,daily_w84_h14,투심,133,779.0595001516892,954.8679404041638
2022,8,daily_w84_h14,포크,119,576.1772631586917,680.2258780068753
2022,8,daily_w84_h28,슬라이더,393,1480.4898096567392,1627.2705950570821
2022,8,daily_w84_h28,직구,697,3886.211596159883,2354.770665750972
2022,8,daily_w84_h28,체인지업,157,600.8718243540513,430.40425087642234
2022,8,daily_w84_h28,커브,178,961.204814787721,657.9044255510807
2022,8,daily_w84_h28,커터,38,174.3888711870349,116.59307106246912
2022,8,daily_w84_h28,투심,133,778.949185108099,945.9844230298663
2022,8,daily_w84_h28,포크,119,567.8399253683567,678.2122768880645
2022,8,fortnightly_w84_h7,슬라이더,393,1488.3727787926148,1623.6320102121003
2022,8,fortnightly_w84_h7,직구,697,3902.650731882636,2366.445458337782
2022,8,fortnightly_w84_h7,체인지업,157,632.3954070651769,432.1766383158012
2022,8,fortnightly_w84_h7,커브,178,1032.3058732313443,652.1131326806608
2022,8,fortnightly_w84_h7,커터,38,168.99184336030493,116.90344135060731
2022,8,fortnightly_w84_h7,투심,133,826.3482650329327,942.9338799899379
2022,8,fortnightly_w84_h7,포크,119,614.0430034202432,651.3753459173579
2022,8,fortnightly_w84_h14,슬라이더,393,1480.8248228779005,1624.272692179457
2022,8,fortnightly_w84_h14,직구,697,3894.6413363262195,2359.0098487746977
2022,8,fortnightly_w84_h14,체인지업,157,608.2793771769931,431.1278189743982
2022,8,fortnightly_w84_h14,커브,178,981.9540506248234,657.5417654292678
2022,8,fortnightly_w84_h14,커터,38,176.88047797964606,119.26912396394954
2022,8,fortnightly_w84_h14,투심,133,818.5704074275793,936.0891648977283
2022,8,fortnightly_w84_h14,포크,119,598.0859601140777,664.1749277018616
2022,8,fortnightly_w84_h28,슬라이더,393,1480.0968663386168,1622.0883953729906
2022,8,fortnightly_w84_h28,직구,697,3921.475805241179,2371.0081546971833
2022,8,fortnightly_w84_h28,체인지업,157,597.0222846060544,424.16823875382227
2022,8,fortnightly_w84_h28,커브,178,949.2647722558386,650.7741627381217
2022,8,fortnightly_w84_h28,커터,38,181.0637486854284,121.23255625995778
2022,8,fortnightly_w84_h28,투심,133,811.0042917792965,935.0277564878718
2022,8,fortnightly_w84_h28,포크,119,583.5171446813479,672.7125229947271
2022,9,uncorrected,슬라이더,373,10632.255343671215,4078.959978526077
2022,9,uncorrected,직구,760,30464.5429584026,10232.870830609856
2022,9,uncorrected,체인지업,184,4531.321464327873,1660.728025860574
2022,9,uncorrected,커브,192,3954.4277686236446,1312.6131039887448
2022,9,uncorrected,커터,45,1652.7729550477816,663.3203988233321
2022,9,uncorrected,투심,150,5702.710507839811,4128.784886975506
2022,9,uncorrected,포크,116,3304.83752016676,1260.7546880408381
2022,9,last_month,슬라이더,373,1675.1102992127558,1252.4004955714108
2022,9,last_month,직구,760,4420.437429457774,3018.994960144162
2022,9,last_month,체인지업,184,799.0361097355938,471.82351303608
2022,9,last_month,커브,192,953.8013867119905,843.8489842174887
2022,9,last_month,커터,45,495.2625375172358,271.06726503680227
2022,9,last_month,투심,150,1073.338831961912,2411.04154083318
2022,9,last_month,포크,116,634.868947296201,608.4847031579652
2022,9,season_to_date,슬라이더,373,1656.0909135263355,1204.6314720234168
2022,9,season_to_date,직구,760,4340.917870867763,3106.181277765111
2022,9,season_to_date,체인지업,184,772.9395297078785,441.99217671394763
2022,9,season_to_date,커브,192,929.5587743147692,737.2130977576232
2022,9,season_to_date,커터,45,483.4126259248457,277.6118001387852
2022,9,season_to_date,투심,150,1034.6163851294427,2414.6624395559297
2022,9,season_to_date,포크,116,578.8017212027122,592.2904040671883
2022,9,ewma_w2_h0.25,슬라이더,373,1671.5602071951898,1248.9161280843973
2022,9,ewma_w2_h0.25,직구,760,4403.859321131465,3011.313147122766
2022,9,ewma_w2_h0.25,체인지업,184,795.1901112194332,471.62024188068057
2022,9,ewma_w2_h0.25,커브,192,953.930152062086,842.931538780336
2022,9,ewma_w2_h0.25,커터,45,493.7962620605383,269.71422658706734
2022,9,ewma_w2_h0.25,투심,150,1071.3612018080375,2408.3399522912696
2022,9,ewma_w2_h0.25,포크,116,629.4098815400774,609.1336856434382
2022,9,ewma_w2_h0.5,슬라이더,373,1667.642198567886,1242.1527913789155
2022,9,ewma_w2_h0.5,직구,760,4372.863278046824,2996.3483760325025
2022,9,ewma_w2_h0.5,체인지업,184,788.1670914589831,471.98797924548643
2022,9,ewma_w2_h0.5,커브,192,956.7871460381497,841.5367826661015
2022,9,ewma_w2_h0.5,커터,45,490.9111000523017,266.7338136519642
2022,9,ewma_w2_h0.5,투심,150,1068.8838970784864,2402.6724959548637
2022,9,ewma_w2_h0.5,포크,116,617.7232186098902,611.2403999011752
2022,9,ewma_w2_h1,슬라이더,373,1669.9076877354296,1237.8381616836364
2022,9,ewma_w2_h1,직구,760,4354.9855185205015,2986.715177619032
2022,9,ewma_w2_h1,체인지업,184,784.3956536756606,473.44438249083044
2022,9,ewma_w2_h1,커브,192,962.7883255249575,841.2657705109015
2022,9,ewma_w2_h1,커터,45,489.0079458620894,264.26493391877955
2022,9,ewma_w2_h1,투심,150,1069.4855265891392,2398.3781377758924
2022,9,ewma_w2_h1,포크,116,608.520196989075,613.9419437461124
2022,9,ewma_w2_h2,슬라이더,373,1674.1059306481939,1236.2021617976445
2022,9,ewma_w2_h2,직구,760,4349.535397235172,2983.001881736596
2022,9,ewma_w2_h2,체인지업,184,783.4623757607524,474.8528421887451
2022,9,ewma_w2_h2,커브,192,967.992119817393,841.5966318758233
2022,9,ewma_w2_h2,커터,45,488.2424601925141,262.9310687972922
2022,9,ewma_w2_h2,투심,150,1071.2427765808397,2396.2741023293547
2022,9,ewma_w2_h2,포크,116,603.8059538168718,615.9176762382818
2022,9,ewma_w2_h3,슬라이더,373,1676.0770151168726,1235.8049721234963
2022,9,ewma_w2_h3,직구,760,4348.590945149618,2982.0830824955215
2022,9,ewma_w2_h3,체인지업,184,783.3773919494514,475.43885323797747
2022,9,ewma_w2_h3,커브,192,970.0901995976772,841.8005607850122
2022,9,ewma_w2_h3,커터,45,488.04411355849635,262.49386130503063
2022,9,ewma_w2_h3,투심,150,1072.1052740711723,2395.627680161755
2022,9,ewma_w2_h3,포크,116,602.3123338065029,616.6685314244265
2022,9,ewma_w3_h0.25,슬라이더,373,1671.005509231411,1248.4622858429689
2022,9,ewma_w3_h0.25,직구,760,4402.72238548995,3011.022085516297
2022,9,ewma_w3_h0.25,체인지업,184,794.78300097089,471.3714559920716
2022,9,ewma_w3_h0.25,커브,192,953.539247916704,842.3990756749181
2022,9,ewma_w3_h0.25,커터,45,493.73348704884654,269.72522260237827
2022,9,ewma_w3_h0.25,투심,150,1071.0496018469867,2408.220031402771
2022,9,ewma_w3_h0.25,포크,116,629.0490393303816,609.0033785229093
2022,9,ewma_w3_h0.5,슬라이더,373,1661.504575333024,1237.2409738280585
2022,9,ewma_w3_h0.5,직구,760,4361.540519961999,2994.815502923774
2022,9,ewma_w3_h0.5,체인지업,184,783.7398289421769,469.12613393130175
2022,9,ewma_w3_h0.5,커브,192,952.1054553605292,835.0923603205034
2022,9,ewma_w3_h0.5,커터,45,490.38060174991836,267.1531992375411
2022,9,ewma_w3_h0.5,투심,150,1065.2585284441084,2401.6732139695614
2022,9,ewma_w3_h0.5,포크,116,613.8199710816455,609.655616858535
2022,9,ewma_w3_h1,슬라이더,373,1653.7558891025506,1226.0078786170059
2022,9,ewma_w3_h1,직구,760,4329.476544602152,2988.628791473382
2022,9,ewma_w3_h1,체인지업,184,773.2161794946,465.95434429796387
2022,9,ewma_w3_h1,커브,192,949.3125873714137,823.3328581797805
2022,9,ewma_w3_h1,커터,45,488.09777156775027,266.30392851522157
2022,9,ewma_w3_h1,투심,150,1059.3272394571625,2396.9818325927054
2022,9,ewma_w3_h1,포크,116,598.7682122380395,609.4793883067105
2022,9,ewma_w3_h2,슬라이더,373,1650.1454786454326,1220.273171114686
2022,9,ewma_w3_h2,직구,760,4316.274114587632,2992.2760300960917
2022,9,ewma_w3_h2,체인지업,184,767.4983357557945,464.0260874141064
2022,9,ewma_w3_h2,커브,192,946.7577582584238,814.49880512615
2022,9,ewma_w3_h2,커터,45,487.35838847528447,266.89853377684165
2022,9,ewma_w3_h2,투심,150,1055.5161891050602,2395.6009702691517
2022,9,ewma_w3_h2,포크,116,590.0468106615057,609.094360954549
2022,9,ewma_w3_h3,슬라이더,373,1649.1505491540706,1218.6582682092978
2022,9,ewma_w3_h3,직구,760,4313.122700725134,2995.1882289168493
2022,9,ewma_w3_h3,체인지업,184,765.7155401714035,463.42901539112177
2022,9,ewma_w3_h3,커브,192,945.7003988156707,811.2359497603742
2022,9,ewma_w3_h3,커터,45,487.23466033782717,267.3337372200388
2022,9,ewma_w3_h3,투심,150,1054.1616996512082,2395.4688622197827
2022,9,ewma_w3_h3,포크,116,587.1780362888256,608.9321607006126
2022,9,ewma_w6_h0.25,슬라이더,373,1670.978603161947,1248.4314213014816
2022,9,ewma_w6_h0.25,직구,760,4402.646080259405,3011.0383657894045
2022,9,ewma_w6_h0.25,체인지업,184,794.7650454155091,471.3524933721773
2022,9,ewma_w6_h0.25,커브,192,953.5071029872395,842.3432249314042
2022,9,ewma_w6_h0.25,커터,45,493.72146648412615,269.7226269863231
2022,9,ewma_w6_h0.25,투심,150,1071.0166727505707,2408.221992032265
2022,9,ewma_w6_h0.25,포크,116,629.0217320436203,608.9912658094144
2022,9,ewma_w6_h0.5,슬라이더,373,1660.350846735573,1235.6260128669892
2022,9,ewma_w6_h0.5,직구,760,4358.754244241762,2996.2630662668416
2022,9,ewma_w6_h0.5,체인지업,184,783.0816739148095,468.0267277907832
2022,9,ewma_w6_h0.5,커브,192,950.6258718287238,831.9025671396424
2022,9,ewma_w6_h0.5,커터,45,489.88645689635035,267.1001528342967
2022,9,ewma_w6_h0.5,투심,150,1063.7652566672632,2401.875876205928
2022,9,ewma_w6_h0.5,포크,116,612.6638181825801,608.9327128439737
2022,9,ewma_w6_h1,슬라이더,373,1649.6272997898118,1217.9326476203646
2022,9,ewma_w6_h1,직구,760,4323.211370474037,3002.0660775774563
2022,9,ewma_w6_h1,체인지업,184,771.7511979371495,459.5995504465633
2022,9,ewma_w6_h1,커브,192,942.6911543276257,804.3933506761641
2022,9,ewma_w6_h1,커터,45,486.16004917381383,266.60036896364716
2022,9,ewma_w6_h1,투심,150,1052.7222796072874,2399.200737885787
2022,9,ewma_w6_h1,포크,116,594.4636252948598,605.0717808073751
2022,9,ewma_w6_h2,슬라이더,373,1645.7177674531672,1206.8979454847517
2022,9,ewma_w6_h2,직구,760,4317.880143426128,3028.1477904916296
2022,9,ewma_w6_h2,체인지업,184,767.9769085045737,451.8304213381973
2022,9,ewma_w6_h2,커브,192,936.4357128349725,776.3084777113504
2022,9,ewma_w6_h2,커터,45,484.6023047569087,268.3761259908606
2022,9,ewma_w6_h2,투심,150,1045.3513396422982,2402.100857256307
2022,9,ewma_w6_h2,포크,116,584.9804383385774,600.1867579175826
2022,9,ewma_w6_h3,슬라이더,373,1645.4241255947948,1203.958443847383
2022,9,ewma_w6_h3,직구,760,4321.214169020515,3042.9601266491586
2022,9,ewma_w6_h3,체인지업,184,767.8003749840495,449.0316543332434
2022,9,ewma_w6_h3,커브,192,934.5890230596499,765.029780211272
2022,9,ewma_w6_h3,커터,45,484.3704922536813,269.5223976195867
2022,9,ewma_w6_h3,투심,150,1043.3044392052602,2404.3785612847723
2022,9,ewma_w6_h3,포크,116,582.685960056728,598.1787748526206
2022,9,precision_h0.5_q0.25,슬라이더,373,1663.5993389233504,1241.2475554957948
2022,9,precision_h0.5_q0.25,직구,760,4344.246970755611,3001.98947268575
2022,9,precision_h0.5_q0.25,체인지업,184,788.5475996620396,469.5253391640325
2022,9,precision_h0.5_q0.25,커브,192,951.9795962701967,837.6302224317388
2022,9,precision_h0.5_q0.25,커터,45,487.4765491860775,268.44840177838677
2022,9,precision_h0.5_q0.25,투심,150,1056.4766372101662,2404.807132388914
2022,9,precision_h0.5_q0.25,포크,116,617.8464413098212,609.150536452051
2022,9,precision_h0.5_q1,슬라이더,373,1665.8143647145516,1243.301102530303
2022,9,precision_h0.5_q1,직구,760,4378.099812841795,3004.0950627773636
2022,9,precision_h0.5_q1,체인지업,184,789.862295350468,470.0673307362973
2022,9,precision_h0.5_q1,커브,192,952.066501674456,838.7370372957819
2022,9,precision_h0.5_q1,커터,45,491.41557183925477,268.60757033781096
2022,9,precision_h0.5_q1,투심,150,1066.1111837035337,2405.542174811988
2022,9,precision_h0.5_q1,포크,116,622.0302838944334,609.0262840596118
2022,9,precision_h0.5_q2,슬라이더,373,1666.209773263147,1243.481740658422
2022,9,precision_h0.5_q2,직구,760,4382.937915086195,3004.3228510153863
2022,9,precision_h0.5_q2,체인지업,184,790.0299402810374,470.10431343902997
2022,9,precision_h0.5_q2,커브,192,952.1859760718655,838.7789871386362
2022,9,precision_h0.5_q2,커터,45,491.9780639755095,268.62591316889035
2022,9,precision_h0.5_q2,투심,150,1067.565117968697,2405.607565337857
2022,9,precision_h0.5_q2,포크,116,622.5828000432329,608.9999911366808
2022,9,precision_h1_q0.25,슬라이더,373,1653.3581733056067,1227.1302405078338
2022,9,precision_h1_q0.25,직구,760,4297.001441256494,2997.364010256736
2022,9,precision_h1_q0.25,체인지업,184,778.3531474799473,463.6917381811305
2022,9,precision_h1_q0.25,커브,192,946.749192067162,820.0726349273984
2022,9,precision_h1_q0.25,커터,45,483.22421511444156,267.6270042372426
2022,9,precision_h1_q0.25,투심,150,1045.0709856982332,2400.8931238512287
2022,9,precision_h1_q0.25,포크,116,600.5952284434314,606.8238628815951
2022,9,precision_h1_q1,슬라이더,373,1655.666174757871,1231.8185038513902
2022,9,precision_h1_q1,직구,760,4340.361105174537,2997.6022174223062
2022,9,precision_h1_q1,체인지업,184,780.4936152748427,465.69001715224493
2022,9,precision_h1_q1,커브,192,946.8622844881152,825.7968046733447
2022,9,precision_h1_q1,커터,45,487.99488013914606,267.27073941182636
2022,9,precision_h1_q1,투심,150,1057.4360123919719,2401.706926864329
2022,9,precision_h1_q1,포크,116,608.3978848850911,607.5857104556443
2022,9,precision_h1_q2,슬라이더,373,1656.733998255596,1232.247379753956
2022,9,precision_h1_q2,직구,760,4349.299065181075,2997.7658533943213
2022,9,precision_h1_q2,체인지업,184,780.9524716361279,465.84914626322006
2022,9,precision_h1_q2,커브,192,947.5412283129608,826.1921862621339
2022,9,precision_h1_q2,커터,45,488.9369003668691,267.24960900158806
2022,9,precision_h1_q2,투심,150,1060.1748135508637,2401.8024029893154
2022,9,precision_h1_q2,포크,116,609.8105368099781,607.622519553293
2022,9,precision_h2_q0.25,슬라이더,373,1649.1514008969639,1215.9841251665173
2022,9,precision_h2_q0.25,직구,760,4287.500240188562,3007.7684947103335
2022,9,precision_h2_q0.25,체인지업,184,772.7915889000076,457.33901189822404
2022,9,precision_h2_q0.25,커브,192,942.5140271431809,798.908306579945
2022,9,precision_h2_q0.25,커터,45,482.12672287717845,268.35089550767566
2022,9,precision_h2_q0.25,투심,150,1040.6889965773016,2400.674545821107
2022,9,precision_h2_q0.25,포크,116,589.8970918901371,603.22211920121
2022,9,precision_h2_q1,슬라이더,373,1648.4523278531096,1221.4745595958243
2022,9,precision_h2_q1,직구,760,4318.761730699675,3001.7092365365315
2022,9,precision_h2_q1,체인지업,184,774.1777574808506,460.32062996200705
2022,9,precision_h2_q1,커브,192,941.3556098685699,809.1339971686099
2022,9,precision_h2_q1,커터,45,485.82684583170044,267.14170065861146
2022,9,precision_h2_q1,투심,150,1050.4057712135195,2400.4746003410264
2022,9,precision_h2_q1,포크,116,597.9914705607978,604.8909101608074
2022,9,precision_h2_q2,슬라이더,373,1649.5290491019832,1222.0190910152105
2022,9,precision_h2_q2,직구,760,4328.421792480086,3001.4232792624325
2022,9,precision_h2_q2,체인지업,184,774.6106170377944,460.58077816341506
2022,9,precision_h2_q2,커브,192,942.3202395949829,809.9297693244616
2022,9,precision_h2_q2,커터,45,486.811785448522,267.04349565664955
2022,9,precision_h2_q2,투심,150,1053.5137489781796,2400.512421487937
2022,9,precision_h2_q2,포크,116,599.8721045686362,605.0070849173411
2022,9,ema_a0.5,슬라이더,373,1645.9589666721963,1215.6345198319943
2022,9,ema_a0.5,직구,760,4322.028110371517,3006.4530600882686
2022,9,ema_a0.5,체인지업,184,771.1059631680647,457.40976777341916
2022,9,ema_a0.5,커브,192,942.158369174666,799.0245497575895
2022,9,ema_a0.5,커터,45,486.52263122969515,267.1243526071849
2022,9,ema_a0.5,투심,150,1052.5535994950546,2399.6127112457907
2022,9,ema_a0.5,포크,116,594.2428483312216,603.6763279963718
2022,9,ema_a0.75,슬라이더,373,1660.194846502927,1235.502130865028
2022,9,ema_a0.75,직구,760,4358.619472518627,2996.335503253752
2022,9,ema_a0.75,체인지업,184,783.0386722513826,467.93065629371483
2022,9,ema_a0.75,커브,192,950.5890397675114,831.6884970654617
2022,9,ema_a0.75,커터,45,489.8917622869198,267.10936263039946
2022,9,ema_a0.75,투심,150,1063.7394689574014,2401.8700399649597
2022,9,ema_a0.75,포크,116,612.6285097734715,608.8760612592315
2022,9,ema_a0.9,슬라이더,373,1668.681443266181,1245.9821622361787
2022,9,ema_a0.9,직구,760,4392.799884217653,3006.934575187462
2022,9,ema_a0.9,체인지업,184,792.2909391809626,470.9234715117642
2022,9,ema_a0.9,커브,192,953.1982485786707,840.9971844621178
2022,9,ema_a0.9,커터,45,492.8752855372796,269.03372238707993
2022,9,ema_a0.9,투심,150,1069.6450076099104,2406.6885922092147
2022,9,ema_a0.9,포크,116,625.6220558112115,609.1786445636127
2022,9,kalman_q0.25,슬라이더,373,1651.6191635765706,1230.5649358963537
2022,9,kalman_q0.25,직구,760,4289.112563219821,2999.3011451593848
2022,9,kalman_q0.25,체인지업,184,775.8126277145564,460.61036263615085
2022,9,kalman_q0.25,커브,192,950.8457539452954,823.0381481954009
2022,9,kalman_q0.25,커터,45,486.3435183054314,272.3836619515092
2022,9,kalman_q0.25,투심,150,1041.787165668086,2401.4013828381776
2022,9,kalman_q0.25,포크,116,598.6298602607969,608.118231394237
2022,9,kalman_q0.5,슬라이더,373,1659.7597056531151,1243.0343272601579
2022,9,kalman_q0.5,직구,760,4340.687056281722,2999.702396935235
2022,9,kalman_q0.5,체인지업,184,783.4513366396855,468.9142464637354
2022,9,kalman_q0.5,커브,192,950.5975274362374,841.0843973894137
2022,9,kalman_q0.5,커터,45,489.3854824209544,270.12548513993323
2022,9,kalman_q0.5,투심,150,1056.8163838990558,2403.9088142550036
2022,9,kalman_q0.5,포크,116,613.3386637829307,610.5210747724672
2022,9,kalman_q1,슬라이더,373,1668.8937267187496,1250.2085450639065
2022,9,kalman_q1,직구,760,4388.148976563968,3010.9439327607734
2022,9,kalman_q1,체인지업,184,791.7193917189518,472.17355619080934
2022,9,kalman_q1,커브,192,950.5104104792108,845.6620953492184
2022,9,kalman_q1,커터,45,492.15468815624524,270.1648806835595
2022,9,kalman_q1,투심,150,1066.8680108741903,2407.880111229768
2022,9,kalman_q1,포크,116,625.1176180787741,610.1473643844964
2022,9,kalman_q2,슬라이더,373,1673.3937964234874,1252.096692646243
2022,9,kalman_q2,직구,760,4410.738543629844,3016.5824566218557
2022,9,kalman_q2,체인지업,184,796.4688369927744,472.2408119665561
2022,9,kalman_q2,커브,192,951.9002441916371,845.0058931554008
2022,9,kalman_q2,커터,45,493.9950340029509,270.7028007653702
2022,9,kalman_q2,투심,150,1071.2309923897828,2410.0236207222392
2022,9,kalman_q2,포크,116,631.4447484455796,609.1862162601818
2022,9,kalman_q4,슬라이더,373,1674.6851403598657,1252.364996610619
2022,9,kalman_q4,직구,760,4417.882087531065,3018.355961391841
2022,9,kalman_q4,체인지업,184,798.3006086456419,471.9692719633877
2022,9,kalman_q4,커브,192,953.1483057179207,844.2298348876884
2022,9,kalman_q4,커터,45,494.8719679324056,270.96104216303644
2022,9,kalman_q4,투심,150,1072.747605795431,2410.764307656609
2022,9,kalman_q4,포크,116,633.88796760975,608.6962462055278
2022,9,adaptive_q0.5,슬라이더,373,1659.7597056531151,1243.0343272601579
2022,9,adaptive_q0.5,직구,760,4340.687056281722,2999.702396935235
2022,9,adaptive_q0.5,체인지업,184,783.4513366396855,468.9142464637354
2022,9,adaptive_q0.5,커브,192,950.5975274362374,841.0843973894137
2022,9,adaptive_q0.5,커터,45,489.3854824209544,270.12548513993323
2022,9,adaptive_q0.5,투심,150,1056.8163838990558,2403.9088142550036
2022,9,adaptive_q0.5,포크,116,613.3386637829307,610.5210747724672
2022,9,adaptive_q1,슬라이더,373,1668.8937267187496,1250.2085450639065
2022,9,adaptive_q1,직구,760,4388.148976563968,3010.9439327607734
2022,9,adaptive_q1,체인지업,184,791.7193917189518,472.17355619080934
2022,9,adaptive_q1,커브,192,950.5104104792108,845.6620953492184
2022,9,adaptive_q1,커터,45,492.15468815624524,270.1648806835595
2022,9,adaptive_q1,투심,150,1066.8680108741903,2407.880111229768
2022,9,adaptive_q1,포크,116,625.1176180787741,610.1473643844964
2022,9,adaptive_q2,슬라이더,373,1673.3937964234874,1252.096692646243
2022,9,adaptive_q2,직구,760,4410.738543629844,3016.5824566218557
2022,9,adaptive_q2,체인지업,184,796.4688369927744,472.2408119665561
2022,9,adaptive_q2,커브,192,951.9002441916371,845.0058931554008
2022,9,adaptive_q2,커터,45,493.9950340029509,270.7028007653702
2022,9,adaptive_q2,투심,150,1071.2309923897828,2410.0236207222392
2022,9,adaptive_q2,포크,116,631.4447484455796,609.1862162601818
2022,9,trend_d0.25,슬라이더,373,1702.7823643124057,1271.5817202206904
2022,9,trend_d0.25,직구,760,4514.933420426436,3061.1352674880645
2022,9,trend_d0.25,체인지업,184,821.4173990341014,475.02691426072505
2022,9,trend_d0.25,커브,192,960.2212042673791,849.9550767568384
2022,9,trend_d0.25,커터,45,503.227526026505,277.54742665513936
2022,9,trend_d0.25,투심,150,1087.9480778808124,2424.755516022713
2022,9,trend_d0.25,포크,116,661.9393768345501,607.228126832283
2022,9,trend_d0.5,슬라이더,373,1750.8288064049025,1297.8424942129238
2022,9,trend_d0.5,직구,760,4648.349746622848,3118.6445495034454
2022,9,trend_d0.5,체인지업,184,853.5709288356586,482.01807547026164
2022,9,trend_d0.5,커브,192,977.9210403928655,859.6343255185393
2022,9,trend_d0.5,커터,45,513.998838622554,285.20908537046506
2022,9,trend_d0.5,투심,150,1112.6024097048462,2442.083567980733
2022,9,trend_d0.5,포크,116,695.2745493511896,608.4027111769683
2022,9,monthly_w28_hflat,슬라이더,373,1666.7147842543868,1258.1366009442645
2022,9,monthly_w28_hflat,직구,760,4430.644086149435,3012.8380580779244
2022,9,monthly_w28_hflat,체인지업,184,800.4966276666976,475.31167304193804
2022,9,monthly_w28_hflat,커브,192,959.0775175146159,864.3593959694672
2022,9,monthly_w28_hflat,커터,45,500.12330323171756,268.83726246267236
2022,9,monthly_w28_hflat,투심,150,1081.223511173035,2402.0615942917348
2022,9,monthly_w28_hflat,포크,116,635.9221763993627,611.346060167493
2022,9,monthly_w28_h14,슬라이더,373,1669.6003428548438,1264.0110039243307
2022,9,monthly_w28_h14,직구,760,4440.546525326661,3016.2948407809636
2022,9,monthly_w28_h14,체인지업,184,807.6861612110858,478.5994070178161
2022,9,monthly_w28_h14,커브,192,954.3852103555437,879.6754825041614
2022,9,monthly_w28_h14,커터,45,499.3656172133754,270.6304899983523
2022,9,monthly_w28_h14,투심,150,1080.1428450663097,2395.6445942962055
2022,9,monthly_w28_h14,포크,116,638.0667523053935,611.6914682174279
2022,9,monthly_w28_h28,슬라이더,373,1669.1251841497412,1261.0663731871498
2022,9,monthly_w28_h28,직구,760,4436.8405530190885,3014.4527901284982
2022,9,monthly_w28_h28,체인지업,184,804.5126518320972,476.6213449682474
2022,9,monthly_w28_h28,커브,192,957.0994780515766,871.8609790809303
2022,9,monthly_w28_h28,커터,45,499.81920868454654,269.82792562320765
2022,9,monthly_w28_h28,투심,150,1080.551111384485,2398.941125646839
2022,9,monthly_w28_h28,포크,116,637.2710232730069,611.3153186926716
2022,9,monthly_w28_h28_huber,슬라이더,373,1663.4360925797625,1265.2423790611376
2022,9,monthly_w28_h28_huber,직구,760,4453.3400972180025,3018.4169513043103
2022,9,monthly_w28_h28_huber,체인지업,184,804.2107518369343,478.14452889119946
2022,9,monthly_w28_h28_huber,커브,192,944.4525023531535,874.1836081454281
2022,9,monthly_w28_h28_huber,커터,45,499.909534184973,272.0635013460047
2022,9,monthly_w28_h28_huber,투심,150,1081.6836194165567,2402.357076613949
2022,9,monthly_w28_h28_huber,포크,116,637.7790749130878,612.2028795093662
2022,9,monthly_w56_hflat,슬라이더,373,1696.6984546857248,1233.7419402777305
2022,9,monthly_w56_hflat,직구,760,4343.355100666662,2977.821993407983
2022,9,monthly_w56_hflat,체인지업,184,796.5604732130016,473.5473827179087
2022,9,monthly_w56_hflat,커브,192,972.387938432539,847.2066864735278
2022,9,monthly_w56_hflat,커터,45,481.00279728133086,268.19028473114366
2022,9,monthly_w56_hflat,투심,150,1057.4644742100309,2391.9645833089
2022,9,monthly_w56_hflat,포크,116,617.4712737580393,613.4656200008465
2022,9,monthly_w56_h14,슬라이더,373,1675.5022573278764,1249.2105030502973
2022,9,monthly_w56_h14,직구,760,4386.642080730157,2993.1908440149787
2022,9,monthly_w56_h14,체인지업,184,801.2964971489826,474.9469272098974
2022,9,monthly_w56_h14,커브,192,953.1836890150296,866.2967699264796
2022,9,monthly_w56_h14,커터,45,490.48805753669404,270.318268930505
2022,9,monthly_w56_h14,투심,150,1063.6588804677872,2392.5541900588823
2022,9,monthly_w56_h14,포크,116,628.762557055317,610.7363331650522
2022,9,monthly_w56_h28,슬라이더,373,1683.3213007420295,1240.4234970906264
2022,9,monthly_w56_h28,직구,760,4364.146486740633,2982.6831863456428
2022,9,monthly_w56_h28,체인지업,184,797.9842306757084,472.95382772498766
2022,9,monthly_w56_h28,커브,192,961.3064135143445,855.5295981966004
2022,9,monthly_w56_h28,커터,45,486.5021810999693,269.2388094392643
2022,9,monthly_w56_h28,투심,150,1059.5892650170586,2392.3564567471362
2022,9,monthly_w56_h28,포크,116,623.8395861268605,611.2548707780434
2022,9,monthly_w56_h28_huber,슬라이더,373,1676.3853771049871,1244.0776644458333
2022,9,monthly_w56_h28_huber,직구,760,4371.375742891765,2989.5165248784688
2022,9,monthly_w56_h28_huber,체인지업,184,796.600943450169,473.6899809130781
2022,9,monthly_w56_h28_huber,커브,192,953.0585098387826,858.9873129220014
2022,9,monthly_w56_h28_huber,커터,45,487.58553866590955,272.57088889418543
2022,9,monthly_w56_h28_huber,투심,150,1059.0696474200313,2392.9995843338916
2022,9,monthly_w56_h28_huber,포크,116,623.4492569442976,611.3501770621599
2022,9,monthly_w84_hflat,슬라이더,373,1682.487479571304,1223.609870227835
2022,9,monthly_w84_hflat,직구,760,4308.874086812666,3008.212949830591
2022,9,monthly_w84_hflat,체인지업,184,780.1903543309628,464.23810228205326
2022,9,monthly_w84_hflat,커브,192,962.8209868104789,819.9122409710101
2022,9,monthly_w84_hflat,커터,45,481.7225861366417,272.6299007692068
2022,9,monthly_w84_hflat,투심,150,1046.3946236908823,2395.055839871701
2022,9,monthly_w84_hflat,포크,116,593.2847179491968,612.1302264031834
2022,9,monthly_w84_h14,슬라이더,373,1674.1957609628764,1243.558777943175
2022,9,monthly_w84_h14,직구,760,4366.154777841346,2987.175770665947
2022,9,monthly_w84_h14,체인지업,184,797.5350012801562,471.5480652708864
2022,9,monthly_w84_h14,커브,192,955.3600687378673,860.4545573357132
2022,9,monthly_w84_h14,커터,45,489.01338615654515,270.09366013887393
2022,9,monthly_w84_h14,투심,150,1059.1454284630668,2391.5238336958146
2022,9,monthly_w84_h14,포크,116,623.2395342598237,610.3474198684612
2022,9,monthly_w84_h28,슬라이더,373,1678.0525056246638,1230.4802952066675
2022,9,monthly_w84_h28,직구,760,4327.788221905911,2981.9526039937064
2022,9,monthly_w84_h28,체인지업,184,789.1959055490554,466.44109544821714
2022,9,monthly_w84_h28,커브,192,962.0624024956185,841.5778244286801
2022,9,monthly_w84_h28,커터,45,484.48290838789273,270.0671110097632
2022,9,monthly_w84_h28,투심,150,1051.2887962189002,2391.5113275409767
2022,9,monthly_w84_h28,포크,116,610.6271986865424,610.4407544179711
2022,9,monthly_w84_h28_huber,슬라이더,373,1673.7503688907323,1232.9013760831347
2022,9,monthly_w84_h28_huber,직구,760,4328.642318774049,2990.0185562224124
2022,9,monthly_w84_h28_huber,체인지업,184,788.7626643164062,466.2802481170634
2022,9,monthly_w84_h28_huber,커브,192,959.5361683218512,843.153223168132
2022,9,monthly_w84_h28_huber,커터,45,484.7629043470936,273.4166831311771
2022,9,monthly_w84_h28_huber,투심,150,1050.6842422933892,2391.875346536909
2022,9,monthly_w84_h28_huber,포크,116,611.4855745753226,609.84968998614
2022,9,weekly_w28_hflat,슬라이더,373,1652.3006135008923,1232.7418549273689
2022,9,weekly_w28_hflat,직구,760,4267.3660463036285,3033.011092352755
2022,9,weekly_w28_hflat,체인지업,184,808.2976325196983,463.90181732538446
2022,9,weekly_w28_hflat,커브,192,1025.8612984861415,825.6651005310149
2022,9,weekly_w28_hflat,커터,45,504.5684553928407,267.7447207349987
2022,9,weekly_w28_hflat,투심,150,1081.8379608757164,2391.299867374996
2022,9,weekly_w28_hflat,포크,116,641.8122782778532,604.345742454531
2022,9,weekly_w28_h14,슬라이더,373,1654.4637231589863,1242.3616988373894
2022,9,weekly_w28_h14,직구,760,4281.5611435451565,3049.487276709564
2022,9,weekly_w28_h14,체인지업,184,829.9904288007394,463.4071137887519
2022,9,weekly_w28_h14,커브,192,1036.9767904921596,818.5038507653436
2022,9,weekly_w28_h14,커터,45,506.36769606767285,268.0962425037865
2022,9,weekly_w28_h14,투심,150,1082.7758189707952,2396.8295705773753
2022,9,weekly_w28_h14,포크,116,633.9037220817861,605.0086949834508
2022,9,weekly_w28_h28,슬라이더,373,1652.5255382123196,1236.745571830506
2022,9,weekly_w28_h28,직구,760,4274.653434022454,3039.468998564582
2022,9,weekly_w28_h28,체인지업,184,818.9179803805337,463.0952623874193
2022,9,weekly_w28_h28,커브,192,1030.5351305819268,822.1464228701238
2022,9,weekly_w28_h28,커터,45,505.61991089166605,267.8012357592659
2022,9,weekly_w28_h28,투심,150,1082.057926670418,2394.625865637394
2022,9,weekly_w28_h28,포크,116,637.6752807159271,604.562773066849
2022,9,weekly_w28_h28_huber,슬라이더,373,1647.0039593959134,1239.8915816690906
2022,9,weekly_w28_h28_huber,직구,760,4282.740155381884,3050.5577978561996
2022,9,weekly_w28_h28_huber,체인지업,184,819.5319172768294,462.50094776462424
2022,9,weekly_w28_h28_huber,커브,192,1023.7385849595562,827.8454544133339
2022,9,weekly_w28_h28_huber,커터,45,504.1697252067006,271.9147021213804
2022,9,weekly_w28_h28_huber,투심,150,1081.811025094648,2398.400598995012
2022,9,weekly_w28_h28_huber,포크,116,631.2505282687229,604.0060290932558
2022,9,weekly_w56_hflat,슬라이더,373,1665.7803889190463,1218.8933472882259
2022,9,weekly_w56_hflat,직구,760,4262.695216331829,2994.7865366890355
2022,9,weekly_w56_hflat,체인지업,184,802.1186543968059,461.5250860645316
2022,9,weekly_w56_hflat,커브,192,989.2288307629683,818.8537461061092
2022,9,weekly_w56_hflat,커터,45,492.982869767662,269.1263399237526
2022,9,weekly_w56_hflat,투심,150,1059.4049584004524,2392.8108424604334
2022,9,weekly_w56_hflat,포크,116,631.4164566483628,608.1779281027752
2022,9,weekly_w56_h14,슬라이더,373,1659.8922185776962,1233.9767758927603
2022,9,weekly_w56_h14,직구,760,4272.14288499557,3030.2579882824543
2022,9,weekly_w56_h14,체인지업,184,820.2137568500029,457.98258499872935
2022,9,weekly_w56_h14,커브,192,1010.0844166104845,819.6926955554113
2022,9,weekly_w56_h14,커터,45,498.4486059775657,270.5836504393726
2022,9,weekly_w56_h14,투심,150,1069.5615239593394,2403.471800711076
2022,9,weekly_w56_h14,포크,116,631.7615598103466,604.9528273516734
2022,9,weekly_w56_h28,슬라이더,373,1661.612385746856,1225.5865964518819
2022,9,weekly_w56_h28,직구,760,4265.244549078117,3011.600398654835
2022,9,weekly_w56_h28,체인지업,184,809.5624107149222,458.28463811694314
2022,9,weekly_w56_h28,커브,192,997.7283104615865,820.1078226463942
2022,9,weekly_w56_h28,커터,45,495.3064286699747,270.1357478831949
2022,9,weekly_w56_h28,투심,150,1063.8133233635426,2400.0770150290314
2022,9,weekly_w56_h28,포크,116,632.1566283886795,605.9523912993864
2022,9,weekly_w56_h28_huber,슬라이더,373,1658.0184864486725,1229.8262283281717
2022,9,weekly_w56_h28_huber,직구,760,4279.087872503782,3023.048816068953
2022,9,weekly_w56_h28_huber,체인지업,184,810.0598674529726,457.71924703437355
2022,9,weekly_w56_h28_huber,커브,192,991.9585124829189,824.0631210875215
2022,9,weekly_w56_h28_huber,커터,45,494.2850569718754,274.7396379351518
2022,9,weekly_w56_h28_huber,투심,150,1064.5134501160828,2401.5435279848357
2022,9,weekly_w56_h28_huber,포크,116,628.2156975443556,605.8796275452482
2022,9,weekly_w84_hflat,슬라이더,373,1683.8797640008022,1217.853272372763
2022,9,weekly_w84_hflat,직구,760,4253.581812507422,2984.1865293221344
2022,9,weekly_w84_hflat,체인지업,184,780.2450230854598,463.11049012833143
2022,9,weekly_w84_hflat,커브,192,991.3401623185102,819.6279504863073
2022,9,weekly_w84_hflat,커터,45,481.22019120399096,267.01932350096183
2022,9,weekly_w84_hflat,투심,150,1050.9716010875318,2396.689064113314
2022,9,weekly_w84_hflat,포크,116,606.7859922544292,610.6026742141706
2022,9,weekly_w84_h14,슬라이더,373,1662.16587764938,1232.5152774652897
2022,9,weekly_w84_h14,직구,760,4266.830304910971,3019.7211765730917
2022,9,weekly_w84_h14,체인지업,184,812.9188555183091,457.7290556766118
2022,9,weekly_w84_h14,커브,192,1008.2523304053182,819.0950024193488
2022,9,weekly_w84_h14,커터,45,496.3601924664786,270.3071069236242
2022,9,weekly_w84_h14,투심,150,1065.3004556077701,2399.972672793224
2022,9,weekly_w84_h14,포크,116,627.271240542794,605.3260800380955
2022,9,weekly_w84_h28,슬라이더,373,1668.0620297551386,1223.3390749772093
2022,9,weekly_w84_h28,직구,760,4254.423176292429,2996.0995482274666
2022,9,weekly_w84_h28,체인지업,184,794.4476651759919,458.5210703710248
2022,9,weekly_w84_h28,커브,192,995.6468945485517,819.5614745222811
2022,9,weekly_w84_h28,커터,45,489.7950611833803,269.3316475576525
2022,9,weekly_w84_h28,투심,150,1056.1153900269642,2396.415787270961
2022,9,weekly_w84_h28,포크,116,620.0239721443965,607.1245229500004
2022,9,weekly_w84_h28_huber,슬라이더,373,1663.8299115479244,1225.0359173311433
2022,9,weekly_w84_h28_huber,직구,760,4265.425695660148,3007.7021728713935
2022,9,weekly_w84_h28_huber,체인지업,184,795.2516009837561,457.4718744119416
2022,9,weekly_w84_h28_huber,커브,192,992.1564766643762,821.1657769979928
2022,9,weekly_w84_h28_huber,커터,45,489.6195500358875,273.866362789311
2022,9,weekly_w84_h28_huber,투심,150,1056.8965342011213,2398.1034086749223
2022,9,weekly_w84_h28_huber,포크,116,617.0977699561174,606.1997897403292
2022,9,weekly_w56_h7,슬라이더,373,1663.6939797006846,1253.3273859878018
2022,9,weekly_w56_h7,직구,760,4289.953727787334,3070.1651605152006
2022,9,weekly_w56_h7,체인지업,184,845.1176837008138,463.0311775573143
2022,9,weekly_w56_h7,커브,192,1038.9416222718885,814.2372975507899
2022,9,weekly_w56_h7,커터,45,503.96667433106023,270.91310170632124
2022,9,weekly_w56_h7,투심,150,1080.586478289693,2402.1163377393323
2022,9,weekly_w56_h7,포크,116,627.463172673722,605.4366109252937
2022,9,weekly_w56_h10,슬라이더,373,1660.2719225054866,1241.4083696070556
2022,9,weekly_w56_h10,직구,760,4279.130708321925,3045.8026563811627
2022,9,weekly_w56_h10,체인지업,184,830.0112294767023,459.34296009431944
2022,9,weekly_w56_h10,커브,192,1021.3844388692373,818.0919800349295
2022,9,weekly_w56_h10,커터,45,500.87974150404455,270.73591568105365
2022,9,weekly_w56_h10,투심,150,1074.1780373689985,2403.7954730540637
2022,9,weekly_w56_h10,포크,116,630.4616044340579,604.8536257263221
2022,9,weekly_w56_h21,슬라이더,373,1660.7668119315358,1228.2413263622268
2022,9,weekly_w56_h21,직구,760,4267.185127396998,3017.6957568732205
2022,9,weekly_w56_h21,체인지업,184,812.8246879451335,457.8889055868697
2022,9,weekly_w56_h21,커브,192,1001.5204546633032,820.1763117592359
2022,9,weekly_w56_h21,커터,45,496.321658671858,270.3333699518247
2022,9,weekly_w56_h21,투심,150,1065.6651345521018,2401.637090448578
2022,9,weekly_w56_h21,포크,116,632.1828236592635,605.4944370919895
2022,9,weekly_w84_h7,슬라이더,373,1663.9794901902364,1253.0392046903708
2022,9,weekly_w84_h7,직구,760,4289.352664688349,3068.068760839618
2022,9,weekly_w84_h7,체인지업,184,844.1260495308454,462.9205342639593
2022,9,weekly_w84_h7,커브,192,1038.5360702944295,814.151828374814
2022,9,weekly_w84_h7,커터,45,503.7449778147831,270.872734170869
2022,9,weekly_w84_h7,투심,150,1079.8109607508723,2401.388931308021
2022,9,weekly_w84_h7,포크,116,627.1108184674641,605.4398970887904
2022,9,weekly_w84_h10,슬라이더,373,1661.2867788051822,1240.5829257719633
2022,9,weekly_w84_h10,직구,760,4276.822842884372,3039.79140414991
2022,9,weekly_w84_h10,체인지업,184,826.546594813034,459.0991214850915
2022,9,weekly_w84_h10,커브,192,1020.2853599058184,817.7621868543974
2022,9,weekly_w84_h10,커터,45,500.0093080204215,270.61290379075285
2022,9,weekly_w84_h10,투심,150,1071.9296875631449,2401.720357512436
2022,9,weekly_w84_h10,포크,116,628.7263126332541,604.9596334053845
2022,9,weekly_w84_h21,슬라이더,373,1665.2913782638502,1226.1857347352848
2022,9,weekly_w84_h21,직구,760,4258.11101341858,3003.3181014378592
2022,9,weekly_w84_h21,체인지업,184,800.5708867574837,457.8677767443928
2022,9,weekly_w84_h21,커브,192,999.2819168665669,819.5029406835321
2022,9,weekly_w84_h21,커터,45,492.25007196610335,269.7701932526474
2022,9,weekly_w84_h21,투심,150,1059.1006068355337,2397.516209812263
2022,9,weekly_w84_h21,포크,116,623.2186676479215,606.3344716939092
2022,9,weekly_w112_h7,슬라이더,373,1663.97687314403,1253.0161317442241
2022,9,weekly_w112_h7,직구,760,4289.350396892431,3068.0469956162506
2022,9,weekly_w112_h7,체인지업,184,844.0822853645461,462.9031198792177
2022,9,weekly_w112_h7,커브,192,1038.4722683448722,814.1117082086374
2022,9,weekly_w112_h7,커터,45,503.7359774195823,270.8760059284489
2022,9,weekly_w112_h7,투심,150,1079.7784883957088,2401.366695241125
2022,9,weekly_w112_h7,포크,116,627.0839299464232,605.4184065423013
2022,9,weekly_w112_h10,슬라이더,373,1661.2264737406344,1240.4011677128192
2022,9,weekly_w112_h10,직구,760,4276.756463686749,3039.8959297621695
2022,9,weekly_w112_h10,체인지업,184,826.2024150631987,458.9594099549
2022,9,weekly_w112_h10,커브,192,1019.7268050199843,817.3396445716135
2022,9,weekly_w112_h10,커터,45,499.91994559311587,270.6474861301911
2022,9,weekly_w112_h10,투심,150,1071.620587116796,2401.59542749751
2022,9,weekly_w112_h10,포크,116,628.4486562761202,604.777365722334
2022,9,weekly_w112_h21,슬라이더,373,1664.238309469197,1224.4182641469188
2022,9,weekly_w112_h21,직구,760,4259.70739204478,3009.1881801590316
2022,9,weekly_w112_h21,체인지업,184,797.9745194537519,456.31173498840116
2022,9,weekly_w112_h21,커브,192,993.0401869405504,813.7420628270285
2022,9,weekly_w112_h21,커터,45,491.5810776256699,270.3616821019823
2022,9,weekly_w112_h21,투심,150,1055.4694904876221,2397.679601314835
2022,9,weekly_w112_h21,포크,116,619.7658737169438,604.26564298095
2022,9,weekly_w112_h14,슬라이더,373,1661.8185347514805,1231.8410033021532
2022,9,weekly_w112_h14,직구,760,4266.747683324068,3020.984636113152
2022,9,weekly_w112_h14,체인지업,184,811.7467598469623,457.19131906298753
2022,9,weekly_w112_h14,커브,192,1006.0406806750668,817.2397055948454
2022,9,weekly_w112_h14,커터,45,496.03531124883307,270.4716997661212
2022,9,weekly_w112_h14,투심,150,1064.020384561214,2399.7497443364464
2022,9,weekly_w112_h14,포크,116,626.0868290336107,604.6058556216195
2022,9,weekly_w84_h3.5,슬라이더,373,1691.2122656681076,1295.1073192918132
2022,9,weekly_w84_h3.5,직구,760,4321.3259177913205,3158.8388174725646
2022,9,weekly_w84_h3.5,체인지업,184,887.965891471207,479.2321785032534
2022,9,weekly_w84_h3.5,커브,192,1093.8853172950028,801.4377152749544
2022,9,weekly_w84_h3.5,커터,45,512.521555100026,272.6965304643877
2022,9,weekly_w84_h3.5,투심,150,1101.1531164402227,2398.2755883798172
2022,9,weekly_w84_h3.5,포크,116,618.4024952079119,607.6018686077924
2022,9,weekly_w28_h7,슬라이더,373,1663.0882341276683,1257.6792114445723
2022,9,weekly_w28_h7,직구,760,4294.462557741129,3079.4480424190306
2022,9,weekly_w28_h7,체인지업,184,851.803607321712,466.992366029767
2022,9,weekly_w28_h7,커브,192,1054.0769995900507,811.1843286746716
2022,9,weekly_w28_h7,커터,45,507.69434358479964,269.20959372995867
2022,9,weekly_w28_h7,투심,150,1086.3125805471448,2398.3298905610845
2022,9,weekly_w28_h7,포크,116,627.2202733078739,606.2779024049771
2022,9,weekly_w84_h14_huber,슬라이더,373,1658.8860450219302,1235.6133727913373
2022,9,weekly_w84_h14_huber,직구,760,4277.36395112987,3032.3263402805683
2022,9,weekly_w84_h14_huber,체인지업,184,814.699627454921,456.8594731620138
2022,9,weekly_w84_h14_huber,커브,192,1002.3826982576938,821.8923245042638
2022,9,weekly_w84_h14_huber,커터,45,495.0147963118253,274.7768189882408
2022,9,weekly_w84_h14_huber,투심,150,1064.9356045080567,2401.8907155047254
2022,9,weekly_w84_h14_huber,포크,116,623.4289180392306,604.4217447527038
2022,9,daily_w84_h3.5,슬라이더,373,1694.428512198021,1305.7716270974047
2022,9,daily_w84_h3.5,직구,760,4260.343702640754,3122.8678382047938
2022,9,daily_w84_h3.5,체인지업,184,859.302218877142,467.8870631844819
2022,9,daily_w84_h3.5,커브,192,1053.6017012775399,850.9400728265139
2022,9,daily_w84_h3.5,커터,45,542.2245039931457,276.1678052525578
2022,9,daily_w84_h3.5,투심,150,1076.6643374182977,2350.362084059282
2022,9,daily_w84_h3.5,포크,116,698.0845436216254,594.5983866234888
2022,9,daily_w56_h7,슬라이더,373,1653.9445111192085,1266.3684994699706
2022,9,daily_w56_h7,직구,760,4248.310193379712,3060.2397527391945
2022,9,daily_w56_h7,체인지업,184,825.6877756702131,457.7587862998954
2022,9,daily_w56_h7,커브,192,1020.2786997666432,829.9924367844112
2022,9,daily_w56_h7,커터,45,515.7010789833016,269.03137784856244
2022,9,daily_w56_h7,투심,150,1077.3548033887942,2370.2511806562798
2022,9,daily_w56_h7,포크,116,663.2963651657952,597.7258430481564
2022,9,daily_w56_h14,슬라이더,373,1645.792232746755,1247.3931397114836
2022,9,daily_w56_h14,직구,760,4247.225301791868,3030.5209586039623
2022,9,daily_w56_h14,체인지업,184,807.7622513992367,454.59734518318754
2022,9,daily_w56_h14,커브,192,999.7469410565759,826.9594410604049
2022,9,daily_w56_h14,커터,45,503.73343523629165,267.7801997424002
2022,9,daily_w56_h14,투심,150,1072.2247997572285,2385.244039512748
2022,9,daily_w56_h14,포크,116,650.8515416655813,599.8383407726066
2022,9,daily_w56_h28,슬라이더,373,1647.8007574110109,1239.6996329699741
2022,9,daily_w56_h28,직구,760,4250.322966383699,3014.2900778379867
2022,9,daily_w56_h28,체인지업,184,800.6254290223967,455.3943257197135
2022,9,daily_w56_h28,커브,192,990.3826286118385,826.3756153421435
2022,9,daily_w56_h28,커터,45,498.848360261652,267.7270688358626
2022,9,daily_w56_h28,투심,150,1067.3106978708515,2389.7790864387534
2022,9,daily_w56_h28,포크,116,645.1143383975121,602.2969193827721
2022,9,daily_w84_h7,슬라이더,373,1654.1757301923997,1265.6958053792812
2022,9,daily_w84_h7,직구,760,4247.657422124908,3058.9782736298284
2022,9,daily_w84_h7,체인지업,184,825.0500464488555,457.74734499579097
2022,9,daily_w84_h7,커브,192,1019.9819280310169,829.6617117172996
2022,9,daily_w84_h7,커터,45,515.2960114204661,269.0313593473524
2022,9,daily_w84_h7,투심,150,1076.8135461830782,2370.1617702294334
2022,9,daily_w84_h7,포크,116,662.6223456905303,597.7893888190458
2022,9,daily_w84_h14,슬라이더,373,1648.6348736024972,1243.5891234879034
2022,9,daily_w84_h14,직구,760,4242.468484803249,3022.2793460922185
2022,9,daily_w84_h14,체인지업,184,802.8992357586371,454.96399611635684
2022,9,daily_w84_h14,커브,192,998.725436930666,825.072006760703
2022,9,daily_w84_h14,커터,45,500.77401694944217,267.88044569490785
2022,9,daily_w84_h14,투심,150,1068.493740087994,2384.0757667626795
2022,9,daily_w84_h14,포크,116,645.1341936743441,600.6687325951847
2022,9,daily_w84_h28,슬라이더,373,1656.1177584414563,1232.8779115660304
2022,9,daily_w84_h28,직구,760,4240.378415791574,2999.4757792693817
2022,9,daily_w84_h28,체인지업,184,790.1005590287018,457.32892406840506
2022,9,daily_w84_h28,커브,192,990.2055588172416,823.2382177678996
2022,9,daily_w84_h28,커터,45,491.8112719907909,267.70015235619513
2022,9,daily_w84_h28,투심,150,1059.7569167387242,2387.703166646725
2022,9,daily_w84_h28,포크,116,631.2442372488782,604.7835211321678
2022,9,fortnightly_w84_h7,슬라이더,373,1699.264153687904,1227.547115945536
2022,9,fortnightly_w84_h7,직구,760,4255.732636820507,3039.2844320997856
2022,9,fortnightly_w84_h7,체인지업,184,814.5480751569344,455.8360832577786
2022,9,fortnightly_w84_h7,커브,192,1046.9271229131834,831.1379340726477
2022,9,fortnightly_w84_h7,커터,45,497.6414571816375,263.80463650651654
2022,9,fortnightly_w84_h7,투심,150,1084.4618673686775,2396.8296234804675
2022,9,fortnightly_w84_h7,포크,116,637.3072255849662,603.0316727524181
2022,9,fortnightly_w84_h14,슬라이더,373,1682.6132255816458,1218.7652955975477
2022,9,fortnightly_w84_h14,직구,760,4238.761226496205,3011.07540308894
2022,9,fortnightly_w84_h14,체인지업,184,794.7531889480476,456.3270650679798
2022,9,fortnightly_w84_h14,커브,192,1016.2895706693399,823.3320315821065
2022,9,fortnightly_w84_h14,커터,45,491.2724696489772,266.44994626170023
2022,9,fortnightly_w84_h14,투심,150,1061.2983892461814,2398.4267378581735
2022,9,fortnightly_w84_h14,포크,116,626.2523173210024,604.2163384415132
2022,9,fortnightly_w84_h28,슬라이더,373,1678.232674401709,1212.8593473094993
2022,9,fortnightly_w84_h28,직구,760,4235.137043128139,2994.8006809443928
2022,9,fortnightly_w84_h28,체인지업,184,781.7487474748816,458.14105681544333
2022,9,fortnightly_w84_h28,커브,192,1001.8475400002617,819.1937264580095
2022,9,fortnightly_w84_h28,커터,45,486.22284409902335,266.57136821135924
2022,9,fortnightly_w84_h28,투심,150,1050.8382541436324,2398.2939331656175
2022,9,fortnightly_w84_h28,포크,116,614.8467718562753,605.7781752805665
2023,6,uncorrected,슬라이더,472,14517.05911262432,4793.732627901107
2023,6,uncorrected,직구,833,36770.48208634689,8943.123468604674
2023,6,uncorrected,체인지업,209,6038.506898623409,1511.6265283387506
2023,6,uncorrected,커브,170,3829.9618662507382,1106.870906669732
2023,6,uncorrected,커터,69,2104.655668396285,853.6200164935161
2023,6,uncorrected,투심,151,5603.022726285966,2037.368357856686
2023,6,uncorrected,포크,143,4034.1268002037104,1495.5452185327915
2023,6,last_month,슬라이더,472,2680.0997495687984,2179.9633451519157
2023,6,last_month,직구,833,4629.43711651112,3008.8968418829572
2023,6,last_month,체인지업,209,1003.1160145809281,667.4492488104781
2023,6,last_month,커브,170,1098.2927097755799,575.3541397300727
2023,6,last_month,커터,69,401.10191375602886,287.4388131089514
2023,6,last_month,투심,151,867.7543429930779,964.1725682948004
2023,6,last_month,포크,143,1130.4023333029618,754.4912516508571
2023,6,season_to_date,슬라이더,472,2700.3240815577146,2158.050370219469
2023,6,season_to_date,직구,833,4660.824763067678,3037.1351996084195
2023,6,season_to_date,체인지업,209,957.6124352316583,659.3984348738015
2023,6,season_to_date,커브,170,1059.5839800486626,569.992563729724
2023,6,season_to_date,커터,69,414.5329048360916,290.3773447534477
2023,6,season_to_date,투심,151,873.8784624677846,952.8044942601672
2023,6,season_to_date,포크,143,1104.344750310339,747.0865039085177
2023,6,ewma_w2_h0.25,슬라이더,472,2675.8052543526665,2175.2410804612427
2023,6,ewma_w2_h0.25,직구,833,4621.398155038101,3009.128079583731
2023,6,ewma_w2_h0.25,체인지업,209,996.6594921604296,665.6994211960697
2023,6,ewma_w2_h0.25,커브,170,1092.8372341686231,574.3111635737548
2023,6,ewma_w2_h0.25,커터,69,402.0463523775027,287.4494871644795
2023,6,ewma_w2_h0.25,투심,151,866.3818725371569,962.6183079312564
2023,6,ewma_w2_h0.25,포크,143,1126.8549527161153,752.8695051443801
2023,6,ewma_w2_h0.5,슬라이더,472,2672.30340630112,2165.4578662480717
2023,6,ewma_w2_h0.5,직구,833,4611.5274059189205,3012.3458614624565
2023,6,ewma_w2_h0.5,체인지업,209,983.2652701385427,662.0623593126013
2023,6,ewma_w2_h0.5,커브,170,1081.624613650721,572.4345345453172
2023,6,ewma_w2_h0.5,커터,69,405.0058060841198,287.6883645306595
2023,6,ewma_w2_h0.5,투심,151,865.1330732685615,959.3882726386244
2023,6,ewma_w2_h0.5,포크,143,1119.808683084731,749.4434886813588
2023,6,ewma_w2_h1,슬라이더,472,2677.81732448766,2158.2277097339856
2023,6,ewma_w2_h1,직구,833,4614.419718586441,3018.836670232745
2023,6,ewma_w2_h1,체인지업,209,973.3392498051267,659.3565547074338
2023,6,ewma_w2_h1,커브,170,1073.4726288229917,571.4743101345853
2023,6,ewma_w2_h1,커터,69,408.6989210858428,288.19041860434726
2023,6,ewma_w2_h1,투심,151,866.6047459554984,956.9860776509745
2023,6,ewma_w2_h1,포크,143,1115.0561148105214,746.8121075899255
2023,6,ewma_w2_h2,슬라이더,472,2685.337700395672,2154.793125564081
2023,6,ewma_w2_h2,직구,833,4621.956160336844,3024.407950957804
2023,6,ewma_w2_h2,체인지업,209,968.6075820111453,658.060383226684
2023,6,ewma_w2_h2,커브,170,1069.681539475371,571.2762755219383
2023,6,ewma_w2_h2,커터,69,411.3642851150333,288.62582509465886
2023,6,ewma_w2_h2,투심,151,868.7523905146481,955.8358266178561
2023,6,ewma_w2_h2,포크,143,1113.0736464268925,745.5019600591368
2023,6,ewma_w2_h3,슬라이더,472,2688.7111972335333,2153.7617119241995
2023,6,ewma_w2_h3,직구,833,4625.621485749405,3026.6470796081376
2023,6,ewma_w2_h3,체인지업,209,967.1829080369234,657.668678766529
2023,6,ewma_w2_h3,커브,170,1068.5615861350425,571.2755306931629
2023,6,ewma_w2_h3,커터,69,412.3719749226786,288.80138106415995
2023,6,ewma_w2_h3,투심,151,869.7269124644037,955.4883280546857
2023,6,ewma_w2_h3,포크,143,1112.5409148634835,745.0948348225858
2023,6,ewma_w3_h0.25,슬라이더,472,2675.8052543526665,2175.2410804612427
2023,6,ewma_w3_h0.25,직구,833,4621.398155038101,3009.128079583731
2023,6,ewma_w3_h0.25,체인지업,209,996.6594921604296,665.6994211960697
2023,6,ewma_w3_h0.25,커브,170,1092.8372341686231,574.3111635737548
2023,6,ewma_w3_h0.25,커터,69,402.0463523775027,287.4494871644795
2023,6,ewma_w3_h0.25,투심,151,866.3818725371569,962.6183079312564
2023,6,ewma_w3_h0.25,포크,143,1126.8549527161153,752.8695051443801
2023,6,ewma_w3_h0.5,슬라이더,472,2672.30340630112,2165.4578662480717
2023,6,ewma_w3_h0.5,직구,833,4611.5274059189205,3012.3458614624565
2023,6,ewma_w3_h0.5,체인지업,209,983.2652701385427,662.0623593126013
2023,6,ewma_w3_h0.5,커브,170,1081.624613650721,572.4345345453172
2023,6,ewma_w3_h0.5,커터,69,405.0058060841198,287.6883645306595
2023,6,ewma_w3_h0.5,투심,151,865.1330732685615,959.3882726386244
2023,6,ewma_w3_h0.5,포크,143,1119.808683084731,749.4434886813588
2023,6,ewma_w3_h1,슬라이더,472,2677.81732448766,2158.2277097339856
2023,6,ewma_w3_h1,직구,833,4614.419718586441,3018.836670232745
2023,6,ewma_w3_h1,체인지업,209,973.3392498051267,659.3565547074338
2023,6,ewma_w3_h1,커브,170,1073.4726288229917,571.4743101345853
2023,6,ewma_w3_h1,커터,69,408.6989210858428,288.19041860434726
2023,6,ewma_w3_h1,투심,151,866.6047459554984,956.9860776509745
2023,6,ewma_w3_h1,포크,143,1115.0561148105214,746.8121075899255
2023,6,ewma_w3_h2,슬라이더,472,2685.337700395672,2154.793125564081
2023,6,ewma_w3_h2,직구,833,4621.956160336844,3024.407950957804
2023,6,ewma_w3_h2,체인지업,209,968.6075820111453,658.060383226684
2023,6,ewma_w3_h2,커브,170,1069.681539475371,571.2762755219383
2023,6,ewma_w3_h2,커터,69,411.3642851150333,288.62582509465886
2023,6,ewma_w3_h2,투심,151,868.7523905146481,955.8358266178561
2023,6,ewma_w3_h2,포크,143,1113.0736464268925,745.5019600591368
2023,6,ewma_w3_h3,슬라이더,472,2688.7111972335333,2153.7617119241995
2023,6,ewma_w3_h3,직구,833,4625.621485749405,3026.6470796081376
2023,6,ewma_w3_h3,체인지업,209,967.1829080369234,657.668678766529
2023,6,ewma_w3_h3,커브,170,1068.5615861350425,571.2755306931629
2023,6,ewma_w3_h3,커터,69,412.3719749226786,288.80138106415995
2023,6,ewma_w3_h3,투심,151,869.7269124644037,955.4883280546857
2023,6,ewma_w3_h3,포크,143,1112.5409148634835,745.0948348225858
2023,6,ewma_w6_h0.25,슬라이더,472,2675.8052543526665,2175.2410804612427
2023,6,ewma_w6_h0.25,직구,833,4621.398155038101,3009.128079583731
2023,6,ewma_w6_h0.25,체인지업,209,996.6594921604296,665.6994211960697
2023,6,ewma_w6_h0.25,커브,170,1092.8372341686231,574.3111635737548
2023,6,ewma_w6_h0.25,커터,69,402.0463523775027,287.4494871644795
2023,6,ewma_w6_h0.25,투심,151,866.3818725371569,962.6183079312564
2023,6,ewma_w6_h0.25,포크,143,1126.8549527161153,752.8695051443801
2023,6,ewma_w6_h0.5,슬라이더,472,2672.30340630112,2165.4578662480717
2023,6,ewma_w6_h0.5,직구,833,4611.5274059189205,3012.3458614624565
2023,6,ewma_w6_h0.5,체인지업,209,983.2652701385427,662.0623593126013
2023,6,ewma_w6_h0.5,커브,170,1081.624613650721,572.4345345453172
2023,6,ewma_w6_h0.5,커터,69,405.0058060841198,287.6883645306595
2023,6,ewma_w6_h0.5,투심,151,865.1330732685615,959.3882726386244
2023,6,ewma_w6_h0.5,포크,143,1119.808683084731,749.4434886813588
2023,6,ewma_w6_h1,슬라이더,472,2677.81732448766,2158.2277097339856
2023,6,ewma_w6_h1,직구,833,4614.419718586441,3018.836670232745
2023,6,ewma_w6_h1,체인지업,209,973.3392498051267,659.3565547074338
2023,6,ewma_w6_h1,커브,170,1073.4726288229917,571.4743101345853
2023,6,ewma_w6_h1,커터,69,408.6989210858428,288.19041860434726
2023,6,ewma_w6_h1,투심,151,866.6047459554984,956.9860776509745
2023,6,ewma_w6_h1,포크,143,1115.0561148105214,746.8121075899255
2023,6,ewma_w6_h2,슬라이더,472,2685.337700395672,2154.793125564081
2023,6,ewma_w6_h2,직구,833,4621.956160336844,3024.407950957804
2023,6,ewma_w6_h2,체인지업,209,968.6075820111453,658.060383226684
2023,6,ewma_w6_h2,커브,170,1069.681539475371,571.2762755219383
2023,6,ewma_w6_h2,커터,69,411.3642851150333,288.62582509465886
2023,6,ewma_w6_h2,투심,151,868.7523905146481,955.8358266178561
2023,6,ewma_w6_h2,포크,143,1113.0736464268925,745.5019600591368
2023,6,ewma_w6_h3,슬라이더,472,2688.7111972335333,2153.7617119241995
2023,6,ewma_w6_h3,직구,833,4625.621485749405,3026.6470796081376
2023,6,ewma_w6_h3,체인지업,209,967.1829080369234,657.668678766529
2023,6,ewma_w6_h3,커브,170,1068.5615861350425,571.2755306931629
2023,6,ewma_w6_h3,커터,69,412.3719749226786,288.80138106415995
2023,6,ewma_w6_h3,투심,151,869.7269124644037,955.4883280546857
2023,6,ewma_w6_h3,포크,143,1112.5409148634835,745.0948348225858
2023,6,precision_h0.5_q0.25,슬라이더,472,2675.9925466080567,2170.3280233584182
2023,6,precision_h0.5_q0.25,직구,833,4613.077957660682,3011.1427893634827
2023,6,precision_h0.5_q0.25,체인지업,209,988.7635773256787,664.3282222924015
2023,6,precision_h0.5_q0.25,커브,170,1086.9525185675247,573.1134021451599
2023,6,precision_h0.5_q0.25,커터,69,404.14013117268775,287.7122976216193
2023,6,precision_h0.5_q0.25,투심,151,865.3748918265178,961.3534313845967
2023,6,precision_h0.5_q0.25,포크,143,1121.46490163819,751.1781851775265
2023,6,precision_h0.5_q1,슬라이더,472,2673.6364361701962,2171.2351049658555
2023,6,precision_h0.5_q1,직구,833,4615.75840331654,3010.0305526338916
2023,6,precision_h0.5_q1,체인지업,209,990.8852589930818,664.2644323441614
2023,6,precision_h0.5_q1,커브,170,1088.0821724677148,573.4532522638112
2023,6,precision_h0.5_q1,커터,69,403.1835812349041,287.5274470482372
2023,6,precision_h0.5_q1,투심,151,865.526466513398,961.3378166813899
2023,6,precision_h0.5_q1,포크,143,1123.6238434169313,751.4804367356644
2023,6,precision_h0.5_q2,슬라이더,472,2673.44960798048,2171.329002857562
2023,6,precision_h0.5_q2,직구,833,4616.078397355891,3009.9206046848503
2023,6,precision_h0.5_q2,체인지업,209,991.223705507937,664.2609001597161
2023,6,precision_h0.5_q2,커브,170,1088.292934964696,573.4970178660835
2023,6,precision_h0.5_q2,커터,69,403.0698579731807,287.50930050882397
2023,6,precision_h0.5_q2,투심,151,865.5670878646301,961.3390970922272
2023,6,precision_h0.5_q2,포크,143,1123.9022852670305,751.5124388613801
2023,6,precision_h1_q0.25,슬라이더,472,2679.816046343737,2163.9848615717756
2023,6,precision_h1_q0.25,직구,833,4611.696253832457,3014.66870127691
2023,6,precision_h1_q0.25,체인지업,209,980.2492685428837,662.2415091461257
2023,6,precision_h1_q0.25,커브,170,1080.2917619350198,571.8650036821298
2023,6,precision_h1_q0.25,커터,69,407.0823015450118,288.05122925241267
2023,6,precision_h1_q0.25,투심,151,865.8773608873655,959.4750824083442
2023,6,precision_h1_q0.25,포크,143,1116.6399403097512,748.9515066416814
2023,6,precision_h1_q1,슬라이더,472,2673.200806477026,2165.2727188743543
2023,6,precision_h1_q1,직구,833,4611.521333227356,3012.6219725178653
2023,6,precision_h1_q1,체인지업,209,982.6622135514342,662.0777760433473
2023,6,precision_h1_q1,커브,170,1081.2881601490099,572.3466571761056
2023,6,precision_h1_q1,커터,69,405.30491443078625,287.73123243705754
2023,6,precision_h1_q1,투심,151,865.1940790636479,959.3928846402746
2023,6,precision_h1_q1,포크,143,1119.3035061717933,749.3802803681268
2023,6,precision_h1_q2,슬라이더,472,2672.5355012829164,2165.4090951300013
2023,6,precision_h1_q2,직구,833,4611.528457894636,3012.4182841958745
2023,6,precision_h1_q2,체인지업,209,983.0965172473857,662.0662452943895
2023,6,precision_h1_q2,커브,170,1081.5282785213358,572.4109761594666
2023,6,precision_h1_q2,커터,69,405.08596433669265,287.69960334185237
2023,6,precision_h1_q2,투심,151,865.1481357295861,959.3893426906704
2023,6,precision_h1_q2,포크,143,1119.6729075907483,749.4268111244801
2023,6,precision_h2_q0.25,슬라이더,472,2685.259686584689,2160.2821051644323
2023,6,precision_h2_q0.25,직구,833,4615.440375562025,3017.933399606272
2023,6,precision_h2_q0.25,체인지업,209,975.6222859030614,661.0029177905342
2023,6,precision_h2_q0.25,커브,170,1076.7033995114548,571.2710008400509
2023,6,precision_h2_q0.25,커터,69,409.29879435527147,288.3418965957555
2023,6,precision_h2_q0.25,투심,151,867.1854366697293,958.3634467448865
2023,6,precision_h2_q0.25,포크,143,1114.2796469207692,747.6238005721784
2023,6,precision_h2_q1,슬라이더,472,2675.2570116994634,2161.690860349382
2023,6,precision_h2_q1,직구,833,4611.94191320067,3015.270687209471
2023,6,precision_h2_q1,체인지업,209,977.7790288987816,660.7574517700928
2023,6,precision_h2_q1,커브,170,1077.2951903947198,571.7971667017557
2023,6,precision_h2_q1,커터,69,406.9924486663941,287.9396862077959
2023,6,precision_h2_q1,투심,151,865.6865631268794,958.2192347355996
2023,6,precision_h2_q1,포크,143,1116.878325360394,748.0924038812045
2023,6,precision_h2_q2,슬라이더,472,2674.1599441561684,2161.842353409005
2023,6,precision_h2_q2,직구,833,4611.535072512896,3015.0039112569193
2023,6,precision_h2_q2,체인지업,209,978.2101664165726,660.7387496200877
2023,6,precision_h2_q2,커브,170,1077.5024801143504,571.8693098847057
2023,6,precision_h2_q2,커터,69,406.7001631483466,287.89969604533184
2023,6,precision_h2_q2,투심,151,865.5403880210711,958.2103285634403
2023,6,precision_h2_q2,포크,143,1117.2574535296526,748.1441383478066
2023,6,ema_a0.5,슬라이더,472,2696.7601376314497,2151.9351971909136
2023,6,ema_a0.5,직구,833,4634.721244115958,3031.6655763775557
2023,6,ema_a0.5,체인지업,209,964.6530098450511,656.9704358935688
2023,6,ema_a0.5,커브,170,1066.6127369507776,571.3834810476659
2023,6,ema_a0.5,커터,69,414.5421499688665,289.1956334630753
2023,6,ema_a0.5,투심,151,872.0659208803613,954.8690862974383
2023,6,ema_a0.5,포크,143,1111.7140028229471,744.3483997248952
2023,6,ema_a0.75,슬라이더,472,2673.366924336855,2162.5177922969947
2023,6,ema_a0.75,직구,833,4611.221511944647,3014.3869651528184
2023,6,ema_a0.75,체인지업,209,979.2329053921206,660.9646711737807
2023,6,ema_a0.75,커브,170,1078.2901119101189,571.9819961057515
2023,6,ema_a0.75,커터,69,406.2884879488601,287.84516420274093
2023,6,ema_a0.75,투심,151,865.3831518539804,958.413636819837
2023,6,ema_a0.75,포크,143,1117.8099201189702,748.3879275637995
2023,6,ema_a0.9,슬라이더,472,2673.7914948528364,2172.1615690800863
2023,6,ema_a0.9,직구,833,4617.145034275998,3009.678272636317
2023,6,ema_a0.9,체인지업,209,992.4463852683963,664.556576673021
2023,6,ema_a0.9,커브,170,1089.292643880661,573.6724468523958
2023,6,ema_a0.9,커터,69,402.80849289390034,287.4880593664819
2023,6,ema_a0.9,투심,151,865.7193913175817,961.6032699905066
2023,6,ema_a0.9,포크,143,1124.5857885228093,751.802266466256
2023,6,kalman_q0.25,슬라이더,472,2689.993703761093,2164.9411571410565
2023,6,kalman_q0.25,직구,833,4619.412557744499,3014.41648905566
2023,6,kalman_q0.25,체인지업,209,976.1067666763448,660.4110231411813
2023,6,kalman_q0.25,커브,170,1081.6983578721488,570.8615865690026
2023,6,kalman_q0.25,커터,69,410.8966217003656,288.8642970282598
2023,6,kalman_q0.25,투심,151,876.4769672433032,961.9011628393733
2023,6,kalman_q0.25,포크,143,1120.3129090054922,747.3870584690966
2023,6,kalman_q0.5,슬라이더,472,2678.5172384682983,2169.738302067695
2023,6,kalman_q0.5,직구,833,4615.124338308749,3009.6230904828253
2023,6,kalman_q0.5,체인지업,209,984.8452568381765,663.423914354149
2023,6,kalman_q0.5,커브,170,1083.7476503182447,572.150227619283
2023,6,kalman_q0.5,커터,69,406.49502518219833,287.64149961225843
2023,6,kalman_q0.5,투심,151,871.8100225521374,962.5194092549671
2023,6,kalman_q0.5,포크,143,1122.9458979237365,749.969024109977
2023,6,kalman_q1,슬라이더,472,2676.0010913724564,2175.5593374684013
2023,6,kalman_q1,직구,833,4619.576074989045,3008.760067199517
2023,6,kalman_q1,체인지업,209,994.9104407744323,665.9144298555264
2023,6,kalman_q1,커브,170,1090.5564913101487,573.8512734317733
2023,6,kalman_q1,커터,69,402.9294816602641,287.40416836142623
2023,6,kalman_q1,투심,151,868.4617982918437,963.413439526458
2023,6,kalman_q1,포크,143,1126.477607780778,752.6995550713932
2023,6,kalman_q2,슬라이더,472,2678.322833295032,2178.6203412014293
2023,6,kalman_q2,직구,833,4625.772228818082,3008.822905389736
2023,6,kalman_q2,체인지업,209,1000.5355973823937,667.0008736391625
2023,6,kalman_q2,커브,170,1095.707436238182,574.8736923729186
2023,6,kalman_q2,커터,69,401.576595705254,287.420667551015
2023,6,kalman_q2,투심,151,867.7779012091723,963.9377862311749
2023,6,kalman_q2,포크,143,1129.0304872346148,753.9667571606533
2023,6,kalman_q4,슬라이더,472,2679.5838740290646,2179.60796762731
2023,6,kalman_q4,직구,833,4628.406064331068,3008.875385013548
2023,6,kalman_q4,체인지업,209,1002.425733331453,667.3319511411052
2023,6,kalman_q4,커브,170,1097.589381789187,575.225095892905
2023,6,kalman_q4,커터,69,401.21992192311933,287.43364128131907
2023,6,kalman_q4,투심,151,867.7425711670645,964.1104188927815
2023,6,kalman_q4,포크,143,1130.021154871303,754.3542159953199
2023,6,adaptive_q0.5,슬라이더,472,2678.5172384682983,2169.738302067695
2023,6,adaptive_q0.5,직구,833,4615.124338308749,3009.6230904828253
2023,6,adaptive_q0.5,체인지업,209,984.8452568381765,663.423914354149
2023,6,adaptive_q0.5,커브,170,1083.7476503182447,572.150227619283
2023,6,adaptive_q0.5,커터,69,406.49502518219833,287.64149961225843
2023,6,adaptive_q0.5,투심,151,871.8100225521374,962.5194092549671
2023,6,adaptive_q0.5,포크,143,1122.9458979237365,749.969024109977
2023,6,adaptive_q1,슬라이더,472,2676.0010913724564,2175.5593374684013
2023,6,adaptive_q1,직구,833,4619.576074989045,3008.760067199517
2023,6,adaptive_q1,체인지업,209,994.9104407744323,665.9144298555264
2023,6,adaptive_q1,커브,170,1090.5564913101487,573.8512734317733
2023,6,adaptive_q1,커터,69,402.9294816602641,287.40416836142623
2023,6,adaptive_q1,투심,151,868.4617982918437,963.413439526458
2023,6,adaptive_q1,포크,143,1126.477607780778,752.6995550713932
2023,6,adaptive_q2,슬라이더,472,2678.322833295032,2178.6203412014293
2023,6,adaptive_q2,직구,833,4625.772228818082,3008.822905389736
2023,6,adaptive_q2,체인지업,209,1000.5355973823937,667.0008736391625
2023,6,adaptive_q2,커브,170,1095.707436238182,574.8736923729186
2023,6,adaptive_q2,커터,69,401.576595705254,287.420667551015
2023,6,adaptive_q2,투심,151,867.7779012091723,963.9377862311749
2023,6,adaptive_q2,포크,143,1129.0304872346148,753.9667571606533
2023,6,trend_d0.25,슬라이더,472,2716.958613327281,2204.2718557556746
2023,6,trend_d0.25,직구,833,4689.368057815371,3015.1952065679698
2023,6,trend_d0.25,체인지업,209,1036.3023374114737,676.4241688036599
2023,6,trend_d0.25,커브,170,1126.6205305471613,581.4999119206284
2023,6,trend_d0.25,커터,69,398.9824273903729,287.976580181707
2023,6,trend_d0.25,투심,151,879.1794942976542,972.1458807223285
2023,6,trend_d0.25,포크,143,1149.491242374922,762.658371986068
2023,6,trend_d0.5,슬라이더,472,2783.9435156123013,2235.4433241082743
2023,6,trend_d0.5,직구,833,4791.014335857404,3033.282059207857
2023,6,trend_d0.5,체인지업,209,1078.7918738837568,687.889431153327
2023,6,trend_d0.5,커브,170,1163.2735742248633,590.419312677419
2023,6,trend_d0.5,커터,69,399.93002885189196,289.4584654210075
2023,6,trend_d0.5,투심,151,899.6586057677084,982.3335741024214
2023,6,trend_d0.5,포크,143,1175.0766473348513,772.8892885694318
2023,6,monthly_w28_hflat,슬라이더,472,2667.9328658742197,2172.675107201787
2023,6,monthly_w28_hflat,직구,833,4638.577558773433,3034.4869189735173
2023,6,monthly_w28_hflat,체인지업,209,986.5519768248073,673.5920759205922
2023,6,monthly_w28_hflat,커브,170,1091.2378677516642,575.4237309663333
2023,6,monthly_w28_hflat,커터,69,405.3422680330209,288.41894154999005
2023,6,monthly_w28_hflat,투심,151,876.3215474963258,962.4714762005048
2023,6,monthly_w28_hflat,포크,143,1135.6931269127158,754.9517774490266
2023,6,monthly_w28_h14,슬라이더,472,2676.525960184066,2172.4543842523717
2023,6,monthly_w28_h14,직구,833,4633.307384883947,3006.150604916421
2023,6,monthly_w28_h14,체인지업,209,1001.76017453092,668.6784941990074
2023,6,monthly_w28_h14,커브,170,1104.2696564978896,579.1069623640151
2023,6,monthly_w28_h14,커터,69,401.7343977393054,287.1625439506827
2023,6,monthly_w28_h14,투심,151,872.4605075517326,958.6942571020455
2023,6,monthly_w28_h14,포크,143,1136.6881249923113,752.2349338937966
2023,6,monthly_w28_h28,슬라이더,472,2670.5686752723723,2172.759734453228
2023,6,monthly_w28_h28,직구,833,4636.129948979822,3019.0836963177476
2023,6,monthly_w28_h28,체인지업,209,993.2307213110012,671.141385994629
2023,6,monthly_w28_h28,커브,170,1096.6298325567645,577.548676376229
2023,6,monthly_w28_h28,커터,69,403.4320349612763,287.78697171246614
2023,6,monthly_w28_h28,투심,151,874.2917595548995,960.6329687177954
2023,6,monthly_w28_h28,포크,143,1135.7984229666552,753.6075305430855
2023,6,monthly_w28_h28_huber,슬라이더,472,2672.963750168876,2171.8931734200796
2023,6,monthly_w28_h28_huber,직구,833,4634.223228387082,3015.556440249591
2023,6,monthly_w28_h28_huber,체인지업,209,994.809131915269,666.0990821973216
2023,6,monthly_w28_h28_huber,커브,170,1106.1294444142281,572.92132871531
2023,6,monthly_w28_h28_huber,커터,69,405.0699891257388,287.5155944826279
2023,6,monthly_w28_h28_huber,투심,151,876.3864003819622,959.5038435118432
2023,6,monthly_w28_h28_huber,포크,143,1146.5241508202182,752.755190323139
2023,6,monthly_w56_hflat,슬라이더,472,2692.5596819601387,2136.818536512512
2023,6,monthly_w56_hflat,직구,833,4647.512578094873,3009.4985901134028
2023,6,monthly_w56_hflat,체인지업,209,952.3212306252245,654.1569896153738
2023,6,monthly_w56_hflat,커브,170,1052.5005704391779,568.2752595023715
2023,6,monthly_w56_hflat,커터,69,415.32327527585704,284.69760507363657
2023,6,monthly_w56_hflat,투심,151,871.0628500748428,956.5006277590161
2023,6,monthly_w56_hflat,포크,143,1101.2170728862975,736.1398233218273
2023,6,monthly_w56_h14,슬라이더,472,2656.179940479319,2155.558595318208
2023,6,monthly_w56_h14,직구,833,4603.440231439976,2991.3820644702746
2023,6,monthly_w56_h14,체인지업,209,975.9025531455229,659.0256773606685
2023,6,monthly_w56_h14,커브,170,1076.7704454692691,574.6122144265926
2023,6,monthly_w56_h14,커터,69,402.6796416897729,285.2825166941021
2023,6,monthly_w56_h14,투심,151,862.0805070117385,956.0413321237547
2023,6,monthly_w56_h14,포크,143,1114.8217518559927,744.1373458080628
2023,6,monthly_w56_h28,슬라이더,472,2661.9674548720886,2145.4973994086427
2023,6,monthly_w56_h28,직구,833,4613.021266365347,2999.123081157276
2023,6,monthly_w56_h28,체인지업,209,960.3214055544406,656.6113502191198
2023,6,monthly_w56_h28,커브,170,1061.086223153887,570.8788067988521
2023,6,monthly_w56_h28,커터,69,407.7221892886816,284.9819310819702
2023,6,monthly_w56_h28,투심,151,863.9087189930948,956.2091447520874
2023,6,monthly_w56_h28,포크,143,1106.025863843571,740.2187292009323
2023,6,monthly_w56_h28_huber,슬라이더,472,2661.725313958442,2144.4128161126273
2023,6,monthly_w56_h28_huber,직구,833,4605.637234008697,3002.812431805447
2023,6,monthly_w56_h28_huber,체인지업,209,961.8210788522692,654.6439789474487
2023,6,monthly_w56_h28_huber,커브,170,1066.7222622947515,569.4021007430165
2023,6,monthly_w56_h28_huber,커터,69,408.4283397157298,285.5330139493703
2023,6,monthly_w56_h28_huber,투심,151,864.9398596355919,955.8473203148949
2023,6,monthly_w56_h28_huber,포크,143,1112.0290065413355,739.8216252898748
2023,6,monthly_w84_hflat,슬라이더,472,2700.3240815577146,2158.050370219469
2023,6,monthly_w84_hflat,직구,833,4660.824763067678,3037.1351996084204
2023,6,monthly_w84_hflat,체인지업,209,957.6124352316583,659.3984348738016
2023,6,monthly_w84_hflat,커브,170,1059.5839800486624,569.992563729724
2023,6,monthly_w84_hflat,커터,69,414.5329048360916,290.37734475344774
2023,6,monthly_w84_hflat,투심,151,873.8784624677845,952.8044942601672
2023,6,monthly_w84_hflat,포크,143,1104.3447503103387,747.0865039085177
2023,6,monthly_w84_h14,슬라이더,472,2658.624374027365,2157.587312605443
2023,6,monthly_w84_h14,직구,833,4605.039951493454,2996.2303750612555
2023,6,monthly_w84_h14,체인지업,209,977.2635966742216,659.3794910374897
2023,6,monthly_w84_h14,커브,170,1078.5200135610125,574.8720303295702
2023,6,monthly_w84_h14,커터,69,402.71157367356614,286.1127133266409
2023,6,monthly_w84_h14,투심,151,862.5519274892347,955.3757145300891
2023,6,monthly_w84_h14,포크,143,1115.6939637657988,745.450757658989
2023,6,monthly_w84_h28,슬라이더,472,2667.601806540375,2152.826630867652
2023,6,monthly_w84_h28,직구,833,4619.092589561395,3011.7915441611995
2023,6,monthly_w84_h28,체인지업,209,963.4709645015836,658.2468365970446
2023,6,monthly_w84_h28,커브,170,1065.1029826078402,571.5604540466975
2023,6,monthly_w84_h28,커터,69,407.67474392983945,287.33302133671685
2023,6,monthly_w84_h28,투심,151,865.4276025188951,954.5566414508603
2023,6,monthly_w84_h28,포크,143,1108.0164737761547,744.3602295693191
2023,6,monthly_w84_h28_huber,슬라이더,472,2666.580454489769,2152.1898781092987
2023,6,monthly_w84_h28_huber,직구,833,4610.343297755177,3012.1935078563956
2023,6,monthly_w84_h28_huber,체인지업,209,964.7715630434939,656.0089862475932
2023,6,monthly_w84_h28_huber,커브,170,1070.520913965015,570.5178773802836
2023,6,monthly_w84_h28_huber,커터,69,408.4850836516297,287.4734266225443
2023,6,monthly_w84_h28_huber,투심,151,867.3081175615048,954.157352498878
2023,6,monthly_w84_h28_huber,포크,143,1114.7252461884734,743.8093348463943
2023,6,weekly_w28_hflat,슬라이더,472,2644.0831282603954,2182.236515949893
2023,6,weekly_w28_hflat,직구,833,4636.33016924414,2899.9625126720102
2023,6,weekly_w28_hflat,체인지업,209,944.5264330609448,668.49512778545
2023,6,weekly_w28_hflat,커브,170,1049.2184652447095,581.8929611232488
2023,6,weekly_w28_hflat,커터,69,406.46709618799,274.4075285757069
2023,6,weekly_w28_hflat,투심,151,861.6837242617779,961.5437813041547
2023,6,weekly_w28_hflat,포크,143,1132.7502988151227,751.5691057969119
2023,6,weekly_w28_h14,슬라이더,472,2657.814987240122,2188.2051681855146
2023,6,weekly_w28_h14,직구,833,4635.548422138194,2882.456215699783
2023,6,weekly_w28_h14,체인지업,209,954.6709463820271,672.8591578687885
2023,6,weekly_w28_h14,커브,170,1057.87166056037,587.6700360321568
2023,6,weekly_w28_h14,커터,69,413.7937950499349,273.30115029457977
2023,6,weekly_w28_h14,투심,151,860.2545811045163,952.5635309151982
2023,6,weekly_w28_h14,포크,143,1141.969851380397,742.6792133370167
2023,6,weekly_w28_h28,슬라이더,472,2648.2371900503413,2184.6242995709044
2023,6,weekly_w28_h28,직구,833,4633.351194634569,2890.0700826986103
2023,6,weekly_w28_h28,체인지업,209,948.0662179240644,670.1937707648244
2023,6,weekly_w28_h28,커브,170,1052.1296253463665,584.7119810370212
2023,6,weekly_w28_h28,커터,69,409.6953211569421,273.91075765604097
2023,6,weekly_w28_h28,투심,151,860.6330326287298,957.0661916683091
2023,6,weekly_w28_h28,포크,143,1136.4539268703193,747.1558330304365
2023,6,weekly_w28_h28_huber,슬라이더,472,2649.395498475827,2189.25357038585
2023,6,weekly_w28_h28_huber,직구,833,4640.553575471544,2869.009749233224
2023,6,weekly_w28_h28_huber,체인지업,209,946.4947462829446,667.0824457806741
2023,6,weekly_w28_h28_huber,커브,170,1057.9167876152642,587.6850466756553
2023,6,weekly_w28_h28_huber,커터,69,413.70004251693877,272.97411853700174
2023,6,weekly_w28_h28_huber,투심,151,859.7506110197658,955.7676554078903
2023,6,weekly_w28_h28_huber,포크,143,1149.7669674062972,743.079356532811
2023,6,weekly_w56_hflat,슬라이더,472,2625.4399698945736,2135.475957641039
2023,6,weekly_w56_hflat,직구,833,4620.651907856449,2948.20486854659
2023,6,weekly_w56_hflat,체인지업,209,941.9727084199014,656.1223463740306
2023,6,weekly_w56_hflat,커브,170,1042.1515182002563,583.0508259191154
2023,6,weekly_w56_hflat,커터,69,406.27992554224153,279.9562366472134
2023,6,weekly_w56_hflat,투심,151,838.6012209788856,956.7044207468252
2023,6,weekly_w56_hflat,포크,143,1105.9328496564603,731.7418480650638
2023,6,weekly_w56_h14,슬라이더,472,2626.2670787758016,2160.5856362183977
2023,6,weekly_w56_h14,직구,833,4605.7624725256865,2906.227883370732
2023,6,weekly_w56_h14,체인지업,209,950.1456964509214,665.0132800594768
2023,6,weekly_w56_h14,커브,170,1050.327363617785,584.5281796908303
2023,6,weekly_w56_h14,커터,69,407.5873634616387,277.21967827860954
2023,6,weekly_w56_h14,투심,151,848.3468997146595,951.2045468260183
2023,6,weekly_w56_h14,포크,143,1126.56951496716,734.6648099046445
2023,6,weekly_w56_h28,슬라이더,472,2617.095002136585,2146.9085955085147
2023,6,weekly_w56_h28,직구,833,4605.381004258086,2924.9993161529937
2023,6,weekly_w56_h28,체인지업,209,943.8242898972803,660.0472142140434
2023,6,weekly_w56_h28,커브,170,1044.3079635245538,582.7753447230684
2023,6,weekly_w56_h28,커터,69,405.0763725308097,278.72536716416937
2023,6,weekly_w56_h28,투심,151,843.5630919977801,954.260064971795
2023,6,weekly_w56_h28,포크,143,1115.100660778468,733.5361861579361
2023,6,weekly_w56_h28_huber,슬라이더,472,2614.578679643435,2147.391858392771
2023,6,weekly_w56_h28_huber,직구,833,4599.378516670833,2917.160189965294
2023,6,weekly_w56_h28_huber,체인지업,209,944.7099321503288,658.3949949405667
2023,6,weekly_w56_h28_huber,커브,170,1048.6625935324664,583.7635528825563
2023,6,weekly_w56_h28_huber,커터,69,407.3637321802152,278.84874975023405
2023,6,weekly_w56_h28_huber,투심,151,842.9022775846126,951.7822946074415
2023,6,weekly_w56_h28_huber,포크,143,1122.7873026480756,732.1911738556701
2023,6,weekly_w84_hflat,슬라이더,472,2677.051718168337,2146.8255790892313
2023,6,weekly_w84_hflat,직구,833,4652.738620183882,2990.9505589127557
2023,6,weekly_w84_hflat,체인지업,209,950.7238230658832,655.5626150244124
2023,6,weekly_w84_hflat,커브,170,1050.8894359295168,568.8624225018934
2023,6,weekly_w84_hflat,커터,69,414.5739854042275,285.7767293589526
2023,6,weekly_w84_hflat,투심,151,869.2931399080414,950.6669094995311
2023,6,weekly_w84_hflat,포크,143,1109.2404989284012,740.0374608807065
2023,6,weekly_w84_h14,슬라이더,472,2633.6274126678295,2158.17387731794
2023,6,weekly_w84_h14,직구,833,4605.320886312079,2914.7400174584764
2023,6,weekly_w84_h14,체인지업,209,950.5527239828459,663.5248327811755
2023,6,weekly_w84_h14,커브,170,1050.4577594827704,581.1092874798392
2023,6,weekly_w84_h14,커터,69,408.7361883660385,278.2218297838654
2023,6,weekly_w84_h14,투심,151,852.0484546395335,950.0001221990901
2023,6,weekly_w84_h14,포크,143,1124.5011908863003,735.615098282082
2023,6,weekly_w84_h28,슬라이더,472,2640.215497487362,2146.674286567567
2023,6,weekly_w84_h28,직구,833,4613.535355659054,2946.4208409153816
2023,6,weekly_w84_h28,체인지업,209,946.7717829160132,657.9802093689935
2023,6,weekly_w84_h28,커브,170,1046.7406880114722,574.9326080702162
2023,6,weekly_w84_h28,커터,69,408.89840332893147,281.27261282361866
2023,6,weekly_w84_h28,투심,151,855.8305680256119,951.2009791201262
2023,6,weekly_w84_h28,포크,143,1113.7105649646746,736.6493466991283
2023,6,weekly_w84_h28_huber,슬라이더,472,2637.77676448498,2147.1998006094927
2023,6,weekly_w84_h28_huber,직구,833,4607.169062737794,2939.3908753735627
2023,6,weekly_w84_h28_huber,체인지업,209,946.7152477531728,656.0983476385557
2023,6,weekly_w84_h28_huber,커브,170,1049.5800864750759,575.8016896977767
2023,6,weekly_w84_h28_huber,커터,69,410.68622962696753,281.3794040141488
2023,6,weekly_w84_h28_huber,투심,151,855.9339397505246,949.8190043496816
2023,6,weekly_w84_h28_huber,포크,143,1120.5293618765104,735.0858551756594
2023,6,weekly_w56_h7,슬라이더,472,2673.34382100906,2185.378106581148
2023,6,weekly_w56_h7,직구,833,4637.010045524508,2885.0717427474856
2023,6,weekly_w56_h7,체인지업,209,972.1374515179588,676.4508526380691
2023,6,weekly_w56_h7,커브,170,1071.6867208645745,590.697849440233
2023,6,weekly_w56_h7,커터,69,419.30712935826574,273.96166767518054
2023,6,weekly_w56_h7,투심,151,856.4484615634326,944.3045069551883
2023,6,weekly_w56_h7,포크,143,1150.2924279859174,732.528654936636
2023,6,weekly_w56_h10,슬라이더,472,2642.2346783751127,2171.2622662667563
2023,6,weekly_w56_h10,직구,833,4614.512656651061,2895.180914932984
2023,6,weekly_w56_h10,체인지업,209,957.802107141117,669.4301158107003
2023,6,weekly_w56_h10,커브,170,1057.7034372082733,586.8160009101578
2023,6,weekly_w56_h10,커터,69,411.5167190486599,275.9160468275163
2023,6,weekly_w56_h10,투심,151,851.8762934363392,948.5018310925877
2023,6,weekly_w56_h10,포크,143,1136.2534928675746,734.4864814944469
2023,6,weekly_w56_h21,슬라이더,472,2618.4501575620584,2151.376544052468
2023,6,weekly_w56_h21,직구,833,4603.963933444984,2918.153556747559
2023,6,weekly_w56_h21,체인지업,209,945.4682662577596,661.6101870934706
2023,6,weekly_w56_h21,커브,170,1045.8783454925049,583.1705298457783
2023,6,weekly_w56_h21,커터,69,405.5518476114395,278.2463841314301
2023,6,weekly_w56_h21,투심,151,845.191771329706,953.29329723522
2023,6,weekly_w56_h21,포크,143,1118.7618575582637,734.046237418981
2023,6,weekly_w84_h7,슬라이더,472,2673.632061307092,2184.6026731493344
2023,6,weekly_w84_h7,직구,833,4635.945063042322,2885.920223633653
2023,6,weekly_w84_h7,체인지업,209,971.9761546760536,676.1457822305333
2023,6,weekly_w84_h7,커브,170,1071.5154554779338,590.26965733576
2023,6,weekly_w84_h7,커터,69,419.3092409341028,274.09851308924624
2023,6,weekly_w84_h7,투심,151,856.5380743033679,944.2044156566399
2023,6,weekly_w84_h7,포크,143,1149.6268334759166,732.5954603647763
2023,6,weekly_w84_h10,슬라이더,472,2644.6291373863605,2169.4215742064616
2023,6,weekly_w84_h10,직구,833,4612.871516335741,2898.766231429748
2023,6,weekly_w84_h10,체인지업,209,957.6660552720657,668.5672397634464
2023,6,weekly_w84_h10,커브,170,1057.4628823471764,585.2589925960069
2023,6,weekly_w84_h10,커터,69,411.835917426453,276.37659491068064
2023,6,weekly_w84_h10,투심,151,853.0238065851206,948.0163009037507
2023,6,weekly_w84_h10,포크,143,1134.748692316416,734.8227881698012
2023,6,weekly_w84_h21,슬라이더,472,2634.7844299577728,2149.7443917955447
2023,6,weekly_w84_h21,직구,833,4607.880592062679,2934.2737953464994
2023,6,weekly_w84_h21,체인지업,209,947.2377653428191,659.631479670466
2023,6,weekly_w84_h21,커브,170,1047.1871349622838,577.081144797847
2023,6,weekly_w84_h21,커터,69,408.22991648102385,280.12652597027994
2023,6,weekly_w84_h21,투심,151,853.6715728967156,950.9885037454652
2023,6,weekly_w84_h21,포크,143,1116.8254265303792,736.1837416823582
2023,6,weekly_w112_h7,슬라이더,472,2673.6314263606223,2184.5991116776104
2023,6,weekly_w112_h7,직구,833,4635.93761513826,2885.931999163796
2023,6,weekly_w112_h7,체인지업,209,971.9715626822447,676.1467276733579
2023,6,weekly_w112_h7,커브,170,1071.5107253243063,590.2701992531934
2023,6,weekly_w112_h7,커터,69,419.3058961902706,274.10067671731633
2023,6,weekly_w112_h7,투심,151,856.5322026931724,944.1991279952764
2023,6,weekly_w112_h7,포크,143,1149.6245520058246,732.5986599770331
2023,6,weekly_w112_h10,슬라이더,472,2644.635688894062,2169.421653891057
2023,6,weekly_w112_h10,직구,833,4612.795102880584,2898.868927652628
2023,6,weekly_w112_h10,체인지업,209,957.6226346157484,668.5832620834399
2023,6,weekly_w112_h10,커브,170,1057.4251459711463,585.2697590859261
2023,6,weekly_w112_h10,커터,69,411.80602672465955,276.3949885663822
2023,6,weekly_w112_h10,투심,151,852.970909149527,947.9857014547301
2023,6,weekly_w112_h10,포크,143,1134.7200992062171,734.8504834670193
2023,6,weekly_w112_h21,슬라이더,472,2635.009503086858,2150.120755535587
2023,6,weekly_w112_h21,직구,833,4607.140621555028,2935.3698587716
2023,6,weekly_w112_h21,체인지업,209,946.7341409105973,659.9010264717504
2023,6,weekly_w112_h21,커브,170,1046.843603220546,577.3233422280726
2023,6,weekly_w112_h21,커터,69,407.903544583926,280.3231494721454
2023,6,weekly_w112_h21,투심,151,853.0881641369538,950.8310518497743
2023,6,weekly_w112_h21,포크,143,1116.4193793881032,736.521942404033
2023,6,weekly_w112_h14,슬라이더,472,2633.684034385529,2158.248406960547
2023,6,weekly_w112_h14,직구,833,4605.029797083913,2915.1334685658194
2023,6,weekly_w112_h14,체인지업,209,950.3779240286749,663.6046740148577
2023,6,weekly_w112_h14,커브,170,1050.3244550674272,581.172765426478
2023,6,weekly_w112_h14,커터,69,408.61940646078943,278.29214023546984
2023,6,weekly_w112_h14,투심,151,851.8424674900241,949.9169972133477
2023,6,weekly_w112_h14,포크,143,1124.3720537057143,735.7272221102593
2023,6,weekly_w84_h3.5,슬라이더,472,2787.788305243387,2219.4250265815517
2023,6,weekly_w84_h3.5,직구,833,4752.64660697523,2893.5162723348044
2023,6,weekly_w84_h3.5,체인지업,209,1027.5550160853816,701.7759884963842
2023,6,weekly_w84_h3.5,커브,170,1125.218167915421,600.9121384601573
2023,6,weekly_w84_h3.5,커터,69,449.3977273153267,269.0673979667626
2023,6,weekly_w84_h3.5,투심,151,865.2669202389511,933.8291690495544
2023,6,weekly_w84_h3.5,포크,143,1186.1221002847458,724.1851351659193
2023,6,weekly_w28_h7,슬라이더,472,2691.4044919527096,2198.0858283701455
2023,6,weekly_w28_h7,직구,833,4656.944438199118,2875.621130898813
2023,6,weekly_w28_h7,체인지업,209,975.0138422918747,680.7129169407835
2023,6,weekly_w28_h7,커브,170,1076.3686001537562,593.2622753209507
2023,6,weekly_w28_h7,커터,69,424.3015209013903,271.8179347862481
2023,6,weekly_w28_h7,투심,151,861.1913169219666,944.1811052348847
2023,6,weekly_w28_h7,포크,143,1156.482736826144,734.2861557369619
2023,6,weekly_w84_h14_huber,슬라이더,472,2632.2136263679936,2160.1351301236205
2023,6,weekly_w84_h14_huber,직구,833,4604.42780038585,2903.3029314107034
2023,6,weekly_w84_h14_huber,체인지업,209,950.1287338576508,661.1010660468155
2023,6,weekly_w84_h14_huber,커브,170,1053.8334052132013,582.5231011074508
2023,6,weekly_w84_h14_huber,커터,69,411.2750923774459,278.1076991971184
2023,6,weekly_w84_h14_huber,투심,151,852.5037013332885,948.5874102436446
2023,6,weekly_w84_h14_huber,포크,143,1132.465102400915,733.8303095325045
2023,6,daily_w84_h3.5,슬라이더,472,2787.66787535813,2236.869309102409
2023,6,daily_w84_h3.5,직구,833,4673.441001883662,2945.9049280324452
2023,6,daily_w84_h3.5,체인지업,209,1066.6470237911594,695.8629468491846
2023,6,daily_w84_h3.5,커브,170,1143.4437414765366,656.5972838846183
2023,6,daily_w84_h3.5,커터,69,428.04474228341985,278.4826374027917
2023,6,daily_w84_h3.5,투심,151,835.6546710405589,947.4969650733983
2023,6,daily_w84_h3.5,포크,143,1100.1449071663465,710.7108599725364
2023,6,daily_w56_h7,슬라이더,472,2695.3244280806575,2184.3480982561105
2023,6,daily_w56_h7,직구,833,4633.316003067355,2890.395343142087
2023,6,daily_w56_h7,체인지업,209,998.2319256037871,673.3163431168088
2023,6,daily_w56_h7,커브,170,1083.2066005203264,615.8269641953658
2023,6,daily_w56_h7,커터,69,413.1007575880561,277.7970889640364
2023,6,daily_w56_h7,투심,151,844.6107178063289,947.373132828276
2023,6,daily_w56_h7,포크,143,1108.0709316770553,721.6670404667716
2023,6,daily_w56_h14,슬라이더,472,2642.6536573681105,2158.956842495085
2023,6,daily_w56_h14,직구,833,4618.560254046199,2899.27592249463
2023,6,daily_w56_h14,체인지업,209,966.9712475164829,662.9775282694634
2023,6,daily_w56_h14,커브,170,1055.8162096415451,597.605152337205
2023,6,daily_w56_h14,커터,69,405.7137517860705,278.54656973970464
2023,6,daily_w56_h14,투심,151,847.1777838918049,950.5419751848007
2023,6,daily_w56_h14,포크,143,1108.06657171031,728.7238550096403
2023,6,daily_w56_h28,슬라이더,472,2623.367733534682,2145.576042023915
2023,6,daily_w56_h28,직구,833,4614.555992202506,2916.974627168722
2023,6,daily_w56_h28,체인지업,209,955.4233235372064,658.7268378712346
2023,6,daily_w56_h28,커브,170,1045.491159649548,590.5286358243766
2023,6,daily_w56_h28,커터,69,403.2973398506256,278.95987581654055
2023,6,daily_w56_h28,투심,151,846.3097806847061,952.3097204300127
2023,6,daily_w56_h28,포크,143,1104.4285005462611,731.2789767686696
2023,6,daily_w84_h7,슬라이더,472,2695.803521972833,2183.6964314887073
2023,6,daily_w84_h7,직구,833,4633.322236242961,2890.6879090651228
2023,6,daily_w84_h7,체인지업,209,997.882925579961,673.0649766749303
2023,6,daily_w84_h7,커브,170,1083.007838335751,615.3985145842589
2023,6,daily_w84_h7,커터,69,413.16736231560566,277.9502947306652
2023,6,daily_w84_h7,투심,151,844.729053186068,947.3375716907675
2023,6,daily_w84_h7,포크,143,1107.8382074377687,721.6326690232496
2023,6,daily_w84_h14,슬라이더,472,2651.478580683485,2156.645398323022
2023,6,daily_w84_h14,직구,833,4621.095461655161,2905.23612535189
2023,6,daily_w84_h14,체인지업,209,966.3984347085338,661.6073487911788
2023,6,daily_w84_h14,커브,170,1056.3457742346066,594.5590304584257
2023,6,daily_w84_h14,커터,69,407.1636277555247,279.65491506610886
2023,6,daily_w84_h14,투심,151,849.8913475902582,950.1287801317819
2023,6,daily_w84_h14,포크,143,1107.5105115959952,728.7277357656142
2023,6,daily_w84_h28,슬라이더,472,2650.3707079622613,2144.719271492939
2023,6,daily_w84_h28,직구,833,4625.746982424245,2934.718174140201
2023,6,daily_w84_h28,체인지업,209,956.5883033120224,656.580074403654
2023,6,daily_w84_h28,커브,170,1049.0809806598231,583.6301250881447
2023,6,daily_w84_h28,커터,69,408.01078269826587,281.84146816172887
2023,6,daily_w84_h28,투심,151,855.7485432254934,951.0355132965012
2023,6,daily_w84_h28,포크,143,1105.2454870074407,731.9247592648667
2023,6,fortnightly_w84_h7,슬라이더,472,2649.3555660623106,2190.3036589101575
2023,6,fortnightly_w84_h7,직구,833,4606.9381468690935,2918.871182696241
2023,6,fortnightly_w84_h7,체인지업,209,936.7003331332126,671.7376963894935
2023,6,fortnightly_w84_h7,커브,170,1047.362658506283,575.5659389418814
2023,6,fortnightly_w84_h7,커터,69,397.56923595967965,279.4497622372898
2023,6,fortnightly_w84_h7,투심,151,860.3494051327311,953.9381286362067
2023,6,fortnightly_w84_h7,포크,143,1134.8751729729233,741.8297266582476
2023,6,fortnightly_w84_h14,슬라이더,472,2625.730251616456,2163.757068375795
2023,6,fortnightly_w84_h14,직구,833,4598.238359958825,2938.0796977394493
2023,6,fortnightly_w84_h14,체인지업,209,932.996035174867,661.1121542845806
2023,6,fortnightly_w84_h14,커브,170,1040.302010364702,570.1683249879484
2023,6,fortnightly_w84_h14,커터,69,400.0180729242867,281.58510594315
2023,6,fortnightly_w84_h14,투심,151,856.4591991400032,955.7749221227061
2023,6,fortnightly_w84_h14,포크,143,1116.5751667253635,737.3686688895167
2023,6,fortnightly_w84_h28,슬라이더,472,2641.4421667370593,2152.164304675015
2023,6,fortnightly_w84_h28,직구,833,4615.6078862520335,2963.9520174521263
2023,6,fortnightly_w84_h28,체인지업,209,937.705322093602,656.6783204411541
2023,6,fortnightly_w84_h28,커브,170,1042.8240581744321,567.6295943239783
2023,6,fortnightly_w84_h28,커터,69,405.368535298865,283.7894481704765
2023,6,fortnightly_w84_h28,투심,151,860.1773752515774,955.3458145346502
2023,6,fortnightly_w84_h28,포크,143,1108.493196958405,736.7635045537377
2023,7,uncorrected,슬라이더,237,7696.806641796628,3228.675809168324
2023,7,uncorrected,직구,497,22912.57813320122,7764.823510313005
2023,7,uncorrected,체인지업,123,3221.454260207394,1219.3287662458185
2023,7,uncorrected,커브,97,2140.633256348414,850.6202770977493
2023,7,uncorrected,커터,52,2203.1743912725706,639.4796386583357
2023,7,uncorrected,투심,85,2455.665574896499,1854.5181330552118
2023,7,uncorrected,포크,96,3774.291845110097,896.602078150149
2023,7,last_month,슬라이더,237,1304.5663904592648,883.9751599623987
2023,7,last_month,직구,497,2839.320518948657,1771.0054043048444
2023,7,last_month,체인지업,123,323.05502027243654,278.8310816212104
2023,7,last_month,커브,97,416.72616893596813,281.17478968912417
2023,7,last_month,커터,52,307.9455446709732,213.4268951034096
2023,7,last_month,투심,85,423.4354235207558,356.10983838292685
2023,7,last_month,포크,96,436.5462721202606,476.1136036517271
2023,7,season_to_date,슬라이더,237,1248.806689774356,899.5947803172951
2023,7,season_to_date,직구,497,2852.517162930063,1891.713103246669
2023,7,season_to_date,체인지업,123,358.24051062658776,269.0370390294347
2023,7,season_to_date,커브,97,413.78908927897777,247.00854896131696
2023,7,season_to_date,커터,52,270.85973826155214,212.4655250933045
2023,7,season_to_date,투심,85,416.8558319021631,375.0274100404014
2023,7,season_to_date,포크,96,449.0223027241425,469.4605343999241
2023,7,ewma_w2_h0.25,슬라이더,237,1299.636347051658,883.8706513815862
2023,7,ewma_w2_h0.25,직구,497,2829.3376487390706,1776.5658677757754
2023,7,ewma_w2_h0.25,체인지업,123,323.34184626291557,277.2981602584568
2023,7,ewma_w2_h0.25,커브,97,415.13514822600445,278.1578502566839
2023,7,ewma_w2_h0.25,커터,52,304.41270213812606,212.65184795550593
2023,7,ewma_w2_h0.25,투심,85,423.1712241367832,356.89824618939656
2023,7,ewma_w2_h0.25,포크,96,436.5177224773725,475.717283449546
2023,7,ewma_w2_h0.5,슬라이더,237,1289.5137188497508,884.6317810394287
2023,7,ewma_w2_h0.5,직구,497,2808.853897809262,1792.1813975778973
2023,7,ewma_w2_h0.5,체인지업,123,324.74431307493296,274.18402772765614
2023,7,ewma_w2_h0.5,커브,97,411.96117662312787,271.3469987550786
2023,7,ewma_w2_h0.5,커터,52,296.2821967167849,210.99502619688946
2023,7,ewma_w2_h0.5,투심,85,423.22775081977164,359.157448186222
2023,7,ewma_w2_h0.5,포크,96,437.0984938421267,475.1832369100807
2023,7,ewma_w2_h1,슬라이더,237,1282.169446258032,886.6624130797128
2023,7,ewma_w2_h1,직구,497,2794.0129410074787,1809.8725317064216
2023,7,ewma_w2_h1,체인지업,123,326.9945300722227,271.9751527779477
2023,7,ewma_w2_h1,커브,97,409.7989713513844,265.47168010610983
2023,7,ewma_w2_h1,커터,52,289.05490763411905,209.69377597568948
2023,7,ewma_w2_h1,투심,85,424.1763661003091,361.7669098552755
2023,7,ewma_w2_h1,포크,96,438.488673011395,475.2195732562136
2023,7,ewma_w2_h2,슬라이더,237,1278.763360531273,888.5151473221704
2023,7,ewma_w2_h2,직구,497,2787.1427928275352,1821.997169651888
2023,7,ewma_w2_h2,체인지업,123,328.7976895505999,270.98186434700085
2023,7,ewma_w2_h2,커브,97,408.88283630767114,262.17143601163605
2023,7,ewma_w2_h2,커터,52,284.8845545053117,209.02917830870774
2023,7,ewma_w2_h2,투심,85,425.1755644985713,363.5750253105262
2023,7,ewma_w2_h2,포크,96,439.73037344394135,475.49756784924386
2023,7,ewma_w2_h3,슬라이더,237,1277.7593230248615,889.2735943390702
2023,7,ewma_w2_h3,직구,497,2785.120589136336,1826.4847784245317
2023,7,ewma_w2_h3,체인지업,123,329.5062364995477,270.6963203491342
2023,7,ewma_w2_h3,커브,97,408.6329717449815,261.064496898603
2023,7,ewma_w2_h3,커터,52,283.4644726970839,208.81902798370584
2023,7,ewma_w2_h3,투심,85,425.60043943001057,364.2473602403087
2023,7,ewma_w2_h3,포크,96,440.2355221938147,475.6403734148249
2023,7,ewma_w3_h0.25,슬라이더,237,1299.1620120730656,883.817488689116
2023,7,ewma_w3_h0.25,직구,497,2829.448825221525,1777.1996959416954
2023,7,ewma_w3_h0.25,체인지업,123,323.5319739258407,277.21519549921703
2023,7,ewma_w3_h0.25,커브,97,415.101421413697,277.9195811134332
2023,7,ewma_w3_h0.25,커터,52,304.19485029188866,212.6657900441923
2023,7,ewma_w3_h0.25,투심,85,423.0352151565011,357.00585922966627
2023,7,ewma_w3_h0.25,포크,96,436.55376920611195,475.5991597065564
2023,7,ewma_w3_h0.5,슬라이더,237,1284.452436107431,884.3158300609971
2023,7,ewma_w3_h0.5,직구,497,2812.6099364580155,1800.5911199379727
2023,7,ewma_w3_h0.5,체인지업,123,327.447337676504,273.4727990505911
2023,7,ewma_w3_h0.5,커브,97,411.9506284397418,268.7134526192232
2023,7,ewma_w3_h0.5,커터,52,293.982683854397,211.34875407787158
2023,7,ewma_w3_h0.5,투심,85,421.7872595780056,360.5672491234037
2023,7,ewma_w3_h0.5,포크,96,437.73035655517845,473.82356121312574
2023,7,ewma_w3_h1,슬라이더,237,1270.1512076706272,886.600063370319
2023,7,ewma_w3_h1,직구,497,2811.8149850077125,1835.1598086762906
2023,7,ewma_w3_h1,체인지업,123,335.82305237187603,270.78636463973186
2023,7,ewma_w3_h1,커브,97,410.9590856950684,258.78584576627554
2023,7,ewma_w3_h1,커터,52,283.64539056264374,211.21447058544143
2023,7,ewma_w3_h1,투심,85,420.67743391462426,365.93981153869703
2023,7,ewma_w3_h1,포크,96,440.8354545799464,471.56746955685253
2023,7,ewma_w3_h2,슬라이더,237,1262.7481234736533,889.0890454854944
2023,7,ewma_w3_h2,직구,497,2821.565293961625,1861.7329906472357
2023,7,ewma_w3_h2,체인지업,123,343.52022442209994,269.911330515477
2023,7,ewma_w3_h2,커브,97,411.82844449054386,252.65083147927226
2023,7,ewma_w3_h2,커터,52,277.71048079184214,211.84916448545246
2023,7,ewma_w3_h2,투심,85,420.29539780431145,370.06234676418995
2023,7,ewma_w3_h2,포크,96,443.8770913250987,470.04955735983583
2023,7,ewma_w3_h3,슬라이더,237,1260.5938479901408,890.1583052244036
2023,7,ewma_w3_h3,직구,497,2827.055898035256,1871.8281697523264
2023,7,ewma_w3_h3,체인지업,123,346.6877287019669,269.7720572826276
2023,7,ewma_w3_h3,커브,97,412.4423759984851,250.5558313553436
2023,7,ewma_w3_h3,커터,52,275.7881150406666,212.20964877114127
2023,7,ewma_w3_h3,투심,85,420.237293558953,371.62178269879223
2023,7,ewma_w3_h3,포크,96,445.1599313124676,469.5115203497286
2023,7,ewma_w6_h0.25,슬라이더,237,1299.1620120730656,883.817488689116
2023,7,ewma_w6_h0.25,직구,497,2829.448825221525,1777.1996959416954
2023,7,ewma_w6_h0.25,체인지업,123,323.5319739258407,277.21519549921703
2023,7,ewma_w6_h0.25,커브,97,415.101421413697,277.9195811134332
2023,7,ewma_w6_h0.25,커터,52,304.19485029188866,212.6657900441923
2023,7,ewma_w6_h0.25,투심,85,423.0352151565011,357.00585922966627
2023,7,ewma_w6_h0.25,포크,96,436.55376920611195,475.5991597065564
2023,7,ewma_w6_h0.5,슬라이더,237,1284.452436107431,884.3158300609971
2023,7,ewma_w6_h0.5,직구,497,2812.6099364580155,1800.5911199379727
2023,7,ewma_w6_h0.5,체인지업,123,327.447337676504,273.4727990505911
2023,7,ewma_w6_h0.5,커브,97,411.9506284397418,268.7134526192232
2023,7,ewma_w6_h0.5,커터,52,293.982683854397,211.34875407787158
2023,7,ewma_w6_h0.5,투심,85,421.7872595780056,360.5672491234037
2023,7,ewma_w6_h0.5,포크,96,437.73035655517845,473.82356121312574
2023,7,ewma_w6_h1,슬라이더,237,1270.1512076706272,886.600063370319
2023,7,ewma_w6_h1,직구,497,2811.8149850077125,1835.1598086762906
2023,7,ewma_w6_h1,체인지업,123,335.82305237187603,270.78636463973186
2023,7,ewma_w6_h1,커브,97,410.9590856950684,258.78584576627554
2023,7,ewma_w6_h1,커터,52,283.64539056264374,211.21447058544143
2023,7,ewma_w6_h1,투심,85,420.67743391462426,365.93981153869703
2023,7,ewma_w6_h1,포크,96,440.8354545799464,471.56746955685253
2023,7,ewma_w6_h2,슬라이더,237,1262.7481234736533,889.0890454854944
2023,7,ewma_w6_h2,직구,497,2821.565293961625,1861.7329906472357
2023,7,ewma_w6_h2,체인지업,123,343.52022442209994,269.911330515477
2023,7,ewma_w6_h2,커브,97,411.82844449054386,252.65083147927226
2023,7,ewma_w6_h2,커터,52,277.71048079184214,211.84916448545246
2023,7,ewma_w6_h2,투심,85,420.29539780431145,370.06234676418995
2023,7,ewma_w6_h2,포크,96,443.8770913250987,470.04955735983583
2023,7,ewma_w6_h3,슬라이더,237,1260.5938479901408,890.1583052244036
2023,7,ewma_w6_h3,직구,497,2827.055898035256,1871.8281697523264
2023,7,ewma_w6_h3,체인지업,123,346.6877287019669,269.7720572826276
2023,7,ewma_w6_h3,커브,97,412.4423759984851,250.5558313553436
2023,7,ewma_w6_h3,커터,52,275.7881150406666,212.20964877114127
2023,7,ewma_w6_h3,투심,85,420.237293558953,371.62178269879223
2023,7,ewma_w6_h3,포크,96,445.1599313124676,469.5115203497286
2023,7,precision_h0.5_q0.25,슬라이더,237,1291.3565311733814,884.5845266027127
2023,7,precision_h0.5_q0.25,직구,497,2817.8716596926033,1793.916121864786
2023,7,precision_h0.5_q0.25,체인지업,123,325.9403877034355,273.8914204373402
2023,7,precision_h0.5_q0.25,커브,97,412.9129628662824,270.59184719652797
2023,7,precision_h0.5_q0.25,커터,52,298.2064151895478,211.8732686825043
2023,7,precision_h0.5_q0.25,투심,85,422.6652838328817,358.85479609833675
2023,7,precision_h0.5_q0.25,포크,96,437.1189415206769,474.3058340457535
2023,7,precision_h0.5_q1,슬라이더,237,1293.1172140260974,883.9262802414686
2023,7,precision_h0.5_q1,직구,497,2821.4564651534065,1786.0638711597285
2023,7,precision_h0.5_q1,체인지업,123,324.8586660520917,275.47891183346167
2023,7,precision_h0.5_q1,커브,97,413.633948197733,274.03286971409204
2023,7,precision_h0.5_q1,커터,52,299.97276454387054,212.0610735296761
2023,7,precision_h0.5_q1,투심,85,422.5480250351921,358.28147663653687
2023,7,precision_h0.5_q1,포크,96,436.8769624634126,474.8248730411415
2023,7,precision_h0.5_q2,슬라이더,237,1293.3349761508362,883.820095857578
2023,7,precision_h0.5_q2,직구,497,2821.9098858962716,1785.3928982177854
2023,7,precision_h0.5_q2,체인지업,123,324.758266840745,275.6385223156665
2023,7,precision_h0.5_q2,커브,97,413.71884975574903,274.34173296831176
2023,7,precision_h0.5_q2,커터,52,300.2387417115904,212.08920747002253
2023,7,precision_h0.5_q2,투심,85,422.4814339319557,358.23033223555007
2023,7,precision_h0.5_q2,포크,96,436.8436659902518,474.87431576287076
2023,7,precision_h1_q0.25,슬라이더,237,1279.0282413030136,886.6522528926213
2023,7,precision_h1_q0.25,직구,497,2811.4044365578757,1819.9149322757778
2023,7,precision_h1_q0.25,체인지업,123,332.20431510876153,271.08362616146843
2023,7,precision_h1_q0.25,커브,97,411.63683441636334,262.23140056615455
2023,7,precision_h1_q0.25,커터,52,289.69614155837706,211.47381233776832
2023,7,precision_h1_q0.25,투심,85,421.01692057920786,362.47111668085324
2023,7,precision_h1_q0.25,포크,96,438.9152947837624,472.772681406462
2023,7,precision_h1_q1,슬라이더,237,1282.3821290406686,884.6464266902506
2023,7,precision_h1_q1,직구,497,2813.4723718174314,1805.151217490906
2023,7,precision_h1_q1,체인지업,123,328.83282196351126,272.96538262893716
2023,7,precision_h1_q1,커브,97,411.9292520612902,267.23174158873906
2023,7,precision_h1_q1,커터,52,292.64768026313635,211.4461031455604
2023,7,precision_h1_q1,투심,85,421.4175193935366,361.17952290395374
2023,7,precision_h1_q1,포크,96,438.09831685071845,473.320125149251
2023,7,precision_h1_q2,슬라이더,237,1282.807418136209,884.3590955665742
2023,7,precision_h1_q2,직구,497,2813.8348143661697,1803.7800440568358
2023,7,precision_h1_q2,체인지업,123,328.4689447860865,273.1895344132037
2023,7,precision_h1_q2,커브,97,411.9670823043303,267.72623765153645
2023,7,precision_h1_q2,커터,52,293.1058680683247,211.46156991139654
2023,7,precision_h1_q2,투심,85,421.38399960668767,361.0593791813482
2023,7,precision_h1_q2,포크,96,437.99683509426745,473.3882028085213
2023,7,precision_h2_q0.25,슬라이더,237,1271.0224308916709,888.7264458637032
2023,7,precision_h2_q0.25,직구,497,2814.1341899633535,1840.8814999168715
2023,7,precision_h2_q0.25,체인지업,123,338.3727702507698,269.8716545127012
2023,7,precision_h2_q0.25,커브,97,411.8612498804031,256.7915651068469
2023,7,precision_h2_q0.25,커터,52,283.9954041003806,211.6692225167302
2023,7,precision_h2_q0.25,투심,85,419.9269079239946,365.5642572127734
2023,7,precision_h2_q0.25,포크,96,440.96999264188696,471.6942972489328
2023,7,precision_h2_q1,슬라이더,237,1274.890615810305,885.7099001050242
2023,7,precision_h2_q1,직구,497,2812.9261615962396,1822.106621783627
2023,7,precision_h2_q1,체인지업,123,333.1017529100696,271.5334012618365
2023,7,precision_h2_q1,커브,97,411.4342013144021,262.2147033025536
2023,7,precision_h2_q1,커터,52,287.42903870453637,211.3813159061765
2023,7,precision_h2_q1,투심,85,420.6160360867903,363.79171262171093
2023,7,precision_h2_q1,포크,96,439.5719279744304,472.1130870382223
2023,7,precision_h2_q2,슬라이더,237,1275.4120693776358,885.2720942946999
2023,7,precision_h2_q2,직구,497,2812.964549962089,1820.2501185269098
2023,7,precision_h2_q2,체인지업,123,332.49224278007654,271.7600846931247
2023,7,precision_h2_q2,커브,97,411.3820460050939,262.7847141424972
2023,7,precision_h2_q2,커터,52,287.9795801870749,211.3717212602701
2023,7,precision_h2_q2,투심,85,420.6235018866892,363.6192145500023
2023,7,precision_h2_q2,포크,96,439.40259566175257,472.1779536644033
2023,7,ema_a0.5,슬라이더,237,1263.716438841168,887.4630849009739
2023,7,ema_a0.5,직구,497,2830.1878887695393,1856.0762538018557
2023,7,ema_a0.5,체인지업,123,343.713052604808,270.4051067992713
2023,7,ema_a0.5,커브,97,412.72304086731015,254.0510814874894
2023,7,ema_a0.5,커터,52,280.0394277169389,212.56734815421356
2023,7,ema_a0.5,투심,85,418.7625131449723,369.30097413464455
2023,7,ema_a0.5,포크,96,443.45967300249595,469.1940295626599
2023,7,ema_a0.75,슬라이더,237,1282.9658439598702,884.2535624081945
2023,7,ema_a0.75,직구,497,2813.970788773982,1803.2978002654354
2023,7,ema_a0.75,체인지업,123,328.33879246285835,273.2707901619802
2023,7,ema_a0.75,커브,97,411.981300812364,267.90177401920994
2023,7,ema_a0.75,커터,52,293.2813062608578,211.46780062086694
2023,7,ema_a0.75,투심,85,421.36582023866976,361.0172079284217
2023,7,ema_a0.75,포크,96,437.9592597126276,473.41304264479766
2023,7,ema_a0.9,슬라이더,237,1295.8825445829216,883.7923624314437
2023,7,ema_a0.9,직구,497,2824.6674141503195,1781.5751299069398
2023,7,ema_a0.9,체인지업,123,324.1022809219006,276.31219081163226
2023,7,ema_a0.9,커브,97,414.2627078210075,275.9290506558268
2023,7,ema_a0.9,커터,52,301.95265537588773,212.29663430301716
2023,7,ema_a0.9,투심,85,422.74364114490794,357.66113975586285
2023,7,ema_a0.9,포크,96,436.6759153530901,475.23070502373207
2023,7,kalman_q0.25,슬라이더,237,1270.4995537848386,898.5063827862209
2023,7,kalman_q0.25,직구,497,2818.606075233952,1841.9011331453753
2023,7,kalman_q0.25,체인지업,123,338.3467664738318,269.7207062701404
2023,7,kalman_q0.25,커브,97,410.98805230857846,260.3448969490361
2023,7,kalman_q0.25,커터,52,278.40075137130594,209.9209259198106
2023,7,kalman_q0.25,투심,85,426.28334934366893,366.17223623705587
2023,7,kalman_q0.25,포크,96,442.74112219069997,472.4290851203561
2023,7,kalman_q0.5,슬라이더,237,1287.2059639778868,893.8968675202541
2023,7,kalman_q0.5,직구,497,2820.711413998781,1798.183962680855
2023,7,kalman_q0.5,체인지업,123,327.48336870457877,272.8188157162171
2023,7,kalman_q0.5,커브,97,410.85335408387164,271.1710038501243
2023,7,kalman_q0.5,커터,52,290.8038652210795,209.71383206295775
2023,7,kalman_q0.5,투심,85,427.54530506326955,359.5314648943531
2023,7,kalman_q0.5,포크,96,438.99314642409024,476.14122355532584
2023,7,kalman_q1,슬라이더,237,1298.3821698610047,888.4027980397791
2023,7,kalman_q1,직구,497,2830.2593934060887,1777.6936750523646
2023,7,kalman_q1,체인지업,123,323.00831935423946,276.1019746971716
2023,7,kalman_q1,커브,97,413.40278609184566,277.5934564504752
2023,7,kalman_q1,커터,52,300.9179007819003,211.37558698967894
2023,7,kalman_q1,투심,85,426.3650519868387,356.74787546795676
2023,7,kalman_q1,포크,96,437.2560257200688,476.8011265138203
2023,7,kalman_q2,슬라이더,237,1302.6804043384423,885.3407666201274
2023,7,kalman_q2,직구,497,2836.38591983055,1772.4269506522921
2023,7,kalman_q2,체인지업,123,322.7270012815729,277.9428790959116
2023,7,kalman_q2,커브,97,415.5459003403981,280.1229630445161
2023,7,kalman_q2,커터,52,305.713864751868,212.72373365748223
2023,7,kalman_q2,투심,85,424.5519577706831,356.20644376883746
2023,7,kalman_q2,포크,96,436.7116245605009,476.3999155956269
2023,7,kalman_q4,슬라이더,237,1304.0554489959436,884.3365769278491
2023,7,kalman_q4,직구,497,2838.526030107526,1771.3312379820816
2023,7,kalman_q4,체인지업,123,322.9386566461952,278.58965930603216
2023,7,kalman_q4,커브,97,416.3962436042519,280.8973129537772
2023,7,kalman_q4,커터,52,307.33825346945275,213.23346704586316
2023,7,kalman_q4,투심,85,423.7531998984283,356.12798971220917
2023,7,kalman_q4,포크,96,436.58470070121854,476.1950934660616
2023,7,adaptive_q0.5,슬라이더,237,1287.2059639778868,893.8968675202541
2023,7,adaptive_q0.5,직구,497,2820.711413998781,1798.183962680855
2023,7,adaptive_q0.5,체인지업,123,327.48336870457877,272.8188157162171
2023,7,adaptive_q0.5,커브,97,410.85335408387164,271.1710038501243
2023,7,adaptive_q0.5,커터,52,290.8038652210795,209.71383206295775
2023,7,adaptive_q0.5,투심,85,427.54530506326955,359.5314648943531
2023,7,adaptive_q0.5,포크,96,438.99314642409024,476.14122355532584
2023,7,adaptive_q1,슬라이더,237,1298.3821698610047,888.4027980397791
2023,7,adaptive_q1,직구,497,2830.2593934060887,1777.6936750523646
2023,7,adaptive_q1,체인지업,123,323.00831935423946,276.1019746971716
2023,7,adaptive_q1,커브,97,413.40278609184566,277.5934564504752
2023,7,adaptive_q1,커터,52,300.9179007819003,211.37558698967894
2023,7,adaptive_q1,투심,85,426.3650519868387,356.74787546795676
2023,7,adaptive_q1,포크,96,437.2560257200688,476.8011265138203
2023,7,adaptive_q2,슬라이더,237,1302.6804043384423,885.3407666201274
2023,7,adaptive_q2,직구,497,2836.38591983055,1772.4269506522921
2023,7,adaptive_q2,체인지업,123,322.7270012815729,277.9428790959116
2023,7,adaptive_q2,커브,97,415.5459003403981,280.1229630445161
2023,7,adaptive_q2,커터,52,305.713864751868,212.72373365748223
2023,7,adaptive_q2,투심,85,424.5519577706831,356.20644376883746
2023,7,adaptive_q2,포크,96,436.7116245605009,476.3999155956269
2023,7,trend_d0.25,슬라이더,237,1330.193423314423,887.1863729005908
2023,7,trend_d0.25,직구,497,2891.2500466411175,1753.581607328074
2023,7,trend_d0.25,체인지업,123,323.78858443949224,286.89058771707664
2023,7,trend_d0.25,커브,97,425.2502517608356,295.1720252276804
2023,7,trend_d0.25,커터,52,323.9125537959039,217.2767203939014
2023,7,trend_d0.25,투심,85,426.4466445087564,353.7626844355395
2023,7,trend_d0.25,포크,96,438.44301183448863,478.93853233146336
2023,7,trend_d0.5,슬라이더,237,1363.3884487732093,894.8775739326518
2023,7,trend_d0.5,직구,497,2958.564297964929,1746.2091377008012
2023,7,trend_d0.5,체인지업,123,327.68345990674413,297.4508590673022
2023,7,trend_d0.5,커브,97,436.62749284549994,311.0720350673477
2023,7,trend_d0.5,커터,52,341.42158978994036,222.02653363699403
2023,7,trend_d0.5,투심,85,432.51523228761295,353.0403730511869
2023,7,trend_d0.5,포크,96,443.2142147337839,483.61009462528614
2023,7,monthly_w28_hflat,슬라이더,237,1311.284746393787,895.9677359866978
2023,7,monthly_w28_hflat,직구,497,2810.761133039119,1757.248369127085
2023,7,monthly_w28_hflat,체인지업,123,323.10100836550987,277.88477698797453
2023,7,monthly_w28_hflat,커브,97,422.897815403244,285.8504938261507
2023,7,monthly_w28_hflat,커터,52,303.79399419650565,213.7401356961369
2023,7,monthly_w28_hflat,투심,85,428.4955891727415,350.188169638277
2023,7,monthly_w28_hflat,포크,96,437.0195444936716,480.1496716853353
2023,7,monthly_w28_h14,슬라이더,237,1315.9311814771536,910.7142037747317
2023,7,monthly_w28_h14,직구,497,2788.691001597448,1777.0778754406426
2023,7,monthly_w28_h14,체인지업,123,317.11033698517855,280.286094305191
2023,7,monthly_w28_h14,커브,97,421.7542370205049,288.31395192151626
2023,7,monthly_w28_h14,커터,52,315.36875259340553,211.58919548269725
2023,7,monthly_w28_h14,투심,85,427.3862816506103,360.9211029102313
2023,7,monthly_w28_h14,포크,96,435.039118302186,475.28231961573175
2023,7,monthly_w28_h28,슬라이더,237,1312.9292555076627,902.5523580236572
2023,7,monthly_w28_h28,직구,497,2797.4485947519825,1766.6093474107026
2023,7,monthly_w28_h28,체인지업,123,319.8559747373122,278.9884852754399
2023,7,monthly_w28_h28,커브,97,422.28255006396313,286.9411702292078
2023,7,monthly_w28_h28,커터,52,309.2526339916894,212.73935341682414
2023,7,monthly_w28_h28,투심,85,427.72130604959625,355.33910799187646
2023,7,monthly_w28_h28,포크,96,435.79559802211173,477.49168910525844
2023,7,monthly_w28_h28_huber,슬라이더,237,1320.1469770546714,917.4374851532647
2023,7,monthly_w28_h28_huber,직구,497,2785.29965008365,1753.653599147143
2023,7,monthly_w28_h28_huber,체인지업,123,323.19002459656224,279.52409834721766
2023,7,monthly_w28_h28_huber,커브,97,431.6137986521468,294.80612821506776
2023,7,monthly_w28_h28_huber,커터,52,306.41293135380874,211.45921307062173
2023,7,monthly_w28_h28_huber,투심,85,430.02201707573965,351.4220212944717
2023,7,monthly_w28_h28_huber,포크,96,436.58897596776234,484.75942231113237
2023,7,monthly_w56_hflat,슬라이더,237,1275.966721634099,886.3309315869008
2023,7,monthly_w56_hflat,직구,497,2816.627186262151,1821.221049621944
2023,7,monthly_w56_hflat,체인지업,123,324.0747518856341,270.19366418732625
2023,7,monthly_w56_hflat,커브,97,404.56167787036867,258.1658999186717
2023,7,monthly_w56_hflat,커터,52,284.32709061786716,209.11342170182874
2023,7,monthly_w56_hflat,투심,85,431.01251642312945,364.2295278385477
2023,7,monthly_w56_hflat,포크,96,442.8021743473597,476.7590768070598
2023,7,monthly_w56_h14,슬라이더,237,1291.7603520642633,898.3059758758668
2023,7,monthly_w56_h14,직구,497,2793.9262974758904,1794.655455878774
2023,7,monthly_w56_h14,체인지업,123,316.05681897034697,276.00269362293335
2023,7,monthly_w56_h14,커브,97,409.648184957477,275.57366506156933
2023,7,monthly_w56_h14,커터,52,306.1801103305291,210.02214649778801
2023,7,monthly_w56_h14,투심,85,422.59847833910203,365.2570914175286
2023,7,monthly_w56_h14,포크,96,436.12215404010976,471.96611679218313
2023,7,monthly_w56_h28,슬라이더,237,1281.8695482585817,889.8527226889115
2023,7,monthly_w56_h28,직구,497,2803.3946137761286,1801.6413895381136
2023,7,monthly_w56_h28,체인지업,123,319.27611847774835,272.5342312498546
2023,7,monthly_w56_h28,커브,97,406.5135443426404,267.11690818168796
2023,7,monthly_w56_h28,커터,52,295.03827469598093,209.7723561096704
2023,7,monthly_w56_h28,투심,85,425.09001780826327,363.40391547502395
2023,7,monthly_w56_h28,포크,96,438.6643239848348,473.60498434637066
2023,7,monthly_w56_h28_huber,슬라이더,237,1285.8200381524744,901.848518458811
2023,7,monthly_w56_h28_huber,직구,497,2794.7051803568884,1799.1545982854052
2023,7,monthly_w56_h28_huber,체인지업,123,320.6893422165769,272.1174271914093
2023,7,monthly_w56_h28_huber,커브,97,412.50862256649964,270.81132507915413
2023,7,monthly_w56_h28_huber,커터,52,291.49758786186493,208.34129535167347
2023,7,monthly_w56_h28_huber,투심,85,428.7257081835383,362.91044737047025
2023,7,monthly_w56_h28_huber,포크,96,438.88298700982193,476.5717329492913
2023,7,monthly_w84_hflat,슬라이더,237,1255.637512924457,889.9211022688077
2023,7,monthly_w84_hflat,직구,497,2857.3598407411455,1878.4939192707182
2023,7,monthly_w84_hflat,체인지업,123,351.9229358454285,271.02462829693354
2023,7,monthly_w84_hflat,커브,97,412.2088411645778,249.93996895320805
2023,7,monthly_w84_hflat,커터,52,276.4530908925381,212.32138739951938
2023,7,monthly_w84_hflat,투심,85,416.9997138296163,375.0021330931468
2023,7,monthly_w84_hflat,포크,96,447.46551451216203,465.0041023621272
2023,7,monthly_w84_h14,슬라이더,237,1284.4183907823096,898.2053647881498
2023,7,monthly_w84_h14,직구,497,2790.6941357784685,1801.0700065514707
2023,7,monthly_w84_h14,체인지업,123,319.5692029164394,275.85298588373644
2023,7,monthly_w84_h14,커브,97,409.7462672248365,274.3125280298287
2023,7,monthly_w84_h14,커터,52,302.8643993322428,210.1166272460473
2023,7,monthly_w84_h14,투심,85,419.2835145745513,366.37156090895917
2023,7,monthly_w84_h14,포크,96,436.23611774692455,470.9301293482361
2023,7,monthly_w84_h28,슬라이더,237,1267.1810195683706,890.9030752732849
2023,7,monthly_w84_h28,직구,497,2808.3986776836527,1824.4616564889197
2023,7,monthly_w84_h28,체인지업,123,330.49566725041376,272.4659633488187
2023,7,monthly_w84_h28,커브,97,408.5043135196602,263.3517941322354
2023,7,monthly_w84_h28,커터,52,288.6682618098556,210.56244661706262
2023,7,monthly_w84_h28,투심,85,417.76113410407316,367.59225430344657
2023,7,monthly_w84_h28,포크,96,439.8826063720436,469.5298393122353
2023,7,monthly_w84_h28_huber,슬라이더,237,1270.2972492920817,899.0404771432719
2023,7,monthly_w84_h28_huber,직구,497,2798.1136024429125,1820.8279496836487
2023,7,monthly_w84_h28_huber,체인지업,123,331.70682361325106,272.03145021237003
2023,7,monthly_w84_h28_huber,커브,97,414.09553246786453,266.1664243752126
2023,7,monthly_w84_h28_huber,커터,52,285.6588375859228,209.90359039249202
2023,7,monthly_w84_h28_huber,투심,85,420.2452484744586,366.2993909100449
2023,7,monthly_w84_h28_huber,포크,96,439.9786205870175,472.0688354961499
2023,7,weekly_w28_hflat,슬라이더,237,1325.409863651515,977.5209846089604
2023,7,weekly_w28_hflat,직구,497,2710.9700131932304,1704.95570139162
2023,7,weekly_w28_hflat,체인지업,123,325.61328732779776,294.40579257528987
2023,7,weekly_w28_hflat,커브,97,450.5359831717019,307.4518922441819
2023,7,weekly_w28_hflat,커터,52,297.52842621621204,217.47669587389203
2023,7,weekly_w28_hflat,투심,85,471.7208508753978,354.6357025253358
2023,7,weekly_w28_hflat,포크,96,464.7836928853243,499.94443280601405
2023,7,weekly_w28_h14,슬라이더,237,1324.334369077729,980.0975707012199
2023,7,weekly_w28_h14,직구,497,2705.3836224287143,1712.8725401308868
2023,7,weekly_w28_h14,체인지업,123,329.44527960624976,294.1469571494391
2023,7,weekly_w28_h14,커브,97,448.34329400896047,307.7396199516401
2023,7,weekly_w28_h14,커터,52,291.8710436964302,213.2254409198614
2023,7,weekly_w28_h14,투심,85,466.4471998744549,355.6005846193386
2023,7,weekly_w28_h14,포크,96,459.2818589775186,497.8848029198217
2023,7,weekly_w28_h28,슬라이더,237,1324.3119081805485,978.5728720455069
2023,7,weekly_w28_h28,직구,497,2707.81218469384,1708.4897735806921
2023,7,weekly_w28_h28,체인지업,123,327.0364796319391,294.02160676854714
2023,7,weekly_w28_h28,커브,97,449.3021365634035,307.33121930789554
2023,7,weekly_w28_h28,커터,52,294.52528352805984,215.37260836010697
2023,7,weekly_w28_h28,투심,85,468.79703186922825,354.9021174131548
2023,7,weekly_w28_h28,포크,96,461.61253679490164,498.83687552631244
2023,7,weekly_w28_h28_huber,슬라이더,237,1332.023915920489,994.6206200642066
2023,7,weekly_w28_h28_huber,직구,497,2715.315271733133,1703.3978606445048
2023,7,weekly_w28_h28_huber,체인지업,123,330.46457801582596,294.9548988357959
2023,7,weekly_w28_h28_huber,커브,97,457.71053182424225,315.58434521857123
2023,7,weekly_w28_h28_huber,커터,52,295.00595325180956,213.57759713165066
2023,7,weekly_w28_h28_huber,투심,85,471.16858953802125,354.03676335366185
2023,7,weekly_w28_h28_huber,포크,96,462.387184958929,507.94804543278354
2023,7,weekly_w56_hflat,슬라이더,237,1281.4457913034537,904.9409943131417
2023,7,weekly_w56_hflat,직구,497,2775.4553261401898,1755.0475242210362
2023,7,weekly_w56_hflat,체인지업,123,326.3014719099804,271.5578288741954
2023,7,weekly_w56_hflat,커브,97,411.96911878048206,276.00231277714704
2023,7,weekly_w56_hflat,커터,52,285.6998323999933,213.48702175009475
2023,7,weekly_w56_hflat,투심,85,421.96414837367627,348.84645055595513
2023,7,weekly_w56_hflat,포크,96,435.09879995866174,484.0245364915228
2023,7,weekly_w56_h14,슬라이더,237,1301.5925912155778,923.5090462748312
2023,7,weekly_w56_h14,직구,497,2723.077759947155,1710.1164808479662
2023,7,weekly_w56_h14,체인지업,123,322.91609515827497,280.8549496428692
2023,7,weekly_w56_h14,커브,97,431.1957980808176,297.08673255760334
2023,7,weekly_w56_h14,커터,52,295.43851676910595,208.81587395507432
2023,7,weekly_w56_h14,투심,85,429.1373766080361,347.4689365039095
2023,7,weekly_w56_h14,포크,96,438.66809982661164,488.90628088315935
2023,7,weekly_w56_h28,슬라이더,237,1288.4094511051653,913.4111613587371
2023,7,weekly_w56_h28,직구,497,2748.740422188207,1731.6635246828764
2023,7,weekly_w56_h28,체인지업,123,322.9868377293274,275.704088928418
2023,7,weekly_w56_h28,커브,97,420.2070222546715,286.2855180436245
2023,7,weekly_w56_h28,커터,52,290.8907931057568,211.4524136579851
2023,7,weekly_w56_h28,투심,85,424.85309387689205,347.7168394094628
2023,7,weekly_w56_h28,포크,96,436.25523209693574,485.81148821224895
2023,7,weekly_w56_h28_huber,슬라이더,237,1295.6405265610188,928.9965024156774
2023,7,weekly_w56_h28_huber,직구,497,2734.0279464990354,1721.939275259846
2023,7,weekly_w56_h28_huber,체인지업,123,325.0032125559247,277.2271228253036
2023,7,weekly_w56_h28_huber,커브,97,427.496201613378,293.09588207906256
2023,7,weekly_w56_h28_huber,커터,52,290.25589215754604,209.74500169235108
2023,7,weekly_w56_h28_huber,투심,85,426.62197609329365,345.6547053498641
2023,7,weekly_w56_h28_huber,포크,96,434.9342291597042,490.3534322075785
2023,7,weekly_w84_hflat,슬라이더,237,1252.144797203132,901.3461058315205
2023,7,weekly_w84_hflat,직구,497,2798.6823089057675,1819.0973940506315
2023,7,weekly_w84_hflat,체인지업,123,332.50017016020763,271.21278135373814
2023,7,weekly_w84_hflat,커브,97,414.07536992340454,264.95219082076085
2023,7,weekly_w84_hflat,커터,52,274.52993951350163,208.1466550919146
2023,7,weekly_w84_hflat,투심,85,422.61349799180084,359.83341503720436
2023,7,weekly_w84_hflat,포크,96,451.662426958958,475.0942015430961
2023,7,weekly_w84_h14,슬라이더,237,1292.3614153843914,917.7330467274369
2023,7,weekly_w84_h14,직구,497,2729.7440209672095,1722.514557361154
2023,7,weekly_w84_h14,체인지업,123,322.59861433194993,279.16904341193447
2023,7,weekly_w84_h14,커브,97,428.12590875882063,292.5154746178869
2023,7,weekly_w84_h14,커터,52,292.5831435459885,207.7118307096451
2023,7,weekly_w84_h14,투심,85,428.13153046419916,348.36922660538494
2023,7,weekly_w84_h14,포크,96,440.6522889469177,486.45008279895427
2023,7,weekly_w84_h28,슬라이더,237,1270.5830075494414,906.0769792246161
2023,7,weekly_w84_h28,직구,497,2761.6411730560244,1762.8733342563378
2023,7,weekly_w84_h28,체인지업,123,324.44027194514365,273.76789150992835
2023,7,weekly_w84_h28,커브,97,417.4786178273963,278.0347327314826
2023,7,weekly_w84_h28,커터,52,284.46078417554037,208.68220148246277
2023,7,weekly_w84_h28,투심,85,424.0963967656943,351.8314191945069
2023,7,weekly_w84_h28,포크,96,443.00894805932023,480.7919695463727
2023,7,weekly_w84_h28_huber,슬라이더,237,1274.9508052584388,917.6498937199158
2023,7,weekly_w84_h28_huber,직구,497,2750.401633284724,1758.47388218475
2023,7,weekly_w84_h28_huber,체인지업,123,325.45344266557123,274.5002286145196
2023,7,weekly_w84_h28_huber,커브,97,423.53399681244247,282.1705283919996
2023,7,weekly_w84_h28_huber,커터,52,282.63080471489354,208.04074734116645
2023,7,weekly_w84_h28_huber,투심,85,426.24462410729905,350.5826706179951
2023,7,weekly_w84_h28_huber,포크,96,442.79999598562097,483.93776138398704
2023,7,weekly_w56_h7,슬라이더,237,1337.5884622823837,944.2584024631069
2023,7,weekly_w56_h7,직구,497,2693.5412369515698,1678.921981485378
2023,7,weekly_w56_h7,체인지업,123,330.6780024632669,290.5369917062204
2023,7,weekly_w56_h7,커브,97,453.03929769116417,316.0020755942962
2023,7,weekly_w56_h7,커터,52,301.9571341643225,203.3385277026208
2023,7,weekly_w56_h7,투심,85,439.464074308816,349.09844391327454
2023,7,weekly_w56_h7,포크,96,447.8492788617462,497.1875746231772
2023,7,weekly_w56_h10,슬라이더,237,1315.1993078884645,931.9267010387164
2023,7,weekly_w56_h10,직구,497,2707.093586979601,1695.3245646526966
2023,7,weekly_w56_h10,체인지업,123,324.95701474696847,285.0132038118048
2023,7,weekly_w56_h10,커브,97,440.44219740119513,305.2924139369131
2023,7,weekly_w56_h10,커터,52,298.42163069684545,206.55480692453403
2023,7,weekly_w56_h10,투심,85,433.1885542270124,347.81700160241616
2023,7,weekly_w56_h10,포크,96,441.7053900995105,492.07544421505327
2023,7,weekly_w56_h21,슬라이더,237,1292.1937667426628,916.667857045593
2023,7,weekly_w56_h21,직구,497,2739.752795893689,1724.196351161208
2023,7,weekly_w56_h21,체인지업,123,322.6095442283833,277.3628248090711
2023,7,weekly_w56_h21,커브,97,423.67428860750385,289.89373859804175
2023,7,weekly_w56_h21,커터,52,292.5015670759678,210.62110570646104
2023,7,weekly_w56_h21,투심,85,426.14563430579295,347.5399091581397
2023,7,weekly_w56_h21,포크,96,436.8971753967632,486.7091635497276
2023,7,weekly_w84_h7,슬라이더,237,1335.7732784898017,942.8352417589881
2023,7,weekly_w84_h7,직구,497,2694.4019756642174,1680.2729859208669
2023,7,weekly_w84_h7,체인지업,123,330.3212490598863,290.13001919972135
2023,7,weekly_w84_h7,커브,97,452.14763018153144,315.2026111743465
2023,7,weekly_w84_h7,커터,52,301.60046538198503,203.22474813093967
2023,7,weekly_w84_h7,투심,85,439.07127414539116,348.9824774920273
2023,7,weekly_w84_h7,포크,96,447.75439782609,496.7439854027105
2023,7,weekly_w84_h10,슬라이더,237,1310.1595016387114,928.2915719917386
2023,7,weekly_w84_h10,직구,497,2710.4102775820957,1700.6743460272187
2023,7,weekly_w84_h10,체인지업,123,324.4015240419585,283.93471523318766
2023,7,weekly_w84_h10,커브,97,438.30672750575326,302.85245762689465
2023,7,weekly_w84_h10,커터,52,297.10594381625214,206.08914094283006
2023,7,weekly_w84_h10,투심,85,432.3947178660653,347.8922513016946
2023,7,weekly_w84_h10,포크,96,442.1759332011788,490.7840153489443
2023,7,weekly_w84_h21,슬라이더,237,1277.6709078677734,909.4841484085234
2023,7,weekly_w84_h21,직구,497,2750.3118994485512,1747.5832822420798
2023,7,weekly_w84_h21,체인지업,123,323.2008410461477,275.37104025728445
2023,7,weekly_w84_h21,커브,97,420.4768337240264,282.9186238461711
2023,7,weekly_w84_h21,커터,52,287.4768062561876,208.5299244535023
2023,7,weekly_w84_h21,투심,85,425.20490701194666,350.21143761023956
2023,7,weekly_w84_h21,포크,96,441.58971875793145,482.7022901601212
2023,7,weekly_w112_h7,슬라이더,237,1335.6379983124712,942.751384115012
2023,7,weekly_w112_h7,직구,497,2694.4358245866606,1680.3790310375186
2023,7,weekly_w112_h7,체인지업,123,330.3647507513081,290.0960829643692
2023,7,weekly_w112_h7,커브,97,452.075986781456,315.1357753696766
2023,7,weekly_w112_h7,커터,52,301.5879275481036,203.2334831733892
2023,7,weekly_w112_h7,투심,85,439.0049383452032,348.9946658894168
2023,7,weekly_w112_h7,포크,96,447.7021209732289,496.712814199188
2023,7,weekly_w112_h10,슬라이더,237,1309.395049127914,927.7681276915225
2023,7,weekly_w112_h10,직구,497,2710.9667343102856,1701.6303139199981
2023,7,weekly_w112_h10,체인지업,123,324.8067996743729,283.7145767955542
2023,7,weekly_w112_h10,커브,97,437.9075793071706,302.3694051848703
2023,7,weekly_w112_h10,커터,52,296.9774431158145,206.1400267126132
2023,7,weekly_w112_h10,투심,85,432.01872532105295,348.0316929465061
2023,7,weekly_w112_h10,포크,96,441.88453681573196,490.55931539992696
2023,7,weekly_w112_h21,슬라이더,237,1273.9224370141883,906.5777129686003
2023,7,weekly_w112_h21,직구,497,2758.634655789455,1758.0209729330663
2023,7,weekly_w112_h21,체인지업,123,327.74564783958095,274.0369149409242
2023,7,weekly_w112_h21,커브,97,418.8994454347997,279.09317120886044
2023,7,weekly_w112_h21,커터,52,286.29763505153767,208.99765648988208
2023,7,weekly_w112_h21,투심,85,423.1582437417469,352.11132084971723
2023,7,weekly_w112_h21,포크,96,440.19712555761305,481.01516923021245
2023,7,weekly_w112_h14,슬라이더,237,1290.3507206555087,916.2583945667743
2023,7,weekly_w112_h14,직구,497,2732.3999660421914,1726.2486628263805
2023,7,weekly_w112_h14,체인지업,123,324.20574760285103,278.5241711880985
2023,7,weekly_w112_h14,커브,97,427.149780305011,290.91947895827127
2023,7,weekly_w112_h14,커터,52,292.10547009402546,207.87617203662577
2023,7,weekly_w112_h14,투심,85,427.11123993076296,348.9948541423099
2023,7,weekly_w112_h14,포크,96,439.9051725041888,485.7214737753462
2023,7,weekly_w84_h3.5,슬라이더,237,1401.6054270026427,975.8273532060521
2023,7,weekly_w84_h3.5,직구,497,2711.169410186592,1669.528642335256
2023,7,weekly_w84_h3.5,체인지업,123,358.2872830380305,302.9343106180836
2023,7,weekly_w84_h3.5,커브,97,479.89367801370344,337.73146941642324
2023,7,weekly_w84_h3.5,커터,52,311.57740522923837,196.03313859052574
2023,7,weekly_w84_h3.5,투심,85,455.59430434712436,359.2983226524782
2023,7,weekly_w84_h3.5,포크,96,473.9970413893402,507.4589288793776
2023,7,weekly_w28_h7,슬라이더,237,1328.667862441846,984.2255015868867
2023,7,weekly_w28_h7,직구,497,2704.7836949220746,1722.6594257534448
2023,7,weekly_w28_h7,체인지업,123,337.12673919815484,295.7647870077854
2023,7,weekly_w28_h7,커브,97,447.43472896057074,310.31684298309005
2023,7,weekly_w28_h7,커터,52,288.2510183445119,209.04534072508733
2023,7,weekly_w28_h7,투심,85,464.4367379738115,358.3891702120249
2023,7,weekly_w28_h7,포크,96,458.1519801461561,496.5086713330444
2023,7,weekly_w84_h14_huber,슬라이더,237,1299.405322404701,933.1768266618758
2023,7,weekly_w84_h14_huber,직구,497,2715.776566286643,1718.5931624300438
2023,7,weekly_w84_h14_huber,체인지업,123,323.75194053226915,279.7253835858447
2023,7,weekly_w84_h14_huber,커브,97,435.59099631850853,298.1557116113847
2023,7,weekly_w84_h14_huber,커터,52,291.9279099367354,206.55224945043435
2023,7,weekly_w84_h14_huber,투심,85,429.8470799553792,347.33093797434213
2023,7,weekly_w84_h14_huber,포크,96,439.6319858794017,490.2707104104007
2023,7,daily_w84_h3.5,슬라이더,237,1415.3092835190773,920.7901819807369
2023,7,daily_w84_h3.5,직구,497,2832.139368455271,1648.3919350000785
2023,7,daily_w84_h3.5,체인지업,123,368.23814466336364,319.36907311158046
2023,7,daily_w84_h3.5,커브,97,472.65777200564327,369.5418251428319
2023,7,daily_w84_h3.5,커터,52,309.233027453952,196.04345979254086
2023,7,daily_w84_h3.5,투심,85,438.14013237600716,333.5648191155506
2023,7,daily_w84_h3.5,포크,96,434.2397229412883,552.3223780491784
2023,7,daily_w56_h7,슬라이더,237,1347.047368003337,907.0981782539933
2023,7,daily_w56_h7,직구,497,2751.7140629238097,1644.7925965954207
2023,7,daily_w56_h7,체인지업,123,336.2860713902495,294.9324710229446
2023,7,daily_w56_h7,커브,97,455.64419580943826,333.14514238143846
2023,7,daily_w56_h7,커터,52,301.04888916653226,201.33586073664125
2023,7,daily_w56_h7,투심,85,429.0381840731597,330.58227942614815
2023,7,daily_w56_h7,포크,96,428.9141998397672,520.3486084366084
2023,7,daily_w56_h14,슬라이더,237,1309.3453338126342,902.0009437861856
2023,7,daily_w56_h14,직구,497,2743.963046389882,1679.8573343439575
2023,7,daily_w56_h14,체인지업,123,326.78979295426933,283.20431945118423
2023,7,daily_w56_h14,커브,97,435.20718116686646,309.3308075369905
2023,7,daily_w56_h14,커터,52,296.1483955595949,207.74221737981833
2023,7,daily_w56_h14,투심,85,424.07165884897296,334.5302468646555
2023,7,daily_w56_h14,포크,96,432.1910344261595,501.45217020311526
2023,7,daily_w56_h28,슬라이더,237,1293.4251083143558,898.8685210620877
2023,7,daily_w56_h28,직구,497,2754.467604640523,1706.9260433793238
2023,7,daily_w56_h28,체인지업,123,324.90288635132606,277.3722298056273
2023,7,daily_w56_h28,커브,97,422.8524856957373,296.92051303042086
2023,7,daily_w56_h28,커터,52,292.4416652285016,210.59334414996857
2023,7,daily_w56_h28,투심,85,422.240540840125,337.6620027706958
2023,7,daily_w56_h28,포크,96,433.8389518494614,494.30695959902175
2023,7,daily_w84_h7,슬라이더,237,1345.3811006222372,906.2850653101233
2023,7,daily_w84_h7,직구,497,2752.5489245873905,1645.8306072208152
2023,7,daily_w84_h7,체인지업,123,336.2287383832697,294.48178615587454
2023,7,daily_w84_h7,커브,97,454.6557699405711,332.20023615640264
2023,7,daily_w84_h7,커터,52,300.8059089402133,201.41273832039894
2023,7,daily_w84_h7,투심,85,428.59420157265515,330.55932836175197
2023,7,daily_w84_h7,포크,96,429.0276339426734,519.8408155586555
2023,7,daily_w84_h14,슬라이더,237,1301.2178627076505,897.9515078108366
2023,7,daily_w84_h14,직구,497,2752.428311599085,1692.003222206405
2023,7,daily_w84_h14,체인지업,123,327.24247170133236,281.2951849398218
2023,7,daily_w84_h14,커브,97,431.3412764795631,303.4261376424339
2023,7,daily_w84_h14,커터,52,293.7585119794189,207.3766186064668
2023,7,daily_w84_h14,투심,85,422.8568227560169,335.9912719194968
2023,7,daily_w84_h14,포크,96,433.7679117600255,498.5191255552329
2023,7,daily_w84_h28,슬라이더,237,1278.7148817996426,892.9655943790827
2023,7,daily_w84_h28,직구,497,2773.3367597316533,1738.8732596947586
2023,7,daily_w84_h28,체인지업,123,326.9675295730543,275.1641860240276
2023,7,daily_w84_h28,커브,97,418.86632407281047,285.3929632628611
2023,7,daily_w84_h28,커터,52,286.60456482806774,208.93170974318159
2023,7,daily_w84_h28,투심,85,421.5627853460827,342.90053067923884
2023,7,daily_w84_h28,포크,96,438.6340422889649,488.08157325348253
2023,7,fortnightly_w84_h7,슬라이더,237,1351.7481683713568,940.8469867501517
2023,7,fortnightly_w84_h7,직구,497,2730.5634404756493,1676.3884720685883
2023,7,fortnightly_w84_h7,체인지업,123,332.72654038499076,283.76593342077285
2023,7,fortnightly_w84_h7,커브,97,454.81147876631906,308.4004836266747
2023,7,fortnightly_w84_h7,커터,52,308.5081879875627,215.23239834558828
2023,7,fortnightly_w84_h7,투심,85,448.6873813787501,338.12133741402505
2023,7,fortnightly_w84_h7,포크,96,451.559843617498,510.73804093581214
2023,7,fortnightly_w84_h14,슬라이더,237,1302.524991714387,917.803292894617
2023,7,fortnightly_w84_h14,직구,497,2749.421104293488,1724.210765929049
2023,7,fortnightly_w84_h14,체인지업,123,326.0610721993157,275.23374434499135
2023,7,fortnightly_w84_h14,커브,97,431.7304921149164,287.72255858258546
2023,7,fortnightly_w84_h14,커터,52,295.83678239714726,215.0883327675284
2023,7,fortnightly_w84_h14,투심,85,432.904945884402,342.8626987036213
2023,7,fortnightly_w84_h14,포크,96,442.93072286526444,494.3279245148772
2023,7,fortnightly_w84_h28,슬라이더,237,1278.3904220414543,907.1039700830589
2023,7,fortnightly_w84_h28,직구,497,2772.7960229984337,1767.1694281842842
2023,7,fortnightly_w84_h28,체인지업,123,328.70883066968827,271.35197478106187
2023,7,fortnightly_w84_h28,커브,97,421.47582806630516,274.77087586078983
2023,7,fortnightly_w84_h28,커터,52,286.24073120715127,213.60435768657425
2023,7,fortnightly_w84_h28,투심,85,425.71130310717973,348.833681497135
2023,7,fortnightly_w84_h28,포크,96,444.9540362157925,485.6211228392839
2023,8,uncorrected,슬라이더,387,9776.079773362531,5404.774836267002
2023,8,uncorrected,직구,758,27821.517899727896,11941.340281322762
2023,8,uncorrected,체인지업,196,5656.793483402265,1979.3125912572762
2023,8,uncorrected,커브,170,3160.0160436771976,1479.0730882340317
2023,8,uncorrected,커터,94,3187.255761702409,1416.0898477067326
2023,8,uncorrected,투심,98,3363.5082692619517,1327.2174564142995
2023,8,uncorrected,포크,150,2896.083092046424,2645.731412429157
2023,8,last_month,슬라이더,387,2611.3466707394805,1565.4201761516938
2023,8,last_month,직구,758,4926.224262365364,2439.8152234827303
2023,8,last_month,체인지업,196,1290.208223652693,616.655966214503
2023,8,last_month,커브,170,1023.2973316733428,546.7767293627282
2023,8,last_month,커터,94,479.7679870683654,354.53352695350793
2023,8,last_month,투심,98,785.5069566455762,440.0444583448001
2023,8,last_month,포크,150,1013.3942111847898,1124.3445240122724
2023,8,season_to_date,슬라이더,387,2558.8442482598166,1692.6580364862039
2023,8,season_to_date,직구,758,5157.3242115874655,2823.2519436536
2023,8,season_to_date,체인지업,196,1310.8782547248406,614.1836247920919
2023,8,season_to_date,커브,170,944.7948966118238,438.7443817586146
2023,8,season_to_date,커터,94,507.8884656326071,378.9178581067284
2023,8,season_to_date,투심,98,777.1731206688037,470.1515199654669
2023,8,season_to_date,포크,150,1068.3339052634299,1111.7234267552458
2023,8,ewma_w2_h0.25,슬라이더,387,2597.223866206393,1567.6983967963524
2023,8,ewma_w2_h0.25,직구,758,4922.445641892058,2447.3448885267608
2023,8,ewma_w2_h0.25,체인지업,196,1286.685401758402,614.8424315081879
2023,8,ewma_w2_h0.25,커브,170,1012.2864909087775,540.007391746263
2023,8,ewma_w2_h0.25,커터,94,479.8718530636606,354.10778294421436
2023,8,ewma_w2_h0.25,투심,98,781.3599652709822,440.26527880690924
2023,8,ewma_w2_h0.25,포크,150,1008.4495770486135,1120.6611805627285
2023,8,ewma_w2_h0.5,슬라이더,387,2566.216731432851,1574.3509834455256
2023,8,ewma_w2_h0.5,직구,758,4918.37128204916,2467.7988096692634
2023,8,ewma_w2_h0.5,체인지업,196,1279.5769823189744,610.9585765547359
2023,8,ewma_w2_h0.5,커브,170,987.0875595056551,524.3943560177918
2023,8,ewma_w2_h0.5,커터,94,480.8595323175879,353.37783950968776
2023,8,ewma_w2_h0.5,투심,98,772.1238142228314,441.1562831297925
2023,8,ewma_w2_h0.5,포크,150,997.5212409036769,1112.3528933826972
2023,8,ewma_w2_h1,슬라이더,387,2540.6753953950756,1582.1699078204813
2023,8,ewma_w2_h1,직구,758,4920.997406095908,2490.2051194997384
2023,8,ewma_w2_h1,체인지업,196,1274.6087476165712,607.8979725046097
2023,8,ewma_w2_h1,커브,170,964.879236332862,510.46975224780965
2023,8,ewma_w2_h1,커터,94,482.7495268086176,353.06676243530995
2023,8,ewma_w2_h1,투심,98,764.3297452247846,442.46579582302525
2023,8,ewma_w2_h1,포크,150,988.4169790766452,1105.1954665445396
2023,8,ewma_w2_h2,슬라이더,387,2526.953853658291,1587.6399286302844
2023,8,ewma_w2_h2,직구,758,4925.655020249934,2505.258904899203
2023,8,ewma_w2_h2,체인지업,196,1272.4211523754789,606.3289629070855
2023,8,ewma_w2_h2,커브,170,952.1605898124745,502.4117127482963
2023,8,ewma_w2_h2,커터,94,484.3490956584787,353.05714172567036
2023,8,ewma_w2_h2,투심,98,760.0415844917766,443.48168563183606
2023,8,ewma_w2_h2,포크,150,983.4703726466861,1101.1800417801574
2023,8,ewma_w2_h3,슬라이더,387,2522.471823189571,1589.6820641200043
2023,8,ewma_w2_h3,직구,758,4927.82959479723,2510.782968869061
2023,8,ewma_w2_h3,체인지업,196,1271.8034591278065,605.8315947622526
2023,8,ewma_w2_h3,커브,170,947.8476748826048,499.66346735799567
2023,8,ewma_w2_h3,커터,94,484.98911570811214,353.08568552140446
2023,8,ewma_w2_h3,투심,98,758.6205794817549,443.87636418364224
2023,8,ewma_w2_h3,포크,150,981.8434310193281,1099.8341843890826
2023,8,ewma_w3_h0.25,슬라이더,387,2597.2151657800428,1568.014235045846
2023,8,ewma_w3_h0.25,직구,758,4923.087801431313,2448.6899538983316
2023,8,ewma_w3_h0.25,체인지업,196,1286.8487231829276,614.7488659248891
2023,8,ewma_w3_h0.25,커브,170,1012.2151173467579,539.372664634016
2023,8,ewma_w3_h0.25,커터,94,480.03121609207426,354.09754620494533
2023,8,ewma_w3_h0.25,투심,98,781.3572392246538,440.3415230177739
2023,8,ewma_w3_h0.25,포크,150,1008.8190652167274,1120.4784563706537
2023,8,ewma_w3_h0.5,슬라이더,387,2568.196542726478,1578.9393911888344
2023,8,ewma_w3_h0.5,직구,758,4927.796694442663,2486.1592956803643
2023,8,ewma_w3_h0.5,체인지업,196,1282.2763721435342,610.2929730419635
2023,8,ewma_w3_h0.5,커브,170,987.5232562638187,517.3409199328677
2023,8,ewma_w3_h0.5,커터,94,483.0537611161989,353.5363118964062
2023,8,ewma_w3_h0.5,투심,98,772.6111260186248,442.36779290286375
2023,8,ewma_w3_h0.5,포크,150,1002.9759594205418,1110.840537162272
2023,8,ewma_w3_h1,슬라이더,387,2551.7475427433337,1597.3926200112696
2023,8,ewma_w3_h1,직구,758,4951.14167813674,2548.128078877033
2023,8,ewma_w3_h1,체인지업,196,1283.9958021800849,607.5924834640657
2023,8,ewma_w3_h1,커브,170,969.7195670358014,492.7248081622962
2023,8,ewma_w3_h1,커터,94,489.5162893555367,354.44975465857186
2023,8,ewma_w3_h1,투심,98,767.0930310175765,446.75131215189555
2023,8,ewma_w3_h1,포크,150,1006.4549838671219,1103.2044690165278
2023,8,ewma_w3_h2,슬라이더,387,2548.846998057693,1613.1356133893398
2023,8,ewma_w3_h2,직구,758,4974.425949081269,2599.838977284596
2023,8,ewma_w3_h2,체인지업,196,1288.3031419583026,607.519413306288
2023,8,ewma_w3_h2,커브,170,963.0133227559822,477.5022342538178
2023,8,ewma_w3_h2,커터,94,495.13380401934967,356.14523574824545
2023,8,ewma_w3_h2,투심,98,765.560278252824,450.8837379737404
2023,8,ewma_w3_h2,포크,150,1013.5815937600348,1100.471875701681
2023,8,ewma_w3_h3,슬라이더,387,2549.2112354274286,1619.4459126922702
2023,8,ewma_w3_h3,직구,758,4984.019984891461,2620.334519636647
2023,8,ewma_w3_h3,체인지업,196,1290.3793372044863,607.8675179688205
2023,8,ewma_w3_h3,커브,170,961.534559967416,472.35500348407766
2023,8,ewma_w3_h3,커터,94,497.35986925780907,356.98387141453156
2023,8,ewma_w3_h3,투심,98,765.3887807372935,452.60037044228227
2023,8,ewma_w3_h3,포크,150,1016.9785883979758,1099.9890824195577
2023,8,ewma_w6_h0.25,슬라이더,387,2597.1794666341516,1568.043602485221
2023,8,ewma_w6_h0.25,직구,758,4923.139318509251,2448.798015992511
2023,8,ewma_w6_h0.25,체인지업,196,1286.8497239133674,614.7390039780881
2023,8,ewma_w6_h0.25,커브,170,1012.1825697971634,539.3281017970206
2023,8,ewma_w6_h0.25,커터,94,480.0308309590295,354.10657185764336
2023,8,ewma_w6_h0.25,투심,98,781.3492074242527,440.34480210030944
2023,8,ewma_w6_h0.25,포크,150,1008.8426273222574,1120.4702303713498
2023,8,ewma_w6_h0.5,슬라이더,387,2567.16695299424,1580.6146105907173
2023,8,ewma_w6_h0.5,직구,758,4931.126736763545,2491.922785860994
2023,8,ewma_w6_h0.5,체인지업,196,1282.5969528355836,609.9666335348675
2023,8,ewma_w6_h0.5,커브,170,986.3253640450991,515.4703676421032
2023,8,ewma_w6_h0.5,커터,94,483.12948937066506,354.08899443620317
2023,8,ewma_w6_h0.5,투심,98,772.4181487743591,442.60373512734606
2023,8,ewma_w6_h0.5,포크,150,1004.3896352080135,1110.6802423512072
2023,8,ewma_w6_h1,슬라이더,387,2549.99489687358,1607.7018064637489
2023,8,ewma_w6_h1,직구,758,4973.391387943564,2581.3120959175135
2023,8,ewma_w6_h1,체인지업,196,1287.0097552824413,606.8981671286415
2023,8,ewma_w6_h1,커브,170,965.3657850905173,484.8653469791327
2023,8,ewma_w6_h1,커터,94,490.361025958249,358.1314715130864
2023,8,ewma_w6_h1,투심,98,767.1411676429807,448.4274434121135
2023,8,ewma_w6_h1,포크,150,1015.1914484820497,1103.870135802473
2023,8,ewma_w6_h2,슬라이더,387,2549.866816877403,1635.0586348845159
2023,8,ewma_w6_h2,직구,758,5024.519047094939,2667.7558026076554
2023,8,ewma_w6_h2,체인지업,196,1295.7307461869245,607.4723386078641
2023,8,ewma_w6_h2,커브,170,956.7930119503725,464.7753842320474
2023,8,ewma_w6_h2,커터,94,497.2800052083717,364.3760024327132
2023,8,ewma_w6_h2,투심,98,767.0230341118543,454.627906367181
2023,8,ewma_w6_h2,포크,150,1032.139381462995,1103.652536494003
2023,8,ewma_w6_h3,슬라이더,387,2552.3212611088156,1646.6705402269995
2023,8,ewma_w6_h3,직구,758,5047.706794698663,2703.613706494458
2023,8,ewma_w6_h3,체인지업,196,1300.0051749433565,608.3419561771906
2023,8,ewma_w6_h3,커브,170,954.945305713946,458.0713085100821
2023,8,ewma_w6_h3,커터,94,500.15142672064883,367.38837856050253
2023,8,ewma_w6_h3,투심,98,767.7606954300072,457.29689291828265
2023,8,ewma_w6_h3,포크,150,1040.0453982258005,1104.6021398217604
2023,8,precision_h0.5_q0.25,슬라이더,387,2564.5273222842643,1579.8029863284346
2023,8,precision_h0.5_q0.25,직구,758,4936.978534062189,2487.182935071167
2023,8,precision_h0.5_q0.25,체인지업,196,1282.6019631722202,610.5947130134621
2023,8,precision_h0.5_q0.25,커브,170,981.7308394092242,518.3161898051753
2023,8,precision_h0.5_q0.25,커터,94,484.11533489078914,353.9870193497656
2023,8,precision_h0.5_q0.25,투심,98,772.5829699596553,442.67124039656517
2023,8,precision_h0.5_q0.25,포크,150,1000.3531708218906,1112.3976401339523
2023,8,precision_h0.5_q1,슬라이더,387,2581.707522300405,1572.8865354375328
2023,8,precision_h0.5_q1,직구,758,4925.714458580482,2465.5863635989786
2023,8,precision_h0.5_q1,체인지업,196,1284.062415621138,612.5310727080482
2023,8,precision_h0.5_q1,커브,170,998.9586618122926,529.1030990174993
2023,8,precision_h0.5_q1,커터,94,481.21214088496106,353.93111923964
2023,8,precision_h0.5_q1,투심,98,777.0466573809557,441.1762856557401
2023,8,precision_h0.5_q1,포크,150,1005.4580978406052,1116.106878730182
2023,8,precision_h0.5_q2,슬라이더,387,2584.173899794145,1572.2779353403253
2023,8,precision_h0.5_q2,직구,758,4924.687126333973,2463.650874909512
2023,8,precision_h0.5_q2,체인지업,196,1284.5712251308319,612.7406703398678
2023,8,precision_h0.5_q2,커브,170,1001.2992478458922,530.1541245265221
2023,8,precision_h0.5_q2,커터,94,481.0020472863626,353.92664403864467
2023,8,precision_h0.5_q2,투심,98,777.5934135016377,441.0485035255718
2023,8,precision_h0.5_q2,포크,150,1006.2530111845826,1116.4860553805831
2023,8,precision_h1_q0.25,슬라이더,387,2547.0609835991745,1602.2878800943977
2023,8,precision_h1_q0.25,직구,758,4974.221150015104,2560.670264393564
2023,8,precision_h1_q0.25,체인지업,196,1286.4056189035941,607.5597788109312
2023,8,precision_h1_q0.25,커브,170,961.1085778160095,491.5669213612648
2023,8,precision_h1_q0.25,커터,94,491.12776643610766,356.7893353301242
2023,8,precision_h1_q0.25,투심,98,767.4573756222456,447.76622763156917
2023,8,precision_h1_q0.25,포크,150,1007.8687074478134,1105.745156988186
2023,8,precision_h1_q1,슬라이더,387,2562.935067126002,1585.8753341292122
2023,8,precision_h1_q1,직구,758,4942.749162690872,2509.9118232980945
2023,8,precision_h1_q1,체인지업,196,1283.4183499332585,609.1936672732841
2023,8,precision_h1_q1,커브,170,980.9513529736582,509.0703086844852
2023,8,precision_h1_q1,커터,94,484.7298324009301,354.92831252762755
2023,8,precision_h1_q1,투심,98,771.723290591895,443.7471465220637
2023,8,precision_h1_q1,포크,150,1006.9839816091103,1109.5074346264846
2023,8,precision_h1_q2,슬라이더,387,2565.8323706019796,1584.3236349810695
2023,8,precision_h1_q2,직구,758,4938.876239155831,2505.0972447318495
2023,8,precision_h1_q2,체인지업,196,1283.6593051119235,609.4510604678117
2023,8,precision_h1_q2,커브,170,984.1635143242986,510.9585703773342
2023,8,precision_h1_q2,커터,94,484.12532684753893,354.7732201227103
2023,8,precision_h1_q2,투심,98,772.2409238040921,443.38033452341585
2023,8,precision_h1_q2,포크,150,1007.311218819085,1109.9887673076996
2023,8,precision_h2_q0.25,슬라이더,387,2545.2785627946078,1624.4877150731006
2023,8,precision_h2_q0.25,직구,758,5016.0374372369215,2631.4653987553384
2023,8,precision_h2_q0.25,체인지업,196,1293.962156157464,607.5080292639227
2023,8,precision_h2_q0.25,커브,170,952.9537277667737,473.36309169859754
2023,8,precision_h2_q0.25,커터,94,497.2883306003009,361.3380438224128
2023,8,precision_h2_q0.25,투심,98,766.8514425999211,453.0012626370551
2023,8,precision_h2_q0.25,포크,150,1021.9682842907998,1104.413748987342
2023,8,precision_h2_q1,슬라이더,387,2554.559176659871,1600.7216919787056
2023,8,precision_h2_q1,직구,758,4968.15573788189,2558.986811925973
2023,8,precision_h2_q1,체인지업,196,1286.278308043477,607.5474828665979
2023,8,precision_h2_q1,커브,170,970.119091014019,492.5506256701056
2023,8,precision_h2_q1,커터,94,488.656160846475,357.34471025111884
2023,8,precision_h2_q1,투심,98,769.3901988867997,446.91767203416345
2023,8,precision_h2_q1,포크,150,1014.0440854216002,1106.1199082740482
2023,8,precision_h2_q2,슬라이더,387,2556.8595575930003,1598.299815164417
2023,8,precision_h2_q2,직구,758,4961.479256651257,2551.6413057100017
2023,8,precision_h2_q2,체인지업,196,1285.9871899104041,607.7020318100303
2023,8,precision_h2_q2,커브,170,973.3112595781676,494.8098676229122
2023,8,precision_h2_q2,커터,94,487.71190665575483,356.97523589579544
2023,8,precision_h2_q2,투심,98,769.6339811581962,446.3160266620458
2023,8,precision_h2_q2,포크,150,1013.5167237277069,1106.465683643527
2023,8,ema_a0.5,슬라이더,387,2550.026772114962,1617.4017946460363
2023,8,ema_a0.5,직구,758,4995.540919739031,2611.895695100654
2023,8,ema_a0.5,체인지업,196,1290.2747574622192,606.6528303488587
2023,8,ema_a0.5,커브,170,962.2878538628206,478.32491201894544
2023,8,ema_a0.5,커터,94,491.4810748476798,361.55229734243335
2023,8,ema_a0.5,투심,98,767.6525335813112,450.10480083991536
2023,8,ema_a0.5,포크,150,1023.3509131389769,1104.7755069064915
2023,8,ema_a0.75,슬라이더,387,2566.8440818032614,1581.1714737795373
2023,8,ema_a0.75,직구,758,4932.244871353512,2493.8302838084683
2023,8,ema_a0.75,체인지업,196,1282.7082491429423,609.8632755487283
2023,8,ema_a0.75,커브,170,985.9391634978017,514.860228712517
2023,8,ema_a0.75,커터,94,483.15808846307243,354.2724597640899
2023,8,ema_a0.75,투심,98,772.3592025398032,442.68337812340917
2023,8,ema_a0.75,포크,150,1004.858398148956,1110.6311433466649
2023,8,ema_a0.9,슬라이더,387,2589.751834471782,1569.99150362241
2023,8,ema_a0.9,직구,758,4922.7723163613355,2455.5173265814565
2023,8,ema_a0.9,체인지업,196,1285.341360108891,613.6543193702765
2023,8,ema_a0.9,커브,170,1006.1595230348122,534.6830282374266
2023,8,ema_a0.9,커터,94,480.403265406704,353.9334286144791
2023,8,ema_a0.9,투심,98,779.158122828315,440.6353046499549
2023,8,ema_a0.9,포크,150,1006.8946860715721,1118.2625697217184
2023,8,kalman_q0.25,슬라이더,387,2579.6679676730973,1619.967890560517
2023,8,kalman_q0.25,직구,758,4999.324977139253,2589.1861005183887
2023,8,kalman_q0.25,체인지업,196,1305.5875829701645,610.5235870897436
2023,8,kalman_q0.25,커브,170,980.9598811044018,485.44106096297463
2023,8,kalman_q0.25,커터,94,494.7573059587736,360.03846040791757
2023,8,kalman_q0.25,투심,98,768.4991487277554,455.83172574060785
2023,8,kalman_q0.25,포크,150,1030.7492282564485,1116.907720455289
2023,8,kalman_q0.5,슬라이더,387,2579.3959204340954,1587.3935361861822
2023,8,kalman_q0.5,직구,758,4927.455131312219,2495.193249595877
2023,8,kalman_q0.5,체인지업,196,1290.4318440473266,612.5944778570158
2023,8,kalman_q0.5,커브,170,990.3940093454894,518.3028985234623
2023,8,kalman_q0.5,커터,94,486.09515903143716,355.67859335058284
2023,8,kalman_q0.5,투심,98,768.3683104592554,446.94940050303404
2023,8,kalman_q0.5,포크,150,1007.665605816652,1122.7397349429762
2023,8,kalman_q1,슬라이더,387,2590.4249135003565,1571.8729360425555
2023,8,kalman_q1,직구,758,4908.259645331871,2456.1382951415517
2023,8,kalman_q1,체인지업,196,1284.8841396576015,615.5172741171007
2023,8,kalman_q1,커브,170,1005.2262244219598,537.8036715271189
2023,8,kalman_q1,커터,94,480.7343980565183,354.69723726402765
2023,8,kalman_q1,투심,98,775.6167761915767,442.30807288860245
2023,8,kalman_q1,포크,150,1003.7947616573806,1125.1131956901177
2023,8,kalman_q2,슬라이더,387,2603.2801288868386,1567.0456691588856
2023,8,kalman_q2,직구,758,4917.2801557293205,2444.137436586638
2023,8,kalman_q2,체인지업,196,1287.494249733474,616.443282789262
2023,8,kalman_q2,커브,170,1016.8173410082068,544.4252053484381
2023,8,kalman_q2,커터,94,479.7327119761301,354.54614110733064
2023,8,kalman_q2,투심,98,781.9595797336038,440.66981237768005
2023,8,kalman_q2,포크,150,1009.0798286565634,1124.8080679786883
2023,8,kalman_q4,슬라이더,387,2609.022440941153,1565.8216529408128
2023,8,kalman_q4,직구,758,4923.484471990903,2440.9121563452695
2023,8,kalman_q4,체인지업,196,1289.375234415283,616.6132284011655
2023,8,kalman_q4,커브,170,1021.4746887480073,546.1838015197677
2023,8,kalman_q4,커터,94,479.725805870394,354.53266980956425
2023,8,kalman_q4,투심,98,784.5081703386466,440.2055496921118
2023,8,kalman_q4,포크,150,1012.1057781010607,1124.4880561731866
2023,8,adaptive_q0.5,슬라이더,387,2579.3959204340954,1587.3935361861822
2023,8,adaptive_q0.5,직구,758,4927.455131312219,2495.193249595877
2023,8,adaptive_q0.5,체인지업,196,1290.4318440473266,612.5944778570158
2023,8,adaptive_q0.5,커브,170,990.3940093454894,518.3028985234623
2023,8,adaptive_q0.5,커터,94,486.09515903143716,355.67859335058284
2023,8,adaptive_q0.5,투심,98,768.3683104592554,446.94940050303404
2023,8,adaptive_q0.5,포크,150,1007.665605816652,1122.7397349429762
2023,8,adaptive_q1,슬라이더,387,2590.4249135003565,1571.8729360425555
2023,8,adaptive_q1,직구,758,4908.259645331871,2456.1382951415517
2023,8,adaptive_q1,체인지업,196,1284.8841396576015,615.5172741171007
2023,8,adaptive_q1,커브,170,1005.2262244219598,537.8036715271189
2023,8,adaptive_q1,커터,94,480.7343980565183,354.69723726402765
2023,8,adaptive_q1,투심,98,775.6167761915767,442.30807288860245
2023,8,adaptive_q1,포크,150,1003.7947616573806,1125.1131956901177
2023,8,adaptive_q2,슬라이더,387,2603.2801288868386,1567.0456691588856
2023,8,adaptive_q2,직구,758,4917.2801557293205,2444.137436586638
2023,8,adaptive_q2,체인지업,196,1287.494249733474,616.443282789262
2023,8,adaptive_q2,커브,170,1016.8173410082068,544.4252053484381
2023,8,adaptive_q2,커터,94,479.7327119761301,354.54614110733064
2023,8,adaptive_q2,투심,98,781.9595797336038,440.66981237768005
2023,8,adaptive_q2,포크,150,1009.0798286565634,1124.8080679786883
2023,8,trend_d0.25,슬라이더,387,2679.264360607088,1558.9775820501764
2023,8,trend_d0.25,직구,758,4955.939768537546,2414.329410818179
2023,8,trend_d0.25,체인지업,196,1308.861650980038,625.6448943381872
2023,8,trend_d0.25,커브,170,1073.448719384793,577.2782977707096
2023,8,trend_d0.25,커터,94,481.34562145419477,357.14094497520875
2023,8,trend_d0.25,투심,98,805.0912003610852,440.09317704362934
2023,8,trend_d0.25,포크,150,1036.9758986358856,1141.4527023025603
2023,8,trend_d0.5,슬라이더,387,2759.9656790683835,1557.7804490772915
2023,8,trend_d0.5,직구,758,5007.765586684094,2399.392120452092
2023,8,trend_d0.5,체인지업,196,1333.4754957075984,636.7084791829554
2023,8,trend_d0.5,커브,170,1129.0325209871773,610.5838680973718
2023,8,trend_d0.5,커터,94,486.1922180037541,361.04037268238307
2023,8,trend_d0.5,투심,98,827.8480170622354,441.74022872031384
2023,8,trend_d0.5,포크,150,1064.7136689755419,1160.9149250409816
2023,8,monthly_w28_hflat,슬라이더,387,2540.327724951065,1556.8507130077583
2023,8,monthly_w28_hflat,직구,758,4768.858236569671,2415.508046851145
2023,8,monthly_w28_hflat,체인지업,196,1235.0748723232196,615.8695785674097
2023,8,monthly_w28_hflat,커브,170,985.4681487567163,561.6840945693577
2023,8,monthly_w28_hflat,커터,94,473.3266922214382,359.44370713046436
2023,8,monthly_w28_hflat,투심,98,755.6458595437775,434.3174427514106
2023,8,monthly_w28_hflat,포크,150,969.093716732182,1120.0008964363105
2023,8,monthly_w28_h14,슬라이더,387,2560.223834841025,1534.2060859440717
2023,8,monthly_w28_h14,직구,758,4842.72447986961,2396.81098769415
2023,8,monthly_w28_h14,체인지업,196,1244.6026739890087,630.2435301878575
2023,8,monthly_w28_h14,커브,170,993.578406057188,581.2437826719291
2023,8,monthly_w28_h14,커터,94,470.8388016159558,355.95546952188084
2023,8,monthly_w28_h14,투심,98,773.0987294882153,432.64802386634165
2023,8,monthly_w28_h14,포크,150,983.2393060810432,1125.875949015493
2023,8,monthly_w28_h28,슬라이더,387,2546.5409999708495,1545.5195978701222
2023,8,monthly_w28_h28,직구,758,4803.6906717777565,2404.1028044288655
2023,8,monthly_w28_h28,체인지업,196,1237.5569768206965,621.5552756433576
2023,8,monthly_w28_h28,커브,170,986.9230960243473,570.2274200589653
2023,8,monthly_w28_h28,커터,94,471.46747119803075,357.83315587096223
2023,8,monthly_w28_h28,투심,98,764.0130291791274,433.12868550248544
2023,8,monthly_w28_h28,포크,150,974.2785797983212,1122.5053533575542
2023,8,monthly_w28_h28_huber,슬라이더,387,2571.2100989013693,1555.5515419368908
2023,8,monthly_w28_h28_huber,직구,758,4819.4714914842225,2402.4765660042585
2023,8,monthly_w28_h28_huber,체인지업,196,1256.9798022502175,619.3882871040164
2023,8,monthly_w28_h28_huber,커브,170,992.6424991732904,574.1866306053903
2023,8,monthly_w28_h28_huber,커터,94,480.02299110216364,359.97007977528955
2023,8,monthly_w28_h28_huber,투심,98,759.1126200502512,433.1280418804205
2023,8,monthly_w28_h28_huber,포크,150,984.9200849690304,1123.040890369311
2023,8,monthly_w56_hflat,슬라이더,387,2494.5621844911348,1610.4232957155682
2023,8,monthly_w56_hflat,직구,758,4878.9975877496445,2506.3451915974215
2023,8,monthly_w56_hflat,체인지업,196,1245.4191564262937,603.4780703981717
2023,8,monthly_w56_hflat,커브,170,934.5654672344187,486.482105892934
2023,8,monthly_w56_hflat,커터,94,480.09338571510347,353.37463445238654
2023,8,monthly_w56_hflat,투심,98,743.8455312360071,451.5571397090258
2023,8,monthly_w56_hflat,포크,150,978.6811843074217,1102.4041824555884
2023,8,monthly_w56_h14,슬라이더,387,2562.401559733974,1555.961279860284
2023,8,monthly_w56_h14,직구,758,4893.031465884973,2421.346467812189
2023,8,monthly_w56_h14,체인지업,196,1263.2265960636696,615.2304144527682
2023,8,monthly_w56_h14,커브,170,988.7118759158408,533.687951743261
2023,8,monthly_w56_h14,커터,94,475.1040394965837,349.0433841452101
2023,8,monthly_w56_h14,투심,98,768.6977948507276,440.0016339418687
2023,8,monthly_w56_h14,포크,150,1000.5212318195114,1114.696003658571
2023,8,monthly_w56_h28,슬라이더,387,2524.364025734858,1582.0309493273237
2023,8,monthly_w56_h28,직구,758,4869.139653109654,2457.088643084915
2023,8,monthly_w56_h28,체인지업,196,1250.4554745718274,607.363342839267
2023,8,monthly_w56_h28,커브,170,961.1141538777356,508.4299204262202
2023,8,monthly_w56_h28,커터,94,475.8643350304426,350.9908363741008
2023,8,monthly_w56_h28,투심,98,754.2579497821878,445.2306170858187
2023,8,monthly_w56_h28,포크,150,987.2540882407351,1108.0560397015595
2023,8,monthly_w56_h28_huber,슬라이더,387,2543.6132856527433,1603.7634140543264
2023,8,monthly_w56_h28_huber,직구,758,4863.403242360941,2477.0681835678843
2023,8,monthly_w56_h28_huber,체인지업,196,1262.3226277471551,605.845546290296
2023,8,monthly_w56_h28_huber,커브,170,969.0482648961788,512.111396421188
2023,8,monthly_w56_h28_huber,커터,94,480.109653383611,355.0677965501137
2023,8,monthly_w56_h28_huber,투심,98,747.7781308027556,448.89217198311803
2023,8,monthly_w56_h28_huber,포크,150,992.8945961726446,1114.4066494664257
2023,8,monthly_w84_hflat,슬라이더,387,2511.161032096089,1636.389412735885
2023,8,monthly_w84_hflat,직구,758,4982.042743163042,2653.346067451056
2023,8,monthly_w84_hflat,체인지업,196,1264.6205386657202,608.6077502492549
2023,8,monthly_w84_hflat,커브,170,926.6108721157684,459.2063778130344
2023,8,monthly_w84_hflat,커터,94,497.83774232406574,359.1604708510002
2023,8,monthly_w84_hflat,투심,98,751.0188660598952,459.1779607765871
2023,8,monthly_w84_hflat,포크,150,1008.0495967841425,1099.5988974529832
2023,8,monthly_w84_h14,슬라이더,387,2558.1943186791946,1560.9005785873442
2023,8,monthly_w84_h14,직구,758,4910.767624719744,2445.3712258026535
2023,8,monthly_w84_h14,체인지업,196,1265.3679412053107,613.6446738473757
2023,8,monthly_w84_h14,커브,170,981.4885635400932,526.0372633041409
2023,8,monthly_w84_h14,커터,94,478.4895751320961,349.798442031783
2023,8,monthly_w84_h14,투심,98,768.7828071872675,440.9268418029419
2023,8,monthly_w84_h14,포크,150,1004.6316879190049,1111.519017742282
2023,8,monthly_w84_h28,슬라이더,387,2523.134651399261,1594.406743049888
2023,8,monthly_w84_h28,직구,758,4921.324426382175,2525.328530319696
2023,8,monthly_w84_h28,체인지업,196,1258.6097546623487,606.8141015394193
2023,8,monthly_w84_h28,커브,170,949.630887747702,491.353937288006
2023,8,monthly_w84_h28,커터,94,484.9011399145056,353.1573498155271
2023,8,monthly_w84_h28,투심,98,756.9280561718589,448.31389675672335
2023,8,monthly_w84_h28,포크,150,999.6302905583299,1102.9813189814106
2023,8,monthly_w84_h28_huber,슬라이더,387,2541.627579361284,1611.7009325520894
2023,8,monthly_w84_h28_huber,직구,758,4924.215408320551,2542.8738270675094
2023,8,monthly_w84_h28_huber,체인지업,196,1268.6546057218316,605.2569577074762
2023,8,monthly_w84_h28_huber,커브,170,958.0316380661839,493.19768240826363
2023,8,monthly_w84_h28_huber,커터,94,488.1722397222007,356.81574505465755
2023,8,monthly_w84_h28_huber,투심,98,752.8779282450383,450.7922607306356
2023,8,monthly_w84_h28_huber,포크,150,1006.1021531359373,1107.0846033795533
2023,8,weekly_w28_hflat,슬라이더,387,2508.532749713831,1518.7884836653584
2023,8,weekly_w28_hflat,직구,758,4307.034503751346,2322.4701235675457
2023,8,weekly_w28_hflat,체인지업,196,1117.7611939580086,646.0039291066114
2023,8,weekly_w28_hflat,커브,170,972.7495723602565,577.8524244460564
2023,8,weekly_w28_hflat,커터,94,452.3775001245897,350.2184182066182
2023,8,weekly_w28_hflat,투심,98,663.3017498947611,440.0351174841071
2023,8,weekly_w28_hflat,포크,150,969.3453888457825,1135.8602963863873
2023,8,weekly_w28_h14,슬라이더,387,2499.414619321019,1512.491908795761
2023,8,weekly_w28_h14,직구,758,4263.743302492244,2322.3463829598672
2023,8,weekly_w28_h14,체인지업,196,1102.629121801608,650.7620738318572
2023,8,weekly_w28_h14,커브,170,962.0763786094042,579.4848235586785
2023,8,weekly_w28_h14,커터,94,440.8602224890225,354.3049587729357
2023,8,weekly_w28_h14,투심,98,646.2443860611695,437.4402833592731
2023,8,weekly_w28_h14,포크,150,962.6509344385909,1134.1821645814393
2023,8,weekly_w28_h28,슬라이더,387,2503.954348502085,1515.723653714907
2023,8,weekly_w28_h28,직구,758,4284.637299300099,2320.486999506127
2023,8,weekly_w28_h28,체인지업,196,1110.2117604189957,647.9380614203333
2023,8,weekly_w28_h28,커브,170,966.979245595885,578.5229951844457
2023,8,weekly_w28_h28,커터,94,446.48737984807155,352.11557256480836
2023,8,weekly_w28_h28,투심,98,654.0252261409005,438.71245337481054
2023,8,weekly_w28_h28,포크,150,966.6338974587222,1135.269411475096
2023,8,weekly_w28_h28_huber,슬라이더,387,2493.79062997197,1525.6453653617934
2023,8,weekly_w28_h28_huber,직구,758,4278.307891972401,2316.715948583018
2023,8,weekly_w28_h28_huber,체인지업,196,1105.2528637378837,645.8224084485073
2023,8,weekly_w28_h28_huber,커브,170,966.4984381890595,578.9669760948464
2023,8,weekly_w28_h28_huber,커터,94,448.42260160196884,354.5291889967682
2023,8,weekly_w28_h28_huber,투심,98,653.0477883762146,438.5094656070821
2023,8,weekly_w28_h28_huber,포크,150,968.2919215076486,1136.140317200874
2023,8,weekly_w56_hflat,슬라이더,387,2462.7642197858695,1583.72462910558
2023,8,weekly_w56_hflat,직구,758,4535.447430790854,2438.7155840113132
2023,8,weekly_w56_hflat,체인지업,196,1146.8953543518164,615.2835740054259
2023,8,weekly_w56_hflat,커브,170,926.5840295984747,514.347144779714
2023,8,weekly_w56_hflat,커터,94,452.2503209807563,357.4894416616947
2023,8,weekly_w56_hflat,투심,98,698.8896818702816,446.4072631223674
2023,8,weekly_w56_hflat,포크,150,964.0790076118135,1122.5718724052467
2023,8,weekly_w56_h14,슬라이더,387,2476.2757180512735,1537.1915655093367
2023,8,weekly_w56_h14,직구,758,4376.947598462847,2362.0619773910244
2023,8,weekly_w56_h14,체인지업,196,1107.4918662043615,629.3638216135113
2023,8,weekly_w56_h14,커브,170,931.0745856065547,544.3413248864928
2023,8,weekly_w56_h14,커터,94,442.7886406773355,356.26024676936566
2023,8,weekly_w56_h14,투심,98,668.8958839168218,437.67634714618777
2023,8,weekly_w56_h14,포크,150,960.6273470283732,1132.4637504680657
2023,8,weekly_w56_h28,슬라이더,387,2470.6711319883534,1558.1057529938214
2023,8,weekly_w56_h28,직구,758,4447.948237854051,2392.00800595523
2023,8,weekly_w56_h28,체인지업,196,1126.3003435735734,620.712730529978
2023,8,weekly_w56_h28,커브,170,929.661625924061,529.5169637568481
2023,8,weekly_w56_h28,커터,94,448.26210620543117,355.96318776525055
2023,8,weekly_w56_h28,투심,98,683.870961685316,441.51660134962543
2023,8,weekly_w56_h28,포크,150,963.8825934809586,1127.6089656316394
2023,8,weekly_w56_h28_huber,슬라이더,387,2471.9905469731707,1575.9157428776357
2023,8,weekly_w56_h28_huber,직구,758,4443.481999373618,2408.487872154195
2023,8,weekly_w56_h28_huber,체인지업,196,1126.6193691526332,618.698771619821
2023,8,weekly_w56_h28_huber,커브,170,929.378209364244,529.6351903383868
2023,8,weekly_w56_h28_huber,커터,94,449.4545984880896,359.66585434854034
2023,8,weekly_w56_h28_huber,투심,98,679.3956287222879,442.82261504530373
2023,8,weekly_w56_h28_huber,포크,150,962.8937138717906,1131.7141125506582
2023,8,weekly_w84_hflat,슬라이더,387,2458.444323614739,1597.2562184016795
2023,8,weekly_w84_hflat,직구,758,4711.646429176648,2551.4915045493226
2023,8,weekly_w84_hflat,체인지업,196,1190.060705395424,610.0681408121523
2023,8,weekly_w84_hflat,커브,170,905.8430266215969,484.9642363868859
2023,8,weekly_w84_hflat,커터,94,480.2986908070231,357.84162198568686
2023,8,weekly_w84_hflat,투심,98,721.3036801882171,447.3927124101692
2023,8,weekly_w84_hflat,포크,150,980.0822543661175,1095.1881669533282
2023,8,weekly_w84_h14,슬라이더,387,2464.3043924577028,1539.5006768867738
2023,8,weekly_w84_h14,직구,758,4409.0164415990785,2379.759465918741
2023,8,weekly_w84_h14,체인지업,196,1110.6886713713684,626.4861899856955
2023,8,weekly_w84_h14,커브,170,919.4871822243415,536.5665602580543
2023,8,weekly_w84_h14,커터,94,448.29229608060274,354.8844156769021
2023,8,weekly_w84_h14,투심,98,673.9669730949524,436.636638651541
2023,8,weekly_w84_h14,포크,150,962.3067784521154,1124.3335441148456
2023,8,weekly_w84_h28,슬라이더,387,2453.8966931883806,1564.0358020595086
2023,8,weekly_w84_h28,직구,758,4533.235082196008,2443.7095955351333
2023,8,weekly_w84_h28,체인지업,196,1141.2938451619507,616.0360364615499
2023,8,weekly_w84_h28,커브,170,909.8130672383352,512.015259173878
2023,8,weekly_w84_h28,커터,94,461.7110519683647,354.3508938241406
2023,8,weekly_w84_h28,투심,98,695.6049963390456,440.47637329142697
2023,8,weekly_w84_h28,포크,150,969.1003805141927,1110.4197439505335
2023,8,weekly_w84_h28_huber,슬라이더,387,2463.0349619407257,1579.9738869613298
2023,8,weekly_w84_h28_huber,직구,758,4536.660517443687,2456.3288641583567
2023,8,weekly_w84_h28_huber,체인지업,196,1146.2908947705491,615.1062242119814
2023,8,weekly_w84_h28_huber,커브,170,913.1136173998891,513.4371960084407
2023,8,weekly_w84_h28_huber,커터,94,463.0495760385354,357.85638664962454
2023,8,weekly_w84_h28_huber,투심,98,693.3263594760879,442.01230008933254
2023,8,weekly_w84_h28_huber,포크,150,970.7773986507017,1115.0729856332882
2023,8,weekly_w56_h7,슬라이더,387,2470.0400090709127,1511.1257091103942
2023,8,weekly_w56_h7,직구,758,4276.001292684858,2350.120092289103
2023,8,weekly_w56_h7,체인지업,196,1073.442068404861,651.4632597950149
2023,8,weekly_w56_h7,커브,170,926.4806342134575,568.7381105137749
2023,8,weekly_w56_h7,커터,94,429.16705894262736,360.52386584214656
2023,8,weekly_w56_h7,투심,98,643.9359095523271,433.6918607516472
2023,8,weekly_w56_h7,포크,150,944.7036371041036,1140.902567976193
2023,8,weekly_w56_h10,슬라이더,387,2476.503170225278,1524.496121593875
2023,8,weekly_w56_h10,직구,758,4330.85904022592,2350.8019426719707
2023,8,weekly_w56_h10,체인지업,196,1093.3251238568064,637.8119109365101
2023,8,weekly_w56_h10,커브,170,930.2888598613191,555.0699397277194
2023,8,weekly_w56_h10,커터,94,437.43384283861565,357.5312842679109
2023,8,weekly_w56_h10,투심,98,657.8357133728445,435.5775225801843
2023,8,weekly_w56_h10,포크,150,955.3755575937167,1136.0480414026224
2023,8,weekly_w56_h21,슬라이더,387,2473.061035323718,1550.5175714121613
2023,8,weekly_w56_h21,직구,758,4422.48411601634,2379.9753823864976
2023,8,weekly_w56_h21,체인지업,196,1119.868142272237,623.2872533025622
2023,8,weekly_w56_h21,커브,170,930.4031745486154,534.579096483868
2023,8,weekly_w56_h21,커터,94,446.62998252400956,355.8731108247475
2023,8,weekly_w56_h21,투심,98,678.8050174378586,440.0885708750244
2023,8,weekly_w56_h21,포크,150,963.2260618629193,1129.266114415899
2023,8,weekly_w84_h7,슬라이더,387,2468.440816650371,1511.556706804541
2023,8,weekly_w84_h7,직구,758,4279.677452379068,2351.2524687130563
2023,8,weekly_w84_h7,체인지업,196,1073.6413296648589,650.8153203772995
2023,8,weekly_w84_h7,커브,170,924.8592298077355,567.7760155444555
2023,8,weekly_w84_h7,커터,94,429.92766999847873,360.2645128817623
2023,8,weekly_w84_h7,투심,98,644.6340170967121,433.49713649257814
2023,8,weekly_w84_h7,포크,150,945.0556495560177,1139.709000672749
2023,8,weekly_w84_h10,슬라이더,387,2470.305231757269,1525.6826956700866
2023,8,weekly_w84_h10,직구,758,4344.4285476112,2357.2422528363786
2023,8,weekly_w84_h10,체인지업,196,1094.1252544027177,636.1466007213846
2023,8,weekly_w84_h10,커브,170,924.4143791075899,551.5560908853519
2023,8,weekly_w84_h10,커터,94,439.9825751856918,356.75103739460366
2023,8,weekly_w84_h10,투심,98,660.228164721092,434.97037694665767
2023,8,weekly_w84_h10,포크,150,956.2152846373348,1132.1406115953484
2023,8,weekly_w84_h21,슬라이더,387,2456.7826151847507,1554.8212105421007
2023,8,weekly_w84_h21,직구,758,4485.300292891017,2417.1759077869583
2023,8,weekly_w84_h21,체인지업,196,1129.2623841485604,619.1715007540189
2023,8,weekly_w84_h21,커브,170,913.0235588633802,520.8320077831088
2023,8,weekly_w84_h21,커터,94,456.7350004092476,354.1688392647401
2023,8,weekly_w84_h21,투심,98,687.8227426800757,438.89245878823624
2023,8,weekly_w84_h21,포크,150,966.7236434476708,1115.4986413113988
2023,8,weekly_w112_h7,슬라이더,387,2468.4220852478657,1511.5961784072124
2023,8,weekly_w112_h7,직구,758,4280.06229686637,2351.417539160623
2023,8,weekly_w112_h7,체인지업,196,1073.7277437595237,650.765755426833
2023,8,weekly_w112_h7,커브,170,924.7822478176115,567.634223016879
2023,8,weekly_w112_h7,커터,94,429.9701920886381,360.2528891877275
2023,8,weekly_w112_h7,투심,98,644.6913471453059,433.49712564783067
2023,8,weekly_w112_h7,포크,150,945.1216813917682,1139.6743577025497
2023,8,weekly_w112_h10,슬라이더,387,2470.172107822734,1526.0290588577432
2023,8,weekly_w112_h10,직구,758,4347.584873697686,2358.845062759852
2023,8,weekly_w112_h10,체인지업,196,1094.853766712738,635.838390718977
2023,8,weekly_w112_h10,커브,170,923.8094376754057,550.4364351696534
2023,8,weekly_w112_h10,커터,94,440.3076579500773,356.6584722817841
2023,8,weekly_w112_h10,투심,98,660.6482713105034,435.01140287026533
2023,8,weekly_w112_h10,포크,150,956.8004077723936,1131.925099150556
2023,8,weekly_w112_h21,슬라이더,387,2459.1094499701494,1559.829336644089
2023,8,weekly_w112_h21,직구,758,4519.741567049275,2436.732429401458
2023,8,weekly_w112_h21,체인지업,196,1138.3651372123463,617.6759783510504
2023,8,weekly_w112_h21,커브,170,909.3637083784836,511.3716376604402
2023,8,weekly_w112_h21,커터,94,459.483182319718,353.81536140047587
2023,8,weekly_w112_h21,투심,98,690.7888796175937,440.0893069673906
2023,8,weekly_w112_h21,포크,150,973.5351759648165,1114.824608012129
2023,8,weekly_w112_h14,슬라이더,387,2464.3096493492103,1541.020103644545
2023,8,weekly_w112_h14,직구,758,4421.154214475064,2386.398967949162
2023,8,weekly_w112_h14,체인지업,196,1113.6787950163962,625.6317689365858
2023,8,weekly_w112_h14,커브,170,917.5835427867928,532.670466648933
2023,8,weekly_w112_h14,커터,94,449.3965814543508,354.6170221688286
2023,8,weekly_w112_h14,투심,98,675.2953255671518,436.93130809142116
2023,8,weekly_w112_h14,포크,150,964.6241341226744,1123.7780400919353
2023,8,weekly_w84_h3.5,슬라이더,387,2433.4164299425997,1495.9055345703755
2023,8,weekly_w84_h3.5,직구,758,4168.428846872291,2412.0716083114157
2023,8,weekly_w84_h3.5,체인지업,196,1021.5708961094188,692.0283343352074
2023,8,weekly_w84_h3.5,커브,170,910.5977128411878,598.3231713697483
2023,8,weekly_w84_h3.5,커터,94,410.6075497559599,373.81352667459953
2023,8,weekly_w84_h3.5,투심,98,621.8725196559487,431.59981895307754
2023,8,weekly_w84_h3.5,포크,150,908.6655521917946,1154.2575064613534
2023,8,weekly_w28_h7,슬라이더,387,2489.2138011316565,1505.392622720754
2023,8,weekly_w28_h7,직구,758,4224.167363193526,2335.5295898001377
2023,8,weekly_w28_h7,체인지업,196,1087.573624146269,658.9772759376561
2023,8,weekly_w28_h7,커브,170,954.4880488347017,582.6132806750941
2023,8,weekly_w28_h7,커터,94,430.96077571219587,359.25827390737317
2023,8,weekly_w28_h7,투심,98,634.6398655594343,435.0304779483599
2023,8,weekly_w28_h7,포크,150,952.1366616059754,1130.9756350303078
2023,8,weekly_w84_h14_huber,슬라이더,387,2468.7512682105357,1550.6017994571434
2023,8,weekly_w84_h14_huber,직구,758,4400.810456263875,2384.615362097339
2023,8,weekly_w84_h14_huber,체인지업,196,1110.4887309536375,625.4108926389495
2023,8,weekly_w84_h14_huber,커브,170,922.714779151702,537.9900485599587
2023,8,weekly_w84_h14_huber,커터,94,449.3383957433195,357.7973457780151
2023,8,weekly_w84_h14_huber,투심,98,670.6375045590605,437.5064026003647
2023,8,weekly_w84_h14_huber,포크,150,965.0022124378174,1127.5337644416486
2023,8,daily_w84_h3.5,슬라이더,387,2464.3788432671827,1509.4377267148484
2023,8,daily_w84_h3.5,직구,758,4123.832595492255,2345.6161520246014
2023,8,daily_w84_h3.5,체인지업,196,1025.302420687256,666.7799325313774
2023,8,daily_w84_h3.5,커브,170,998.2647423769358,602.1058389390174
2023,8,daily_w84_h3.5,커터,94,446.2676709322239,354.18756540427637
2023,8,daily_w84_h3.5,투심,98,553.0158552805418,450.0933981869358
2023,8,daily_w84_h3.5,포크,150,882.3291678474727,1130.487149553599
2023,8,daily_w56_h7,슬라이더,387,2428.79759911806,1515.7934936528186
2023,8,daily_w56_h7,직구,758,4134.5462459070095,2306.340091173285
2023,8,daily_w56_h7,체인지업,196,1007.9377932830562,641.4278382948546
2023,8,daily_w56_h7,커브,170,943.685414316411,576.3525655646566
2023,8,daily_w56_h7,커터,94,423.87111591197123,346.67267865763773
2023,8,daily_w56_h7,투심,98,588.2885109741425,441.5611010468664
2023,8,daily_w56_h7,포크,150,871.400348240366,1133.6306653915558
2023,8,daily_w56_h14,슬라이더,387,2413.126745517072,1531.3601947681334
2023,8,daily_w56_h14,직구,758,4207.234343084108,2322.2316251580296
2023,8,daily_w56_h14,체인지업,196,1031.7188829445076,628.2486758955774
2023,8,daily_w56_h14,커브,170,919.1527392048885,551.9424823210247
2023,8,daily_w56_h14,커터,94,424.76328023521603,345.70240836491985
2023,8,daily_w56_h14,투심,98,623.4719152416246,441.52500735049364
2023,8,daily_w56_h14,포크,150,883.5704279113279,1133.1041392020516
2023,8,daily_w56_h28,슬라이더,387,2411.4887757956467,1546.5687576056764
2023,8,daily_w56_h28,직구,758,4286.917168544618,2351.008939538572
2023,8,daily_w56_h28,체인지업,196,1061.2748995719148,622.4265186036264
2023,8,daily_w56_h28,커브,170,913.5794497872427,536.4391123962212
2023,8,daily_w56_h28,커터,94,430.2160979097851,347.39090233363794
2023,8,daily_w56_h28,투심,98,645.1549462137679,443.91008086991565
2023,8,daily_w56_h28,포크,150,897.46477726784,1131.2041014003125
2023,8,daily_w84_h7,슬라이더,387,2426.4005597159735,1516.6050266876505
2023,8,daily_w84_h7,직구,758,4137.4165675954855,2308.4676842012013
2023,8,daily_w84_h7,체인지업,196,1007.9231026085866,640.9295674348068
2023,8,daily_w84_h7,커브,170,941.3128718657451,575.0860968020063
2023,8,daily_w84_h7,커터,94,424.0794893251593,346.4934860762949
2023,8,daily_w84_h7,투심,98,589.3541905965693,441.4885535255281
2023,8,daily_w84_h7,포크,150,871.6365703503261,1132.378971073043
2023,8,daily_w84_h14,슬라이더,387,2403.3248857215863,1536.792472701063
2023,8,daily_w84_h14,직구,758,4247.590625651524,2345.771455302367
2023,8,daily_w84_h14,체인지업,196,1040.3278078131302,625.4647999506101
2023,8,daily_w84_h14,커브,170,906.8458359158091,542.8403672082923
2023,8,daily_w84_h14,커터,94,429.9304083313177,345.1639789683439
2023,8,daily_w84_h14,투심,98,632.6622118987019,440.93531033229624
2023,8,daily_w84_h14,포크,150,889.939455492239,1123.9438876176282
2023,8,daily_w84_h28,슬라이더,387,2406.4621574311045,1558.5839786629201
2023,8,daily_w84_h28,직구,758,4402.695871664226,2413.4459832912
2023,8,daily_w84_h28,체인지업,196,1091.0162266404864,617.0099986398155
2023,8,daily_w84_h28,커브,170,895.6661771884731,516.3130043811066
2023,8,daily_w84_h28,커터,94,446.36833961398645,347.2859603918974
2023,8,daily_w84_h28,투심,98,666.6684560973831,442.86279532954353
2023,8,daily_w84_h28,포크,150,916.347162912977,1111.7243571941906
2023,8,fortnightly_w84_h7,슬라이더,387,2440.130610020492,1557.215341091819
2023,8,fortnightly_w84_h7,직구,758,4292.633819753714,2430.4263874800913
2023,8,fortnightly_w84_h7,체인지업,196,1071.4027500427799,626.2580596040359
2023,8,fortnightly_w84_h7,커브,170,963.4418878724177,548.3588328246123
2023,8,fortnightly_w84_h7,커터,94,453.61839651420803,349.4559735066604
2023,8,fortnightly_w84_h7,투심,98,655.1204142983753,434.74418954323204
2023,8,fortnightly_w84_h7,포크,150,957.9317400303523,1135.1246541931698
2023,8,fortnightly_w84_h14,슬라이더,387,2438.9268387699103,1565.955963589442
2023,8,fortnightly_w84_h14,직구,758,4441.752481541007,2450.4137032989556
2023,8,fortnightly_w84_h14,체인지업,196,1107.0622474412241,617.2535742430977
2023,8,fortnightly_w84_h14,커브,170,932.7655946142789,522.8731538682608
2023,8,fortnightly_w84_h14,커터,94,456.47227687196687,350.45289136878074
2023,8,fortnightly_w84_h14,투심,98,682.2935704653695,440.2873240590262
2023,8,fortnightly_w84_h14,포크,150,967.9967467671984,1123.7896872621977
2023,8,fortnightly_w84_h28,슬라이더,387,2441.044169439678,1583.4856092478299
2023,8,fortnightly_w84_h28,직구,758,4573.293436844769,2508.7121241055856
2023,8,fortnightly_w84_h28,체인지업,196,1141.8719220090575,612.8962895590122
2023,8,fortnightly_w84_h28,커브,170,915.685876599463,499.92409129832714
2023,8,fortnightly_w84_h28,커터,94,465.5110912957697,352.8821693089321
2023,8,fortnightly_w84_h28,투심,98,700.2323693513431,445.46310608697064
2023,8,fortnightly_w84_h28,포크,150,976.2114971749901,1112.882644405679
2023,9,uncorrected,슬라이더,358,10970.98376412751,3649.6242922279052
2023,9,uncorrected,직구,710,29240.499165029596,8644.451574903524
2023,9,uncorrected,체인지업,189,5223.569806268923,1620.9954473436865
2023,9,uncorrected,커브,151,2879.5850442705982,1303.1845723592364
2023,9,uncorrected,커터,72,2748.585436694762,483.3798071167147
2023,9,uncorrected,투심,82,1946.652575408487,1139.6547447154499
2023,9,uncorrected,포크,133,3610.7845271365604,1585.1064522414026
2023,9,last_month,슬라이더,358,2119.353572563094,1801.0172203619318
2023,9,last_month,직구,710,4011.218530894287,2269.203268217108
2023,9,last_month,체인지업,189,836.2394298004714,809.7624894386341
2023,9,last_month,커브,151,873.675303979039,584.5066703340752
2023,9,last_month,커터,72,291.99087851297406,208.18212064691573
2023,9,last_month,투심,82,574.3906540509973,409.93300846445226
2023,9,last_month,포크,133,758.872967496882,935.9349691793611
2023,9,season_to_date,슬라이더,358,2193.3055663994164,1703.8849638102563
2023,9,season_to_date,직구,710,4461.583101282953,2451.493256695142
2023,9,season_to_date,체인지업,189,823.3739786333172,766.7760632542477
2023,9,season_to_date,커브,151,829.6444274866544,563.1788091309384
2023,9,season_to_date,커터,72,276.3263743950305,196.3127959047314
2023,9,season_to_date,투심,82,737.7630925920108,422.1738393802744
2023,9,season_to_date,포크,133,797.9764667931447,932.7630564159547
2023,9,ewma_w2_h0.25,슬라이더,358,2112.3240439965425,1796.8828570375445
2023,9,ewma_w2_h0.25,직구,710,3995.228703975522,2267.5398543645515
2023,9,ewma_w2_h0.25,체인지업,189,831.6692725590672,805.823428301983
2023,9,ewma_w2_h0.25,커브,151,869.1829431569594,584.0245811722907
2023,9,ewma_w2_h0.25,커터,72,284.98527271876503,206.88426418200459
2023,9,ewma_w2_h0.25,투심,82,581.7065076950132,409.81055566185125
2023,9,ewma_w2_h0.25,포크,133,753.6994171659369,934.8552963902866
2023,9,ewma_w2_h0.5,슬라이더,358,2108.760500514925,1788.365101141276
2023,9,ewma_w2_h0.5,직구,710,3986.745139069931,2266.3916751939537
2023,9,ewma_w2_h0.5,체인지업,189,828.63820490783,797.1211971786659
2023,9,ewma_w2_h0.5,커브,151,864.3573536769941,583.5367027729815
2023,9,ewma_w2_h0.5,커터,72,272.09326637094273,204.08524512756935
2023,9,ewma_w2_h0.5,투심,82,602.9633539301384,409.7995526246312
2023,9,ewma_w2_h0.5,포크,133,747.8269802959379,932.8327207133324
2023,9,ewma_w2_h1,슬라이더,358,2122.6451678835338,1782.1414821606947
2023,9,ewma_w2_h1,직구,710,4017.481797750971,2268.9939686677862
2023,9,ewma_w2_h1,체인지업,189,836.0646351070197,789.87661023489
2023,9,ewma_w2_h1,커브,151,867.520692399838,583.9433267148946
2023,9,ewma_w2_h1,커터,72,265.000840543917,201.85114476680016
2023,9,ewma_w2_h1,투심,82,627.8340017496826,410.15586194561723
2023,9,ewma_w2_h1,포크,133,750.7638616723989,931.6596350032061
2023,9,ewma_w2_h2,슬라이더,358,2139.2332250272566,1779.2281811438959
2023,9,ewma_w2_h2,직구,710,4054.4689438259857,2272.317658285465
2023,9,ewma_w2_h2,체인지업,189,845.439984535205,785.9431737153667
2023,9,ewma_w2_h2,커브,151,873.094325837527,584.600578126043
2023,9,ewma_w2_h2,커터,72,263.1048277288689,200.68973811013115
2023,9,ewma_w2_h2,투심,82,645.1902225616935,410.5455818873044
2023,9,ewma_w2_h2,포크,133,756.5609367491006,931.2969654722411
2023,9,ewma_w2_h3,슬라이더,358,2146.4881549794163,1778.3631258137993
2023,9,ewma_w2_h3,직구,710,4070.6696521923795,2273.7907279601463
2023,9,ewma_w2_h3,체인지업,189,849.5858769990443,784.6500123272709
2023,9,ewma_w2_h3,커브,151,875.6943362236124,584.9035439802344
2023,9,ewma_w2_h3,커터,72,262.8706263844123,200.31818329647152
2023,9,ewma_w2_h3,투심,82,651.6632218348103,410.7127756894609
2023,9,ewma_w2_h3,포크,133,759.3033615048167,931.2323284878172
2023,9,ewma_w3_h0.25,슬라이더,358,2111.7426700795168,1796.4301816133
2023,9,ewma_w3_h0.25,직구,710,3994.63948048703,2267.811016370295
2023,9,ewma_w3_h0.25,체인지업,189,830.942981799908,805.573422487214
2023,9,ewma_w3_h0.25,커브,151,868.5681107127913,583.8269369548191
2023,9,ewma_w3_h0.25,커터,72,284.6536697136812,206.8136817668786
2023,9,ewma_w3_h0.25,투심,82,582.0170684649938,409.76651403880555
2023,9,ewma_w3_h0.25,포크,133,753.3709893097619,934.8251336888785
2023,9,ewma_w3_h0.5,슬라이더,358,2106.288839767977,1783.4648660376058
2023,9,ewma_w3_h0.5,직구,710,3990.564267587382,2271.177485024441
2023,9,ewma_w3_h0.5,체인지업,189,822.5527254107308,794.6100283476167
2023,9,ewma_w3_h0.5,커브,151,858.865379042248,581.2937322040073
2023,9,ewma_w3_h0.5,커터,72,269.87489220031193,203.44567509869614
2023,9,ewma_w3_h0.5,투심,82,607.4316211582537,409.37560092579355
2023,9,ewma_w3_h0.5,포크,133,746.3284279013178,932.7929071807138
2023,9,ewma_w3_h1,슬라이더,358,2125.3871650989677,1769.9872684647355
2023,9,ewma_w3_h1,직구,710,4051.7394564308443,2286.406318748868
2023,9,ewma_w3_h1,체인지업,189,824.8414132284213,784.301650305955
2023,9,ewma_w3_h1,커브,151,856.2160885899691,578.0113397585153
2023,9,ewma_w3_h1,커터,72,262.9604694400962,200.65972500345515
2023,9,ewma_w3_h1,투심,82,641.2358968731439,409.29357878975253
2023,9,ewma_w3_h1,포크,133,751.8869890524861,932.4195814252671
2023,9,ewma_w3_h2,슬라이더,358,2149.520596205787,1762.1558588784944
2023,9,ewma_w3_h2,직구,710,4121.97096981217,2302.3363961552177
2023,9,ewma_w3_h2,체인지업,189,832.0973401348385,778.8456131231665
2023,9,ewma_w3_h2,커브,151,858.3992538806499,575.8245450954189
2023,9,ewma_w3_h2,커터,72,263.12053385524086,199.43547348775974
2023,9,ewma_w3_h2,투심,82,665.3191165166347,409.54511743925497
2023,9,ewma_w3_h2,포크,133,761.7247257576234,933.2245786023376
2023,9,ewma_w3_h3,슬라이더,358,2159.8291418581257,1759.5976881053964
2023,9,ewma_w3_h3,직구,710,4151.475385591174,2309.067505650203
2023,9,ewma_w3_h3,체인지업,189,835.543561929459,777.171149595229
2023,9,ewma_w3_h3,커브,151,859.743722052041,575.0538289454607
2023,9,ewma_w3_h3,커터,72,263.9311182663656,199.11784537908795
2023,9,ewma_w3_h3,투심,82,674.0581132538155,409.70302725614056
2023,9,ewma_w3_h3,포크,133,766.1391719675516,933.703715894729
2023,9,ewma_w6_h0.25,슬라이더,358,2111.697142696693,1796.3606661655722
2023,9,ewma_w6_h0.25,직구,710,3994.6090517504754,2267.836683429603
2023,9,ewma_w6_h0.25,체인지업,189,830.8953107508746,805.5451201044648
2023,9,ewma_w6_h0.25,커브,151,868.5304830988938,583.8041612057089
2023,9,ewma_w6_h0.25,커터,72,284.62639016134443,206.80350745591898
2023,9,ewma_w6_h0.25,투심,82,582.0457065022241,409.76466643246806
2023,9,ewma_w6_h0.25,포크,133,753.3458246025926,934.811392457806
2023,9,ewma_w6_h0.5,슬라이더,358,2105.363899725246,1779.7568810528974
2023,9,ewma_w6_h0.5,직구,710,3993.460470609408,2273.4388756533867
2023,9,ewma_w6_h0.5,체인지업,189,820.7662682155647,793.2189010559445
2023,9,ewma_w6_h0.5,커브,151,857.4233518870446,580.128072369944
2023,9,ewma_w6_h0.5,커터,72,269.07825052924807,202.951220648432
2023,9,ewma_w6_h0.5,투심,82,609.3479323304235,409.3608723877189
2023,9,ewma_w6_h0.5,포크,133,745.9501413562477,932.1621199064396
2023,9,ewma_w6_h1,슬라이더,358,2128.1268388707495,1749.9282443590296
2023,9,ewma_w6_h1,직구,710,4093.4601425369638,2307.112149989025
2023,9,ewma_w6_h1,체인지업,189,819.0814292621827,777.7708980794846
2023,9,ewma_w6_h1,커브,151,851.261947162604,572.2380055593821
2023,9,ewma_w6_h1,커터,72,262.2017813776296,198.3498969296001
2023,9,ewma_w6_h1,투심,82,654.1024925541863,410.1550275944843
2023,9,ewma_w6_h1,포크,133,755.0705726382433,929.7494349759606
2023,9,ewma_w6_h2,슬라이더,358,2163.3259898399842,1725.127765862341
2023,9,ewma_w6_h2,직구,710,4233.904443702464,2357.6665005060877
2023,9,ewma_w6_h2,체인지업,189,825.4750309545432,768.5992825028926
2023,9,ewma_w6_h2,커브,151,852.033286256309,566.2411545799401
2023,9,ewma_w6_h2,커터,72,265.85762474256387,195.7595128059409
2023,9,ewma_w6_h2,투심,82,692.9384842485098,413.16204503907846
2023,9,ewma_w6_h2,포크,133,773.8699005705498,929.539260874168
2023,9,ewma_w6_h3,슬라이더,358,2179.487374033994,1716.5201186953295
2023,9,ewma_w6_h3,직구,710,4297.896570649087,2382.9220338922023
2023,9,ewma_w6_h3,체인지업,189,829.306818442408,766.215545675813
2023,9,ewma_w6_h3,커브,151,853.2936471617236,564.4935463984152
2023,9,ewma_w6_h3,커터,72,268.83788864281905,195.1277509182451
2023,9,ewma_w6_h3,투심,82,708.1141734470762,415.0579311627854
2023,9,ewma_w6_h3,포크,133,782.9516361615633,930.0539986797746
2023,9,precision_h0.5_q0.25,슬라이더,358,2109.879256206921,1786.3325684541114
2023,9,precision_h0.5_q0.25,직구,710,4028.473518551861,2268.8780204141285
2023,9,precision_h0.5_q0.25,체인지업,189,818.3195412901116,799.7760134349917
2023,9,precision_h0.5_q0.25,커브,151,854.2915569206268,580.3031753133024
2023,9,precision_h0.5_q0.25,커터,72,271.54799926959845,203.7499124340701
2023,9,precision_h0.5_q0.25,투심,82,615.4712713992045,409.1884109159772
2023,9,precision_h0.5_q0.25,포크,133,742.120295681457,932.3346171633855
2023,9,precision_h0.5_q1,슬라이더,358,2105.415736948986,1789.8337705237054
2023,9,precision_h0.5_q1,직구,710,3991.220154608265,2268.6273944006757
2023,9,precision_h0.5_q1,체인지업,189,823.4650224974935,800.7760841526158
2023,9,precision_h0.5_q1,커브,151,861.0556746450542,582.2030752330068
2023,9,precision_h0.5_q1,커터,72,276.25268644928985,205.13013939811628
2023,9,precision_h0.5_q1,투심,82,595.3617533972001,409.5031191146442
2023,9,precision_h0.5_q1,포크,133,747.1059636643566,933.5394663423149
2023,9,precision_h0.5_q2,슬라이더,358,2105.8695977644757,1790.1607954697815
2023,9,precision_h0.5_q2,직구,710,3987.39746105604,2268.676377594636
2023,9,precision_h0.5_q2,체인지업,189,824.862475533616,800.8657260081736
2023,9,precision_h0.5_q2,커브,151,862.5665244475629,582.3790381879419
2023,9,precision_h0.5_q2,커터,72,277.4036076339596,205.27394733917203
2023,9,precision_h0.5_q2,투심,82,592.273200719893,409.53271221463723
2023,9,precision_h0.5_q2,포크,133,748.4132771667091,933.6647334505863
2023,9,precision_h1_q0.25,슬라이더,358,2140.313140005629,1763.6731432447564
2023,9,precision_h1_q0.25,직구,710,4146.346842766217,2284.937200450491
2023,9,precision_h1_q0.25,체인지업,189,821.5369323844288,787.9296929564222
2023,9,precision_h1_q0.25,커브,151,851.2468421977811,572.9464270197132
2023,9,precision_h1_q0.25,커터,72,267.6072991634215,199.36144217122916
2023,9,precision_h1_q0.25,투심,82,661.1407240786581,408.6588901954948
2023,9,precision_h1_q0.25,포크,133,750.7060638166045,928.9666834773552
2023,9,precision_h1_q1,슬라이더,358,2107.3699298907086,1772.9212943077778
2023,9,precision_h1_q1,직구,710,4021.978072545573,2278.4843365056713
2023,9,precision_h1_q1,체인지업,189,816.1491349813183,790.5516934093473
2023,9,precision_h1_q1,커브,151,852.0781191032378,577.5869827056248
2023,9,precision_h1_q1,커터,72,266.5028811173649,201.82564144708914
2023,9,precision_h1_q1,투심,82,622.0495113069255,409.2026685493383
2023,9,precision_h1_q1,포크,133,744.6361811921488,931.2015085757284
2023,9,precision_h1_q2,슬라이더,358,2104.556927219498,1773.78219687075
2023,9,precision_h1_q2,직구,710,4005.45893649507,2278.1156315470553
2023,9,precision_h1_q2,체인지업,189,816.5475800194647,790.7951481443176
2023,9,precision_h1_q2,커브,151,853.3710317022991,578.0178889089295
2023,9,precision_h1_q2,커터,72,267.26538035378655,202.09365967367492
2023,9,precision_h1_q2,투심,82,615.5819669236679,409.26113033374804
2023,9,precision_h1_q2,포크,133,745.0531976352274,931.439552031387
2023,9,precision_h2_q0.25,슬라이더,358,2176.913627848835,1741.0744137943366
2023,9,precision_h2_q0.25,직구,710,4277.312392268566,2313.979847801631
2023,9,precision_h2_q0.25,체인지업,189,831.1405354058026,778.0829200131714
2023,9,precision_h2_q0.25,커브,151,854.612023826286,566.3582637226776
2023,9,precision_h2_q0.25,커터,72,271.5729106225765,196.13480655168178
2023,9,precision_h2_q0.25,투심,82,697.1203085532767,409.5143605863251
2023,9,precision_h2_q0.25,포크,133,768.6813200804621,926.9423262908551
2023,9,precision_h2_q1,슬라이더,358,2120.6043694814384,1754.6051948812765
2023,9,precision_h2_q1,직구,710,4087.0579320594366,2297.7066727315278
2023,9,precision_h2_q1,체인지업,189,814.6249168047871,781.611844483803
2023,9,precision_h2_q1,커브,151,847.7875851413133,572.4707374291249
2023,9,precision_h2_q1,커터,72,263.3852932992884,199.00868963814236
2023,9,precision_h2_q1,투심,82,648.1424109434704,409.60648190856233
2023,9,precision_h2_q1,포크,133,750.1872999278648,929.4624332088088
2023,9,precision_h2_q2,슬라이더,358,2113.53163977229,1755.9225628803765
2023,9,precision_h2_q2,직구,710,4056.9194635130316,2296.5639033399357
2023,9,precision_h2_q2,체인지업,189,812.953694202675,781.963624083093
2023,9,precision_h2_q2,커브,151,847.9302477098528,573.0804102404277
2023,9,precision_h2_q2,커터,72,262.99996957453834,199.34435694893395
2023,9,precision_h2_q2,투심,82,639.2303260842832,409.64544534459
2023,9,precision_h2_q2,포크,133,748.7254281263997,929.7548392790825
2023,9,ema_a0.5,슬라이더,358,2126.327810288566,1744.23577657269
2023,9,ema_a0.5,직구,710,4107.154000626946,2314.867890163782
2023,9,ema_a0.5,체인지업,189,814.842667998096,775.7315874674437
2023,9,ema_a0.5,커브,151,847.3604308417823,570.7111795839423
2023,9,ema_a0.5,커터,72,261.98216182797245,197.49386719127853
2023,9,ema_a0.5,투심,82,657.8408075002683,410.6449705574201
2023,9,ema_a0.5,포크,133,756.2989459004821,929.4765997447209
2023,9,ema_a0.75,슬라이더,358,2105.172748517839,1779.496603157643
2023,9,ema_a0.75,직구,710,3993.645028520308,2273.607883924178
2023,9,ema_a0.75,체인지업,189,820.5265203584986,793.109532817866
2023,9,ema_a0.75,커브,151,857.2212417626426,580.0482561215545
2023,9,ema_a0.75,커터,72,269.0206491194024,202.9082752166854
2023,9,ema_a0.75,투심,82,609.4627898139504,409.362587437049
2023,9,ema_a0.75,포크,133,745.9270539076258,932.1321259663467
2023,9,ema_a0.9,슬라이더,358,2108.516071246077,1793.4232691111774
2023,9,ema_a0.9,직구,710,3988.6416764128,2267.765737473247
2023,9,ema_a0.9,체인지업,189,828.1862822742123,803.0576769538372
2023,9,ema_a0.9,커브,151,865.8098914821923,583.2682454006292
2023,9,ema_a0.9,커터,72,280.7514912331683,206.00728850591202
2023,9,ema_a0.9,투심,82,586.9889205867166,409.66470843772345
2023,9,ema_a0.9,포크,133,750.791214895675,934.213090188889
2023,9,kalman_q0.25,슬라이더,358,2267.82814827112,1781.3750977788018
2023,9,kalman_q0.25,직구,710,4300.466626722624,2282.2742165725967
2023,9,kalman_q0.25,체인지업,189,876.1647430701709,790.7483478140192
2023,9,kalman_q0.25,커브,151,904.119028924099,574.9689998349286
2023,9,kalman_q0.25,커터,72,280.3697194363713,203.04381999329877
2023,9,kalman_q0.25,투심,82,720.0318514340984,409.2425912599007
2023,9,kalman_q0.25,포크,133,796.179128321575,926.9481010264568
2023,9,kalman_q0.5,슬라이더,358,2195.7108713529456,1795.4043306594508
2023,9,kalman_q0.5,직구,710,4135.508516593442,2263.5355532719946
2023,9,kalman_q0.5,체인지업,189,848.9340980112611,801.0175793259684
2023,9,kalman_q0.5,커브,151,879.9410571596211,583.1474406654273
2023,9,kalman_q0.5,커터,72,275.4335975484679,205.49031366540657
2023,9,kalman_q0.5,투심,82,665.3905983141215,410.0226155851721
2023,9,kalman_q0.5,포크,133,760.4113057617275,930.8156267623378
2023,9,kalman_q1,슬라이더,358,2132.3842433327077,1799.3753624187589
2023,9,kalman_q1,직구,710,4030.243288659084,2264.6938678654187
2023,9,kalman_q1,체인지업,189,829.7211358623039,806.815495428141
2023,9,kalman_q1,커브,151,865.1099787539729,585.5232030869947
2023,9,kalman_q1,커터,72,277.6658007237424,207.17413407472392
2023,9,kalman_q1,투심,82,612.4997760212863,410.3946616483832
2023,9,kalman_q1,포크,133,746.1944577457984,934.1197281843633
2023,9,kalman_q2,슬라이더,358,2117.8061737021585,1800.6596952330422
2023,9,kalman_q2,직구,710,4007.877344499006,2267.608959268063
2023,9,kalman_q2,체인지업,189,831.0980550890035,808.9754931249629
2023,9,kalman_q2,커브,151,868.4296479845059,585.1312330214639
2023,9,kalman_q2,커터,72,285.5480849025636,207.93448677420702
2023,9,kalman_q2,투심,82,585.8016769782406,410.1636510581331
2023,9,kalman_q2,포크,133,751.9848416705404,935.460746362972
2023,9,kalman_q4,슬라이더,358,2118.279450527603,1800.9421299308713
2023,9,kalman_q4,직구,710,4009.2019864626145,2268.763756307169
2023,9,kalman_q4,체인지업,189,834.5160201486606,809.5658215277459
2023,9,kalman_q4,커브,151,872.0097628422918,584.7068690815488
2023,9,kalman_q4,커터,72,290.03519766550244,208.12573134603002
2023,9,kalman_q4,투심,82,577.3688244103753,410.00384500461155
2023,9,kalman_q4,포크,133,756.7280950217289,935.818942865194
2023,9,adaptive_q0.5,슬라이더,358,2195.7108713529456,1795.4043306594508
2023,9,adaptive_q0.5,직구,710,4135.508516593442,2263.5355532719946
2023,9,adaptive_q0.5,체인지업,189,848.9340980112611,801.0175793259684
2023,9,adaptive_q0.5,커브,151,879.9410571596211,583.1474406654273
2023,9,adaptive_q0.5,커터,72,275.4335975484679,205.49031366540657
2023,9,adaptive_q0.5,투심,82,665.3905983141215,410.0226155851721
2023,9,adaptive_q0.5,포크,133,760.4113057617275,930.8156267623378
2023,9,adaptive_q1,슬라이더,358,2132.3842433327077,1799.3753624187589
2023,9,adaptive_q1,직구,710,4030.243288659084,2264.6938678654187
2023,9,adaptive_q1,체인지업,189,829.7211358623039,806.815495428141
2023,9,adaptive_q1,커브,151,865.1099787539729,585.5232030869947
2023,9,adaptive_q1,커터,72,277.6658007237424,207.17413407472392
2023,9,adaptive_q1,투심,82,612.4997760212863,410.3946616483832
2023,9,adaptive_q1,포크,133,746.1944577457984,934.1197281843633
2023,9,adaptive_q2,슬라이더,358,2117.8061737021585,1800.6596952330422
2023,9,adaptive_q2,직구,710,4007.877344499006,2267.608959268063
2023,9,adaptive_q2,체인지업,189,831.0980550890035,808.9754931249629
2023,9,adaptive_q2,커브,151,868.4296479845059,585.1312330214639
2023,9,adaptive_q2,커터,72,285.5480849025636,207.93448677420702
2023,9,adaptive_q2,투심,82,585.8016769782406,410.1636510581331
2023,9,adaptive_q2,포크,133,751.9848416705404,935.460746362972
2023,9,trend_d0.25,슬라이더,358,2183.460027919109,1822.4292850280099
2023,9,trend_d0.25,직구,710,4145.629841717081,2284.0493780782617
2023,9,trend_d0.25,체인지업,189,873.2430550353702,828.5584247508577
2023,9,trend_d0.25,커브,151,907.8852737951737,588.3852168977551
2023,9,trend_d0.25,커터,72,329.4962372958025,214.56162594679859
2023,9,trend_d0.25,투심,82,555.0241524817901,411.2269429626716
2023,9,trend_d0.25,포크,133,796.5396829254219,942.0784508445618
2023,9,trend_d0.5,슬라이더,358,2298.868690566239,1850.0601448499317
2023,9,trend_d0.5,직구,710,4394.67238459599,2311.4861752529814
2023,9,trend_d0.5,체인지업,189,940.6103717344972,850.681382271152
2023,9,trend_d0.5,커브,151,964.9615619534541,595.2260824751156
2023,9,trend_d0.5,커터,72,382.02932960141214,222.33936558079242
2023,9,trend_d0.5,투심,82,549.7866625608806,413.77322712582776
2023,9,trend_d0.5,포크,133,859.2550779258127,950.7393448238356
2023,9,monthly_w28_hflat,슬라이더,358,2100.3916783518002,1795.0975766449844
2023,9,monthly_w28_hflat,직구,710,4071.1210317367263,2281.9455625874643
2023,9,monthly_w28_hflat,체인지업,189,841.6831285228081,807.9720042907601
2023,9,monthly_w28_hflat,커브,151,854.515198823881,581.7271512594347
2023,9,monthly_w28_hflat,커터,72,304.57354932981514,207.43164430535694
2023,9,monthly_w28_hflat,투심,82,552.5410897453378,409.6587216164322
2023,9,monthly_w28_hflat,포크,133,763.2255511918029,934.0237815436963
2023,9,monthly_w28_h14,슬라이더,358,2107.00827897228,1790.4071347572365
2023,9,monthly_w28_h14,직구,710,4055.454074324398,2285.350484976498
2023,9,monthly_w28_h14,체인지업,189,829.4906167616863,809.2177431484705
2023,9,monthly_w28_h14,커브,151,848.3430722697083,572.8687485303271
2023,9,monthly_w28_h14,커터,72,298.27665696776177,205.99421633154705
2023,9,monthly_w28_h14,투심,82,560.2301175197529,408.04842347228345
2023,9,monthly_w28_h14,포크,133,755.9357123306437,931.5534522373675
2023,9,monthly_w28_h28,슬라이더,358,2102.2651731449523,1792.0501583086775
2023,9,monthly_w28_h28,직구,710,4065.47798264514,2282.4760197681208
2023,9,monthly_w28_h28,체인지업,189,834.4387981286852,807.9812470763318
2023,9,monthly_w28_h28,커브,151,849.5770363163446,577.1530882961524
2023,9,monthly_w28_h28,커터,72,301.3935114127734,206.4688812729161
2023,9,monthly_w28_h28,투심,82,556.6141683716194,408.7457443235802
2023,9,monthly_w28_h28,포크,133,758.6144719185821,932.6921393639125
2023,9,monthly_w28_h28_huber,슬라이더,358,2116.580022408306,1798.0045831108753
2023,9,monthly_w28_h28_huber,직구,710,4077.8041888701227,2277.3940674352425
2023,9,monthly_w28_h28_huber,체인지업,189,836.1249418573053,806.8732611519205
2023,9,monthly_w28_h28_huber,커브,151,851.7647911964311,577.670277184684
2023,9,monthly_w28_h28_huber,커터,72,304.57306167836816,206.7586412205903
2023,9,monthly_w28_h28_huber,투심,82,562.8669604719956,408.58917550164193
2023,9,monthly_w28_h28_huber,포크,133,759.0756244723631,932.4676237486946
2023,9,monthly_w56_hflat,슬라이더,358,2096.10381434022,1790.3841931628494
2023,9,monthly_w56_hflat,직구,710,3953.419165666037,2259.386175728898
2023,9,monthly_w56_hflat,체인지업,189,826.4962570529921,795.281854899361
2023,9,monthly_w56_hflat,커브,151,855.0041444362955,587.7674170511946
2023,9,monthly_w56_hflat,커터,72,261.7775016250727,202.1635371444421
2023,9,monthly_w56_hflat,투심,82,609.1781556673969,410.32600430811283
2023,9,monthly_w56_hflat,포크,133,747.9776221821562,932.9211335101254
2023,9,monthly_w56_h14,슬라이더,358,2088.5014134800076,1789.4167868509185
2023,9,monthly_w56_h14,직구,710,3983.6495740984656,2272.6807474259886
2023,9,monthly_w56_h14,체인지업,189,821.3536555534482,804.5175841245647
2023,9,monthly_w56_h14,커브,151,846.4716862059454,577.1393537438676
2023,9,monthly_w56_h14,커터,72,276.4184079304377,204.53509348562787
2023,9,monthly_w56_h14,투심,82,583.1019771966446,408.4560978756166
2023,9,monthly_w56_h14,포크,133,741.9611958120054,932.737750374852
2023,9,monthly_w56_h28,슬라이더,358,2086.4491406451143,1789.8527838088462
2023,9,monthly_w56_h28,직구,710,3963.5242105143443,2264.798090692639
2023,9,monthly_w56_h28,체인지업,189,822.6758094188999,800.2389009267824
2023,9,monthly_w56_h28,커브,151,848.567650072368,582.5600827697718
2023,9,monthly_w56_h28,커터,72,269.16800415470027,203.59370132948638
2023,9,monthly_w56_h28,투심,82,593.3045108767267,409.30257405528994
2023,9,monthly_w56_h28,포크,133,742.7525662786489,933.0406585491824
2023,9,monthly_w56_h28_huber,슬라이더,358,2103.322346189305,1801.2197271229277
2023,9,monthly_w56_h28_huber,직구,710,3969.5185011767785,2266.219445539755
2023,9,monthly_w56_h28_huber,체인지업,189,826.1538773500641,801.81721540713
2023,9,monthly_w56_h28_huber,커브,151,853.1215334429779,581.5828892089291
2023,9,monthly_w56_h28_huber,커터,72,271.1871556313626,205.1490328187437
2023,9,monthly_w56_h28_huber,투심,82,599.11405817143,408.3253989661266
2023,9,monthly_w56_h28_huber,포크,133,744.1154489165812,934.1262061694126
2023,9,monthly_w84_hflat,슬라이더,358,2130.619376044677,1781.2171111159253
2023,9,monthly_w84_hflat,직구,710,4128.058106575638,2314.2490453953787
2023,9,monthly_w84_hflat,체인지업,189,828.2888904067527,783.2709421610446
2023,9,monthly_w84_hflat,커브,151,843.760817747255,578.4206334347581
2023,9,monthly_w84_hflat,커터,72,259.5472102311622,204.911592577754
2023,9,monthly_w84_hflat,투심,82,666.3263824769585,410.71414445717613
2023,9,monthly_w84_hflat,포크,133,762.1751891984552,937.7940700528384
2023,9,monthly_w84_h14,슬라이더,358,2080.117638818494,1786.571848884859
2023,9,monthly_w84_h14,직구,710,3988.1179184160173,2276.3013093004975
2023,9,monthly_w84_h14,체인지업,189,816.8575634907179,800.3744502656456
2023,9,monthly_w84_h14,커브,151,839.7804947682799,575.9901570769956
2023,9,monthly_w84_h14,커터,72,270.43678090266434,204.42893601522317
2023,9,monthly_w84_h14,투심,82,593.0029817539554,408.3942255020786
2023,9,monthly_w84_h14,포크,133,738.1853726589713,932.6724162202645
2023,9,monthly_w84_h28,슬라이더,358,2086.6909062353834,1783.3665289543937
2023,9,monthly_w84_h28,직구,710,4011.251379164076,2281.8164885508436
2023,9,monthly_w84_h28,체인지업,189,817.4785219860519,791.9235358427591
2023,9,monthly_w84_h28,커브,151,837.4396034604667,578.5288465445037
2023,9,monthly_w84_h28,커터,72,261.10207469361336,203.7959775469497
2023,9,monthly_w84_h28,투심,82,620.5502492500262,409.13080673710266
2023,9,monthly_w84_h28,포크,133,741.7863562637353,934.1756910986696
2023,9,monthly_w84_h28_huber,슬라이더,358,2104.172961109629,1794.873730393152
2023,9,monthly_w84_h28_huber,직구,710,4013.848648071824,2284.590407191898
2023,9,monthly_w84_h28_huber,체인지업,189,821.0726029195653,793.1953949470388
2023,9,monthly_w84_h28_huber,커브,151,843.5332845406708,577.7086343657621
2023,9,monthly_w84_h28_huber,커터,72,263.0866636838251,205.49945585947776
2023,9,monthly_w84_h28_huber,투심,82,625.6030869299592,408.55342620542376
2023,9,monthly_w84_h28_huber,포크,133,744.9158320051815,933.9641873777489
2023,9,weekly_w28_hflat,슬라이더,358,2052.3780161857753,1755.2831353943602
2023,9,weekly_w28_hflat,직구,710,4021.9838337449,2289.7601480259877
2023,9,weekly_w28_hflat,체인지업,189,845.8509337975077,818.9059439086068
2023,9,weekly_w28_hflat,커브,151,849.0833429113032,570.6534192826207
2023,9,weekly_w28_hflat,커터,72,313.9954425625218,196.2869453637515
2023,9,weekly_w28_hflat,투심,82,554.051331909119,414.66381074225865
2023,9,weekly_w28_hflat,포크,133,748.4340482894836,920.8842301927864
2023,9,weekly_w28_h14,슬라이더,358,2040.7121880634002,1745.9835599826688
2023,9,weekly_w28_h14,직구,710,4012.866245103107,2312.3654129608085
2023,9,weekly_w28_h14,체인지업,189,841.9975181650705,824.3299770239714
2023,9,weekly_w28_h14,커브,151,857.2029744621127,565.4261321412936
2023,9,weekly_w28_h14,커터,72,316.07130788678916,187.82961994534094
2023,9,weekly_w28_h14,투심,82,558.0276162088951,413.5786011130583
2023,9,weekly_w28_h14,포크,133,742.6910666577861,924.0986308390909
2023,9,weekly_w28_h28,슬라이더,358,2044.6105047496756,1750.1442211226847
2023,9,weekly_w28_h28,직구,710,4015.738747209706,2299.418295662174
2023,9,weekly_w28_h28,체인지업,189,842.7494772769737,820.7307755680547
2023,9,weekly_w28_h28,커브,151,852.2915165101792,567.7076725964362
2023,9,weekly_w28_h28,커터,72,315.2295219582965,192.11184732885746
2023,9,weekly_w28_h28,투심,82,555.56800200925,414.12986844013517
2023,9,weekly_w28_h28,포크,133,744.7798364504213,922.1040694665157
2023,9,weekly_w28_h28_huber,슬라이더,358,2047.7103332252375,1754.411595119073
2023,9,weekly_w28_h28_huber,직구,710,4011.9991010086515,2295.11204346544
2023,9,weekly_w28_h28_huber,체인지업,189,842.7727465501857,824.1418408778461
2023,9,weekly_w28_h28_huber,커브,151,857.862997979096,573.54758820098
2023,9,weekly_w28_h28_huber,커터,72,317.54871424997566,192.82527199917175
2023,9,weekly_w28_h28_huber,투심,82,554.5725060887936,417.46140628293557
2023,9,weekly_w28_h28_huber,포크,133,745.5687502557757,921.9620528364637
2023,9,weekly_w56_hflat,슬라이더,358,2091.725664363931,1792.9888795660272
2023,9,weekly_w56_hflat,직구,710,3965.585846410717,2273.640762825703
2023,9,weekly_w56_hflat,체인지업,189,841.8774349976921,806.946615330326
2023,9,weekly_w56_hflat,커브,151,878.5658842781149,582.8916924040864
2023,9,weekly_w56_hflat,커터,72,274.2485094690811,199.62684179939015
2023,9,weekly_w56_hflat,투심,82,575.3360668207646,415.612612012103
2023,9,weekly_w56_hflat,포크,133,746.5759488675435,937.746531862543
2023,9,weekly_w56_h14,슬라이더,358,2051.980303687882,1765.8649684480486
2023,9,weekly_w56_h14,직구,710,3988.191481676813,2286.7620419889536
2023,9,weekly_w56_h14,체인지업,189,835.8680528346334,810.4585952783807
2023,9,weekly_w56_h14,커브,151,861.4400893107595,572.2754425624046
2023,9,weekly_w56_h14,커터,72,291.9259575694872,193.31692881970093
2023,9,weekly_w56_h14,투심,82,564.0810125837721,413.8093245499581
2023,9,weekly_w56_h14,포크,133,734.353261691053,930.4766193319819
2023,9,weekly_w56_h28,슬라이더,358,2066.0817450526974,1778.809166113652
2023,9,weekly_w56_h28,직구,710,3975.291779242396,2277.0072710294476
2023,9,weekly_w56_h28,체인지업,189,836.3045365428001,807.5401339169671
2023,9,weekly_w56_h28,커브,151,865.9335356486858,577.3156569013756
2023,9,weekly_w56_h28,커터,72,282.7199547892369,197.17965180442738
2023,9,weekly_w56_h28,투심,82,567.9091654743398,414.6338648739965
2023,9,weekly_w56_h28,포크,133,738.4499670170411,933.5255988322527
2023,9,weekly_w56_h28_huber,슬라이더,358,2076.8233570176303,1783.740796857697
2023,9,weekly_w56_h28_huber,직구,710,3973.230251442975,2278.7832782610712
2023,9,weekly_w56_h28_huber,체인지업,189,838.785718855084,810.0732338789144
2023,9,weekly_w56_h28_huber,커브,151,871.3520255139376,577.4558616905302
2023,9,weekly_w56_h28_huber,커터,72,286.4551896652539,197.58023345708676
2023,9,weekly_w56_h28_huber,투심,82,569.1683774332882,415.55969762751835
2023,9,weekly_w56_h28_huber,포크,133,737.6936247539969,933.3700004285961
2023,9,weekly_w84_hflat,슬라이더,358,2144.3804567973843,1758.999408330329
2023,9,weekly_w84_hflat,직구,710,4066.360598606112,2304.9897861340187
2023,9,weekly_w84_hflat,체인지업,189,844.7790266899551,786.8070364138134
2023,9,weekly_w84_hflat,커브,151,871.2646419842423,580.6180527021371
2023,9,weekly_w84_hflat,커터,72,262.02069652826805,195.78054587694155
2023,9,weekly_w84_hflat,투심,82,632.2958324227878,418.08999660933205
2023,9,weekly_w84_hflat,포크,133,755.3544439825928,934.6208709103446
2023,9,weekly_w84_h14,슬라이더,358,2055.0345226014497,1758.69029804762
2023,9,weekly_w84_h14,직구,710,3983.018578148555,2290.124281140515
2023,9,weekly_w84_h14,체인지업,189,831.4702066978757,805.3803854307075
2023,9,weekly_w84_h14,커브,151,857.6267348853912,572.7429766795628
2023,9,weekly_w84_h14,커터,72,282.08287953926634,192.2586353495881
2023,9,weekly_w84_h14,투심,82,572.6425272359601,414.25540111747154
2023,9,weekly_w84_h14,포크,133,732.619715073258,929.0935275244046
2023,9,weekly_w84_h28,슬라이더,358,2082.5284439974675,1761.5859071276732
2023,9,weekly_w84_h28,직구,710,3992.753691888739,2288.863307184612
2023,9,weekly_w84_h28,체인지업,189,831.4397362748183,796.4275570373056
2023,9,weekly_w84_h28,커브,151,859.0573017099093,577.2505964682421
2023,9,weekly_w84_h28,커터,72,268.05255148939267,194.8084113314158
2023,9,weekly_w84_h28,투심,82,592.2455194170683,415.6586464792082
2023,9,weekly_w84_h28,포크,133,738.0755698941134,931.2674342760148
2023,9,weekly_w84_h28_huber,슬라이더,358,2096.279248753086,1769.7661115419573
2023,9,weekly_w84_h28_huber,직구,710,3989.9483279187216,2291.083837200258
2023,9,weekly_w84_h28_huber,체인지업,189,834.4404784901716,799.4797741646021
2023,9,weekly_w84_h28_huber,커브,151,865.7062740732688,577.3182964967833
2023,9,weekly_w84_h28_huber,커터,72,271.06446251523215,195.5466656084402
2023,9,weekly_w84_h28_huber,투심,82,594.2137681908889,416.83185244293657
2023,9,weekly_w84_h28_huber,포크,133,739.5545352468378,931.1044204026807
2023,9,weekly_w56_h7,슬라이더,358,2047.1379579772945,1748.5444607596523
2023,9,weekly_w56_h7,직구,710,4012.8593344685905,2323.266962765171
2023,9,weekly_w56_h7,체인지업,189,843.5563290949553,824.5275325176781
2023,9,weekly_w56_h7,커브,151,867.8284621214532,565.7925742083746
2023,9,weekly_w56_h7,커터,72,305.8969860896003,183.49079159098005
2023,9,weekly_w56_h7,투심,82,564.9663889244533,412.5129493122896
2023,9,weekly_w56_h7,포크,133,734.7136809692619,929.7697753974239
2023,9,weekly_w56_h10,슬라이더,358,2047.1916357140517,1757.337885881602
2023,9,weekly_w56_h10,직구,710,3998.70660657526,2298.9001065711323
2023,9,weekly_w56_h10,체인지업,189,837.9576495477211,814.8065034218394
2023,9,weekly_w56_h10,커브,151,862.3027172342381,569.042720920427
2023,9,weekly_w56_h10,커터,72,298.54651026397823,189.51265946699576
2023,9,weekly_w56_h10,투심,82,563.3278930837452,413.23422261727075
2023,9,weekly_w56_h10,포크,133,733.4464376641279,929.2514074826142
2023,9,weekly_w56_h21,슬라이더,358,2060.205882354319,1774.2775675787288
2023,9,weekly_w56_h21,직구,710,3979.4249728727636,2279.56004367156
2023,9,weekly_w56_h21,체인지업,189,835.687420511596,808.2210675914167
2023,9,weekly_w56_h21,커브,151,863.6029325093796,575.535547983759
2023,9,weekly_w56_h21,커터,72,285.8055208893529,196.03464895042896
2023,9,weekly_w56_h21,투심,82,566.2402188105137,414.34345884566636
2023,9,weekly_w56_h21,포크,133,736.6623098503629,932.348959285757
2023,9,weekly_w84_h7,슬라이더,358,2047.0940782563669,1747.52239537681
2023,9,weekly_w84_h7,직구,710,4010.241624008851,2323.182328020538
2023,9,weekly_w84_h7,체인지업,189,842.633036000929,823.6941186556576
2023,9,weekly_w84_h7,커브,151,867.3527625511525,565.9080237983094
2023,9,weekly_w84_h7,커터,72,303.8477690925551,183.34636939836525
2023,9,weekly_w84_h7,투심,82,565.7969594157194,412.5833329815371
2023,9,weekly_w84_h7,포크,133,734.3476745623146,929.424232683253
2023,9,weekly_w84_h10,슬라이더,358,2047.6527465301276,1754.0193979744845
2023,9,weekly_w84_h10,직구,710,3992.8244647410334,2299.7724234788884
2023,9,weekly_w84_h10,체인지업,189,835.2917548182415,812.287884266321
2023,9,weekly_w84_h10,커브,151,860.4621150576377,569.3866553646225
2023,9,weekly_w84_h10,커터,72,292.8289980811199,189.02498976223524
2023,9,weekly_w84_h10,투심,82,566.7530447537176,413.4576212674368
2023,9,weekly_w84_h10,포크,133,732.3069888213134,928.4139569818813
2023,9,weekly_w84_h21,슬라이더,358,2070.179181618129,1761.1987589821188
2023,9,weekly_w84_h21,직구,710,3984.6317655915163,2287.636098608581
2023,9,weekly_w84_h21,체인지업,189,830.4512710772749,799.5198045709965
2023,9,weekly_w84_h21,커브,151,857.6653173709021,575.8004749778584
2023,9,weekly_w84_h21,커터,72,272.3669087833161,194.1707912912351
2023,9,weekly_w84_h21,투심,82,583.7187362885415,415.1178397685762
2023,9,weekly_w84_h21,포크,133,735.2936314368819,930.3960602755574
2023,9,weekly_w112_h7,슬라이더,358,2047.0987691719404,1747.4778829077477
2023,9,weekly_w112_h7,직구,710,4010.1034847312358,2323.1108433733643
2023,9,weekly_w112_h7,체인지업,189,842.5298733792146,823.6100529747885
2023,9,weekly_w112_h7,커브,151,867.2792973032797,565.910125321029
2023,9,weekly_w112_h7,커터,72,303.75589003203544,183.3533281584526
2023,9,weekly_w112_h7,투심,82,565.8570256104703,412.5792034402328
2023,9,weekly_w112_h7,포크,133,734.2779004713909,929.4145516169442
2023,9,weekly_w112_h10,슬라이더,358,2047.5659470505755,1753.7722405921943
2023,9,weekly_w112_h10,직구,710,3992.123094923902,2299.6773184374415
2023,9,weekly_w112_h10,체인지업,189,834.4763824033139,811.788780043513
2023,9,weekly_w112_h10,커브,151,859.7056523512804,569.3428540389167
2023,9,weekly_w112_h10,커터,72,292.23065159867275,189.06395125280181
2023,9,weekly_w112_h10,투심,82,567.3370123124583,413.4006421618741
2023,9,weekly_w112_h10,포크,133,731.826187806331,928.3933148504125
2023,9,weekly_w112_h21,슬라이더,358,2070.8841648524385,1759.2060356142488
2023,9,weekly_w112_h21,직구,710,3991.7279718498717,2291.3242372759532
2023,9,weekly_w112_h21,체인지업,189,823.7989447237667,795.9065740472844
2023,9,weekly_w112_h21,커브,151,849.9079000059451,574.4862496349883
2023,9,weekly_w112_h21,커터,72,269.18514545904293,194.3770508465046
2023,9,weekly_w112_h21,투심,82,591.1874080810267,414.2615029240797
2023,9,weekly_w112_h21,포크,133,733.3840261109403,930.4015616290008
2023,9,weekly_w112_h14,슬라이더,358,2054.8408734750933,1757.9128401060416
2023,9,weekly_w112_h14,직구,710,3982.724547539089,2290.74357502594
2023,9,weekly_w112_h14,체인지업,189,828.6592343138927,803.8455867730663
2023,9,weekly_w112_h14,커브,151,854.6444317824753,572.3982659664846
2023,9,weekly_w112_h14,커터,72,280.3726574234682,192.35706217656377
2023,9,weekly_w112_h14,투심,82,575.1269106470704,413.9773038110933
2023,9,weekly_w112_h14,포크,133,731.2996600420162,929.0779503950826
2023,9,weekly_w84_h3.5,슬라이더,358,2076.5632104186243,1749.3240671001895
2023,9,weekly_w84_h3.5,직구,710,4050.394255644764,2421.154926579238
2023,9,weekly_w84_h3.5,체인지업,189,872.0759903665289,866.5503202232021
2023,9,weekly_w84_h3.5,커브,151,894.4899764522884,569.2563801905815
2023,9,weekly_w84_h3.5,커터,72,311.9881048703638,170.2421543796109
2023,9,weekly_w84_h3.5,투심,82,578.2116270248152,411.60777424718447
2023,9,weekly_w84_h3.5,포크,133,747.6852812828565,945.1563363211674
2023,9,weekly_w28_h7,슬라이더,358,2044.1696361047402,1741.8052055616326
2023,9,weekly_w28_h7,직구,710,4016.6072451676964,2347.4876512823657
2023,9,weekly_w28_h7,체인지업,189,847.1123471722549,836.6402269727432
2023,9,weekly_w28_h7,커브,151,870.1614792008595,563.3890054488286
2023,9,weekly_w28_h7,커터,72,316.2918604300149,179.82325469332739
2023,9,weekly_w28_h7,투심,82,565.0169124160411,412.6771355635737
2023,9,weekly_w28_h7,포크,133,742.6991573110171,930.4553498339761
2023,9,weekly_w84_h14_huber,슬라이더,358,2066.7036737604953,1764.105659727848
2023,9,weekly_w84_h14_huber,직구,710,3976.3702214175237,2290.4028705395294
2023,9,weekly_w84_h14_huber,체인지업,189,834.789113176123,809.263506084701
2023,9,weekly_w84_h14_huber,커브,151,866.2665592602359,573.8905090119745
2023,9,weekly_w84_h14_huber,커터,72,286.49511746237556,192.54231012870738
2023,9,weekly_w84_h14_huber,투심,82,572.7119692582854,415.6850822806614
2023,9,weekly_w84_h14_huber,포크,133,733.9252619098756,928.7798306819118
2023,9,daily_w84_h3.5,슬라이더,358,2041.7175148841038,1764.0290254258
2023,9,daily_w84_h3.5,직구,710,4151.784723966434,2351.957989018494
2023,9,daily_w84_h3.5,체인지업,189,854.4588260795624,865.2021477695041
2023,9,daily_w84_h3.5,커브,151,881.4747224659097,602.570543384465
2023,9,daily_w84_h3.5,커터,72,294.1179423117699,192.60457364408418
2023,9,daily_w84_h3.5,투심,82,535.3625250505434,448.3895765611315
2023,9,daily_w84_h3.5,포크,133,781.6175254249905,976.3578290016653
2023,9,daily_w56_h7,슬라이더,358,2002.2096965067756,1747.4159863304994
2023,9,daily_w56_h7,직구,710,4047.882401694985,2307.600447210024
2023,9,daily_w56_h7,체인지업,189,818.4372395195484,833.320679129764
2023,9,daily_w56_h7,커브,151,839.5077287794488,580.971286079638
2023,9,daily_w56_h7,커터,72,286.4298171175792,191.5426113181215
2023,9,daily_w56_h7,투심,82,532.954413097602,433.32160400403836
2023,9,daily_w56_h7,포크,133,749.4995260897531,946.4817288533998
2023,9,daily_w56_h14,슬라이더,358,2009.7631738943078,1758.0112937702968
2023,9,daily_w56_h14,직구,710,4004.905182178568,2282.0432323593086
2023,9,daily_w56_h14,체인지업,189,813.2028695505599,818.4743005544607
2023,9,daily_w56_h14,커브,151,834.3351298037398,577.7923311099553
2023,9,daily_w56_h14,커터,72,280.25561308153215,194.6055960186014
2023,9,daily_w56_h14,투심,82,544.3226500008384,425.88256695933774
2023,9,daily_w56_h14,포크,133,739.0264457168205,938.5804051204594
2023,9,daily_w56_h28,슬라이더,358,2031.4546218588066,1770.555799159331
2023,9,daily_w56_h28,직구,710,3992.725355941988,2271.1433501176334
2023,9,daily_w56_h28,체인지업,189,818.0955968742937,813.2948259119908
2023,9,daily_w56_h28,커브,151,842.8943377496272,579.4736201560413
2023,9,daily_w56_h28,커터,72,275.1184591713087,197.73653179663836
2023,9,daily_w56_h28,투심,82,555.8784754973547,422.51788315686946
2023,9,daily_w56_h28,포크,133,739.6896939043814,937.3284607859486
2023,9,daily_w84_h7,슬라이더,358,2002.812849116728,1747.051631285987
2023,9,daily_w84_h7,직구,710,4046.367352316447,2307.7864724786714
2023,9,daily_w84_h7,체인지업,189,817.6394669097547,832.7735781584495
2023,9,daily_w84_h7,커브,151,840.0502766816139,580.988515169753
2023,9,daily_w84_h7,커터,72,285.29148998681023,191.39674435065615
2023,9,daily_w84_h7,투심,82,534.028596692368,433.358649561419
2023,9,daily_w84_h7,포크,133,749.0691280275751,946.1542268644915
2023,9,daily_w84_h14,슬라이더,358,2016.4228709300846,1753.8133447386163
2023,9,daily_w84_h14,직구,710,4000.4381619420747,2286.4152835165214
2023,9,daily_w84_h14,체인지업,189,810.1239743177264,814.0607689865192
2023,9,daily_w84_h14,커브,151,835.6904858820997,578.2437568102748
2023,9,daily_w84_h14,커터,72,273.2568132042044,193.43643265239996
2023,9,daily_w84_h14,투심,82,553.8110190376545,426.1619870113459
2023,9,daily_w84_h14,포크,133,738.1600041145279,937.2484108896631
2023,9,daily_w84_h28,슬라이더,358,2053.307748699047,1758.5259910479094
2023,9,daily_w84_h28,직구,710,4003.2449449731876,2285.86519210162
2023,9,daily_w84_h28,체인지업,189,816.1985444578927,802.9464948756973
2023,9,daily_w84_h28,커브,151,844.955373105495,579.9203549358913
2023,9,daily_w84_h28,커터,72,263.51524319143925,195.0485706113562
2023,9,daily_w84_h28,투심,82,581.1129822490541,423.22191841290766
2023,9,daily_w84_h28,포크,133,742.4040852185233,935.1545647964965
2023,9,fortnightly_w84_h7,슬라이더,358,2158.4791333815847,1753.5567996272644
2023,9,fortnightly_w84_h7,직구,710,3991.8427759338265,2299.440824283193
2023,9,fortnightly_w84_h7,체인지업,189,844.4022549033589,814.0906742441804
2023,9,fortnightly_w84_h7,커브,151,866.7689236170718,564.6475814784022
2023,9,fortnightly_w84_h7,커터,72,281.1534524277622,192.8722001481113
2023,9,fortnightly_w84_h7,투심,82,579.5974503409618,406.80065068194796
2023,9,fortnightly_w84_h7,포크,133,767.0049397694626,926.7707018392884
2023,9,fortnightly_w84_h14,슬라이더,358,2139.404707559781,1767.3571038209802
2023,9,fortnightly_w84_h14,직구,710,3986.641300356153,2284.2525509318316
2023,9,fortnightly_w84_h14,체인지업,189,835.4576740616891,801.5678785048581
2023,9,fortnightly_w84_h14,커브,151,860.9192550783575,572.1505274765816
2023,9,fortnightly_w84_h14,커터,72,268.6687283759211,197.4105951652582
2023,9,fortnightly_w84_h14,투심,82,583.0412237946512,410.99190354363407
2023,9,fortnightly_w84_h14,포크,133,756.1946368656961,927.3350691900321
2023,9,fortnightly_w84_h28,슬라이더,358,2139.829493780667,1768.704961638638
2023,9,fortnightly_w84_h28,직구,710,3997.3445009188463,2286.6540045268534
2023,9,fortnightly_w84_h28,체인지업,189,829.5973793159019,792.5717031790061
2023,9,fortnightly_w84_h28,커브,151,860.4886588710312,577.4278356458896
2023,9,fortnightly_w84_h28,커터,72,260.82831716061565,198.28502451080584
2023,9,fortnightly_w84_h28,투심,82,598.376041829105,413.3906745942141
2023,9,fortnightly_w84_h28,포크,133,751.7343444229671,929.9624387536501
2024,5,uncorrected,슬라이더,476,14405.522515839039,6668.448126017647
2024,5,uncorrected,직구,859,35027.260414906275,15305.490039296063
2024,5,uncorrected,체인지업,194,5783.6683928989005,2275.2653072946077
2024,5,uncorrected,커브,159,2692.8918677385127,1309.5073099097756
2024,5,uncorrected,커터,106,3681.6617578933437,1472.2234995864158
2024,5,uncorrected,투심,124,5416.406347554115,2089.7332402298525
2024,5,uncorrected,포크,204,5899.666635689911,3176.532763010511
2024,5,last_month,슬라이더,476,3777.7035898183203,2987.8221532467433
2024,5,last_month,직구,859,7614.111121481768,5728.892987596019
2024,5,last_month,체인지업,194,1216.5851104950116,1161.4301850420843
2024,5,last_month,커브,159,905.2498675870238,614.2656616156813
2024,5,last_month,커터,106,567.8943306686133,539.7075200881129
2024,5,last_month,투심,124,894.4614058535388,761.2210401747693
2024,5,last_month,포크,204,1594.9122744493752,1978.0612833702032
2024,5,season_to_date,슬라이더,476,3639.859408610566,2927.978996140456
2024,5,season_to_date,직구,859,7112.4861513004835,5747.011090343312
2024,5,season_to_date,체인지업,194,1134.2870836097347,1129.8073674692255
2024,5,season_to_date,커브,159,995.5999985871038,603.8026802827776
2024,5,season_to_date,커터,106,523.5098000262777,523.7225618337982
2024,5,season_to_date,투심,124,815.8375306654247,757.6802310988467
2024,5,season_to_date,포크,204,1630.5542767827762,1955.674429874969
2024,5,ewma_w2_h0.25,슬라이더,476,3731.1984941973833,2977.017252112341
2024,5,ewma_w2_h0.25,직구,859,7480.505783445173,5728.598860916805
2024,5,ewma_w2_h0.25,체인지업,194,1197.2968821790905,1155.7403453371128
2024,5,ewma_w2_h0.25,커브,159,916.9054921872277,611.7834884979738
2024,5,ewma_w2_h0.25,커터,106,556.4730008312906,536.7770334814635
2024,5,ewma_w2_h0.25,투심,124,877.2078324125603,759.8648537719307
2024,5,ewma_w2_h0.25,포크,204,1598.754115014089,1974.288368445585
2024,5,ewma_w2_h0.5,슬라이더,476,3652.2682758502747,2953.2979467499904
2024,5,ewma_w2_h0.5,직구,859,7215.475796306033,5731.8840869904725
2024,5,ewma_w2_h0.5,체인지업,194,1163.6579790238254,1142.9585535922097
2024,5,ewma_w2_h0.5,커브,159,955.8247167482733,606.4453801938043
2024,5,ewma_w2_h0.5,커터,106,536.9042086444655,530.3297891275055
2024,5,ewma_w2_h0.5,투심,124,840.8185113832176,757.288839927263
2024,5,ewma_w2_h0.5,포크,204,1619.9739511459911,1966.0192122300982
2024,5,ewma_w2_h1,슬라이더,476,3620.0886396339297,2933.764380856187
2024,5,ewma_w2_h1,직구,859,7037.27335827478,5740.160487676052
2024,5,ewma_w2_h1,체인지업,194,1148.2897396772998,1132.0195956163182
2024,5,ewma_w2_h1,커브,159,1006.7706656196133,602.2063798043635
2024,5,ewma_w2_h1,커터,106,528.5886449049166,525.0002554809881
2024,5,ewma_w2_h1,투심,124,812.957261263477,755.7359073434096
2024,5,ewma_w2_h1,포크,204,1655.5697096105903,1959.2281345497593
2024,5,ewma_w2_h2,슬라이더,476,3620.6226378953575,2923.2728865434674
2024,5,ewma_w2_h2,직구,859,6963.306535204816,5747.629989782874
2024,5,ewma_w2_h2,체인지업,194,1146.7313334697224,1125.9201974524744
2024,5,ewma_w2_h2,커브,159,1044.3910433623014,600.0148892582725
2024,5,ewma_w2_h2,커터,106,528.3566352401165,522.1268835369418
2024,5,ewma_w2_h2,투심,124,799.136476842221,755.2104392115884
2024,5,ewma_w2_h2,포크,204,1684.525199038247,1955.59085930013
2024,5,ewma_w2_h3,슬라이더,476,3624.3825385413174,2919.846427900652
2024,5,ewma_w2_h3,직구,859,6943.525387995278,5750.678059209675
2024,5,ewma_w2_h3,체인지업,194,1147.569797000422,1123.8830797534195
2024,5,ewma_w2_h3,커브,159,1058.7417258039682,599.316322798427
2024,5,ewma_w2_h3,커터,106,529.1329379192629,521.1862692137546
2024,5,ewma_w2_h3,투심,124,794.8528046277602,755.1009274778924
2024,5,ewma_w2_h3,포크,204,1695.9614056700598,1954.4050034083614
2024,5,ewma_w3_h0.25,슬라이더,476,3731.1984941973833,2977.017252112341
2024,5,ewma_w3_h0.25,직구,859,7480.505783445173,5728.598860916805
2024,5,ewma_w3_h0.25,체인지업,194,1197.2968821790905,1155.7403453371128
2024,5,ewma_w3_h0.25,커브,159,916.9054921872277,611.7834884979738
2024,5,ewma_w3_h0.25,커터,106,556.4730008312906,536.7770334814635
2024,5,ewma_w3_h0.25,투심,124,877.2078324125603,759.8648537719307
2024,5,ewma_w3_h0.25,포크,204,1598.754115014089,1974.288368445585
2024,5,ewma_w3_h0.5,슬라이더,476,3652.2682758502747,2953.2979467499904
2024,5,ewma_w3_h0.5,직구,859,7215.475796306033,5731.8840869904725
2024,5,ewma_w3_h0.5,체인지업,194,1163.6579790238254,1142.9585535922097
2024,5,ewma_w3_h0.5,커브,159,955.8247167482733,606.4453801938043
2024,5,ewma_w3_h0.5,커터,106,536.9042086444655,530.3297891275055
2024,5,ewma_w3_h0.5,투심,124,840.8185113832176,757.288839927263
2024,5,ewma_w3_h0.5,포크,204,1619.9739511459911,1966.0192122300982
2024,5,ewma_w3_h1,슬라이더,476,3620.0886396339297,2933.764380856187
2024,5,ewma_w3_h1,직구,859,7037.27335827478,5740.160487676052
2024,5,ewma_w3_h1,체인지업,194,1148.2897396772998,1132.0195956163182
2024,5,ewma_w3_h1,커브,159,1006.7706656196133,602.2063798043635
2024,5,ewma_w3_h1,커터,106,528.5886449049166,525.0002554809881
2024,5,ewma_w3_h1,투심,124,812.957261263477,755.7359073434096
2024,5,ewma_w3_h1,포크,204,1655.5697096105903,1959.2281345497593
2024,5,ewma_w3_h2,슬라이더,476,3620.6226378953575,2923.2728865434674
2024,5,ewma_w3_h2,직구,859,6963.306535204816,5747.629989782874
2024,5,ewma_w3_h2,체인지업,194,1146.7313334697224,1125.9201974524744
2024,5,ewma_w3_h2,커브,159,1044.3910433623014,600.0148892582725
2024,5,ewma_w3_h2,커터,106,528.3566352401165,522.1268835369418
2024,5,ewma_w3_h2,투심,124,799.136476842221,755.2104392115884
2024,5,ewma_w3_h2,포크,204,1684.525199038247,1955.59085930013
2024,5,ewma_w3_h3,슬라이더,476,3624.3825385413174,2919.846427900652
2024,5,ewma_w3_h3,직구,859,6943.525387995278,5750.678059209675
2024,5,ewma_w3_h3,체인지업,194,1147.569797000422,1123.8830797534195
2024,5,ewma_w3_h3,커브,159,1058.7417258039682,599.316322798427
2024,5,ewma_w3_h3,커터,106,529.1329379192629,521.1862692137546
2024,5,ewma_w3_h3,투심,124,794.8528046277602,755.1009274778924
2024,5,ewma_w3_h3,포크,204,1695.9614056700598,1954.4050034083614
2024,5,ewma_w6_h0.25,슬라이더,476,3731.1984941973833,2977.017252112341
2024,5,ewma_w6_h0.25,직구,859,7480.505783445173,5728.598860916805
2024,5,ewma_w6_h0.25,체인지업,194,1197.2968821790905,1155.7403453371128
2024,5,ewma_w6_h0.25,커브,159,916.9054921872277,611.7834884979738
2024,5,ewma_w6_h0.25,커터,106,556.4730008312906,536.7770334814635
2024,5,ewma_w6_h0.25,투심,124,877.2078324125603,759.8648537719307
2024,5,ewma_w6_h0.25,포크,204,1598.754115014089,1974.288368445585
2024,5,ewma_w6_h0.5,슬라이더,476,3652.2682758502747,2953.2979467499904
2024,5,ewma_w6_h0.5,직구,859,7215.475796306033,5731.8840869904725
2024,5,ewma_w6_h0.5,체인지업,194,1163.6579790238254,1142.9585535922097
2024,5,ewma_w6_h0.5,커브,159,955.8247167482733,606.4453801938043
2024,5,ewma_w6_h0.5,커터,106,536.9042086444655,530.3297891275055
2024,5,ewma_w6_h0.5,투심,124,840.8185113832176,757.288839927263
2024,5,ewma_w6_h0.5,포크,204,1619.9739511459911,1966.0192122300982
2024,5,ewma_w6_h1,슬라이더,476,3620.0886396339297,2933.764380856187
2024,5,ewma_w6_h1,직구,859,7037.27335827478,5740.160487676052
2024,5,ewma_w6_h1,체인지업,194,1148.2897396772998,1132.0195956163182
2024,5,ewma_w6_h1,커브,159,1006.7706656196133,602.2063798043635
2024,5,ewma_w6_h1,커터,106,528.5886449049166,525.0002554809881
2024,5,ewma_w6_h1,투심,124,812.957261263477,755.7359073434096
2024,5,ewma_w6_h1,포크,204,1655.5697096105903,1959.2281345497593
2024,5,ewma_w6_h2,슬라이더,476,3620.6226378953575,2923.2728865434674
2024,5,ewma_w6_h2,직구,859,6963.306535204816,5747.629989782874
2024,5,ewma_w6_h2,체인지업,194,1146.7313334697224,1125.9201974524744
2024,5,ewma_w6_h2,커브,159,1044.3910433623014,600.0148892582725
2024,5,ewma_w6_h2,커터,106,528.3566352401165,522.1268835369418
2024,5,ewma_w6_h2,투심,124,799.136476842221,755.2104392115884
2024,5,ewma_w6_h2,포크,204,1684.525199038247,1955.59085930013
2024,5,ewma_w6_h3,슬라이더,476,3624.3825385413174,2919.846427900652
2024,5,ewma_w6_h3,직구,859,6943.525387995278,5750.678059209675
2024,5,ewma_w6_h3,체인지업,194,1147.569797000422,1123.8830797534195
2024,5,ewma_w6_h3,커브,159,1058.7417258039682,599.316322798427
2024,5,ewma_w6_h3,커터,106,529.1329379192629,521.1862692137546
2024,5,ewma_w6_h3,투심,124,794.8528046277602,755.1009274778924
2024,5,ewma_w6_h3,포크,204,1695.9614056700598,1954.4050034083614
2024,5,precision_h0.5_q0.25,슬라이더,476,3736.951867007065,2969.898420960197
2024,5,precision_h0.5_q0.25,직구,859,7493.096296339736,5729.7536625704015
2024,5,precision_h0.5_q0.25,체인지업,194,1199.342171590257,1151.8088730341099
2024,5,precision_h0.5_q0.25,커브,159,911.1667981655615,609.982018481068
2024,5,precision_h0.5_q0.25,커터,106,557.577881534633,534.6685695919573
2024,5,precision_h0.5_q0.25,투심,124,872.591083503441,758.8715278881843
2024,5,precision_h0.5_q0.25,포크,204,1604.5278485308822,1971.3563919638589
2024,5,precision_h0.5_q1,슬라이더,476,3716.411539615193,2968.238842126091
2024,5,precision_h0.5_q1,직구,859,7430.793921915625,5729.254738921789
2024,5,precision_h0.5_q1,체인지업,194,1190.9923615027117,1151.0425262349675
2024,5,precision_h0.5_q1,커브,159,920.6723932618988,609.7587647016578
2024,5,precision_h0.5_q1,커터,106,552.4080548188085,534.364350136657
2024,5,precision_h0.5_q1,투심,124,867.5569637438714,758.8174515673846
2024,5,precision_h0.5_q1,포크,204,1604.7247611064513,1971.1420312884309
2024,5,precision_h0.5_q2,슬라이더,476,3703.9800702568355,2967.9707644620403
2024,5,precision_h0.5_q2,직구,859,7394.771818236829,5729.184646032282
2024,5,precision_h0.5_q2,체인지업,194,1185.8401909079168,1150.9126663441527
2024,5,precision_h0.5_q2,커브,159,926.1095021613662,609.7196859899858
2024,5,precision_h0.5_q2,커터,106,549.5816954447304,534.3126803728233
2024,5,precision_h0.5_q2,투심,124,864.6512751451571,758.8043613113126
2024,5,precision_h0.5_q2,포크,204,1604.6231743329986,1971.1089143594763
2024,5,precision_h1_q0.25,슬라이더,476,3706.9875389954045,2956.42824035003
2024,5,precision_h1_q0.25,직구,859,7396.819989730079,5732.534608331687
2024,5,precision_h1_q0.25,체인지업,194,1186.613775440771,1144.439140224868
2024,5,precision_h1_q0.25,커브,159,919.313718509779,606.8404195420967
2024,5,precision_h1_q0.25,커터,106,549.981276073408,530.8952143373476
2024,5,precision_h1_q0.25,투심,124,855.5801290212357,757.3490681314917
2024,5,precision_h1_q0.25,포크,204,1614.3650058014405,1966.3841618065385
2024,5,precision_h1_q1,슬라이더,476,3676.8653803293278,2953.859091900822
2024,5,precision_h1_q1,직구,859,7297.346923447503,5731.973397750414
2024,5,precision_h1_q1,체인지업,194,1174.1348267031638,1143.2367197343003
2024,5,precision_h1_q1,커브,159,938.2242403327625,606.5220143077663
2024,5,precision_h1_q1,커터,106,542.3936311130043,530.4359625380487
2024,5,precision_h1_q1,투심,124,847.523426576053,757.3075962391607
2024,5,precision_h1_q1,포크,204,1616.9915235599578,1966.0811282623683
2024,5,precision_h1_q2,슬라이더,476,3660.909190854268,2953.452863097258
2024,5,precision_h1_q2,직구,859,7245.018984304819,5731.907478462121
2024,5,precision_h1_q2,체인지업,194,1167.3679959638087,1143.0359033419213
2024,5,precision_h1_q2,커브,159,949.0788218084822,606.4667972272524
2024,5,precision_h1_q2,커터,106,538.7996495185503,530.3593100675427
2024,5,precision_h1_q2,투심,124,843.250216830645,757.294368036174
2024,5,precision_h1_q2,포크,204,1618.6694243764425,1966.0361341893304
2024,5,precision_h2_q0.25,슬라이더,476,3688.085352730627,2947.62467946177
2024,5,precision_h2_q0.25,직구,859,7331.046838213372,5735.575534985943
2024,5,precision_h2_q0.25,체인지업,194,1178.5187418707567,1139.5412819375267
2024,5,precision_h2_q0.25,커브,159,927.0499025013103,604.8323570747402
2024,5,precision_h2_q0.25,커터,106,545.1815967236223,528.4365356124813
2024,5,precision_h2_q0.25,투심,124,844.1387450630974,756.4934597869086
2024,5,precision_h2_q0.25,포크,204,1622.4938239378794,1963.1709607146374
2024,5,precision_h2_q1,슬라이더,476,3655.315728903817,2944.6294347514536
2024,5,precision_h2_q1,직구,859,7213.4505912001205,5735.111463806554
2024,5,precision_h2_q1,체인지업,194,1164.6896916520216,1138.124884399629
2024,5,precision_h2_q1,커브,159,953.3579954030547,604.485768061677
2024,5,precision_h2_q1,커터,106,536.9084320322514,527.9115810660019
2024,5,precision_h2_q1,투심,124,834.584331813524,756.4832289032648
2024,5,precision_h2_q1,포크,204,1628.0502629427401,1962.8436401321005
2024,5,precision_h2_q2,슬라이더,476,3639.955187434155,2944.162961117159
2024,5,precision_h2_q2,직구,859,7155.979225134661,5735.071800621211
2024,5,precision_h2_q2,체인지업,194,1157.9989597871668,1137.890674945481
2024,5,precision_h2_q2,커브,159,968.3177280541754,604.4259414121908
2024,5,precision_h2_q2,커터,106,533.4863316774099,527.8250287804348
2024,5,precision_h2_q2,투심,124,829.836698395705,756.4739479130413
2024,5,precision_h2_q2,포크,204,1631.769971351941,1962.7966142100622
2024,5,ema_a0.5,슬라이더,476,3637.7384890961434,2913.265316730967
2024,5,ema_a0.5,직구,859,6913.019061832354,5757.5736147584685
2024,5,ema_a0.5,체인지업,194,1151.4855198326904,1119.8932940109808
2024,5,ema_a0.5,커브,159,1089.836157318108,598.0039649458497
2024,5,ema_a0.5,커터,106,532.0817725415991,519.3759112909643
2024,5,ema_a0.5,투심,124,787.0189630818339,754.9968426423857
2024,5,ema_a0.5,포크,204,1721.3133784415509,1952.1308784140292
2024,5,ema_a0.75,슬라이더,476,3635.378046041425,2945.6463684363107
2024,5,ema_a0.75,직구,859,7140.4416527862595,5734.398768395446
2024,5,ema_a0.75,체인지업,194,1156.0277159906661,1138.727494695873
2024,5,ema_a0.75,커브,159,973.3141929409162,604.7643937454068
2024,5,ema_a0.75,커터,106,532.628573716208,528.2447496043842
2024,5,ema_a0.75,투심,124,829.6298538826453,756.606315122585
2024,5,ema_a0.75,포크,204,1631.551613007698,1963.3565921862464
2024,5,ema_a0.9,슬라이더,476,3703.4110538877685,2969.77647134996
2024,5,ema_a0.9,직구,859,7395.093708674572,5728.9750120481585
2024,5,ema_a0.9,체인지업,194,1185.640328891709,1151.8848901442418
2024,5,ema_a0.9,커브,159,926.6606810457848,610.1362537790847
2024,5,ema_a0.9,커터,106,549.6217531943156,534.8111400341844
2024,5,ema_a0.9,투심,124,865.8623057247717,759.0145198452574
2024,5,ema_a0.9,포크,204,1603.193318647641,1971.7619296072114
2024,5,kalman_q0.25,슬라이더,476,3714.6784270678845,2943.5782788388433
2024,5,kalman_q0.25,직구,859,7342.411259079412,5719.429300310998
2024,5,kalman_q0.25,체인지업,194,1186.3987660598043,1149.2978581736706
2024,5,kalman_q0.25,커브,159,944.600688936491,610.4457412522404
2024,5,kalman_q0.25,커터,106,542.9115538858873,529.6504496238363
2024,5,kalman_q0.25,투심,124,837.1271282223415,757.8259522599297
2024,5,kalman_q0.25,포크,204,1639.2560295839744,1971.589279259436
2024,5,kalman_q0.5,슬라이더,476,3699.955198212677,2964.065793786758
2024,5,kalman_q0.5,직구,859,7357.73380535047,5727.89267331027
2024,5,kalman_q0.5,체인지업,194,1183.0511831429844,1157.2748303757628
2024,5,kalman_q0.5,커브,159,935.0622302934461,613.7086168313134
2024,5,kalman_q0.5,커터,106,546.2471636429982,535.7414878311172
2024,5,kalman_q0.5,투심,124,849.8797591777209,761.4397217744853
2024,5,kalman_q0.5,포크,204,1620.0697389642655,1976.0454515837853
2024,5,kalman_q1,슬라이더,476,3714.2752384679943,2979.41477003948
2024,5,kalman_q1,직구,859,7432.061495980604,5730.055573007399
2024,5,kalman_q1,체인지업,194,1189.3229046785646,1161.60233765242
2024,5,kalman_q1,커브,159,924.4386393967291,615.0675095979127
2024,5,kalman_q1,커터,106,552.8177126712337,539.3705139850694
2024,5,kalman_q1,투심,124,868.9620010836165,762.9121750104762
2024,5,kalman_q1,포크,204,1601.9729727233569,1977.639538093555
2024,5,kalman_q2,슬라이더,476,3746.5107838767913,2985.4299261983942
2024,5,kalman_q2,직구,859,7529.7400818906,5729.346260157077
2024,5,kalman_q2,체인지업,194,1202.9412571335342,1161.8950063497605
2024,5,kalman_q2,커브,159,913.8656908833312,614.7758308999018
2024,5,kalman_q2,커터,106,560.7182612669217,539.9563480848961
2024,5,kalman_q2,투심,124,884.2405518296322,762.2036403927212
2024,5,kalman_q2,포크,204,1595.196326973633,1977.9358937832133
2024,5,kalman_q4,슬라이더,476,3767.4792979614067,2987.1955551252604
2024,5,kalman_q4,직구,859,7587.070617002493,5729.010707390266
2024,5,kalman_q4,체인지업,194,1212.080221964165,1161.598904026213
2024,5,kalman_q4,커브,159,907.9482828868278,614.4335762684665
2024,5,kalman_q4,커터,106,565.549642493359,539.8215701717367
2024,5,kalman_q4,투심,124,891.3718182463001,761.5464864675835
2024,5,kalman_q4,포크,204,1594.6246624024564,1978.0222193677187
2024,5,adaptive_q0.5,슬라이더,476,3699.955198212677,2964.065793786758
2024,5,adaptive_q0.5,직구,859,7357.73380535047,5727.89267331027
2024,5,adaptive_q0.5,체인지업,194,1183.0511831429844,1157.2748303757628
2024,5,adaptive_q0.5,커브,159,935.0622302934461,613.7086168313134
2024,5,adaptive_q0.5,커터,106,546.2471636429982,535.7414878311172
2024,5,adaptive_q0.5,투심,124,849.8797591777209,761.4397217744853
2024,5,adaptive_q0.5,포크,204,1620.0697389642655,1976.0454515837853
2024,5,adaptive_q1,슬라이더,476,3714.2752384679943,2979.41477003948
2024,5,adaptive_q1,직구,859,7432.061495980604,5730.055573007399
2024,5,adaptive_q1,체인지업,194,1189.3229046785646,1161.60233765242
2024,5,adaptive_q1,커브,159,924.4386393967291,615.0675095979127
2024,5,adaptive_q1,커터,106,552.8177126712337,539.3705139850694
2024,5,adaptive_q1,투심,124,868.9620010836165,762.9121750104762
2024,5,adaptive_q1,포크,204,1601.9729727233569,1977.639538093555
2024,5,adaptive_q2,슬라이더,476,3746.5107838767913,2985.4299261983942
2024,5,adaptive_q2,직구,859,7529.7400818906,5729.346260157077
2024,5,adaptive_q2,체인지업,194,1202.9412571335342,1161.8950063497605
2024,5,adaptive_q2,커브,159,913.8656908833312,614.7758308999018
2024,5,adaptive_q2,커터,106,560.7182612669217,539.9563480848961
2024,5,adaptive_q2,투심,124,884.2405518296322,762.2036403927212
2024,5,adaptive_q2,포크,204,1595.196326973633,1977.9358937832133
2024,5,trend_d0.25,슬라이더,476,3962.215769160288,3039.7926711622613
2024,5,trend_d0.25,직구,859,8103.621491210413,5741.05627236019
2024,5,trend_d0.25,체인지업,194,1291.6848766648263,1188.0013650496148
2024,5,trend_d0.25,커브,159,889.924373328266,626.5077685566732
2024,5,trend_d0.25,커터,106,615.0599855791855,553.7642227421492
2024,5,trend_d0.25,투심,124,963.4900497807378,768.8410177989394
2024,5,trend_d0.25,포크,204,1591.492927352383,1996.2449519659012
2024,5,trend_d0.5,슬라이더,476,4223.403154574826,3101.5579221828666
2024,5,trend_d0.5,직구,859,8725.178323007578,5770.888622687955
2024,5,trend_d0.5,체인지업,194,1396.4105434190317,1218.4410347184646
2024,5,trend_d0.5,커브,159,900.1405138671232,641.4907145683824
2024,5,trend_d0.5,커터,106,681.2114907310371,570.4148575664938
2024,5,trend_d0.5,투심,124,1046.4331066266177,779.4662479950952
2024,5,trend_d0.5,포크,204,1615.989849184653,2017.9075979733384
2024,5,monthly_w28_hflat,슬라이더,476,3748.5004479963627,2994.5336631867785
2024,5,monthly_w28_hflat,직구,859,7600.350863377601,5733.830669391913
2024,5,monthly_w28_hflat,체인지업,194,1204.4910384715072,1156.6041797246717
2024,5,monthly_w28_hflat,커브,159,894.4556976416163,614.9380056694654
2024,5,monthly_w28_hflat,커터,106,565.1188894377003,537.7203909137029
2024,5,monthly_w28_hflat,투심,124,888.0991346708588,759.1090740634195
2024,5,monthly_w28_hflat,포크,204,1588.6392040973046,1973.2795630344035
2024,5,monthly_w28_h14,슬라이더,476,3758.2253259345016,3002.637079506663
2024,5,monthly_w28_h14,직구,859,7646.324494311864,5700.077328183148
2024,5,monthly_w28_h14,체인지업,194,1222.9573016750896,1163.8878823628716
2024,5,monthly_w28_h14,커브,159,886.2620073928827,624.1902370434992
2024,5,monthly_w28_h14,커터,106,577.1141894260129,538.1793297197174
2024,5,monthly_w28_h14,투심,124,905.4102396706379,759.6441944559896
2024,5,monthly_w28_h14,포크,204,1592.29809422687,1976.128934118363
2024,5,monthly_w28_h28,슬라이더,476,3752.245323043598,2997.932035327748
2024,5,monthly_w28_h28,직구,859,7625.344221889274,5716.472355471176
2024,5,monthly_w28_h28,체인지업,194,1213.4563299955507,1159.9130778833767
2024,5,monthly_w28_h28,커브,159,887.9390775948123,619.4857638374892
2024,5,monthly_w28_h28,커터,106,571.1034718614511,537.8492262659076
2024,5,monthly_w28_h28,투심,124,896.2088043268104,759.0617738706186
2024,5,monthly_w28_h28,포크,204,1590.2315674241772,1975.1220014682535
2024,5,monthly_w28_h28_huber,슬라이더,476,3745.5274378997356,3000.0589111030126
2024,5,monthly_w28_h28_huber,직구,859,7617.688444954487,5717.492075526956
2024,5,monthly_w28_h28_huber,체인지업,194,1209.7373479161533,1158.3247005649177
2024,5,monthly_w28_h28_huber,커브,159,882.6143094764388,620.2977071761959
2024,5,monthly_w28_h28_huber,커터,106,570.3368657438905,540.2630109067392
2024,5,monthly_w28_h28_huber,투심,124,893.2332565707618,760.2872939527814
2024,5,monthly_w28_h28_huber,포크,204,1589.184606023557,1979.4083341798419
2024,5,monthly_w56_hflat,슬라이더,476,3639.859408610566,2927.978996140456
2024,5,monthly_w56_hflat,직구,859,7112.4861513004835,5747.011090343312
2024,5,monthly_w56_hflat,체인지업,194,1134.2870836097345,1129.8073674692255
2024,5,monthly_w56_hflat,커브,159,995.5999985871036,603.8026802827776
2024,5,monthly_w56_hflat,커터,106,523.5098000262777,523.7225618337982
2024,5,monthly_w56_hflat,투심,124,815.8375306654247,757.6802310988467
2024,5,monthly_w56_hflat,포크,204,1630.5542767827762,1955.674429874969
2024,5,monthly_w56_h14,슬라이더,476,3704.35124574869,2972.1459526200606
2024,5,monthly_w56_h14,직구,859,7443.912753356538,5704.252545379911
2024,5,monthly_w56_h14,체인지업,194,1188.6971119426375,1151.9391003376827
2024,5,monthly_w56_h14,커브,159,914.681674188665,618.5146773378201
2024,5,monthly_w56_h14,커터,106,554.4400333872068,532.2909050138202
2024,5,monthly_w56_h14,투심,124,879.5519385524824,758.7653626228082
2024,5,monthly_w56_h14,포크,204,1590.8708206799574,1968.3506945190543
2024,5,monthly_w56_h28,슬라이더,476,3664.675902972206,2950.64602142467
2024,5,monthly_w56_h28,직구,859,7288.083593705299,5725.147575480068
2024,5,monthly_w56_h28,체인지업,194,1158.5609986258341,1140.750074721609
2024,5,monthly_w56_h28,커브,159,942.1529555803245,610.9844538983098
2024,5,monthly_w56_h28,커터,106,536.8691708514211,528.2125822842106
2024,5,monthly_w56_h28,투심,124,850.3668829242207,757.8570548099914
2024,5,monthly_w56_h28,포크,204,1599.1371128493365,1962.3928204978117
2024,5,monthly_w56_h28_huber,슬라이더,476,3677.3621067780814,2959.9831376196194
2024,5,monthly_w56_h28_huber,직구,859,7334.647834524811,5727.502678163224
2024,5,monthly_w56_h28_huber,체인지업,194,1163.6790805456258,1141.199280932346
2024,5,monthly_w56_h28_huber,커브,159,926.8026303610652,611.9490768679505
2024,5,monthly_w56_h28_huber,커터,106,539.8987122518562,532.0208017657136
2024,5,monthly_w56_h28_huber,투심,124,848.0014288787935,760.0601969269534
2024,5,monthly_w56_h28_huber,포크,204,1601.6205640288636,1963.85492402681
2024,5,monthly_w84_hflat,슬라이더,476,3639.859408610566,2927.978996140456
2024,5,monthly_w84_hflat,직구,859,7112.4861513004835,5747.011090343312
2024,5,monthly_w84_hflat,체인지업,194,1134.2870836097345,1129.8073674692255
2024,5,monthly_w84_hflat,커브,159,995.5999985871036,603.8026802827776
2024,5,monthly_w84_hflat,커터,106,523.5098000262777,523.7225618337982
2024,5,monthly_w84_hflat,투심,124,815.8375306654247,757.6802310988467
2024,5,monthly_w84_hflat,포크,204,1630.5542767827762,1955.674429874969
2024,5,monthly_w84_h14,슬라이더,476,3704.35124574869,2972.1459526200606
2024,5,monthly_w84_h14,직구,859,7443.912753356538,5704.252545379911
2024,5,monthly_w84_h14,체인지업,194,1188.6971119426375,1151.9391003376827
2024,5,monthly_w84_h14,커브,159,914.681674188665,618.5146773378201
2024,5,monthly_w84_h14,커터,106,554.4400333872068,532.2909050138202
2024,5,monthly_w84_h14,투심,124,879.5519385524824,758.7653626228082
2024,5,monthly_w84_h14,포크,204,1590.8708206799574,1968.3506945190543
2024,5,monthly_w84_h28,슬라이더,476,3664.675902972206,2950.64602142467
2024,5,monthly_w84_h28,직구,859,7288.083593705299,5725.147575480068
2024,5,monthly_w84_h28,체인지업,194,1158.5609986258341,1140.750074721609
2024,5,monthly_w84_h28,커브,159,942.1529555803245,610.9844538983098
2024,5,monthly_w84_h28,커터,106,536.8691708514211,528.2125822842106
2024,5,monthly_w84_h28,투심,124,850.3668829242207,757.8570548099914
2024,5,monthly_w84_h28,포크,204,1599.1371128493365,1962.3928204978117
2024,5,monthly_w84_h28_huber,슬라이더,476,3677.3621067780814,2959.9831376196194
2024,5,monthly_w84_h28_huber,직구,859,7334.647834524811,5727.502678163224
2024,5,monthly_w84_h28_huber,체인지업,194,1163.6790805456258,1141.199280932346
2024,5,monthly_w84_h28_huber,커브,159,926.8026303610652,611.9490768679505
2024,5,monthly_w84_h28_huber,커터,106,539.8987122518562,532.0208017657136
2024,5,monthly_w84_h28_huber,투심,124,848.0014288787935,760.0601969269534
2024,5,monthly_w84_h28_huber,포크,204,1601.6205640288636,1963.85492402681
2024,5,weekly_w28_hflat,슬라이더,476,3575.225405637668,2975.411136693273
2024,5,weekly_w28_hflat,직구,859,7285.537802288264,5653.925164565842
2024,5,weekly_w28_hflat,체인지업,194,1178.814811492477,1179.06488329608
2024,5,weekly_w28_hflat,커브,159,916.1456846468182,629.2073790435704
2024,5,weekly_w28_hflat,커터,106,538.887057674246,510.85908787970436
2024,5,weekly_w28_hflat,투심,124,846.7382695218326,766.0443646108577
2024,5,weekly_w28_hflat,포크,204,1682.6688827770465,1990.498879175602
2024,5,weekly_w28_h14,슬라이더,476,3541.034077352985,2995.487266464729
2024,5,weekly_w28_h14,직구,859,7190.214052047882,5678.607995450076
2024,5,weekly_w28_h14,체인지업,194,1176.0678835241154,1184.1365407455853
2024,5,weekly_w28_h14,커브,159,939.5416355512762,631.4744388884416
2024,5,weekly_w28_h14,커터,106,533.7352390855572,518.273857698675
2024,5,weekly_w28_h14,투심,124,846.8362929370327,771.0760633476816
2024,5,weekly_w28_h14,포크,204,1714.7832170751267,1997.3018393135749
2024,5,weekly_w28_h28,슬라이더,476,3554.8548940910473,2984.0301412143253
2024,5,weekly_w28_h28,직구,859,7231.519182089447,5664.46792813046
2024,5,weekly_w28_h28,체인지업,194,1175.9475958278522,1180.8528442815802
2024,5,weekly_w28_h28,커브,159,926.4169980780146,630.1824955203608
2024,5,weekly_w28_h28,커터,106,535.4859767055951,514.1988176199062
2024,5,weekly_w28_h28,투심,124,845.9422781584306,767.9707761934773
2024,5,weekly_w28_h28,포크,204,1698.1346979295708,1992.8294894372789
2024,5,weekly_w28_h28_huber,슬라이더,476,3556.169239111181,2989.650077657644
2024,5,weekly_w28_h28_huber,직구,859,7263.314787558379,5666.848687129021
2024,5,weekly_w28_h28_huber,체인지업,194,1170.561246625717,1181.6181842982257
2024,5,weekly_w28_h28_huber,커브,159,907.854944929102,631.2782610178782
2024,5,weekly_w28_h28_huber,커터,106,536.6619755005667,517.0643556839944
2024,5,weekly_w28_h28_huber,투심,124,850.2381813592091,767.186179582873
2024,5,weekly_w28_h28_huber,포크,204,1683.8827662922936,1991.026455615933
2024,5,weekly_w56_hflat,슬라이더,476,3774.646380355457,2931.562233820504
2024,5,weekly_w56_hflat,직구,859,7504.162388991691,5699.631970363422
2024,5,weekly_w56_hflat,체인지업,194,1235.841724997591,1142.1971596846056
2024,5,weekly_w56_hflat,커브,159,951.5620411277112,600.690427134265
2024,5,weekly_w56_hflat,커터,106,561.5271616869439,517.4312693844455
2024,5,weekly_w56_hflat,투심,124,831.6821625956721,752.0507542200629
2024,5,weekly_w56_hflat,포크,204,1647.8985365273727,1961.9456894907898
2024,5,weekly_w56_h14,슬라이더,476,3619.537395844511,2955.128406144221
2024,5,weekly_w56_h14,직구,859,7313.643298222915,5667.7729013657545
2024,5,weekly_w56_h14,체인지업,194,1198.414302846173,1156.696316726862
2024,5,weekly_w56_h14,커브,159,935.6477196805142,612.1918619974402
2024,5,weekly_w56_h14,커터,106,541.8400754440725,516.3839838022832
2024,5,weekly_w56_h14,투심,124,841.6323806066727,760.7701429859401
2024,5,weekly_w56_h14,포크,204,1678.4578013273224,1973.2384669456683
2024,5,weekly_w56_h28,슬라이더,476,3683.234992587287,2940.828150841135
2024,5,weekly_w56_h28,직구,859,7403.039895854447,5676.672037568354
2024,5,weekly_w56_h28,체인지업,194,1211.613056537497,1148.5784238913334
2024,5,weekly_w56_h28,커브,159,935.0195924409848,606.0503695967814
2024,5,weekly_w56_h28,커터,106,549.4691859731998,515.8005641692304
2024,5,weekly_w56_h28,투심,124,836.7840799536389,755.5652562790075
2024,5,weekly_w56_h28,포크,204,1655.9476001743628,1965.2631397986988
2024,5,weekly_w56_h28_huber,슬라이더,476,3688.359233046575,2950.1555617045838
2024,5,weekly_w56_h28_huber,직구,859,7432.603210498198,5682.385933034134
2024,5,weekly_w56_h28_huber,체인지업,194,1205.8384692303098,1150.7610687521515
2024,5,weekly_w56_h28_huber,커브,159,920.4021319093414,608.7507742806301
2024,5,weekly_w56_h28_huber,커터,106,548.606503337018,519.9762450655677
2024,5,weekly_w56_h28_huber,투심,124,840.2570466481859,757.3294438235331
2024,5,weekly_w56_h28_huber,포크,204,1646.8785564278855,1967.6965167279573
2024,5,weekly_w84_hflat,슬라이더,476,3614.1036339322172,2920.3695151773672
2024,5,weekly_w84_hflat,직구,859,7106.895781667568,5714.198766602875
2024,5,weekly_w84_hflat,체인지업,194,1142.3377599841817,1133.0970284328382
2024,5,weekly_w84_hflat,커브,159,988.9451765543672,601.5521053985816
2024,5,weekly_w84_hflat,커터,106,522.5375477479132,515.6667918343134
2024,5,weekly_w84_hflat,투심,124,805.582591209362,754.728351924649
2024,5,weekly_w84_hflat,포크,204,1645.5528142838875,1953.723299855771
2024,5,weekly_w84_h14,슬라이더,476,3584.671049708929,2952.6738678067586
2024,5,weekly_w84_h14,직구,859,7231.414822498886,5669.753004349828
2024,5,weekly_w84_h14,체인지업,194,1176.6727918691022,1154.1090130250577
2024,5,weekly_w84_h14,커브,159,940.2225264199019,612.2872526172564
2024,5,weekly_w84_h14,커터,106,532.6401615353559,515.9564833287569
2024,5,weekly_w84_h14,투심,124,837.3450026997592,760.7822278393403
2024,5,weekly_w84_h14,포크,204,1669.4685509690676,1971.0882407670952
2024,5,weekly_w84_h28,슬라이더,476,3600.947073830755,2935.6071759904485
2024,5,weekly_w84_h28,직구,859,7204.002444291242,5684.069618623708
2024,5,weekly_w84_h28,체인지업,194,1161.5912155746548,1143.401373991779
2024,5,weekly_w84_h28,커브,159,949.08310143586,606.4410010434581
2024,5,weekly_w84_h28,커터,106,528.3739762269025,515.0650721555376
2024,5,weekly_w84_h28,투심,124,825.5309497658496,756.3340949002627
2024,5,weekly_w84_h28,포크,204,1643.706344303483,1960.8939985788911
2024,5,weekly_w84_h28_huber,슬라이더,476,3616.61096500112,2944.2957674869263
2024,5,weekly_w84_h28_huber,직구,859,7264.666679466303,5688.49483731148
2024,5,weekly_w84_h28_huber,체인지업,194,1165.34908357335,1145.426680147193
2024,5,weekly_w84_h28_huber,커브,159,930.1595953695467,608.5186151529173
2024,5,weekly_w84_h28_huber,커터,106,531.3470297310957,519.2042815157573
2024,5,weekly_w84_h28_huber,투심,124,828.1682184238958,758.197256639146
2024,5,weekly_w84_h28_huber,포크,204,1639.2573488444045,1962.0922155359412
2024,5,weekly_w56_h7,슬라이더,476,3559.0563578378687,2997.311260417836
2024,5,weekly_w56_h7,직구,859,7196.5840088908435,5690.023274470295
2024,5,weekly_w56_h7,체인지업,194,1192.8925391997666,1176.8554556082158
2024,5,weekly_w56_h7,커브,159,964.7835604133319,624.1841153510921
2024,5,weekly_w56_h7,커터,106,535.9620464642895,524.3825346272616
2024,5,weekly_w56_h7,투심,124,850.3176260824633,773.9925201371843
2024,5,weekly_w56_h7,포크,204,1731.070295395412,1997.2689484726116
2024,5,weekly_w56_h10,슬라이더,476,3586.3797420790656,2970.168463024539
2024,5,weekly_w56_h10,직구,859,7256.142765975021,5671.42565410783
2024,5,weekly_w56_h10,체인지업,194,1193.8017239764654,1164.3415296099859
2024,5,weekly_w56_h10,커브,159,944.7480153103074,617.2433627922616
2024,5,weekly_w56_h10,커터,106,538.2809660657324,518.6303588689527
2024,5,weekly_w56_h10,투심,124,845.1142920374193,765.8352023457591
2024,5,weekly_w56_h10,포크,204,1700.047015991393,1982.1756467418259
2024,5,weekly_w56_h21,슬라이더,476,3659.0131959396426,2945.01177827484
2024,5,weekly_w56_h21,직구,859,7371.495744153322,5671.976072518509
2024,5,weekly_w56_h21,체인지업,194,1206.117388838737,1151.0862860079578
2024,5,weekly_w56_h21,커브,159,933.53600776697,608.0361953857002
2024,5,weekly_w56_h21,커터,106,546.4801893696076,515.7176499700964
2024,5,weekly_w56_h21,투심,124,838.4791235980441,757.1260046199657
2024,5,weekly_w56_h21,포크,204,1662.3913346806658,1967.4266052126432
2024,5,weekly_w84_h7,슬라이더,476,3554.458976507958,2996.7541521109824
2024,5,weekly_w84_h7,직구,859,7186.2862179945305,5689.693206805499
2024,5,weekly_w84_h7,체인지업,194,1190.102676355561,1176.3759994790905
2024,5,weekly_w84_h7,커브,159,965.129094434282,624.1843884115158
2024,5,weekly_w84_h7,커터,106,534.7756394640885,524.2431615224282
2024,5,weekly_w84_h7,투심,124,849.7286290189737,773.9271966771317
2024,5,weekly_w84_h7,포크,204,1729.392847353236,1996.8538957055139
2024,5,weekly_w84_h10,슬라이더,476,3570.2971600653655,2968.78724165094
2024,5,weekly_w84_h10,직구,859,7219.073803533378,5671.608359879345
2024,5,weekly_w84_h10,체인지업,194,1183.7687369683017,1162.9633875581535
2024,5,weekly_w84_h10,커브,159,946.4382691636466,617.2612709928057
2024,5,weekly_w84_h10,커터,106,534.030832473812,518.3379251812753
2024,5,weekly_w84_h10,투심,124,843.1724024998387,765.7319686670903
2024,5,weekly_w84_h10,포크,204,1694.93600296754,1981.014942600501
2024,5,weekly_w84_h21,슬라이더,476,3596.1403834177304,2940.976800507747
2024,5,weekly_w84_h21,직구,859,7220.598104899105,5677.153679088187
2024,5,weekly_w84_h21,체인지업,194,1167.4666816100048,1146.9259400142032
2024,5,weekly_w84_h21,커브,159,943.364607264509,608.2981976891256
2024,5,weekly_w84_h21,커터,106,530.1542090736592,515.1227985553277
2024,5,weekly_w84_h21,투심,124,830.2588127815828,757.5288776526811
2024,5,weekly_w84_h21,포크,204,1650.524607689811,1963.9531212959394
2024,5,weekly_w112_h7,슬라이더,476,3554.458976507958,2996.7541521109824
2024,5,weekly_w112_h7,직구,859,7186.2862179945305,5689.693206805499
2024,5,weekly_w112_h7,체인지업,194,1190.102676355561,1176.3759994790905
2024,5,weekly_w112_h7,커브,159,965.129094434282,624.1843884115158
2024,5,weekly_w112_h7,커터,106,534.7756394640885,524.2431615224282
2024,5,weekly_w112_h7,투심,124,849.7286290189737,773.9271966771317
2024,5,weekly_w112_h7,포크,204,1729.392847353236,1996.8538957055139
2024,5,weekly_w112_h10,슬라이더,476,3570.2971600653655,2968.78724165094
2024,5,weekly_w112_h10,직구,859,7219.073803533378,5671.608359879345
2024,5,weekly_w112_h10,체인지업,194,1183.7687369683017,1162.9633875581535
2024,5,weekly_w112_h10,커브,159,946.4382691636466,617.2612709928057
2024,5,weekly_w112_h10,커터,106,534.030832473812,518.3379251812753
2024,5,weekly_w112_h10,투심,124,843.1724024998387,765.7319686670903
2024,5,weekly_w112_h10,포크,204,1694.93600296754,1981.014942600501
2024,5,weekly_w112_h21,슬라이더,476,3596.1403834177304,2940.976800507747
2024,5,weekly_w112_h21,직구,859,7220.598104899105,5677.153679088187
2024,5,weekly_w112_h21,체인지업,194,1167.4666816100048,1146.9259400142032
2024,5,weekly_w112_h21,커브,159,943.364607264509,608.2981976891256
2024,5,weekly_w112_h21,커터,106,530.1542090736592,515.1227985553277
2024,5,weekly_w112_h21,투심,124,830.2588127815828,757.5288776526811
2024,5,weekly_w112_h21,포크,204,1650.524607689811,1963.9531212959394
2024,5,weekly_w112_h14,슬라이더,476,3584.671049708929,2952.6738678067586
2024,5,weekly_w112_h14,직구,859,7231.414822498886,5669.753004349828
2024,5,weekly_w112_h14,체인지업,194,1176.6727918691022,1154.1090130250577
2024,5,weekly_w112_h14,커브,159,940.2225264199019,612.2872526172564
2024,5,weekly_w112_h14,커터,106,532.6401615353559,515.9564833287569
2024,5,weekly_w112_h14,투심,124,837.3450026997592,760.7822278393403
2024,5,weekly_w112_h14,포크,204,1669.4685509690676,1971.0882407670952
2024,5,weekly_w84_h3.5,슬라이더,476,3556.5706363562836,3103.3785146202226
2024,5,weekly_w84_h3.5,직구,859,7150.164582477211,5785.876450231572
2024,5,weekly_w84_h3.5,체인지업,194,1204.7998010688739,1215.7617668324879
2024,5,weekly_w84_h3.5,커브,159,1023.8619971677862,638.5435879511092
2024,5,weekly_w84_h3.5,커터,106,538.6040967722072,550.9818514505722
2024,5,weekly_w84_h3.5,투심,124,868.1144470339128,797.782808808625
2024,5,weekly_w84_h3.5,포크,204,1803.6559564220047,2039.6372792918487
2024,5,weekly_w28_h7,슬라이더,476,3531.6879105605935,3026.045910323928
2024,5,weekly_w28_h7,직구,859,7144.22904703808,5713.091577920811
2024,5,weekly_w28_h7,체인지업,194,1183.0389118121195,1193.9165107147583
2024,5,weekly_w28_h7,커브,159,970.582840874587,634.3167190714131
2024,5,weekly_w28_h7,커터,106,533.8394474081473,528.34889082477
2024,5,weekly_w28_h7,투심,124,852.6268112762857,779.5486497893444
2024,5,weekly_w28_h7,포크,204,1748.8136236785815,2010.5714880630408
2024,5,weekly_w84_h14_huber,슬라이더,476,3596.5815251899703,2959.746116341475
2024,5,weekly_w84_h14_huber,직구,859,7282.472257085015,5673.822430528898
2024,5,weekly_w84_h14_huber,체인지업,194,1176.8587626833992,1156.6702993539802
2024,5,weekly_w84_h14_huber,커브,159,922.298448748435,614.8106543231969
2024,5,weekly_w84_h14_huber,커터,106,533.9606645760534,519.4908952951649
2024,5,weekly_w84_h14_huber,투심,124,841.2049137123366,763.1111775460781
2024,5,weekly_w84_h14_huber,포크,204,1661.8483818998056,1972.0194305829916
2024,5,daily_w84_h3.5,슬라이더,476,3521.820807298844,3139.1421128899683
2024,5,daily_w84_h3.5,직구,859,7133.424809591835,5941.545462895103
2024,5,daily_w84_h3.5,체인지업,194,1133.2628800740458,1222.2351488780782
2024,5,daily_w84_h3.5,커브,159,1094.1702854706282,692.7162502595529
2024,5,daily_w84_h3.5,커터,106,563.6372401549806,553.911843473132
2024,5,daily_w84_h3.5,투심,124,820.8110963634009,835.9188048552838
2024,5,daily_w84_h3.5,포크,204,1786.4953749553626,2064.399306100073
2024,5,daily_w56_h7,슬라이더,476,3521.4786777161953,3034.5016884111255
2024,5,daily_w56_h7,직구,859,7148.785572913519,5760.80144932275
2024,5,daily_w56_h7,체인지업,194,1137.2136596445969,1176.1692774367925
2024,5,daily_w56_h7,커브,159,998.075179636657,649.836486454493
2024,5,daily_w56_h7,커터,106,548.8330290982996,526.4872790342009
2024,5,daily_w56_h7,투심,124,818.407969257501,795.0475054949611
2024,5,daily_w56_h7,포크,204,1736.705593172167,2011.562924474963
2024,5,daily_w56_h14,슬라이더,476,3594.0809958394366,2981.784298393646
2024,5,daily_w56_h14,직구,859,7264.458620074517,5695.0265390744635
2024,5,daily_w56_h14,체인지업,194,1161.5412693154985,1155.5815308120737
2024,5,daily_w56_h14,커브,159,949.559991726524,625.4616868516093
2024,5,daily_w56_h14,커터,106,549.7925204840042,515.6135895239927
2024,5,daily_w56_h14,투심,124,825.4945760266971,773.7489489225466
2024,5,daily_w56_h14,포크,204,1692.3919499544345,1979.5310190166526
2024,5,daily_w56_h28,슬라이더,476,3659.504649368287,2961.934436446735
2024,5,daily_w56_h28,직구,859,7361.103934422982,5690.70139970546
2024,5,daily_w56_h28,체인지업,194,1183.969099756736,1148.6256107500428
2024,5,daily_w56_h28,커브,159,938.4304794729275,614.5201185592856
2024,5,daily_w56_h28,커터,106,557.214184476021,513.7565173780255
2024,5,daily_w56_h28,투심,124,828.8130522151464,764.9981196636887
2024,5,daily_w56_h28,포크,204,1671.5366335691324,1967.175236193313
2024,5,daily_w84_h7,슬라이더,476,3518.3187356875583,3032.840941792645
2024,5,daily_w84_h7,직구,859,7140.676757951876,5758.987779886584
2024,5,daily_w84_h7,체인지업,194,1135.6328941756806,1175.3660150271187
2024,5,daily_w84_h7,커브,159,998.314277833109,649.6021198383596
2024,5,daily_w84_h7,커터,106,547.5258691014029,526.2330253689171
2024,5,daily_w84_h7,투심,124,817.8409284630345,794.89815207161
2024,5,daily_w84_h7,포크,204,1735.033763384443,2010.9574895978926
2024,5,daily_w84_h14,슬라이더,476,3566.4094463044084,2973.9739554181724
2024,5,daily_w84_h14,직구,859,7193.550789817538,5689.6797113774155
2024,5,daily_w84_h14,체인지업,194,1146.4151581462215,1151.3133498186126
2024,5,daily_w84_h14,커브,159,955.0138479091247,624.4742897923365
2024,5,daily_w84_h14,커터,106,539.9815010511956,514.9203688695726
2024,5,daily_w84_h14,투심,124,820.5296590138237,773.2103795513851
2024,5,daily_w84_h14,포크,204,1681.8452290600608,1976.6511135305977
2024,5,daily_w84_h28,슬라이더,476,3590.846478161182,2947.836759177143
2024,5,daily_w84_h28,직구,859,7180.421567661448,5686.048466745518
2024,5,daily_w84_h28,체인지업,194,1145.1551460423375,1140.381447467503
2024,5,daily_w84_h28,커브,159,955.9153661902869,613.1606463801226
2024,5,daily_w84_h28,커터,106,534.2669235829393,513.0115231086517
2024,5,daily_w84_h28,투심,124,815.8148727616351,764.4429226972194
2024,5,daily_w84_h28,포크,204,1654.440280948249,1962.2431553580873
2024,5,fortnightly_w84_h7,슬라이더,476,3672.2725794298576,2986.243972926921
2024,5,fortnightly_w84_h7,직구,859,7465.597759708165,5694.866109425123
2024,5,fortnightly_w84_h7,체인지업,194,1271.1942516826198,1201.1468318821221
2024,5,fortnightly_w84_h7,커브,159,972.6769586600872,628.6062818048723
2024,5,fortnightly_w84_h7,커터,106,569.9743568339499,520.1439196725553
2024,5,fortnightly_w84_h7,투심,124,872.7447360319876,785.0067969493449
2024,5,fortnightly_w84_h7,포크,204,1780.0064950389765,2014.2135623417614
2024,5,fortnightly_w84_h14,슬라이더,476,3621.1087619072173,2945.8772790203843
2024,5,fortnightly_w84_h14,직구,859,7335.761141391313,5682.511482169944
2024,5,fortnightly_w84_h14,체인지업,194,1199.659489537954,1165.5439935735321
2024,5,fortnightly_w84_h14,커브,159,938.4367188760554,611.1414077664538
2024,5,fortnightly_w84_h14,커터,106,548.4509494251271,514.8771569440462
2024,5,fortnightly_w84_h14,투심,124,850.361081511172,768.4039157643772
2024,5,fortnightly_w84_h14,포크,204,1681.7904027296847,1983.8607116900057
2024,5,fortnightly_w84_h28,슬라이더,476,3609.927389238309,2929.4232880693075
2024,5,fortnightly_w84_h28,직구,859,7243.268839962563,5698.422395995964
2024,5,fortnightly_w84_h28,체인지업,194,1165.1320106694197,1148.842928579345
2024,5,fortnightly_w84_h28,커브,159,945.6164018373931,604.6543555027449
2024,5,fortnightly_w84_h28,커터,106,536.3900560114774,514.6621309381509
2024,5,fortnightly_w84_h28,투심,124,834.222961239135,761.9619132610429
2024,5,fortnightly_w84_h28,포크,204,1643.2779638583584,1969.7496623795012
2024,6,uncorrected,슬라이더,539,16176.972491847248,10477.005517843669
2024,6,uncorrected,직구,840,36919.09394777737,20378.133539775496
2024,6,uncorrected,체인지업,182,5396.097546292554,2923.468407159907
2024,6,uncorrected,커브,152,2618.651621995672,1760.6782339546578
2024,6,uncorrected,커터,85,3534.5017957938035,1823.2576070981804
2024,6,uncorrected,투심,119,5876.632562910178,2435.7759315978687
2024,6,uncorrected,포크,194,5549.5801860264255,3826.481307422253
2024,6,last_month,슬라이더,539,3386.678743290762,3968.918589625632
2024,6,last_month,직구,840,6657.037539318924,6555.61971525661
2024,6,last_month,체인지업,182,1241.2371734835292,1114.6585831465636
2024,6,last_month,커브,152,1066.9545764572322,603.6516979062969
2024,6,last_month,커터,85,541.4221991263381,560.8511272214406
2024,6,last_month,투심,119,828.5105895485012,975.6829153947324
2024,6,last_month,포크,194,1617.3921204213502,1669.8831354055587
2024,6,season_to_date,슬라이더,539,3362.5880284964514,3916.4668912598636
2024,6,season_to_date,직구,840,6595.930751964739,6523.7694791971635
2024,6,season_to_date,체인지업,182,1193.4432643024397,1095.2113971137562
2024,6,season_to_date,커브,152,1009.9588481693659,569.5059761918841
2024,6,season_to_date,커터,85,529.6468651711724,559.2365802374945
2024,6,season_to_date,투심,119,827.9022953594251,946.1386673816387
2024,6,season_to_date,포크,194,1608.5710520293546,1644.4418414910706
2024,6,ewma_w2_h0.25,슬라이더,539,3364.8063802696383,3963.84489935873
2024,6,ewma_w2_h0.25,직구,840,6658.353091243689,6535.644967562468
2024,6,ewma_w2_h0.25,체인지업,182,1230.9110640318636,1111.4242017020229
2024,6,ewma_w2_h0.25,커브,152,1049.9712390437733,600.6221910602846
2024,6,ewma_w2_h0.25,커터,85,538.5125532508395,557.7592595824597
2024,6,ewma_w2_h0.25,투심,119,829.3473210621705,970.6802066201958
2024,6,ewma_w2_h0.25,포크,194,1613.3590732215687,1666.5220769378616
2024,6,ewma_w2_h0.5,슬라이더,539,3322.632682978501,3955.3962093812897
2024,6,ewma_w2_h0.5,직구,840,6676.818725749493,6493.361275400985
2024,6,ewma_w2_h0.5,체인지업,182,1209.1615415080307,1104.9679234644746
2024,6,ewma_w2_h0.5,커브,152,1011.782097758945,594.3777751365321
2024,6,ewma_w2_h0.5,커터,85,533.1996343756717,550.9872324989117
2024,6,ewma_w2_h0.5,투심,119,832.9998067677278,959.4950695671552
2024,6,ewma_w2_h0.5,포크,194,1607.5321571799773,1659.6995591334442
2024,6,ewma_w2_h1,슬라이더,539,3296.1797128918565,3952.2496997066455
2024,6,ewma_w2_h1,직구,840,6714.10259707989,6460.758143198715
2024,6,ewma_w2_h1,체인지업,182,1192.5521741468456,1100.5635978337223
2024,6,ewma_w2_h1,커브,152,979.0471827588872,589.8107903838661
2024,6,ewma_w2_h1,커터,85,530.3469922124959,545.4320192811242
2024,6,ewma_w2_h1,투심,119,838.5809155839486,949.996060135753
2024,6,ewma_w2_h1,포크,194,1607.0228069675836,1654.868691878607
2024,6,ewma_w2_h2,슬라이더,539,3286.4658019642616,3952.6286860640184
2024,6,ewma_w2_h2,직구,840,6746.11248881069,6444.4514593792555
2024,6,ewma_w2_h2,체인지업,182,1184.3380881839125,1098.693455040332
2024,6,ewma_w2_h2,커브,152,960.7676543901758,587.6702658609871
2024,6,ewma_w2_h2,커터,85,529.6414559935783,542.4601202330173
2024,6,ewma_w2_h2,투심,119,842.9754138219289,944.7379471931661
2024,6,ewma_w2_h2,포크,194,1609.0777287137348,1652.70163223075
2024,6,ewma_w2_h3,슬라이더,539,3284.197635984203,3953.168806389991
2024,6,ewma_w2_h3,직구,840,6758.978434723872,6439.368176456224
2024,6,ewma_w2_h3,체인지업,182,1181.797652213004,1098.1823730920037
2024,6,ewma_w2_h3,커브,152,954.6572954725809,587.0340498465457
2024,6,ewma_w2_h3,커터,85,529.5773749028879,541.4918926266523
2024,6,ewma_w2_h3,투심,119,844.6917279281138,942.9892493630526
2024,6,ewma_w2_h3,포크,194,1610.2174222109877,1652.079931249858
2024,6,ewma_w3_h0.25,슬라이더,539,3366.5440371007726,3963.2511571978825
2024,6,ewma_w3_h0.25,직구,840,6654.4666152816735,6536.177616291367
2024,6,ewma_w3_h0.25,체인지업,182,1231.0751863299558,1111.2680575349973
2024,6,ewma_w3_h0.25,커브,152,1050.8994850594802,600.263898565828
2024,6,ewma_w3_h0.25,커터,85,538.4909893757115,557.9112802276239
2024,6,ewma_w3_h0.25,투심,119,828.896041923225,970.621729885871
2024,6,ewma_w3_h0.25,포크,194,1613.3294348516433,1666.2922759674432
2024,6,ewma_w3_h0.5,슬라이더,539,3345.439822849234,3948.9969486274467
2024,6,ewma_w3_h0.5,직구,840,6623.084906923679,6503.594990224594
2024,6,ewma_w3_h0.5,체인지업,182,1211.935279926404,1103.5225499088815
2024,6,ewma_w3_h0.5,커브,152,1025.460190503319,590.2657165815148
2024,6,ewma_w3_h0.5,커터,85,533.1033730392724,553.426637887017
2024,6,ewma_w3_h0.5,투심,119,826.8504921405535,959.4325094730875
2024,6,ewma_w3_h0.5,포크,194,1606.6010705739309,1657.4066629227018
2024,6,ewma_w3_h1,슬라이더,539,3368.735928027176,3935.76416106707
2024,6,ewma_w3_h1,직구,840,6548.885696734538,6499.354658176242
2024,6,ewma_w3_h1,체인지업,182,1204.0811379893426,1097.5383559840786
2024,6,ewma_w3_h1,커브,152,1025.5128145415426,578.7607240056689
2024,6,ewma_w3_h1,커터,85,531.0456301926747,553.9200805589738
2024,6,ewma_w3_h1,투심,119,819.9689640396086,951.5643194558451
2024,6,ewma_w3_h1,포크,194,1603.7520082254562,1649.6204406312434
2024,6,ewma_w3_h2,슬라이더,539,3409.785826199869,3928.286733489726
2024,6,ewma_w3_h2,직구,840,6486.39015292035,6512.112498950851
2024,6,ewma_w3_h2,체인지업,182,1207.2323403348823,1094.8980858085756
2024,6,ewma_w3_h2,커브,152,1040.6721146199252,571.1820074921729
2024,6,ewma_w3_h2,커터,85,532.2449222249265,556.9405646819808
2024,6,ewma_w3_h2,투심,119,813.9994799539996,948.750429942604
2024,6,ewma_w3_h2,포크,194,1604.868030509569,1645.6640751536715
2024,6,ewma_w3_h3,슬라이더,539,3430.02147386236,3925.7978525923963
2024,6,ewma_w3_h3,직구,840,6463.353275436622,6519.359546739845
2024,6,ewma_w3_h3,체인지업,182,1210.2621272462509,1094.1787877774113
2024,6,ewma_w3_h3,커브,152,1049.060209607467,568.4903183492031
2024,6,ewma_w3_h3,커터,85,533.2906435285839,558.4944497688421
2024,6,ewma_w3_h3,투심,119,811.8195626855245,948.1731496241583
2024,6,ewma_w3_h3,포크,194,1606.1342004447188,1644.460534600021
2024,6,ewma_w6_h0.25,슬라이더,539,3366.5440371007726,3963.2511571978825
2024,6,ewma_w6_h0.25,직구,840,6654.4666152816735,6536.177616291367
2024,6,ewma_w6_h0.25,체인지업,182,1231.0751863299558,1111.2680575349973
2024,6,ewma_w6_h0.25,커브,152,1050.8994850594802,600.263898565828
2024,6,ewma_w6_h0.25,커터,85,538.4909893757115,557.9112802276239
2024,6,ewma_w6_h0.25,투심,119,828.896041923225,970.621729885871
2024,6,ewma_w6_h0.25,포크,194,1613.3294348516433,1666.2922759674432
2024,6,ewma_w6_h0.5,슬라이더,539,3345.439822849234,3948.9969486274467
2024,6,ewma_w6_h0.5,직구,840,6623.084906923679,6503.594990224594
2024,6,ewma_w6_h0.5,체인지업,182,1211.935279926404,1103.5225499088815
2024,6,ewma_w6_h0.5,커브,152,1025.460190503319,590.2657165815148
2024,6,ewma_w6_h0.5,커터,85,533.1033730392724,553.426637887017
2024,6,ewma_w6_h0.5,투심,119,826.8504921405535,959.4325094730875
2024,6,ewma_w6_h0.5,포크,194,1606.6010705739309,1657.4066629227018
2024,6,ewma_w6_h1,슬라이더,539,3368.735928027176,3935.76416106707
2024,6,ewma_w6_h1,직구,840,6548.885696734538,6499.354658176242
2024,6,ewma_w6_h1,체인지업,182,1204.0811379893426,1097.5383559840786
2024,6,ewma_w6_h1,커브,152,1025.5128145415426,578.7607240056689
2024,6,ewma_w6_h1,커터,85,531.0456301926747,553.9200805589738
2024,6,ewma_w6_h1,투심,119,819.9689640396086,951.5643194558451
2024,6,ewma_w6_h1,포크,194,1603.7520082254562,1649.6204406312434
2024,6,ewma_w6_h2,슬라이더,539,3409.785826199869,3928.286733489726
2024,6,ewma_w6_h2,직구,840,6486.39015292035,6512.112498950851
2024,6,ewma_w6_h2,체인지업,182,1207.2323403348823,1094.8980858085756
2024,6,ewma_w6_h2,커브,152,1040.6721146199252,571.1820074921729
2024,6,ewma_w6_h2,커터,85,532.2449222249265,556.9405646819808
2024,6,ewma_w6_h2,투심,119,813.9994799539996,948.750429942604
2024,6,ewma_w6_h2,포크,194,1604.868030509569,1645.6640751536715
2024,6,ewma_w6_h3,슬라이더,539,3430.02147386236,3925.7978525923963
2024,6,ewma_w6_h3,직구,840,6463.353275436622,6519.359546739845
2024,6,ewma_w6_h3,체인지업,182,1210.2621272462509,1094.1787877774113
2024,6,ewma_w6_h3,커브,152,1049.060209607467,568.4903183492031
2024,6,ewma_w6_h3,커터,85,533.2906435285839,558.4944497688421
2024,6,ewma_w6_h3,투심,119,811.8195626855245,948.1731496241583
2024,6,ewma_w6_h3,포크,194,1606.1342004447188,1644.460534600021
2024,6,precision_h0.5_q0.25,슬라이더,539,3270.4393970679694,3904.5384339836683
2024,6,precision_h0.5_q0.25,직구,840,6762.520434616497,6407.99163000531
2024,6,precision_h0.5_q0.25,체인지업,182,1202.0168471163227,1090.1894858300352
2024,6,precision_h0.5_q0.25,커브,152,973.4529373023129,581.0944884026665
2024,6,precision_h0.5_q0.25,커터,85,525.4421208489091,543.5871378126723
2024,6,precision_h0.5_q0.25,투심,119,843.6123670848648,948.3756874790247
2024,6,precision_h0.5_q0.25,포크,194,1615.332959804261,1638.7942591100555
2024,6,precision_h0.5_q1,슬라이더,539,3330.7596970871828,3946.2175206772363
2024,6,precision_h0.5_q1,직구,840,6669.232066086398,6499.275395052027
2024,6,precision_h0.5_q1,체인지업,182,1217.2278194367814,1104.6136863900679
2024,6,precision_h0.5_q1,커브,152,1022.9815432056045,593.5744834498865
2024,6,precision_h0.5_q1,커터,85,533.299876697244,553.5464467449333
2024,6,precision_h0.5_q1,투심,119,831.463024969632,962.9747931851925
2024,6,precision_h0.5_q1,포크,194,1609.993313778589,1658.0679807448391
2024,6,precision_h0.5_q2,슬라이더,539,3348.5086561681346,3954.2234637012384
2024,6,precision_h0.5_q2,직구,840,6650.270883722904,6515.776401300263
2024,6,precision_h0.5_q2,체인지업,182,1221.4458136959465,1107.1481100457581
2024,6,precision_h0.5_q2,커브,152,1035.1759397317987,595.6452670969416
2024,6,precision_h0.5_q2,커터,85,535.3277812338255,555.291758641932
2024,6,precision_h0.5_q2,투심,119,829.0758108435756,965.3176610500716
2024,6,precision_h0.5_q2,포크,194,1610.1412389483435,1661.4441390318225
2024,6,precision_h1_q0.25,슬라이더,539,3259.70161728039,3896.5538144943703
2024,6,precision_h1_q0.25,직구,840,6772.503766759161,6392.313656411243
2024,6,precision_h1_q0.25,체인지업,182,1189.1092074185399,1085.0839019073755
2024,6,precision_h1_q0.25,커브,152,948.9553966728282,572.4949280555641
2024,6,precision_h1_q0.25,커터,85,521.461690673756,541.5697028266333
2024,6,precision_h1_q0.25,투심,119,846.7267085867776,939.524613677001
2024,6,precision_h1_q0.25,포크,194,1617.9310986533505,1631.938585927064
2024,6,precision_h1_q1,슬라이더,539,3319.834685263446,3931.3129599586473
2024,6,precision_h1_q1,직구,840,6645.144061397673,6474.274520431787
2024,6,precision_h1_q1,체인지업,182,1204.9243719124943,1098.1575854192058
2024,6,precision_h1_q1,커브,152,1006.2325433052964,584.8597120970962
2024,6,precision_h1_q1,커터,85,529.300452480801,550.7703246958243
2024,6,precision_h1_q1,투심,119,829.9478243544628,954.6975480477034
2024,6,precision_h1_q1,포크,194,1606.8062420400815,1649.960604994969
2024,6,precision_h1_q2,슬라이더,539,3342.8073574748487,3942.2994569377843
2024,6,precision_h1_q2,직구,840,6617.781694275186,6497.125914926887
2024,6,precision_h1_q2,체인지업,182,1210.5041082992093,1101.6182317071566
2024,6,precision_h1_q2,커브,152,1022.7948094531562,587.7750272053745
2024,6,precision_h1_q2,커터,85,531.9743237471451,553.1807827451838
2024,6,precision_h1_q2,투심,119,826.4179102943631,958.0411937972841
2024,6,precision_h1_q2,포크,194,1606.3988210684302,1654.6989408014729
2024,6,precision_h2_q0.25,슬라이더,539,3266.1901342463,3897.5528401304105
2024,6,precision_h2_q0.25,직구,840,6749.676543881094,6404.0052437576815
2024,6,precision_h2_q0.25,체인지업,182,1183.8229049204908,1084.2631356060951
2024,6,precision_h2_q0.25,커브,152,944.1800681569231,568.0935060464205
2024,6,precision_h2_q0.25,커터,85,520.2033219718714,543.2513287797299
2024,6,precision_h2_q0.25,투심,119,845.378025170106,936.7281215063424
2024,6,precision_h2_q0.25,포크,194,1617.9135688072738,1630.5635368128544
2024,6,precision_h2_q1,슬라이더,539,3327.538369632524,3923.2180222533584
2024,6,precision_h2_q1,직구,840,6609.214545194968,6469.527911280743
2024,6,precision_h2_q1,체인지업,182,1200.0088104299657,1094.774265343869
2024,6,precision_h2_q1,커브,152,1004.1463349762334,578.7410963163277
2024,6,precision_h2_q1,커터,85,527.719605528666,550.7718124358852
2024,6,precision_h2_q1,투심,119,826.7758358310886,950.403278562622
2024,6,precision_h2_q1,포크,194,1605.1527073404995,1645.4271830252364
2024,6,precision_h2_q2,슬라이더,539,3352.9059559008315,3934.5826384301745
2024,6,precision_h2_q2,직구,840,6579.890613618165,6493.379854892716
2024,6,precision_h2_q2,체인지업,182,1206.281245456892,1098.3471197899946
2024,6,precision_h2_q2,커브,152,1022.3514875409081,581.8173563775597
2024,6,precision_h2_q2,커터,85,530.6746242911543,553.2819001482295
2024,6,precision_h2_q2,투심,119,822.8810958809541,953.9768691211074
2024,6,precision_h2_q2,포크,194,1604.7391089976986,1650.4207692388914
2024,6,ema_a0.5,슬라이더,539,3444.750705971735,3925.0199983815332
2024,6,ema_a0.5,직구,840,6456.103447417397,6530.689026726222
2024,6,ema_a0.5,체인지업,182,1220.4310993208246,1095.8655302082093
2024,6,ema_a0.5,커브,152,1066.026028305742,571.0225646660501
2024,6,ema_a0.5,커터,85,534.9084385218428,560.6767555742056
2024,6,ema_a0.5,투심,119,809.6868784819201,953.0818560470958
2024,6,ema_a0.5,포크,194,1608.4828620962028,1646.2582052759994
2024,6,ema_a0.75,슬라이더,539,3353.0792961596317,3947.050290462873
2024,6,ema_a0.75,직구,840,6606.838471711348,6506.802017091624
2024,6,ema_a0.75,체인지업,182,1213.02072135245,1103.0938970961315
2024,6,ema_a0.75,커브,152,1029.9121280362488,589.0078760197187
2024,6,ema_a0.75,커터,85,533.1593047125251,554.2026916790104
2024,6,ema_a0.75,투심,119,824.9809747171164,959.4221631419664
2024,6,ema_a0.75,포크,194,1606.4811204444813,1656.7014527061356
2024,6,ema_a0.9,슬라이더,539,3358.6581757064387,3959.9095677223386
2024,6,ema_a0.9,직구,840,6649.793509913463,6526.939312366172
2024,6,ema_a0.9,체인지업,182,1226.0618007569847,1109.3991252873943
2024,6,ema_a0.9,커브,152,1043.581853418732,598.1268085808389
2024,6,ema_a0.9,커터,85,537.0428830263544,556.5778261551864
2024,6,ema_a0.9,투심,119,828.7132337229458,967.9107724576418
2024,6,ema_a0.9,포크,194,1611.4395355011557,1664.222892286626
2024,6,kalman_q0.25,슬라이더,539,3247.6618589179134,3876.1588822515782
2024,6,kalman_q0.25,직구,840,6827.127883175919,6398.656702304186
2024,6,kalman_q0.25,체인지업,182,1185.6095417897186,1095.1491162884479
2024,6,kalman_q0.25,커브,152,930.0159025687226,578.2092284545799
2024,6,kalman_q0.25,커터,85,516.4538641689409,538.5163849153014
2024,6,kalman_q0.25,투심,119,855.2967749576133,936.8012021721119
2024,6,kalman_q0.25,포크,194,1631.0462262550082,1638.9504821439964
2024,6,kalman_q0.5,슬라이더,539,3238.64101010447,3877.7266526214685
2024,6,kalman_q0.5,직구,840,6848.215977537589,6403.84283632814
2024,6,kalman_q0.5,체인지업,182,1191.8645633685746,1093.6206996909953
2024,6,kalman_q0.5,커브,152,941.6417352075534,582.5016030223875
2024,6,kalman_q0.5,커터,85,521.4594252256583,539.0591897264999
2024,6,kalman_q0.5,투심,119,858.3412622709154,944.6509028939964
2024,6,kalman_q0.5,포크,194,1621.1640651897785,1641.5157469139356
2024,6,kalman_q1,슬라이더,539,3265.0510765415283,3910.4131540390945
2024,6,kalman_q1,직구,840,6797.7672639542525,6463.624185253724
2024,6,kalman_q1,체인지업,182,1206.6537597645224,1100.66680029849
2024,6,kalman_q1,커브,152,978.1368040161324,590.8559662799387
2024,6,kalman_q1,커터,85,527.7932887526304,547.8919466935615
2024,6,kalman_q1,투심,119,850.4709259836371,958.633417524053
2024,6,kalman_q1,포크,194,1614.6332458545771,1652.4369049784168
2024,6,kalman_q2,슬라이더,539,3321.8752473258583,3945.5595338062903
2024,6,kalman_q2,직구,840,6714.284451331786,6520.864311279526
2024,6,kalman_q2,체인지업,182,1223.8372378488093,1109.207969012204
2024,6,kalman_q2,커브,152,1024.5413677416043,598.7466577808034
2024,6,kalman_q2,커터,85,534.3845910301285,555.9829659411267
2024,6,kalman_q2,투심,119,837.8649232878037,969.3600313227867
2024,6,kalman_q2,포크,194,1613.3770116457736,1663.1752390060183
2024,6,kalman_q4,슬라이더,539,3364.3663238399545,3962.051038870267
2024,6,kalman_q4,직구,840,6673.340576709215,6545.7042988746825
2024,6,kalman_q4,체인지업,182,1235.3005450644257,1113.1011707870975
2024,6,kalman_q4,커브,152,1053.0608937073525,602.2518545356328
2024,6,kalman_q4,커터,85,538.9868501869123,559.4546557049737
2024,6,kalman_q4,투심,119,831.3022448898572,973.8621242803129
2024,6,kalman_q4,포크,194,1615.5726894599538,1667.9638688762561
2024,6,adaptive_q0.5,슬라이더,539,3238.64101010447,3877.7266526214685
2024,6,adaptive_q0.5,직구,840,6848.215977537589,6403.84283632814
2024,6,adaptive_q0.5,체인지업,182,1191.8645633685746,1093.6206996909953
2024,6,adaptive_q0.5,커브,152,941.6417352075534,582.5016030223875
2024,6,adaptive_q0.5,커터,85,521.4594252256583,539.0591897264999
2024,6,adaptive_q0.5,투심,119,858.3412622709154,944.6509028939964
2024,6,adaptive_q0.5,포크,194,1621.1640651897785,1641.5157469139356
2024,6,adaptive_q1,슬라이더,539,3265.0510765415283,3910.4131540390945
2024,6,adaptive_q1,직구,840,6797.7672639542525,6463.624185253724
2024,6,adaptive_q1,체인지업,182,1206.6537597645224,1100.66680029849
2024,6,adaptive_q1,커브,152,978.1368040161324,590.8559662799387
2024,6,adaptive_q1,커터,85,527.7932887526304,547.8919466935615
2024,6,adaptive_q1,투심,119,850.4709259836371,958.633417524053
2024,6,adaptive_q1,포크,194,1614.6332458545771,1652.4369049784168
2024,6,adaptive_q2,슬라이더,539,3321.8752473258583,3945.5595338062903
2024,6,adaptive_q2,직구,840,6714.284451331786,6520.864311279526
2024,6,adaptive_q2,체인지업,182,1223.8372378488093,1109.207969012204
2024,6,adaptive_q2,커브,152,1024.5413677416043,598.7466577808034
2024,6,adaptive_q2,커터,85,534.3845910301285,555.9829659411267
2024,6,adaptive_q2,투심,119,837.8649232878037,969.3600313227867
2024,6,adaptive_q2,포크,194,1613.3770116457736,1663.1752390060183
2024,6,trend_d0.25,슬라이더,539,3507.85496492621,4000.675978979456
2024,6,trend_d0.25,직구,840,6693.305103484195,6655.977203945516
2024,6,trend_d0.25,체인지업,182,1293.4168812785572,1131.9764467098587
2024,6,trend_d0.25,커브,152,1146.1634790395576,619.3336658872981
2024,6,trend_d0.25,커터,85,558.3552326058825,575.7646845113469
2024,6,trend_d0.25,투심,119,829.4506956580815,999.1903448900038
2024,6,trend_d0.25,포크,194,1645.0664697177626,1687.5692579660983
2024,6,trend_d0.5,슬라이더,539,3674.7185712784603,4048.9382728314904
2024,6,trend_d0.5,직구,840,6797.343831208892,6781.372958044832
2024,6,trend_d0.5,체인지업,182,1359.0245533243124,1155.0771313405794
2024,6,trend_d0.5,커브,152,1236.753830743511,639.5595944447375
2024,6,trend_d0.5,커터,85,582.6825189089949,593.5490072309692
2024,6,trend_d0.5,투심,119,837.6703880272328,1026.3340212861626
2024,6,trend_d0.5,포크,194,1689.795702619393,1710.7627718826288
2024,6,monthly_w28_hflat,슬라이더,539,3387.7833449471664,4028.991739812382
2024,6,monthly_w28_hflat,직구,840,6516.035277043705,6483.965051721743
2024,6,monthly_w28_hflat,체인지업,182,1235.2140124997704,1122.249407482629
2024,6,monthly_w28_hflat,커브,152,1077.36803070752,630.3560179210726
2024,6,monthly_w28_hflat,커터,85,542.8295308841352,554.1908875492127
2024,6,monthly_w28_hflat,투심,119,809.9050614262427,968.3035419203599
2024,6,monthly_w28_hflat,포크,194,1595.4053958126503,1681.6770973042178
2024,6,monthly_w28_h14,슬라이더,539,3357.9739979071023,4071.909371751661
2024,6,monthly_w28_h14,직구,840,6334.945137286366,6567.009082210357
2024,6,monthly_w28_h14,체인지업,182,1233.0209274144172,1118.8869843447574
2024,6,monthly_w28_h14,커브,152,1102.3476224237443,621.871431109616
2024,6,monthly_w28_h14,커터,85,533.8490198586023,561.9002782782865
2024,6,monthly_w28_h14,투심,119,791.7429728328852,985.4846282691299
2024,6,monthly_w28_h14,포크,194,1586.344475377751,1688.233957497815
2024,6,monthly_w28_h28,슬라이더,539,3377.004470675867,4045.974960095652
2024,6,monthly_w28_h28,직구,840,6427.544680993099,6516.601317595469
2024,6,monthly_w28_h28,체인지업,182,1235.4978224958757,1119.6163015053503
2024,6,monthly_w28_h28,커브,152,1092.3384480957332,625.3910767164441
2024,6,monthly_w28_h28,커터,85,538.744254855279,557.5399122469266
2024,6,monthly_w28_h28,투심,119,800.706161564042,976.5134597487885
2024,6,monthly_w28_h28,포크,194,1591.7246077125806,1683.2063017962175
2024,6,monthly_w28_h28_huber,슬라이더,539,3315.5942770291695,4018.1428772233876
2024,6,monthly_w28_h28_huber,직구,840,6480.604455315019,6476.628277544351
2024,6,monthly_w28_h28_huber,체인지업,182,1220.5536069355903,1112.949624521516
2024,6,monthly_w28_h28_huber,커브,152,1045.9173997785754,618.0509780679153
2024,6,monthly_w28_h28_huber,커터,85,526.5969095273667,552.0029907339575
2024,6,monthly_w28_h28_huber,투심,119,807.405728356154,969.3258623854423
2024,6,monthly_w28_h28_huber,포크,194,1594.3479742033087,1675.0626001380183
2024,6,monthly_w56_hflat,슬라이더,539,3321.1931547914814,3922.406996839394
2024,6,monthly_w56_hflat,직구,840,6865.096128559663,6475.219711957353
2024,6,monthly_w56_hflat,체인지업,182,1194.355686993124,1097.684805451367
2024,6,monthly_w56_hflat,커브,152,959.110335333574,578.0361427069236
2024,6,monthly_w56_hflat,커터,85,537.3339267834009,547.8499783518436
2024,6,monthly_w56_hflat,투심,119,855.1436791654255,943.5303416152909
2024,6,monthly_w56_hflat,포크,194,1620.544658655526,1647.2451383617095
2024,6,monthly_w56_h14,슬라이더,539,3281.5948591575716,3990.67236462804
2024,6,monthly_w56_h14,직구,840,6494.896837699043,6532.910988426905
2024,6,monthly_w56_h14,체인지업,182,1205.8389130148,1104.1312193586296
2024,6,monthly_w56_h14,커브,152,1033.229870638378,595.6045463198402
2024,6,monthly_w56_h14,커터,85,528.6636342585781,556.2002363094318
2024,6,monthly_w56_h14,투심,119,812.0908260573549,969.2303562362242
2024,6,monthly_w56_h14,포크,194,1584.6922785594827,1665.9521220921424
2024,6,monthly_w56_h28,슬라이더,539,3293.389246627422,3946.747321923429
2024,6,monthly_w56_h28,직구,840,6680.885552910734,6489.530171006802
2024,6,monthly_w56_h28,체인지업,182,1199.3326441877484,1099.6453675102139
2024,6,monthly_w56_h28,커브,152,994.9895005712085,586.984927198606
2024,6,monthly_w56_h28,커터,85,532.7244623763983,550.7602321093906
2024,6,monthly_w56_h28,투심,119,833.6347709690681,954.9484401919674
2024,6,monthly_w56_h28,포크,194,1599.7492251481297,1654.494096969664
2024,6,monthly_w56_h28_huber,슬라이더,539,3268.617963673264,3921.954801154213
2024,6,monthly_w56_h28_huber,직구,840,6764.009869427942,6431.043982102774
2024,6,monthly_w56_h28_huber,체인지업,182,1196.011923901906,1090.4422877943182
2024,6,monthly_w56_h28_huber,커브,152,963.4096594421941,578.4892053070791
2024,6,monthly_w56_h28_huber,커터,85,525.341436559725,544.1577306530579
2024,6,monthly_w56_h28_huber,투심,119,842.7123711709246,945.3320298429252
2024,6,monthly_w56_h28_huber,포크,194,1615.326098037106,1642.586721082392
2024,6,monthly_w84_hflat,슬라이더,539,3362.5880284964514,3916.4668912598636
2024,6,monthly_w84_hflat,직구,840,6595.930751964739,6523.769479197163
2024,6,monthly_w84_hflat,체인지업,182,1193.4432643024397,1095.2113971137562
2024,6,monthly_w84_hflat,커브,152,1009.9588481693659,569.505976191884
2024,6,monthly_w84_hflat,커터,85,529.6468651711724,559.2365802374949
2024,6,monthly_w84_hflat,투심,119,827.9022953594251,946.1386673816385
2024,6,monthly_w84_hflat,포크,194,1608.5710520293544,1644.4418414910704
2024,6,monthly_w84_h14,슬라이더,539,3273.660405770761,3988.509051750976
2024,6,monthly_w84_h14,직구,840,6479.132226172387,6537.833520347562
2024,6,monthly_w84_h14,체인지업,182,1201.2385133815487,1103.5040222109183
2024,6,monthly_w84_h14,커브,152,1029.8270202872038,593.5929933087493
2024,6,monthly_w84_h14,커터,85,526.6471809815208,557.2128714468741
2024,6,monthly_w84_h14,투심,119,811.2235267289165,969.7505929771675
2024,6,monthly_w84_h14,포크,194,1583.3908144561526,1665.2704068406406
2024,6,monthly_w84_h28,슬라이더,539,3295.112029464172,3943.5133404221406
2024,6,monthly_w84_h28,직구,840,6598.805212294326,6508.700163567059
2024,6,monthly_w84_h28,체인지업,182,1193.0255727231288,1098.4413308875328
2024,6,monthly_w84_h28,커브,152,1002.204960296894,582.4450431520811
2024,6,monthly_w84_h28,커터,85,528.3972668023529,555.0104487792232
2024,6,monthly_w84_h28,투심,119,826.2949619562689,956.2125701849558
2024,6,monthly_w84_h28,포크,194,1596.1108380491196,1653.0474281030438
2024,6,monthly_w84_h28_huber,슬라이더,539,3262.0018455367417,3923.349032824506
2024,6,monthly_w84_h28_huber,직구,840,6673.961116328896,6452.79272311797
2024,6,monthly_w84_h28_huber,체인지업,182,1187.7271876740074,1089.9336285955746
2024,6,monthly_w84_h28_huber,커브,152,969.4640543169164,575.0102430873781
2024,6,monthly_w84_h28_huber,커터,85,521.2083817320163,548.4609903347563
2024,6,monthly_w84_h28_huber,투심,119,834.6897177537035,947.1744014029067
2024,6,monthly_w84_h28_huber,포크,194,1607.1318715882846,1642.3446711750753
2024,6,weekly_w28_hflat,슬라이더,539,3179.7254762001276,4358.994441827824
2024,6,weekly_w28_hflat,직구,840,5974.737570061432,6226.642481777338
2024,6,weekly_w28_hflat,체인지업,182,1149.488990962524,1201.2148899799718
2024,6,weekly_w28_hflat,커브,152,1093.8102395402484,691.8560196091364
2024,6,weekly_w28_hflat,커터,85,489.6605869463662,522.200034996322
2024,6,weekly_w28_hflat,투심,119,782.8048116569604,1037.2696766683955
2024,6,weekly_w28_hflat,포크,194,1497.4699972980268,1661.4186682618338
2024,6,weekly_w28_h14,슬라이더,539,3117.4417591182546,4428.920382129134
2024,6,weekly_w28_h14,직구,840,5808.78491751364,6240.646739156505
2024,6,weekly_w28_h14,체인지업,182,1123.8384905953842,1213.7816034111083
2024,6,weekly_w28_h14,커브,152,1065.6989106742467,719.793490165934
2024,6,weekly_w28_h14,커터,85,488.142014579721,505.7350387827787
2024,6,weekly_w28_h14,투심,119,776.1940337610383,1051.5750436673611
2024,6,weekly_w28_h14,포크,194,1489.6139953297334,1677.3850801116967
2024,6,weekly_w28_h28,슬라이더,539,3148.061640738256,4390.84953939905
2024,6,weekly_w28_h28,직구,840,5889.540483387249,6228.32546697969
2024,6,weekly_w28_h28,체인지업,182,1136.612680677999,1207.3504381155788
2024,6,weekly_w28_h28,커브,152,1080.4586045853225,705.6693086069643
2024,6,weekly_w28_h28,커터,85,488.10875722328126,513.0188443087804
2024,6,weekly_w28_h28,투심,119,779.3903304963856,1044.5456431430214
2024,6,weekly_w28_h28,포크,194,1492.8244274062345,1668.1270104199675
2024,6,weekly_w28_h28_huber,슬라이더,539,3099.4204164260073,4376.889460195713
2024,6,weekly_w28_h28_huber,직구,840,5904.2946132898915,6215.063941939163
2024,6,weekly_w28_h28_huber,체인지업,182,1126.4104558414078,1208.1610210780068
2024,6,weekly_w28_h28_huber,커브,152,1042.3178666413587,702.2508944459012
2024,6,weekly_w28_h28_huber,커터,85,486.0776630911523,511.0118150324572
2024,6,weekly_w28_h28_huber,투심,119,784.8752895088371,1046.3995044108194
2024,6,weekly_w28_h28_huber,포크,194,1502.542694402733,1666.3417655180554
2024,6,weekly_w56_hflat,슬라이더,539,3201.070059340812,3990.424923874689
2024,6,weekly_w56_hflat,직구,840,6405.771281810272,6278.148173090331
2024,6,weekly_w56_hflat,체인지업,182,1168.54663462239,1130.2471007891695
2024,6,weekly_w56_hflat,커브,152,974.5637752351228,612.2641005328819
2024,6,weekly_w56_hflat,커터,85,506.9435641053571,524.810526502533
2024,6,weekly_w56_hflat,투심,119,795.7533140441112,970.7036304714608
2024,6,weekly_w56_hflat,포크,194,1557.019953468531,1639.9289468157515
2024,6,weekly_w56_h14,슬라이더,539,3087.6143611779735,4185.15035832528
2024,6,weekly_w56_h14,직구,840,5945.338773312534,6209.975421259282
2024,6,weekly_w56_h14,체인지업,182,1127.093765289496,1169.342208634941
2024,6,weekly_w56_h14,커브,152,1003.7094811720652,664.8567463479253
2024,6,weekly_w56_h14,커터,85,484.4117099592733,507.556706794362
2024,6,weekly_w56_h14,투심,119,770.274814591292,1011.3928529871251
2024,6,weekly_w56_h14,포크,194,1497.8622757312864,1650.3916408406003
2024,6,weekly_w56_h28,슬라이더,539,3134.910557301975,4077.627059732573
2024,6,weekly_w56_h28,직구,840,6152.60406958489,6228.11037490072
2024,6,weekly_w56_h28,체인지업,182,1145.9561670191752,1148.9719172681089
2024,6,weekly_w56_h28,커브,152,990.3921174951755,636.1817442628613
2024,6,weekly_w56_h28,커터,85,492.67803944284515,515.8919720397873
2024,6,weekly_w56_h28,투심,119,779.4867274906863,990.5878217382585
2024,6,weekly_w56_h28,포크,194,1519.8079181098046,1640.9481870806267
2024,6,weekly_w56_h28_huber,슬라이더,539,3100.151297819373,4060.840145975367
2024,6,weekly_w56_h28_huber,직구,840,6210.380122882612,6190.944231942933
2024,6,weekly_w56_h28_huber,체인지업,182,1139.8909315336923,1143.0945555700591
2024,6,weekly_w56_h28_huber,커브,152,958.2212178520269,629.0803047588864
2024,6,weekly_w56_h28_huber,커터,85,488.279121879114,511.16998738992874
2024,6,weekly_w56_h28_huber,투심,119,784.6092162750119,987.7566345609664
2024,6,weekly_w56_h28_huber,포크,194,1532.7575229488266,1633.2448160331762
2024,6,weekly_w84_hflat,슬라이더,539,3203.0065449356907,4002.029330307521
2024,6,weekly_w84_hflat,직구,840,6580.158746402926,6416.576603840571
2024,6,weekly_w84_hflat,체인지업,182,1155.2076315365653,1128.0272310516984
2024,6,weekly_w84_hflat,커브,152,970.160507558511,597.1185864356679
2024,6,weekly_w84_hflat,커터,85,514.6117608723877,537.0289284596337
2024,6,weekly_w84_hflat,투심,119,822.804288678005,972.8181985353469
2024,6,weekly_w84_hflat,포크,194,1575.7216344214482,1638.951631954556
2024,6,weekly_w84_h14,슬라이더,539,3071.6468480542153,4171.105941197673
2024,6,weekly_w84_h14,직구,840,5994.430375182432,6227.967739496793
2024,6,weekly_w84_h14,체인지업,182,1120.7885904869884,1165.6929229421835
2024,6,weekly_w84_h14,커브,152,991.6886854285688,656.7098873634848
2024,6,weekly_w84_h14,커터,85,485.34383252485594,509.54861276381865
2024,6,weekly_w84_h14,투심,119,774.6382643875671,1007.7179216885045
2024,6,weekly_w84_h14,포크,194,1497.5769825364273,1647.328424760347
2024,6,weekly_w84_h28,슬라이더,539,3115.5602987955076,4064.8362179680844
2024,6,weekly_w84_h28,직구,840,6264.459988211145,6289.3089023435205
2024,6,weekly_w84_h28,체인지업,182,1134.598082659536,1143.9641158254349
2024,6,weekly_w84_h28,커브,152,972.5843528793039,623.0428424091273
2024,6,weekly_w84_h28,커터,85,496.03301521775273,521.2674997038297
2024,6,weekly_w84_h28,투심,119,793.0699603158132,987.0226604325068
2024,6,weekly_w84_h28,포크,194,1525.7889675821707,1638.1746834889032
2024,6,weekly_w84_h28_huber,슬라이더,539,3084.2645759779025,4049.217812051566
2024,6,weekly_w84_h28_huber,직구,840,6309.36166878214,6252.7684932210705
2024,6,weekly_w84_h28_huber,체인지업,182,1128.8735389238113,1138.0099272214065
2024,6,weekly_w84_h28_huber,커브,152,941.3519748288471,616.3017836843479
2024,6,weekly_w84_h28_huber,커터,85,491.1908648404401,517.1716163227253
2024,6,weekly_w84_h28_huber,투심,119,798.0308535379564,983.8391341355891
2024,6,weekly_w84_h28_huber,포크,194,1537.132932758358,1630.7995229618364
2024,6,weekly_w56_h7,슬라이더,539,3045.3358775768193,4401.192060495722
2024,6,weekly_w56_h7,직구,840,5704.5071276421595,6255.776882710111
2024,6,weekly_w56_h7,체인지업,182,1102.4954418734555,1206.3226409723138
2024,6,weekly_w56_h7,커브,152,1014.4465008800466,720.9686826724785
2024,6,weekly_w56_h7,커터,85,484.7600844947976,496.75029838400104
2024,6,weekly_w56_h7,투심,119,766.0746554548616,1045.7787450259439
2024,6,weekly_w56_h7,포크,194,1486.8560877496334,1684.0149587783762
2024,6,weekly_w56_h10,슬라이더,539,3064.3751773979047,4274.674587641717
2024,6,weekly_w56_h10,직구,840,5823.51690820518,6217.234499735996
2024,6,weekly_w56_h10,체인지업,182,1115.602362377512,1185.0725829656294
2024,6,weekly_w56_h10,커브,152,1010.682491362212,688.3212451823854
2024,6,weekly_w56_h10,커터,85,482.3689099416919,502.12781499505905
2024,6,weekly_w56_h10,투심,119,767.1762972194084,1026.6972151171385
2024,6,weekly_w56_h10,포크,194,1489.6967241337895,1662.3747135655194
2024,6,weekly_w56_h21,슬라이더,539,3116.6870206054527,4112.0486128620705
2024,6,weekly_w56_h21,직구,840,6076.974159754131,6218.44681459582
2024,6,weekly_w56_h21,체인지업,182,1139.0895649107556,1155.7259800967217
2024,6,weekly_w56_h21,커브,152,995.2671251084279,645.434140509178
2024,6,weekly_w56_h21,커터,85,489.17862965146116,512.9821656166813
2024,6,weekly_w56_h21,투심,119,775.6264329271545,997.5924700194998
2024,6,weekly_w56_h21,포크,194,1510.7884195024085,1643.2417456152102
2024,6,weekly_w84_h7,슬라이더,539,3042.1366753911207,4397.5148986572585
2024,6,weekly_w84_h7,직구,840,5709.886337298043,6255.424573166138
2024,6,weekly_w84_h7,체인지업,182,1101.526135030689,1205.5421994967742
2024,6,weekly_w84_h7,커브,152,1012.4318498353342,719.3921676044679
2024,6,weekly_w84_h7,커터,85,484.66405390895835,496.95536982140925
2024,6,weekly_w84_h7,투심,119,766.3037456118352,1044.8241626486952
2024,6,weekly_w84_h7,포크,194,1486.2011543494943,1683.0567080099377
2024,6,weekly_w84_h10,슬라이더,539,3054.8826902762935,4265.3403721005725
2024,6,weekly_w84_h10,직구,840,5844.985275751855,6221.856410076636
2024,6,weekly_w84_h10,체인지업,182,1112.3387913618906,1182.9110829328918
2024,6,weekly_w84_h10,커브,152,1004.1821774039173,683.7326385362471
2024,6,weekly_w84_h10,커터,85,482.5195132012825,502.96248543910144
2024,6,weekly_w84_h10,투심,119,768.5930800481208,1024.2700973474177
2024,6,weekly_w84_h10,포크,194,1488.5229481449037,1660.1625903921226
2024,6,weekly_w84_h21,슬라이더,539,3096.92821558436,4097.04055205065
2024,6,weekly_w84_h21,직구,840,6164.955477959071,6261.090196206524
2024,6,weekly_w84_h21,체인지업,182,1129.4299311163963,1150.9465101228282
2024,6,weekly_w84_h21,커브,152,978.5379946950711,633.833836727672
2024,6,weekly_w84_h21,커터,85,491.5152283970734,516.8986639081421
2024,6,weekly_w84_h21,투심,119,785.3357602536072,993.5642714104252
2024,6,weekly_w84_h21,포크,194,1513.8116355562895,1640.1175942383966
2024,6,weekly_w112_h7,슬라이더,539,3042.169207876409,4397.262752642133
2024,6,weekly_w112_h7,직구,840,5709.614727541131,6255.299481386821
2024,6,weekly_w112_h7,체인지업,182,1101.5338034943338,1205.479420499655
2024,6,weekly_w112_h7,커브,152,1012.4292541966468,719.3064639092953
2024,6,weekly_w112_h7,커터,85,484.64546175898533,496.966689615697
2024,6,weekly_w112_h7,투심,119,766.2809439881005,1044.7806150479016
2024,6,weekly_w112_h7,포크,194,1486.1764392603436,1682.9940773607166
2024,6,weekly_w112_h10,슬라이더,539,3055.465941495886,4263.687389313695
2024,6,weekly_w112_h10,직구,840,5842.874116688606,6221.132253509613
2024,6,weekly_w112_h10,체인지업,182,1112.450190329931,1182.4599141679796
2024,6,weekly_w112_h10,커브,152,1004.2874127786888,683.1650168707938
2024,6,weekly_w112_h10,커터,85,482.45705135414283,503.06076421877384
2024,6,weekly_w112_h10,투심,119,768.4082841851521,1023.9682725724626
2024,6,weekly_w112_h10,포크,194,1488.4129465260678,1659.7670651204571
2024,6,weekly_w112_h21,슬라이더,539,3106.6404144540925,4085.280494101912
2024,6,weekly_w112_h21,직구,840,6138.5687380137215,6256.758927373883
2024,6,weekly_w112_h21,체인지업,182,1130.9708584216892,1147.2461620206338
2024,6,weekly_w112_h21,커브,152,981.5966114039902,629.8454664754299
2024,6,weekly_w112_h21,커터,85,491.29777140853406,517.9806965001858
2024,6,weekly_w112_h21,투심,119,782.9696004749917,990.9783517557593
2024,6,weekly_w112_h21,포크,194,1512.7352529368059,1637.5776565661004
2024,6,weekly_w112_h14,슬라이더,539,3074.6219387914816,4165.9909237143875
2024,6,weekly_w112_h14,직구,840,5985.969646062745,6225.944493312583
2024,6,weekly_w112_h14,체인지업,182,1121.2968741610744,1164.1890890714726
2024,6,weekly_w112_h14,커브,152,992.4569803857262,654.9552441944022
2024,6,weekly_w112_h14,커터,85,485.2378613653703,509.93210223095065
2024,6,weekly_w112_h14,투심,119,773.8939431031204,1006.7086175562798
2024,6,weekly_w112_h14,포크,194,1497.249528874493,1646.1562490228457
2024,6,weekly_w84_h3.5,슬라이더,539,3049.852483675624,4727.764784231857
2024,6,weekly_w84_h3.5,직구,840,5632.787697674449,6500.736717422404
2024,6,weekly_w84_h3.5,체인지업,182,1085.1924144946827,1264.1298893344747
2024,6,weekly_w84_h3.5,커브,152,1010.7981589623238,803.448637606842
2024,6,weekly_w84_h3.5,커터,85,506.39477256981394,497.83479414917366
2024,6,weekly_w84_h3.5,투심,119,767.6531218216431,1082.7731265349003
2024,6,weekly_w84_h3.5,포크,194,1511.2035913350003,1758.8456101273828
2024,6,weekly_w28_h7,슬라이더,539,3068.8922282123604,4521.860270379269
2024,6,weekly_w28_h7,직구,840,5683.743323224086,6297.200748935034
2024,6,weekly_w28_h7,체인지업,182,1101.450077524051,1228.299322974346
2024,6,weekly_w28_h7,커브,152,1037.8720929678934,748.5376279909194
2024,6,weekly_w28_h7,커터,85,492.324677919726,497.0137898067658
2024,6,weekly_w28_h7,투심,119,770.9689321456526,1064.2860797097144
2024,6,weekly_w28_h7,포크,194,1489.193013221006,1701.7316330191188
2024,6,weekly_w84_h14_huber,슬라이더,539,3035.114753881283,4157.96601930422
2024,6,weekly_w84_h14_huber,직구,840,6023.864482316865,6193.506166933466
2024,6,weekly_w84_h14_huber,체인지업,182,1113.0841437816553,1162.00475257654
2024,6,weekly_w84_h14_huber,커브,152,959.5286247885042,652.0391469321103
2024,6,weekly_w84_h14_huber,커터,85,481.3910710331665,506.07117485489175
2024,6,weekly_w84_h14_huber,투심,119,778.1167360500915,1006.8329363533268
2024,6,weekly_w84_h14_huber,포크,194,1507.076822909412,1640.4071180774008
2024,6,daily_w84_h3.5,슬라이더,539,2927.5311316776156,4211.543136452792
2024,6,daily_w84_h3.5,직구,840,5384.806439107363,5832.625513648785
2024,6,daily_w84_h3.5,체인지업,182,1028.1946550977805,1165.1679602813308
2024,6,daily_w84_h3.5,커브,152,944.940503080517,744.8455383295286
2024,6,daily_w84_h3.5,커터,85,486.4488804258577,471.00111804164777
2024,6,daily_w84_h3.5,투심,119,759.3536202571127,989.4755704894001
2024,6,daily_w84_h3.5,포크,194,1484.1175344424632,1597.7531908987785
2024,6,daily_w56_h7,슬라이더,539,2882.5103814440445,4171.154261280281
2024,6,daily_w56_h7,직구,840,5462.336981529179,5888.247607151687
2024,6,daily_w56_h7,체인지업,182,1046.9683855131198,1143.8423744186443
2024,6,daily_w56_h7,커브,152,937.9518961968784,698.290684955457
2024,6,daily_w56_h7,커터,85,470.90546679981946,476.05691967926293
2024,6,daily_w56_h7,투심,119,761.8600916049334,993.9925710698917
2024,6,daily_w56_h7,포크,194,1473.4627421655616,1589.2145613860007
2024,6,daily_w56_h14,슬라이더,539,2940.2934575364943,4081.767942699834
2024,6,daily_w56_h14,직구,840,5708.192015777186,5968.272361622083
2024,6,daily_w56_h14,체인지업,182,1081.4358003987008,1130.0433530062214
2024,6,daily_w56_h14,커브,152,938.213375273555,657.8380829614088
2024,6,daily_w56_h14,커터,85,469.4937023512229,491.9986498724729
2024,6,daily_w56_h14,투심,119,767.4342772138865,980.292839643024
2024,6,daily_w56_h14,포크,194,1483.120429550532,1590.897850940848
2024,6,daily_w56_h28,슬라이더,539,3010.1176311095205,4022.2418118965807
2024,6,daily_w56_h28,직구,840,5941.7933088644495,6040.230040522711
2024,6,daily_w56_h28,체인지업,182,1109.4877407990452,1122.3821600962315
2024,6,daily_w56_h28,커브,152,937.6893129538564,635.7773527511504
2024,6,daily_w56_h28,커터,85,475.5027064346132,502.886993019376
2024,6,daily_w56_h28,투심,119,776.9232716332205,968.4490961763719
2024,6,daily_w56_h28,포크,194,1502.107112996427,1600.069115546889
2024,6,daily_w84_h7,슬라이더,539,2881.0336633019047,4167.536555086963
2024,6,daily_w84_h7,직구,840,5468.488184597878,5889.412687549613
2024,6,daily_w84_h7,체인지업,182,1046.095816770536,1143.1358238872513
2024,6,daily_w84_h7,커브,152,936.4528779251366,696.6929551761989
2024,6,daily_w84_h7,커터,85,471.44305162849423,476.3119441477016
2024,6,daily_w84_h7,투심,119,762.0120490401509,993.3756268275378
2024,6,daily_w84_h7,포크,194,1473.294401132054,1588.6215024137832
2024,6,daily_w84_h14,슬라이더,539,2937.8497661041247,4064.5858866904873
2024,6,daily_w84_h14,직구,840,5770.769449199809,5994.861488827307
2024,6,daily_w84_h14,체인지업,182,1077.2712859560913,1125.8143238705393
2024,6,daily_w84_h14,커브,152,930.8305874755542,648.2382678780357
2024,6,daily_w84_h14,커터,85,474.7427764169832,494.7881953669796
2024,6,daily_w84_h14,투심,119,771.4755564070384,977.5981679343448
2024,6,daily_w84_h14,포크,194,1486.3621197809737,1589.6668379397347
2024,6,daily_w84_h28,슬라이더,539,3020.882178402502,4000.0152303978875
2024,6,daily_w84_h28,직구,840,6096.722456151673,6123.607279149925
2024,6,daily_w84_h28,체인지업,182,1103.7093652130416,1115.2737511648252
2024,6,daily_w84_h28,커브,152,928.9889641384191,618.6527323561389
2024,6,daily_w84_h28,커터,85,489.3223029938623,510.51636386532977
2024,6,daily_w84_h28,투심,119,791.2576570462817,966.523550235065
2024,6,daily_w84_h28,포크,194,1517.4737267648466,1600.7025535898736
2024,6,fortnightly_w84_h7,슬라이더,539,3150.0635680007445,4071.4818029646094
2024,6,fortnightly_w84_h7,직구,840,5912.172758769742,6214.616526575403
2024,6,fortnightly_w84_h7,체인지업,182,1134.7339386188587,1123.4180743553286
2024,6,fortnightly_w84_h7,커브,152,1054.0894957411747,617.1193206132551
2024,6,fortnightly_w84_h7,커터,85,513.5801727139108,538.5322157509986
2024,6,fortnightly_w84_h7,투심,119,769.4975968729561,1008.9636739453899
2024,6,fortnightly_w84_h7,포크,194,1549.6944726003217,1613.567830055767
2024,6,fortnightly_w84_h14,슬라이더,539,3138.4751643139475,3973.0778083530413
2024,6,fortnightly_w84_h14,직구,840,6156.104641891086,6230.820716074673
2024,6,fortnightly_w84_h14,체인지업,182,1144.4499075732547,1109.4980124427561
2024,6,fortnightly_w84_h14,커브,152,1003.1331701762495,594.2943401636652
2024,6,fortnightly_w84_h14,커터,85,502.2233247317807,540.901594363294
2024,6,fortnightly_w84_h14,투심,119,783.1624942786426,985.4579932118154
2024,6,fortnightly_w84_h14,포크,194,1542.1140906659325,1610.0743899465758
2024,6,fortnightly_w84_h28,슬라이더,539,3163.952951673322,3935.3481272068248
2024,6,fortnightly_w84_h28,직구,840,6378.638302919489,6298.9136361190385
2024,6,fortnightly_w84_h28,체인지업,182,1150.8320978227202,1105.7695081094985
2024,6,fortnightly_w84_h28,커브,152,976.8913051900246,583.5415949959834
2024,6,fortnightly_w84_h28,커터,85,507.38272139337664,543.1318162875366
2024,6,fortnightly_w84_h28,투심,119,800.8869746920033,973.1553394010474
2024,6,fortnightly_w84_h28,포크,194,1557.4915077885216,1615.371214836327
2024,7,uncorrected,슬라이더,387,9900.842630819088,5369.003731771816
2024,7,uncorrected,직구,637,25255.069845003214,13035.198720785225
2024,7,uncorrected,체인지업,156,2551.7523186577646,1676.548969248769
2024,7,uncorrected,커브,116,1623.0224414525844,1200.0589424973075
2024,7,uncorrected,커터,64,1895.76992961387,945.8586698485365
2024,7,uncorrected,투심,116,4223.846086966246,2901.5750657048825
2024,7,uncorrected,포크,123,2892.6219943172096,1897.6713865531722
2024,7,last_month,슬라이더,387,2144.715775389948,2710.060667528437
2024,7,last_month,직구,637,5136.095733077887,4106.539042669844
2024,7,last_month,체인지업,156,687.9684480811937,853.9890742901164
2024,7,last_month,커브,116,622.5409849110634,851.2471722751809
2024,7,last_month,커터,64,809.0767210697334,445.087550076321
2024,7,last_month,투심,116,873.7117482143508,1066.4261244756005
2024,7,last_month,포크,123,1060.3075080000328,1152.5834707708361
2024,7,season_to_date,슬라이더,387,2294.023909490356,2560.7381855120357
2024,7,season_to_date,직구,637,5033.8417109284865,4503.580223795383
2024,7,season_to_date,체인지업,156,665.5834825819658,762.1078030693968
2024,7,season_to_date,커브,116,614.4821519531089,646.4472676234485
2024,7,season_to_date,커터,64,660.5478340968452,435.7235015288521
2024,7,season_to_date,투심,116,839.7233265195313,1052.9350166907861
2024,7,season_to_date,포크,123,953.0521657748556,975.1309622149164
2024,7,ewma_w2_h0.25,슬라이더,387,2125.346819476734,2684.3068232992377
2024,7,ewma_w2_h0.25,직구,637,5066.046778182548,4113.496532132556
2024,7,ewma_w2_h0.25,체인지업,156,673.0381247869045,841.9079745036875
2024,7,ewma_w2_h0.25,커브,116,612.5617786463274,828.945088774888
2024,7,ewma_w2_h0.25,커터,64,790.9284712255107,443.0218740449918
2024,7,ewma_w2_h0.25,투심,116,854.9185158335462,1061.5073481761633
2024,7,ewma_w2_h0.25,포크,123,1041.1820118989824,1132.219138630347
2024,7,ewma_w2_h0.5,슬라이더,387,2101.445209502678,2632.5040001339858
2024,7,ewma_w2_h0.5,직구,637,4939.989986466599,4151.562218783989
2024,7,ewma_w2_h0.5,체인지업,156,648.385063407246,817.0538047223469
2024,7,ewma_w2_h0.5,커브,116,595.4919855584853,779.2257665153495
2024,7,ewma_w2_h0.5,커터,64,752.5819892770212,439.1273417212174
2024,7,ewma_w2_h0.5,투심,116,819.8198805897524,1052.8211342576058
2024,7,ewma_w2_h0.5,포크,123,1002.561187375658,1087.933519740955
2024,7,ewma_w2_h1,슬라이더,387,2108.1468722167388,2596.550374717507
2024,7,ewma_w2_h1,직구,637,4875.45947951821,4215.212030915244
2024,7,ewma_w2_h1,체인지업,156,639.5938390832068,798.9476976960113
2024,7,ewma_w2_h1,커브,116,588.2894242408328,737.2019153050686
2024,7,ewma_w2_h1,커터,64,723.1186866485425,436.8272521302293
2024,7,ewma_w2_h1,투심,116,799.6407727281992,1048.660440445755
2024,7,ewma_w2_h1,포크,123,975.5234758507378,1052.0566292592084
2024,7,ewma_w2_h2,슬라이더,387,2126.0699560294674,2580.88093762666
2024,7,ewma_w2_h2,직구,637,4862.124302151247,4266.933696629736
2024,7,ewma_w2_h2,체인지업,156,641.1211244610935,790.5051625471121
2024,7,ewma_w2_h2,커브,116,588.1422048840915,714.0454018243563
2024,7,ewma_w2_h2,커터,64,708.442719875542,436.08434347740786
2024,7,ewma_w2_h2,투심,116,793.5393993386823,1048.050333722148
2024,7,ewma_w2_h2,포크,123,963.5897062771118,1033.1093958521174
2024,7,ewma_w2_h3,슬라이더,387,2134.805902391478,2576.496138627904
2024,7,ewma_w2_h3,직구,637,4862.060236000262,4287.354350480922
2024,7,ewma_w2_h3,체인지업,156,642.8774398257468,788.0059158231318
2024,7,ewma_w2_h3,커브,116,588.8429664965693,706.3648092391644
2024,7,ewma_w2_h3,커터,64,703.8808130553609,435.94081519503135
2024,7,ewma_w2_h3,투심,116,792.4999337607687,1048.1779997884744
2024,7,ewma_w2_h3,포크,123,960.2130404671018,1026.9861958874237
2024,7,ewma_w3_h0.25,슬라이더,387,2125.0066319500693,2683.3506600496203
2024,7,ewma_w3_h0.25,직구,637,5065.639650230487,4114.583079454231
2024,7,ewma_w3_h0.25,체인지업,156,671.9045926973527,841.2822716818212
2024,7,ewma_w3_h0.25,커브,116,611.7670723700426,827.8171812180852
2024,7,ewma_w3_h0.25,커터,64,789.9224240224671,442.90142859526725
2024,7,ewma_w3_h0.25,투심,116,854.2003296257511,1061.1940499551306
2024,7,ewma_w3_h0.25,포크,123,1040.6191958094762,1131.2061167248357
2024,7,ewma_w3_h0.5,슬라이더,387,2107.4842496204255,2626.2419602946075
2024,7,ewma_w3_h0.5,직구,637,4958.411915839841,4171.751335247876
2024,7,ewma_w3_h0.5,체인지업,156,639.7180634764331,811.6890591803517
2024,7,ewma_w3_h0.5,커브,116,589.005354397853,768.386904386073
2024,7,ewma_w3_h0.5,커터,64,743.5310484245567,438.1575087672884
2024,7,ewma_w3_h0.5,투심,116,816.9044344228745,1050.5099338338334
2024,7,ewma_w3_h0.5,포크,123,1000.3218211887172,1078.5914416758278
2024,7,ewma_w3_h1,슬라이더,387,2149.7058161050327,2591.968940065747
2024,7,ewma_w3_h1,직구,637,4986.305754744986,4285.807522024196
2024,7,ewma_w3_h1,체인지업,156,627.579930616022,789.3707148869261
2024,7,ewma_w3_h1,커브,116,577.853102103174,714.2460282959661
2024,7,ewma_w3_h1,커터,64,705.7866327931354,435.30633830075647
2024,7,ewma_w3_h1,투심,116,806.2185663882148,1045.7776216673187
2024,7,ewma_w3_h1,포크,123,981.2582888401689,1033.3321939367088
2024,7,ewma_w3_h2,슬라이더,387,2208.609443067905,2584.3365910081025
2024,7,ewma_w3_h2,직구,637,5080.203579772191,4382.1116619910445
2024,7,ewma_w3_h2,체인지업,156,632.4031860905116,780.3750280095561
2024,7,ewma_w3_h2,커브,116,578.4346537316563,685.6815801122548
2024,7,ewma_w3_h2,커터,64,688.8914546744434,434.73078254046317
2024,7,ewma_w3_h2,투심,116,815.819017600986,1046.471162567014
2024,7,ewma_w3_h2,포크,123,982.7479317051269,1010.9737527786524
2024,7,ewma_w3_h3,슬라이더,387,2234.821769170843,2584.1140891876944
2024,7,ewma_w3_h3,직구,637,5126.666241676045,4419.390323873031
2024,7,ewma_w3_h3,체인지업,156,636.2972369639645,778.142559074863
2024,7,ewma_w3_h3,커브,116,580.0204250075952,676.7908114416258
2024,7,ewma_w3_h3,커터,64,684.2862227584894,434.74977109751126
2024,7,ewma_w3_h3,투심,116,822.1330975563268,1047.3589553065653
2024,7,ewma_w3_h3,포크,123,985.7816906560722,1004.3146902259645
2024,7,ewma_w6_h0.25,슬라이더,387,2124.927507264232,2683.2971640686305
2024,7,ewma_w6_h0.25,직구,637,5065.035514876649,4114.589412162551
2024,7,ewma_w6_h0.25,체인지업,156,671.9146716673881,841.2636274053922
2024,7,ewma_w6_h0.25,커브,116,611.814017681745,827.7833640540807
2024,7,ewma_w6_h0.25,커터,64,789.8741675184899,442.9033140924226
2024,7,ewma_w6_h0.25,투심,116,854.1495182365181,1061.2092360302386
2024,7,ewma_w6_h0.25,포크,123,1040.5269432983189,1131.1635426644727
2024,7,ewma_w6_h0.5,슬라이더,387,2104.4787583797524,2624.3355409651613
2024,7,ewma_w6_h0.5,직구,637,4930.688339113802,4173.1660257395515
2024,7,ewma_w6_h0.5,체인지업,156,640.8404106139413,810.9102844204822
2024,7,ewma_w6_h0.5,커브,116,591.5958307820337,767.0590154541218
2024,7,ewma_w6_h0.5,커터,64,741.7475365374127,438.2509955670767
2024,7,ewma_w6_h0.5,투심,116,815.0017754210239,1051.2030455152046
2024,7,ewma_w6_h0.5,포크,123,996.0835343935121,1076.969162545106
2024,7,ewma_w6_h1,슬라이더,387,2134.0244423111208,2584.206700227607
2024,7,ewma_w6_h1,직구,637,4838.786406282767,4296.117715553415
2024,7,ewma_w6_h1,체인지업,156,636.0091257809161,785.4800070064845
2024,7,ewma_w6_h1,커브,116,592.7767516597137,708.5453784995766
2024,7,ewma_w6_h1,커터,64,698.8592635461596,435.7306261809373
2024,7,ewma_w6_h1,투심,116,797.8732949333344,1049.0103733307176
2024,7,ewma_w6_h1,포크,123,958.645537878931,1026.684207540922
2024,7,ewma_w6_h2,슬라이더,387,2173.5189207733956,2570.0603749456354
2024,7,ewma_w6_h2,직구,637,4777.863817797372,4402.0711523058635
2024,7,ewma_w6_h2,체인지업,156,651.1556252959831,772.4397599157212
2024,7,ewma_w6_h2,커브,116,609.0877600519497,675.538061782074
2024,7,ewma_w6_h2,커터,64,677.5414828804312,435.40473283859296
2024,7,ewma_w6_h2,투심,116,799.7128522656783,1052.1335536122135
2024,7,ewma_w6_h2,포크,123,936.365993089478,999.5540866992601
2024,7,ewma_w6_h3,슬라이더,387,2189.506455544115,2566.739505264561
2024,7,ewma_w6_h3,직구,637,4751.906611355909,4442.603865293897
2024,7,ewma_w6_h3,체인지업,156,659.8547970336984,768.2519709617266
2024,7,ewma_w6_h3,커브,116,617.8216697129677,664.7857403115584
2024,7,ewma_w6_h3,커터,64,671.2749271004532,435.48349561754344
2024,7,ewma_w6_h3,투심,116,802.2681397809808,1053.9062906642432
2024,7,ewma_w6_h3,포크,123,928.3003557647485,990.967705296188
2024,7,precision_h0.5_q0.25,슬라이더,387,2142.083413720231,2633.7301908691998
2024,7,precision_h0.5_q0.25,직구,637,5078.327241415202,4144.135900797719
2024,7,precision_h0.5_q0.25,체인지업,156,659.2485316963575,814.5921331698366
2024,7,precision_h0.5_q0.25,커브,116,605.8616589599698,785.8309636894337
2024,7,precision_h0.5_q0.25,커터,64,765.3204474101375,441.8270383487095
2024,7,precision_h0.5_q0.25,투심,116,835.3682334084099,1053.1715955088296
2024,7,precision_h0.5_q0.25,포크,123,1036.7620141832797,1094.7140260340373
2024,7,precision_h0.5_q1,슬라이더,387,2118.8339814279398,2655.062028740538
2024,7,precision_h0.5_q1,직구,637,5025.455775867498,4130.867125032681
2024,7,precision_h0.5_q1,체인지업,156,657.9341781472816,826.7397229166235
2024,7,precision_h0.5_q1,커브,116,603.0426705025068,802.288228059423
2024,7,precision_h0.5_q1,커터,64,769.8696749839862,441.15508000228954
2024,7,precision_h0.5_q1,투심,116,836.9611899239582,1056.0633516210598
2024,7,precision_h0.5_q1,포크,123,1026.2466918701682,1108.3997377099372
2024,7,precision_h0.5_q2,슬라이더,387,2113.8156620998207,2657.918216817555
2024,7,precision_h0.5_q2,직구,637,5011.729335599099,4130.642487839785
2024,7,precision_h0.5_q2,체인지업,156,657.6819552723933,828.4381747598508
2024,7,precision_h0.5_q2,커브,116,602.6009841364056,803.8788764703005
2024,7,precision_h0.5_q2,커터,64,770.5783771427074,440.99028805593974
2024,7,precision_h0.5_q2,투심,116,837.0264553219189,1056.5225298358712
2024,7,precision_h0.5_q2,포크,123,1023.5463196329478,1109.634480384374
2024,7,precision_h1_q0.25,슬라이더,387,2163.723999828024,2587.7550044816717
2024,7,precision_h1_q0.25,직구,637,5068.450628786924,4243.445455319019
2024,7,precision_h1_q0.25,체인지업,156,642.3354538350318,787.6218172121125
2024,7,precision_h1_q0.25,커브,116,594.256228247336,726.7206746611203
2024,7,precision_h1_q0.25,커터,64,729.6401213565819,438.9263482577327
2024,7,precision_h1_q0.25,투심,116,814.9866064105487,1048.6782122359587
2024,7,precision_h1_q0.25,포크,123,1018.4460881703405,1042.628893856871
2024,7,precision_h1_q1,슬라이더,387,2117.963764827401,2614.293564261339
2024,7,precision_h1_q1,직구,637,4951.843904158648,4185.38091972288
2024,7,precision_h1_q1,체인지업,156,640.1023049748013,804.6617564919914
2024,7,precision_h1_q1,커브,116,592.5262097645718,757.9239549542673
2024,7,precision_h1_q1,커터,64,736.0009765579314,438.4403945516987
2024,7,precision_h1_q1,투심,116,813.3876376101155,1050.5867271132065
2024,7,precision_h1_q1,포크,123,998.7373173775487,1068.8215719649145
2024,7,precision_h1_q2,슬라이더,387,2108.2412182371736,2618.9842244445053
2024,7,precision_h1_q2,직구,637,4923.806022609692,4182.110284954162
2024,7,precision_h1_q2,체인지업,156,639.6997357354651,807.4853672130566
2024,7,precision_h1_q2,커브,116,592.2708943117511,761.3262607489626
2024,7,precision_h1_q2,커터,64,737.0376805415331,438.1746000228993
2024,7,precision_h1_q2,투심,116,812.8733920216295,1051.0164627831139
2024,7,precision_h1_q2,포크,123,993.7771775357412,1071.6617541697333
2024,7,precision_h2_q0.25,슬라이더,387,2192.0235835915105,2571.408601596553
2024,7,precision_h2_q0.25,직구,637,5074.630123113941,4346.234020914038
2024,7,precision_h2_q0.25,체인지업,156,638.7985614838001,774.429450871713
2024,7,precision_h2_q0.25,커브,116,591.3170464101917,690.8297824844665
2024,7,precision_h2_q0.25,커터,64,707.188062459504,437.8056730464027
2024,7,precision_h2_q0.25,투심,116,810.0213994511461,1050.1576630549923
2024,7,precision_h2_q0.25,포크,123,1006.1603985250035,1012.4475715670139
2024,7,precision_h2_q1,슬라이더,387,2130.80928809234,2591.3306535314923
2024,7,precision_h2_q1,직구,637,4902.440440085942,4246.728973924247
2024,7,precision_h2_q1,체인지업,156,635.7913213686124,790.5477186753303
2024,7,precision_h2_q1,커브,116,592.0276646595048,726.6529851170775
2024,7,precision_h2_q1,커터,64,713.1833178589027,437.1472489945759
2024,7,precision_h2_q1,투심,116,803.1206087795363,1049.5608819192478
2024,7,precision_h2_q1,포크,123,979.3845063878662,1041.4283097481953
2024,7,precision_h2_q2,슬라이더,387,2117.9086891706447,2596.379877014291
2024,7,precision_h2_q2,직구,637,4862.740722413634,4239.429817310196
2024,7,precision_h2_q2,체인지업,156,635.3271725304157,793.7506545917406
2024,7,precision_h2_q2,커브,116,592.2872853052314,731.1214503305588
2024,7,precision_h2_q2,커터,64,714.1922816871829,436.81384863422943
2024,7,precision_h2_q2,투심,116,801.7082661948385,1049.705315080562
2024,7,precision_h2_q2,포크,123,972.8265550584557,1045.1768980089987
2024,7,ema_a0.5,슬라이더,387,2114.6968544059073,2565.6627757752926
2024,7,ema_a0.5,직구,637,4716.547602712713,4326.203131277074
2024,7,ema_a0.5,체인지업,156,638.9197162589824,772.5993871170966
2024,7,ema_a0.5,커브,116,596.1433008450899,688.8106685830136
2024,7,ema_a0.5,커터,64,690.4429639207103,433.94912069464675
2024,7,ema_a0.5,투심,116,793.5813178608189,1045.253277486156
2024,7,ema_a0.5,포크,123,930.3441606335891,1011.0752706689195
2024,7,ema_a0.75,슬라이더,387,2100.3964700693086,2620.9289860630383
2024,7,ema_a0.75,직구,637,4918.117920373755,4175.5377216023935
2024,7,ema_a0.75,체인지업,156,639.2524429967317,808.6299131604034
2024,7,ema_a0.75,커브,116,589.9490924765472,763.800916653414
2024,7,ema_a0.75,커터,64,740.3567809155486,437.7749540901226
2024,7,ema_a0.75,투심,116,813.7775020949616,1049.838487658797
2024,7,ema_a0.75,포크,123,992.3325189847567,1074.4289855908785
2024,7,ema_a0.9,슬라이더,387,2116.131265067541,2668.7621956766498
2024,7,ema_a0.9,직구,637,5029.273169081198,4122.597277456918
2024,7,ema_a0.9,체인지업,156,663.399715122452,834.0823074473248
2024,7,ema_a0.9,커브,116,606.0366685544857,814.2009794552932
2024,7,ema_a0.9,커터,64,778.9987107611819,441.69920466440703
2024,7,ema_a0.9,투심,116,843.9236662591749,1058.3784220856255
2024,7,ema_a0.9,포크,123,1029.7428438710178,1118.9233025761653
2024,7,kalman_q0.25,슬라이더,387,2255.1409494090935,2586.618401351461
2024,7,kalman_q0.25,직구,637,5240.5323796829825,4228.212396549756
2024,7,kalman_q0.25,체인지업,156,643.4669098175956,795.5712681450391
2024,7,kalman_q0.25,커브,116,578.4460435459549,724.8034161326419
2024,7,kalman_q0.25,커터,64,697.2173256085106,443.3775673165647
2024,7,kalman_q0.25,투심,116,824.2441826779126,1054.0199479220132
2024,7,kalman_q0.25,포크,123,1009.1869217385441,1018.5408332255804
2024,7,kalman_q0.5,슬라이더,387,2176.3698292882978,2613.721658157642
2024,7,kalman_q0.5,직구,637,5145.650105948753,4108.526895725283
2024,7,kalman_q0.5,체인지업,156,639.8380244386915,813.5050043280538
2024,7,kalman_q0.5,커브,116,583.2050809592931,775.2559248326612
2024,7,kalman_q0.5,커터,64,728.8275127878651,441.6170219616456
2024,7,kalman_q0.5,투심,116,821.535325287186,1052.435527157849
2024,7,kalman_q0.5,포크,123,1018.0456868884663,1071.3782453075853
2024,7,kalman_q1,슬라이더,387,2139.6128649613265,2660.1542209032123
2024,7,kalman_q1,직구,637,5099.230152606209,4085.559438123331
2024,7,kalman_q1,체인지업,156,660.4597118573263,834.1232780935168
2024,7,kalman_q1,커브,116,602.511970150119,817.3736709561807
2024,7,kalman_q1,커터,64,771.3908627629047,442.23024056686967
2024,7,kalman_q1,투심,116,842.6522550074487,1058.4359100054521
2024,7,kalman_q1,포크,123,1036.139828391461,1116.726882030487
2024,7,kalman_q2,슬라이더,387,2138.781136809224,2692.8802180802713
2024,7,kalman_q2,직구,637,5110.42575267798,4096.724496517078
2024,7,kalman_q2,체인지업,156,678.6897220173087,847.3308629374244
2024,7,kalman_q2,커브,116,616.3827660124148,840.1948903344203
2024,7,kalman_q2,커터,64,796.8525072678715,443.8843587340171
2024,7,kalman_q2,투심,116,862.4055803921964,1063.6024777414482
2024,7,kalman_q2,포크,123,1050.7696357581244,1140.9101305684628
2024,7,kalman_q4,슬라이더,387,2142.5142267155966,2705.3041656163296
2024,7,kalman_q4,직구,637,5126.691968030638,4103.592699434268
2024,7,kalman_q4,체인지업,156,685.4804775613184,852.1684396989806
2024,7,kalman_q4,커브,116,620.9994009053758,848.2316415243184
2024,7,kalman_q4,커터,64,805.7550837346146,444.7249896797609
2024,7,kalman_q4,투심,116,870.493867313107,1065.6315507403801
2024,7,kalman_q4,포크,123,1057.395223071647,1149.4021464974812
2024,7,adaptive_q0.5,슬라이더,387,2141.0906377901724,2664.2883847242274
2024,7,adaptive_q0.5,직구,637,5115.324543496636,4090.777760302362
2024,7,adaptive_q0.5,체인지업,156,658.3530036009978,835.4340743555804
2024,7,adaptive_q0.5,커브,116,600.1338876579804,818.9580980368787
2024,7,adaptive_q0.5,커터,64,771.0428048313105,442.92545569511736
2024,7,adaptive_q0.5,투심,116,843.8326382249711,1058.8863313761462
2024,7,adaptive_q0.5,포크,123,1038.1154226107917,1116.9661849359081
2024,7,adaptive_q1,슬라이더,387,2139.6128649613265,2660.1542209032123
2024,7,adaptive_q1,직구,637,5099.230152606209,4085.559438123331
2024,7,adaptive_q1,체인지업,156,660.4597118573263,834.1232780935168
2024,7,adaptive_q1,커브,116,602.511970150119,817.3736709561807
2024,7,adaptive_q1,커터,64,771.3908627629047,442.23024056686967
2024,7,adaptive_q1,투심,116,842.6522550074487,1058.4359100054521
2024,7,adaptive_q1,포크,123,1036.139828391461,1116.726882030487
2024,7,adaptive_q2,슬라이더,387,2138.781136809224,2692.8802180802713
2024,7,adaptive_q2,직구,637,5110.42575267798,4096.724496517078
2024,7,adaptive_q2,체인지업,156,678.6897220173087,847.3308629374244
2024,7,adaptive_q2,커브,116,616.3827660124148,840.1948903344203
2024,7,adaptive_q2,커터,64,796.8525072678715,443.8843587340171
2024,7,adaptive_q2,투심,116,862.4055803921964,1063.6024777414482
2024,7,adaptive_q2,포크,123,1050.7696357581244,1140.9101305684628
2024,7,trend_d0.25,슬라이더,387,2288.786646428767,2846.8757636641676
2024,7,trend_d0.25,직구,637,5548.813518035446,4135.397049791775
2024,7,trend_d0.25,체인지업,156,781.991853990691,916.6553452350257
2024,7,trend_d0.25,커브,116,683.765937173951,956.4371783186654
2024,7,trend_d0.25,커터,64,900.4510109324881,456.77356034224874
2024,7,trend_d0.25,투심,116,980.9407425870509,1095.8590270297095
2024,7,trend_d0.25,포크,123,1161.4981175366804,1251.6793228891884
2024,7,trend_d0.5,슬라이더,387,2532.8382548895124,3027.990039680642
2024,7,trend_d0.5,직구,637,6147.737527096828,4258.851698318833
2024,7,trend_d0.5,체인지업,156,925.5087877524795,997.6518206079323
2024,7,trend_d0.5,커브,116,775.4505595170228,1078.475238632921
2024,7,trend_d0.5,커터,64,1014.8873842639817,473.16595929934124
2024,7,trend_d0.5,투심,116,1132.4632478952528,1139.0993348967256
2024,7,trend_d0.5,포크,123,1294.919514580193,1371.0900787086546
2024,7,monthly_w28_hflat,슬라이더,387,2084.613053274614,2711.428431272817
2024,7,monthly_w28_hflat,직구,637,5004.119656571375,4104.914634058881
2024,7,monthly_w28_hflat,체인지업,156,682.2496706568825,850.815587657909
2024,7,monthly_w28_hflat,커브,116,620.8985918310989,846.7118328172952
2024,7,monthly_w28_hflat,커터,64,785.2156781491983,449.1547453540878
2024,7,monthly_w28_hflat,투심,116,879.0097178309974,1073.7883780473942
2024,7,monthly_w28_hflat,포크,123,1011.9685022467678,1147.2117559614614
2024,7,monthly_w28_h14,슬라이더,387,2116.209597969137,2674.1824317958767
2024,7,monthly_w28_h14,직구,637,5051.097203106894,4154.808903548411
2024,7,monthly_w28_h14,체인지업,156,691.2283463473634,833.0952260575159
2024,7,monthly_w28_h14,커브,116,638.1337727063811,826.7310622117237
2024,7,monthly_w28_h14,커터,64,775.3440198193341,466.3658621765933
2024,7,monthly_w28_h14,투심,116,891.0756323539355,1082.3488117221864
2024,7,monthly_w28_h14,포크,123,1022.5640805216811,1132.2565330758741
2024,7,monthly_w28_h28,슬라이더,387,2100.4584385077633,2686.273312298893
2024,7,monthly_w28_h28,직구,637,5028.58288344829,4118.545005202211
2024,7,monthly_w28_h28,체인지업,156,686.5409814591515,839.5795312682596
2024,7,monthly_w28_h28,커브,116,629.4713968184634,834.7301472100924
2024,7,monthly_w28_h28,커터,64,780.385627728664,456.0577329052375
2024,7,monthly_w28_h28,투심,116,884.9906262945492,1076.7235748099724
2024,7,monthly_w28_h28,포크,123,1017.6258753197325,1138.0865294651883
2024,7,monthly_w28_h28_huber,슬라이더,387,2100.608829397471,2688.528614125107
2024,7,monthly_w28_h28_huber,직구,637,5086.540338686233,4118.071679960416
2024,7,monthly_w28_h28_huber,체인지업,156,682.6586945156571,839.3012754919787
2024,7,monthly_w28_h28_huber,커브,116,621.5888732809574,834.5385073432724
2024,7,monthly_w28_h28_huber,커터,64,778.2138704332567,456.70253869985885
2024,7,monthly_w28_h28_huber,투심,116,890.0772619810788,1078.098965296045
2024,7,monthly_w28_h28_huber,포크,123,1018.3607740513486,1138.2800550502486
2024,7,monthly_w56_hflat,슬라이더,387,2131.6004038409596,2584.402225744429
2024,7,monthly_w56_hflat,직구,637,4764.706329847761,4254.881723257204
2024,7,monthly_w56_hflat,체인지업,156,647.0341288470904,792.9479286317192
2024,7,monthly_w56_hflat,커브,116,599.1518988739284,711.843063072165
2024,7,monthly_w56_hflat,커터,64,687.8100177193687,437.3220082988795
2024,7,monthly_w56_hflat,투심,116,789.9886532478567,1051.2184915176954
2024,7,monthly_w56_hflat,포크,123,916.1082044784233,1035.3169838930512
2024,7,monthly_w56_h14,슬라이더,387,2109.5861411574097,2614.5316075133733
2024,7,monthly_w56_h14,직구,637,4934.263182808902,4169.166620975469
2024,7,monthly_w56_h14,체인지업,156,653.4007112438212,807.9680277244188
2024,7,monthly_w56_h14,커브,116,615.9649787511044,779.9420041076578
2024,7,monthly_w56_h14,커터,64,732.0250807707962,455.6410335183097
2024,7,monthly_w56_h14,투심,116,834.5347181860656,1066.356555452559
2024,7,monthly_w56_h14,포크,123,985.3231425737878,1090.3386705344737
2024,7,monthly_w56_h28,슬라이더,387,2105.414155997506,2593.8887619145435
2024,7,monthly_w56_h28,직구,637,4837.404116543092,4179.676226628506
2024,7,monthly_w56_h28,체인지업,156,641.7006671355709,798.8077093278646
2024,7,monthly_w56_h28,커브,116,602.61142753742,749.4032354848879
2024,7,monthly_w56_h28,커터,64,709.6980872253204,443.8697453641649
2024,7,monthly_w56_h28,투심,116,806.8590608591016,1055.3179612083168
2024,7,monthly_w56_h28,포크,123,950.6548859109963,1064.794751625513
2024,7,monthly_w56_h28_huber,슬라이더,387,2117.0397898530045,2594.277669095268
2024,7,monthly_w56_h28_huber,직구,637,4930.289644961943,4161.160972776572
2024,7,monthly_w56_h28_huber,체인지업,156,638.0308707205704,796.2754152465969
2024,7,monthly_w56_h28_huber,커브,116,591.3515688382058,750.2380131834304
2024,7,monthly_w56_h28_huber,커터,64,712.3386901273049,443.21656014696885
2024,7,monthly_w56_h28_huber,투심,116,813.4338787092813,1054.4870706955212
2024,7,monthly_w56_h28_huber,포크,123,962.0563412160739,1066.7104119146834
2024,7,monthly_w84_hflat,슬라이더,387,2318.7135377947407,2568.359317959601
2024,7,monthly_w84_hflat,직구,637,5317.23197553714,4412.715779164984
2024,7,monthly_w84_hflat,체인지업,156,650.3036500640983,771.911463550458
2024,7,monthly_w84_hflat,커브,116,579.7253464946452,670.6793730374795
2024,7,monthly_w84_hflat,커터,64,674.4556445625689,435.4595446249517
2024,7,monthly_w84_hflat,투심,116,844.1264152290247,1044.7361639593848
2024,7,monthly_w84_hflat,포크,123,986.936783612377,993.6758681877496
2024,7,monthly_w84_h14,슬라이더,387,2123.79737422554,2600.4521335402233
2024,7,monthly_w84_h14,직구,637,4984.682370538034,4181.910806346847
2024,7,monthly_w84_h14,체인지업,156,641.9126789220961,800.5109887743934
2024,7,monthly_w84_h14,커브,116,604.0385196592164,767.1049190193941
2024,7,monthly_w84_h14,커터,64,721.2853076314357,453.95179844443084
2024,7,monthly_w84_h14,투심,116,828.1483007315412,1062.730116247849
2024,7,monthly_w84_h14,포크,123,986.4258119307756,1076.8843748751701
2024,7,monthly_w84_h28,슬라이더,387,2169.4920461311826,2571.323600885543
2024,7,monthly_w84_h28,직구,637,5035.669421177121,4236.505920832116
2024,7,monthly_w84_h28,체인지업,156,627.6789067366608,783.7759412733415
2024,7,monthly_w84_h28,커브,116,582.0615374377306,721.4730600607488
2024,7,monthly_w84_h28,커터,64,692.3214513115852,441.0172334532187
2024,7,monthly_w84_h28,투심,116,811.7755567845484,1048.7946459887821
2024,7,monthly_w84_h28,포크,123,968.221820635183,1036.3904601076808
2024,7,monthly_w84_h28_huber,슬라이더,387,2186.626115203153,2567.0245791143307
2024,7,monthly_w84_h28_huber,직구,637,5151.627683034896,4219.0609454904015
2024,7,monthly_w84_h28_huber,체인지업,156,625.1212809984964,779.1265031201569
2024,7,monthly_w84_h28_huber,커브,116,570.8812838697054,719.0441046628084
2024,7,monthly_w84_h28_huber,커터,64,695.9349996653035,439.6411624331409
2024,7,monthly_w84_h28_huber,투심,116,819.7736625829232,1046.8539747500258
2024,7,monthly_w84_h28_huber,포크,123,982.4729774138673,1036.7888474732204
2024,7,weekly_w28_hflat,슬라이더,387,1881.8410930600505,2585.4395001936464
2024,7,weekly_w28_hflat,직구,637,4372.297362442585,4308.44453569436
2024,7,weekly_w28_hflat,체인지업,156,702.8917389659357,800.2461821295099
2024,7,weekly_w28_hflat,커브,116,647.385901069267,681.5768175568273
2024,7,weekly_w28_hflat,커터,64,707.6270961658317,497.21134799603806
2024,7,weekly_w28_hflat,투심,116,890.0215435452766,1082.7672016897222
2024,7,weekly_w28_hflat,포크,123,818.521893109338,1018.5493404112532
2024,7,weekly_w28_h14,슬라이더,387,1860.4900315939035,2567.1136731273627
2024,7,weekly_w28_h14,직구,637,4329.185784372253,4242.191910007283
2024,7,weekly_w28_h14,체인지업,156,701.3149192873595,765.3533173179526
2024,7,weekly_w28_h14,커브,116,657.368320795386,674.045529229135
2024,7,weekly_w28_h14,커터,64,706.0082877304555,478.77098342013426
2024,7,weekly_w28_h14,투심,116,889.9510886240532,1076.671996985608
2024,7,weekly_w28_h14,포크,123,816.1416213267335,1004.5102571881195
2024,7,weekly_w28_h28,슬라이더,387,1869.0617840715026,2573.3875927247373
2024,7,weekly_w28_h28,직구,637,4349.536938024863,4269.464097875591
2024,7,weekly_w28_h28,체인지업,156,701.6114472109252,782.1170272506116
2024,7,weekly_w28_h28,커브,116,651.9277565377753,677.1063924895501
2024,7,weekly_w28_h28,커터,64,706.4351768437318,487.4632194620232
2024,7,weekly_w28_h28,투심,116,889.9307161537148,1079.0419049591292
2024,7,weekly_w28_h28,포크,123,816.5865904281322,1010.711784286757
2024,7,weekly_w28_h28_huber,슬라이더,387,1872.1284914271175,2578.344349420876
2024,7,weekly_w28_h28_huber,직구,637,4402.860502823683,4269.423460168657
2024,7,weekly_w28_h28_huber,체인지업,156,695.1502278710453,780.5046624049032
2024,7,weekly_w28_h28_huber,커브,116,644.6255844807046,678.3439938337553
2024,7,weekly_w28_h28_huber,커터,64,704.00209222155,488.6804313521193
2024,7,weekly_w28_h28_huber,투심,116,894.282790854388,1077.354617959781
2024,7,weekly_w28_h28_huber,포크,123,817.5212902807625,1011.7224280733918
2024,7,weekly_w56_hflat,슬라이더,387,2104.33821885664,2572.9004279456058
2024,7,weekly_w56_hflat,직구,637,4796.526105374677,4084.5435913170095
2024,7,weekly_w56_hflat,체인지업,156,647.9000642459924,775.4601182332599
2024,7,weekly_w56_hflat,커브,116,617.4252113238879,751.2418485947035
2024,7,weekly_w56_hflat,커터,64,738.5285130018466,431.8304723474859
2024,7,weekly_w56_hflat,투심,116,823.3522992905187,1030.4141312741654
2024,7,weekly_w56_hflat,포크,123,937.3360117297051,1072.1559983398165
2024,7,weekly_w56_h14,슬라이더,387,1958.1859614854827,2519.2896886129793
2024,7,weekly_w56_h14,직구,637,4534.389499902425,4079.6357771386743
2024,7,weekly_w56_h14,체인지업,156,655.9522904952248,742.0647333102323
2024,7,weekly_w56_h14,커브,116,623.7626688131718,704.9118854217338
2024,7,weekly_w56_h14,커터,64,708.3191825303421,443.982541858413
2024,7,weekly_w56_h14,투심,116,848.6203386204046,1029.8088225954134
2024,7,weekly_w56_h14,포크,123,876.6945830063631,1037.757021696298
2024,7,weekly_w56_h28,슬라이더,387,2020.3607290788436,2537.8092378518554
2024,7,weekly_w56_h28,직구,637,4653.70541626894,4072.486655804291
2024,7,weekly_w56_h28,체인지업,156,647.9800560617632,756.8921057485269
2024,7,weekly_w56_h28,커브,116,615.8582470347123,725.7413026760847
2024,7,weekly_w56_h28,커터,64,720.2085249463066,437.8946004561658
2024,7,weekly_w56_h28,투심,116,834.5480657145222,1026.5400820592947
2024,7,weekly_w56_h28,포크,123,904.5304258617903,1055.4989609501959
2024,7,weekly_w56_h28_huber,슬라이더,387,2014.7480046024414,2534.2743129868973
2024,7,weekly_w56_h28_huber,직구,637,4687.393750487943,4057.306793249291
2024,7,weekly_w56_h28_huber,체인지업,156,642.0081179404215,752.0059871620535
2024,7,weekly_w56_h28_huber,커브,116,603.9639710983085,722.0418213827579
2024,7,weekly_w56_h28_huber,커터,64,717.7180768085959,436.89430292496843
2024,7,weekly_w56_h28_huber,투심,116,835.2848561098701,1025.3894604587454
2024,7,weekly_w56_h28_huber,포크,123,901.4147524761128,1053.0462817560472
2024,7,weekly_w84_hflat,슬라이더,387,2189.817029786594,2542.9475968666657
2024,7,weekly_w84_hflat,직구,637,4929.641060323086,4291.813727397428
2024,7,weekly_w84_hflat,체인지업,156,654.2635733741226,759.7269605625045
2024,7,weekly_w84_hflat,커브,116,603.533394513115,675.2128816115533
2024,7,weekly_w84_hflat,커터,64,685.0485421739559,434.9277408834286
2024,7,weekly_w84_hflat,투심,116,801.8001950614592,1042.2074427620685
2024,7,weekly_w84_hflat,포크,123,928.099094349556,1015.4883984852123
2024,7,weekly_w84_h14,슬라이더,387,1971.039440171503,2506.8730100880653
2024,7,weekly_w84_h14,직구,637,4531.674239997168,4099.335537344854
2024,7,weekly_w84_h14,체인지업,156,647.2116095713818,737.3120820317345
2024,7,weekly_w84_h14,커브,116,615.6298752992295,688.6239116985906
2024,7,weekly_w84_h14,커터,64,695.5135012663285,442.6839349619303
2024,7,weekly_w84_h14,투심,116,830.9051683507548,1029.1755069670226
2024,7,weekly_w84_h14,포크,123,872.428670650336,1024.298854574588
2024,7,weekly_w84_h28,슬라이더,387,2054.841085310445,2515.808619542638
2024,7,weekly_w84_h28,직구,637,4679.53466776379,4149.000133491594
2024,7,weekly_w84_h28,체인지업,156,638.0194597545585,747.6317795756229
2024,7,weekly_w84_h28,커브,116,602.0515760189761,687.3118583946101
2024,7,weekly_w84_h28,커터,64,691.2737441684719,437.1448226265866
2024,7,weekly_w84_h28,투심,116,805.6701088162638,1029.403603823303
2024,7,weekly_w84_h28,포크,123,895.7787408405173,1024.663549401623
2024,7,weekly_w84_h28_huber,슬라이더,387,2058.682312545252,2513.1282692768827
2024,7,weekly_w84_h28_huber,직구,637,4750.023235797946,4134.696219305529
2024,7,weekly_w84_h28_huber,체인지업,156,634.3345305381133,743.6143392122476
2024,7,weekly_w84_h28_huber,커브,116,591.8005945310624,685.3919701740778
2024,7,weekly_w84_h28_huber,커터,64,692.6450562144197,435.95470484468996
2024,7,weekly_w84_h28_huber,투심,116,811.3865723444117,1027.6377829534
2024,7,weekly_w84_h28_huber,포크,123,901.4821485931418,1025.173282841577
2024,7,weekly_w56_h7,슬라이더,387,1890.6873201024605,2523.90753766104
2024,7,weekly_w56_h7,직구,637,4375.270100832469,4116.169994298189
2024,7,weekly_w56_h7,체인지업,156,677.55045812303,721.8494340227307
2024,7,weekly_w56_h7,커브,116,648.6505415993917,681.3459842701267
2024,7,weekly_w56_h7,커터,64,702.7787203488917,452.84233037385235
2024,7,weekly_w56_h7,투심,116,870.2161804865156,1045.9332133150754
2024,7,weekly_w56_h7,포크,123,844.2653053945805,1012.9259221195587
2024,7,weekly_w56_h10,슬라이더,387,1923.2660723561303,2515.3158643008546
2024,7,weekly_w56_h10,직구,637,4458.322579073011,4091.4692836896916
2024,7,weekly_w56_h10,체인지업,156,664.6526207501636,732.6778825319172
2024,7,weekly_w56_h10,커브,116,633.3342496264345,692.7060375610229
2024,7,weekly_w56_h10,커터,64,703.635822091464,448.19549587360666
2024,7,weekly_w56_h10,투심,116,858.7011336516564,1035.539608390332
2024,7,weekly_w56_h10,포크,123,859.8412690367232,1025.455662126848
2024,7,weekly_w56_h21,슬라이더,387,1997.1656982748896,2529.829246271067
2024,7,weekly_w56_h21,직구,637,4611.0052074193045,4073.439762109598
2024,7,weekly_w56_h21,체인지업,156,650.0077637859131,751.5338773611556
2024,7,weekly_w56_h21,커브,116,617.6953362225264,718.1520384340764
2024,7,weekly_w56_h21,커터,64,715.4594848396755,439.9733266775651
2024,7,weekly_w56_h21,투심,116,839.1985998817335,1026.9594077484635
2024,7,weekly_w56_h21,포크,123,894.5240830447235,1049.4953787741426
2024,7,weekly_w84_h7,슬라이더,387,1892.6950018703103,2521.3044055032915
2024,7,weekly_w84_h7,직구,637,4373.695182075504,4115.971950875398
2024,7,weekly_w84_h7,체인지업,156,675.6435914269704,720.9660605363849
2024,7,weekly_w84_h7,커브,116,647.2819492397124,679.151874165271
2024,7,weekly_w84_h7,커터,64,700.8239828865562,452.4992485428669
2024,7,weekly_w84_h7,투심,116,867.1932478084557,1045.419232181472
2024,7,weekly_w84_h7,포크,123,843.7710031979021,1011.0556511117883
2024,7,weekly_w84_h10,슬라이더,387,1929.3608811040242,2508.389999635335
2024,7,weekly_w84_h10,직구,637,4454.33771553072,4096.454191522559
2024,7,weekly_w84_h10,체인지업,156,659.4293342601507,730.1413921664014
2024,7,weekly_w84_h10,커브,116,629.069405647717,685.1794242369469
2024,7,weekly_w84_h10,커터,64,697.4654998002802,447.2946593497076
2024,7,weekly_w84_h10,투심,116,849.3313156210862,1034.5724899149875
2024,7,weekly_w84_h10,포크,123,857.9505451731798,1019.16192871866
2024,7,weekly_w84_h21,슬라이더,387,2021.9042034038262,2511.184502888361
2024,7,weekly_w84_h21,직구,637,4621.169550438589,4124.0069586669
2024,7,weekly_w84_h21,체인지업,156,639.3703983940414,744.0064171536258
2024,7,weekly_w84_h21,커브,116,605.5764305092397,688.7988696466633
2024,7,weekly_w84_h21,커터,64,693.0257935005052,438.7949356815476
2024,7,weekly_w84_h21,투심,116,813.2972687535754,1028.0944898906537
2024,7,weekly_w84_h21,포크,123,887.2601977579625,1025.6299575426026
2024,7,weekly_w112_h7,슬라이더,387,1892.734899580846,2521.1542719158815
2024,7,weekly_w112_h7,직구,637,4373.917863640918,4115.901075200538
2024,7,weekly_w112_h7,체인지업,156,675.3910962347745,720.8793806749788
2024,7,weekly_w112_h7,커브,116,647.0948771938484,679.0160581582683
2024,7,weekly_w112_h7,커터,64,700.7525874464044,452.4465819181618
2024,7,weekly_w112_h7,투심,116,867.1229770013631,1045.3612446631728
2024,7,weekly_w112_h7,포크,123,843.7763533691417,1010.8982527601688
2024,7,weekly_w112_h10,슬라이더,387,1929.7958322925456,2507.5843561730844
2024,7,weekly_w112_h10,직구,637,4456.7933374229415,4096.952119454363
2024,7,weekly_w112_h10,체인지업,156,657.7752198226481,729.5827827085881
2024,7,weekly_w112_h10,커브,116,627.8554811385121,684.188274289856
2024,7,weekly_w112_h10,커터,64,696.996692578879,446.9558753052295
2024,7,weekly_w112_h10,투심,116,849.0657568537235,1034.2797152607718
2024,7,weekly_w112_h10,포크,123,858.1335006154906,1018.020980662342
2024,7,weekly_w112_h21,슬라이더,387,2032.7926479407824,2507.6637655246295
2024,7,weekly_w112_h21,직구,637,4660.345171050692,4143.086427356615
2024,7,weekly_w112_h21,체인지업,156,629.6311047051954,740.6015624429202
2024,7,weekly_w112_h21,커브,116,598.9962109254741,680.5232683554993
2024,7,weekly_w112_h21,커터,64,689.3373325037808,436.8371580113639
2024,7,weekly_w112_h21,투심,116,817.1553590536346,1027.2047095677203
2024,7,weekly_w112_h21,포크,123,892.3550083232291,1016.0304659335022
2024,7,weekly_w112_h14,슬라이더,387,1973.5628820030636,2504.7623768068993
2024,7,weekly_w112_h14,직구,637,4543.291871431802,4103.922552153147
2024,7,weekly_w112_h14,체인지업,156,642.3194228924536,735.6546502499118
2024,7,weekly_w112_h14,커브,116,612.13822105911,685.2466933517857
2024,7,weekly_w112_h14,커터,64,693.9730873622086,441.70106910454155
2024,7,weekly_w112_h14,투심,116,831.0278217700579,1028.5156534530227
2024,7,weekly_w112_h14,포크,123,873.648075146005,1020.3998369840959
2024,7,weekly_w84_h3.5,슬라이더,387,1890.379977139522,2620.806072399272
2024,7,weekly_w84_h3.5,직구,637,4295.795486682436,4288.3787526885535
2024,7,weekly_w84_h3.5,체인지업,156,709.0526130455942,706.4846988456466
2024,7,weekly_w84_h3.5,커브,116,692.8517687704687,678.7638997780201
2024,7,weekly_w84_h3.5,커터,64,720.882646999167,464.3461498842871
2024,7,weekly_w84_h3.5,투심,116,899.6665727606369,1083.082888291923
2024,7,weekly_w84_h3.5,포크,123,848.9714623784375,1014.7321182197312
2024,7,weekly_w28_h7,슬라이더,387,1856.5585234297646,2572.2153126528183
2024,7,weekly_w28_h7,직구,637,4298.62333012076,4228.123806449317
2024,7,weekly_w28_h7,체인지업,156,703.2283956942617,738.0107287302293
2024,7,weekly_w28_h7,커브,116,670.3133044479555,671.7103016812745
2024,7,weekly_w28_h7,커터,64,707.6009121625757,466.0093112191504
2024,7,weekly_w28_h7,투심,116,891.8478337441998,1076.6330784979782
2024,7,weekly_w28_h7,포크,123,819.625597007515,997.4768900552
2024,7,weekly_w84_h14_huber,슬라이더,387,1969.980056686241,2504.712711998639
2024,7,weekly_w84_h14_huber,직구,637,4580.879252926246,4088.998012969092
2024,7,weekly_w84_h14_huber,체인지업,156,644.7037528346036,732.7771957507753
2024,7,weekly_w84_h14_huber,커브,116,607.1636676553284,685.4798637677644
2024,7,weekly_w84_h14_huber,커터,64,694.9708782228474,441.7778133583466
2024,7,weekly_w84_h14_huber,투심,116,835.7378921216115,1028.5755743249752
2024,7,weekly_w84_h14_huber,포크,123,873.172371655311,1023.2410912714405
2024,7,daily_w84_h3.5,슬라이더,387,1857.2878476342341,2562.8831422177864
2024,7,daily_w84_h3.5,직구,637,4207.147851645166,4042.8044496474704
2024,7,daily_w84_h3.5,체인지업,156,685.8791270302461,715.0358910568661
2024,7,daily_w84_h3.5,커브,116,619.2001363448868,710.673157342119
2024,7,daily_w84_h3.5,커터,64,697.9255552943321,428.9738917834826
2024,7,daily_w84_h3.5,투심,116,858.6853005001666,976.9130041613575
2024,7,daily_w84_h3.5,포크,123,754.7181999149944,1049.737318588258
2024,7,daily_w56_h7,슬라이더,387,1829.0512076810946,2503.9677427088536
2024,7,daily_w56_h7,직구,637,4270.403155152682,4044.2219037317436
2024,7,daily_w56_h7,체인지업,156,657.0220845773458,716.7940624089053
2024,7,daily_w56_h7,커브,116,616.9580477157459,687.1843355120158
2024,7,daily_w56_h7,커터,64,689.5110460026483,430.2875855711831
2024,7,daily_w56_h7,투심,116,865.0844261203755,988.7299571215692
2024,7,daily_w56_h7,포크,123,784.8261994593162,1025.492852949936
2024,7,daily_w56_h14,슬라이더,387,1886.7280806282927,2505.96883839511
2024,7,daily_w56_h14,직구,637,4428.187445736082,4064.5852832284145
2024,7,daily_w56_h14,체인지업,156,638.4837584244324,738.2533726092736
2024,7,daily_w56_h14,커브,116,603.7610143690913,703.8140422517422
2024,7,daily_w56_h14,커터,64,701.566313460025,434.2672361259696
2024,7,daily_w56_h14,투심,116,849.5624964220415,1000.4887681080368
2024,7,daily_w56_h14,포크,123,834.2593197353067,1042.0327706498874
2024,7,daily_w56_h28,슬라이더,387,1949.8779594826503,2528.12750919089
2024,7,daily_w56_h28,직구,637,4559.944676114981,4074.27663065993
2024,7,daily_w56_h28,체인지업,156,632.9141348096155,756.1156037283151
2024,7,daily_w56_h28,커브,116,598.0053449265057,724.7608435227825
2024,7,daily_w56_h28,커터,64,717.9888191937788,433.86704279543073
2024,7,daily_w56_h28,투심,116,837.2705730481558,1008.3474315536253
2024,7,daily_w56_h28,포크,123,874.2059535289944,1059.209966431476
2024,7,daily_w84_h7,슬라이더,387,1831.8629197945102,2501.529195389611
2024,7,daily_w84_h7,직구,637,4270.75377987769,4043.58389314742
2024,7,daily_w84_h7,체인지업,156,655.5570837912317,715.8548102422726
2024,7,daily_w84_h7,커브,116,615.420377277552,685.1740517279333
2024,7,daily_w84_h7,커터,64,688.1273806327274,430.28145682036813
2024,7,daily_w84_h7,투심,116,861.7922626291115,988.6851954140566
2024,7,daily_w84_h7,포크,123,784.6605927501953,1023.5921285324417
2024,7,daily_w84_h14,슬라이더,387,1909.3834595744531,2493.385468153517
2024,7,daily_w84_h14,직구,637,4437.610140152719,4074.9100375733397
2024,7,daily_w84_h14,체인지업,156,631.9788342268116,732.5586663719653
2024,7,daily_w84_h14,커브,116,596.6909236063548,689.0003083990821
2024,7,daily_w84_h14,커터,64,690.3887541213405,433.8660809566881
2024,7,daily_w84_h14,투심,116,829.7419628968871,1001.5780497429386
2024,7,daily_w84_h14,포크,123,833.6806314261803,1028.3743043581085
2024,7,daily_w84_h28,슬라이더,387,2005.464253233172,2506.486779841569
2024,7,daily_w84_h28,직구,637,4601.771048368521,4126.770463522704
2024,7,daily_w84_h28,체인지업,156,626.9549074521219,744.8596629349845
2024,7,daily_w84_h28,커브,116,589.4352493734085,690.3795288073346
2024,7,daily_w84_h28,커터,64,689.921038306233,433.4253886197976
2024,7,daily_w84_h28,투심,116,802.8288670861502,1013.7433358203285
2024,7,daily_w84_h28,포크,123,871.6343411639089,1027.5344737634293
2024,7,fortnightly_w84_h7,슬라이더,387,1902.8303401735184,2621.610142196939
2024,7,fortnightly_w84_h7,직구,637,4349.332440283647,4284.586547198061
2024,7,fortnightly_w84_h7,체인지업,156,696.4724932818353,778.7692041288344
2024,7,fortnightly_w84_h7,커브,116,690.1766143168923,686.6358125619831
2024,7,fortnightly_w84_h7,커터,64,723.3740204672025,471.58720243318623
2024,7,fortnightly_w84_h7,투심,116,899.2503732387693,1058.7131097400338
2024,7,fortnightly_w84_h7,포크,123,854.465554884603,1036.4700202951815
2024,7,fortnightly_w84_h14,슬라이더,387,1982.9626279215836,2543.1640706030703
2024,7,fortnightly_w84_h14,직구,637,4540.47951335439,4172.672808663909
2024,7,fortnightly_w84_h14,체인지업,156,653.0196510804846,759.301419591832
2024,7,fortnightly_w84_h14,커브,116,623.5055858217438,693.3151671399761
2024,7,fortnightly_w84_h14,커터,64,716.1153762914444,446.7275848517546
2024,7,fortnightly_w84_h14,투심,116,837.5607239040515,1034.5833913473916
2024,7,fortnightly_w84_h14,포크,123,880.8000442917704,1036.0100151155598
2024,7,fortnightly_w84_h28,슬라이더,387,2081.2507238423955,2532.425994157057
2024,7,fortnightly_w84_h28,직구,637,4733.173086093482,4199.597517593884
2024,7,fortnightly_w84_h28,체인지업,156,646.3819917698693,756.9649688958978
2024,7,fortnightly_w84_h28,커브,116,602.2132186066511,691.9201151555706
2024,7,fortnightly_w84_h28,커터,64,710.4154166564136,437.5340257935495
2024,7,fortnightly_w84_h28,투심,116,809.1855523802327,1032.7802839014878
2024,7,fortnightly_w84_h28,포크,123,905.8595427969941,1027.578359508422
2024,8,uncorrected,슬라이더,427,13220.840309787498,6857.323167353644
2024,8,uncorrected,직구,715,32297.880556831427,16472.562289605485
2024,8,uncorrected,체인지업,141,3855.2448340316005,2215.439608303668
2024,8,uncorrected,커브,150,2919.8124327011205,1750.704680317143
2024,8,uncorrected,커터,52,2528.052329699293,977.2505523474845
2024,8,uncorrected,투심,111,4854.787720141932,3220.8042193897754
2024,8,uncorrected,포크,132,4087.5814855321114,2387.736114060249
2024,8,last_month,슬라이더,427,3667.016717645371,3666.533122169214
2024,8,last_month,직구,715,6542.681128281324,6267.661849187079
2024,8,last_month,체인지업,141,708.8380505409145,1066.1269174745123
2024,8,last_month,커브,150,718.4245537372041,946.3067583898887
2024,8,last_month,커터,52,383.9244054710333,456.43519954342713
2024,8,last_month,투심,111,683.8109734844486,1488.4262684371258
2024,8,last_month,포크,132,1298.10559491584,920.3398242068719
2024,8,season_to_date,슬라이더,427,4135.5483420867495,4224.382684042835
2024,8,season_to_date,직구,715,7926.398631227833,7403.912886360391
2024,8,season_to_date,체인지업,141,949.4325697122376,1311.2040341266313
2024,8,season_to_date,커브,150,765.8191114934557,1088.5714324321439
2024,8,season_to_date,커터,52,432.2829283781857,555.6319889703916
2024,8,season_to_date,투심,111,805.8845814984652,1701.523331947037
2024,8,season_to_date,포크,132,1662.2102505236244,1021.5461505513088
2024,8,ewma_w2_h0.25,슬라이더,427,3706.622908354585,3700.4519077157265
2024,8,ewma_w2_h0.25,직구,715,6670.013953004369,6276.037053256619
2024,8,ewma_w2_h0.25,체인지업,141,727.101896031066,1076.5432301645533
2024,8,ewma_w2_h0.25,커브,150,725.7052323707878,961.2291630735297
2024,8,ewma_w2_h0.25,커터,52,393.9244428557388,460.2422649719946
2024,8,ewma_w2_h0.25,투심,111,695.0530268710651,1494.7727915437408
2024,8,ewma_w2_h0.25,포크,132,1331.9963615837764,924.8305112478656
2024,8,ewma_w2_h0.5,슬라이더,427,3816.904753043404,3789.6333369755075
2024,8,ewma_w2_h0.5,직구,715,7003.427028782638,6308.276650878518
2024,8,ewma_w2_h0.5,체인지업,141,776.2085619317334,1104.6258733427621
2024,8,ewma_w2_h0.5,커브,150,748.237723684606,999.6057974801324
2024,8,ewma_w2_h0.5,커터,52,419.85553242434594,470.21424859612466
2024,8,ewma_w2_h0.5,투심,111,726.8172645877196,1512.4630340671936
2024,8,ewma_w2_h0.5,포크,132,1419.0835121238702,938.1899803385427
2024,8,ewma_w2_h1,슬라이더,427,3940.7985154174607,3883.9406882462363
2024,8,ewma_w2_h1,직구,715,7354.372725369647,6354.461040296418
2024,8,ewma_w2_h1,체인지업,141,829.4230162212768,1135.1454898730626
2024,8,ewma_w2_h1,커브,150,776.0761947684941,1039.172626671743
2024,8,ewma_w2_h1,커터,52,446.84915385343754,480.7146750131677
2024,8,ewma_w2_h1,투심,111,763.0174089351927,1532.3575426491652
2024,8,ewma_w2_h1,포크,132,1508.7852975893888,954.154060654934
2024,8,ewma_w2_h2,슬라이더,427,4025.2962147616513,3945.919382383852
2024,8,ewma_w2_h2,직구,715,7584.32429864716,6389.925326971057
2024,8,ewma_w2_h2,체인지업,141,864.9388633226179,1155.550823658964
2024,8,ewma_w2_h2,커브,150,796.0672606419307,1064.746548319907
2024,8,ewma_w2_h2,커터,52,464.4084243235538,487.5966378015506
2024,8,ewma_w2_h2,투심,111,787.9115963073956,1545.934215289328
2024,8,ewma_w2_h2,포크,132,1566.726426477217,965.4221466345942
2024,8,ewma_w2_h3,슬라이더,427,4056.5056311346734,3968.440435340774
2024,8,ewma_w2_h3,직구,715,7667.767856408638,6403.652607005448
2024,8,ewma_w2_h3,체인지업,141,877.9335342159571,1163.0226727942434
2024,8,ewma_w2_h3,커브,150,803.6102320527859,1073.9686727266148
2024,8,ewma_w2_h3,커터,52,470.759143136866,490.0942111435057
2024,8,ewma_w2_h3,투심,111,797.1388173755257,1550.950100934892
2024,8,ewma_w2_h3,포크,132,1587.6141252413738,969.6443082850449
2024,8,ewma_w3_h0.25,슬라이더,427,3707.3600358026874,3701.6182691512167
2024,8,ewma_w3_h0.25,직구,715,6672.64224587223,6281.185740226485
2024,8,ewma_w3_h0.25,체인지업,141,727.7115385816032,1077.4307926527867
2024,8,ewma_w3_h0.25,커브,150,725.4083439331446,961.2778226684168
2024,8,ewma_w3_h0.25,커터,52,393.7085244809619,460.5899510553835
2024,8,ewma_w3_h0.25,투심,111,695.0991344001193,1495.7433789211495
2024,8,ewma_w3_h0.25,포크,132,1333.020846466556,924.962023807842
2024,8,ewma_w3_h0.5,슬라이더,427,3824.0342787790414,3803.0735558982724
2024,8,ewma_w3_h0.5,직구,715,7026.217965497994,6377.340225745449
2024,8,ewma_w3_h0.5,체인지업,141,782.8789266466289,1115.5939792613274
2024,8,ewma_w3_h0.5,커브,150,744.0120265173653,999.1965420759107
2024,8,ewma_w3_h0.5,커터,52,416.2217332740126,474.5791409062087
2024,8,ewma_w3_h0.5,투심,111,725.8609270149308,1524.7061823657891
2024,8,ewma_w3_h0.5,포크,132,1429.1109168539674,939.8493838459635
2024,8,ewma_w3_h1,슬라이더,427,3953.5819950717864,3919.9143071630633
2024,8,ewma_w3_h1,직구,715,7387.079435782392,6568.959327320843
2024,8,ewma_w3_h1,체인지업,141,845.642624612168,1166.3417546817689
2024,8,ewma_w3_h1,커브,150,762.0519008783106,1035.0849433082226
2024,8,ewma_w3_h1,커터,52,433.4998485720547,493.4781423772063
2024,8,ewma_w3_h1,투심,111,755.5396432501881,1567.9095434096685
2024,8,ewma_w3_h1,포크,132,1528.6662367031822,958.959555930984
2024,8,ewma_w3_h2,슬라이더,427,4036.3787075157506,3999.1757774106927
2024,8,ewma_w3_h2,직구,715,7600.039896020686,6738.157535091341
2024,8,ewma_w3_h2,체인지업,141,886.9486434935399,1203.3425223620388
2024,8,ewma_w3_h2,커브,150,772.4913588829659,1055.584614772209
2024,8,ewma_w3_h2,커터,52,440.84225677967646,507.58946615049996
2024,8,ewma_w3_h2,투심,111,771.8540993335788,1601.154411721668
2024,8,ewma_w3_h2,포크,132,1587.9391283928353,972.9014544651536
2024,8,ewma_w3_h3,슬라이더,427,4065.375537866405,4028.064849810794
2024,8,ewma_w3_h3,직구,715,7670.997559117779,6806.602613831354
2024,8,ewma_w3_h3,체인지업,141,901.6874476880766,1217.1714236784878
2024,8,ewma_w3_h3,커브,150,776.0329822030378,1062.3859160859843
2024,8,ewma_w3_h3,커터,52,442.7510153996525,512.9418431467333
2024,8,ewma_w3_h3,투심,111,777.1230777286823,1613.8401837666895
2024,8,ewma_w3_h3,포크,132,1607.7322074152798,978.1727891877727
2024,8,ewma_w6_h0.25,슬라이더,427,3707.3437363942835,3701.7504804833347
2024,8,ewma_w6_h0.25,직구,715,6672.958828362814,6281.530950088164
2024,8,ewma_w6_h0.25,체인지업,141,727.7306804830206,1077.49404828297
2024,8,ewma_w6_h0.25,커브,150,725.3454015851512,961.2955506908008
2024,8,ewma_w6_h0.25,커터,52,393.7084946722222,460.62065104520696
2024,8,ewma_w6_h0.25,투심,111,695.1213049048911,1495.7996982749564
2024,8,ewma_w6_h0.25,포크,132,1333.0897909763971,924.9830714322293
2024,8,ewma_w6_h0.5,슬라이더,427,3823.075495599917,3810.504728533997
2024,8,ewma_w6_h0.5,직구,715,7036.814410666801,6397.6600902989485
2024,8,ewma_w6_h0.5,체인지업,141,783.7527667966344,1119.0904340525435
2024,8,ewma_w6_h0.5,커브,150,741.4199988284856,1000.153342921488
2024,8,ewma_w6_h0.5,커터,52,415.77121412184266,476.2434896393369
2024,8,ewma_w6_h0.5,투심,111,726.3622585180054,1527.9434503393777
2024,8,ewma_w6_h0.5,포크,132,1431.60390387579,940.986653245335
2024,8,ewma_w6_h1,슬라이더,427,3945.421473400752,3965.713349868262
2024,8,ewma_w6_h1,직구,715,7400.782293220358,6695.958412471926
2024,8,ewma_w6_h1,체인지업,141,848.8674815757115,1186.5215023154608
2024,8,ewma_w6_h1,커브,150,752.8365181709395,1041.0443170929664
2024,8,ewma_w6_h1,커터,52,428.07525883235377,503.1254159656605
2024,8,ewma_w6_h1,투심,111,754.755055677564,1587.164589552499
2024,8,ewma_w6_h1,포크,132,1533.8672665822176,966.0140591790996
2024,8,ewma_w6_h2,슬라이더,427,4010.74078452021,4093.4147364554583
2024,8,ewma_w6_h2,직구,715,7550.216575628551,7002.633225467541
2024,8,ewma_w6_h2,체인지업,141,888.8181754128084,1242.5660603366923
2024,8,ewma_w6_h2,커브,150,761.7166542670853,1067.5251719935488
2024,8,ewma_w6_h2,커터,52,425.7061882264441,526.8126710624521
2024,8,ewma_w6_h2,투심,111,765.8044246942325,1639.2232121970933
2024,8,ewma_w6_h2,포크,132,1583.0263406323952,987.8991353449495
2024,8,ewma_w6_h3,슬라이더,427,4028.19630646369,4141.9045973064385
2024,8,ewma_w6_h3,직구,715,7571.822116879881,7128.915249065978
2024,8,ewma_w6_h3,체인지업,141,901.1062862572851,1263.5359761692507
2024,8,ewma_w6_h3,커브,150,766.240820075809,1076.400348491095
2024,8,ewma_w6_h3,커터,52,422.34633772121055,536.0048873809216
2024,8,ewma_w6_h3,투심,111,767.7354566369202,1659.1630352052812
2024,8,ewma_w6_h3,포크,132,1593.9735965855964,996.5765605701721
2024,8,precision_h0.5_q0.25,슬라이더,427,3836.684673605074,3791.42099164214
2024,8,precision_h0.5_q0.25,직구,715,7070.956025970383,6353.860375262924
2024,8,precision_h0.5_q0.25,체인지업,141,788.6764990739655,1111.0758873084742
2024,8,precision_h0.5_q0.25,커브,150,747.6338102200466,995.9090244224418
2024,8,precision_h0.5_q0.25,커터,52,420.5016911462866,473.83865103261513
2024,8,precision_h0.5_q0.25,투심,111,730.5212502277077,1518.3709155920199
2024,8,precision_h0.5_q0.25,포크,132,1439.3116152611406,942.514930323933
2024,8,precision_h0.5_q1,슬라이더,427,3761.5776372197197,3749.537806443565
2024,8,precision_h0.5_q1,직구,715,6853.6810354064555,6322.466968574412
2024,8,precision_h0.5_q1,체인지업,141,753.9324670641565,1095.3484748418155
2024,8,precision_h0.5_q1,커브,150,732.0963522026259,979.3054469641162
2024,8,precision_h0.5_q1,커터,52,405.2599739548348,467.4340969464586
2024,8,precision_h0.5_q1,투심,111,710.5379573760016,1508.5805999135807
2024,8,precision_h0.5_q1,포크,132,1380.6531570811057,932.4997362271363
2024,8,precision_h0.5_q2,슬라이더,427,3751.7581083360046,3742.6881804707655
2024,8,precision_h0.5_q2,직구,715,6818.088109379882,6318.899307995096
2024,8,precision_h0.5_q2,체인지업,141,749.3089306186162,1092.8093922941277
2024,8,precision_h0.5_q2,커브,150,731.1561859612889,976.5339802764066
2024,8,precision_h0.5_q2,커터,52,402.8656599615197,466.4031185296545
2024,8,precision_h0.5_q2,투심,111,707.466281818706,1507.1790948447342
2024,8,precision_h0.5_q2,포크,132,1372.10303696369,930.9444344863934
2024,8,precision_h1_q0.25,슬라이더,427,3980.0213039464234,3947.8376740739996
2024,8,precision_h1_q0.25,직구,715,7500.647927356464,6582.141010360383
2024,8,precision_h1_q0.25,체인지업,141,857.7431593608092,1174.1472150027503
2024,8,precision_h1_q0.25,커브,150,763.8425198926018,1044.476617119038
2024,8,precision_h1_q0.25,커터,52,441.2209329135552,498.7732133919191
2024,8,precision_h1_q0.25,투심,111,768.1790429546447,1569.270878126046
2024,8,precision_h1_q0.25,포크,132,1552.8022679001224,971.009297004183
2024,8,precision_h1_q1,슬라이더,427,3850.596349591264,3845.4248103082973
2024,8,precision_h1_q1,직구,715,7135.676270183402,6459.775813681232
2024,8,precision_h1_q1,체인지업,141,798.8659152197395,1134.6710957491914
2024,8,precision_h1_q1,커브,150,740.9832280553464,1009.6227849185132
2024,8,precision_h1_q1,커터,52,418.8515938322268,482.72629405631676
2024,8,precision_h1_q1,투심,111,733.9210637904783,1540.653775601567
2024,8,precision_h1_q1,포크,132,1457.4729791897216,947.8565977118502
2024,8,precision_h1_q2,슬라이더,427,3832.146931513733,3829.9931565948946
2024,8,precision_h1_q2,직구,715,7073.812985464421,6447.3637633068065
2024,8,precision_h1_q2,체인지업,141,790.3251037649741,1128.8572916740532
2024,8,precision_h1_q2,커브,150,739.2505498473599,1003.8251422856367
2024,8,precision_h1_q2,커터,52,415.202092686853,480.38516016330306
2024,8,precision_h1_q2,투심,111,728.3885778419217,1537.032185360408
2024,8,precision_h1_q2,포크,132,1442.5709198144805,944.2509319246083
2024,8,precision_h2_q0.25,슬라이더,427,4073.0024380781824,4074.8815236900655
2024,8,precision_h2_q0.25,직구,715,7779.344979481654,6845.835507347458
2024,8,precision_h2_q0.25,체인지업,141,904.7932825489454,1227.7614925564055
2024,8,precision_h2_q0.25,커브,150,770.4906526903858,1074.9568289707424
2024,8,precision_h2_q0.25,커터,52,450.39109654678697,520.7949806546162
2024,8,precision_h2_q0.25,투심,111,790.902570068913,1617.9819787240567
2024,8,precision_h2_q0.25,포크,132,1623.516541344561,992.2204666451055
2024,8,precision_h2_q1,슬라이더,427,3915.2948913561513,3934.7860203910727
2024,8,precision_h2_q1,직구,715,7326.888796539885,6633.17754997462
2024,8,precision_h2_q1,체인지업,141,833.8257935441328,1173.2073979855104
2024,8,precision_h2_q1,커브,150,746.4118107073864,1032.7909332544314
2024,8,precision_h2_q1,커터,52,424.1565444347269,498.2522715093705
2024,8,precision_h2_q1,투심,111,748.8093711142562,1574.772542581507
2024,8,precision_h2_q1,포크,132,1511.7402343853173,962.4041244647567
2024,8,precision_h2_q2,슬라이더,427,3891.19323535293,3912.661892881861
2024,8,precision_h2_q2,직구,715,7248.736665901027,6610.501553114949
2024,8,precision_h2_q2,체인지업,141,822.8180652891367,1164.8542512452582
2024,8,precision_h2_q2,커브,150,744.2672338469663,1025.021224188589
2024,8,precision_h2_q2,커터,52,419.8830469877439,494.87761558656763
2024,8,precision_h2_q2,투심,111,741.7002848107892,1569.1031448531653
2024,8,precision_h2_q2,포크,132,1493.320902582925,957.3208078538047
2024,8,ema_a0.5,슬라이더,427,3926.646462246184,3963.069920740686
2024,8,ema_a0.5,직구,715,7322.235965474739,6736.956608799126
2024,8,ema_a0.5,체인지업,141,843.2691807103051,1188.5609917901427
2024,8,ema_a0.5,커브,150,752.4319313434671,1035.0282888973256
2024,8,ema_a0.5,커터,52,420.3605253175075,505.1885322139584
2024,8,ema_a0.5,투심,111,745.1879709859317,1590.6740071392053
2024,8,ema_a0.5,포크,132,1519.9177650256643,967.1701565159715
2024,8,ema_a0.75,슬라이더,427,3822.209586303212,3809.9734380999053
2024,8,ema_a0.75,직구,715,7034.304400110096,6399.451642466028
2024,8,ema_a0.75,체인지업,141,783.5016678115143,1119.1114357569152
2024,8,ema_a0.75,커브,150,741.2245364744101,999.6722757276561
2024,8,ema_a0.75,커터,52,415.4832563670032,476.3387275083073
2024,8,ema_a0.75,투심,111,725.9710022511417,1528.006304768902
2024,8,ema_a0.75,포크,132,1431.0845707688825,941.0516454433676
2024,8,ema_a0.9,슬라이더,427,3731.4385433614752,3723.059613756805
2024,8,ema_a0.9,직구,715,6749.474382382159,6296.041506261383
2024,8,ema_a0.9,체인지업,141,739.1260546464721,1084.9546096762265
2024,8,ema_a0.9,커브,150,729.2121720865239,969.7647111401235
2024,8,ema_a0.9,커터,52,399.00165144694546,463.37692427960155
2024,8,ema_a0.9,투심,111,701.8003271110948,1501.0872739045653
2024,8,ema_a0.9,포크,132,1353.708303563857,927.9540188746307
2024,8,kalman_q0.25,슬라이더,427,4101.493911700201,4149.471449280091
2024,8,kalman_q0.25,직구,715,7909.01072437684,6970.441111923103
2024,8,kalman_q0.25,체인지업,141,896.0959485879691,1264.7567231364665
2024,8,kalman_q0.25,커브,150,753.572427370658,1089.4355405794558
2024,8,kalman_q0.25,커터,52,453.8849918723931,532.1008163857017
2024,8,kalman_q0.25,투심,111,802.2244075678888,1643.6394949411242
2024,8,kalman_q0.25,포크,132,1618.8761927588719,1011.8815369668523
2024,8,kalman_q0.5,슬라이더,427,3917.4572088232985,3980.9235815041197
2024,8,kalman_q0.5,직구,715,7436.793351774915,6604.331555766532
2024,8,kalman_q0.5,체인지업,141,818.662749887285,1184.6611120149587
2024,8,kalman_q0.5,커브,150,727.1094368997024,1045.5219308350281
2024,8,kalman_q0.5,커터,52,438.12901864757475,504.1840056298267
2024,8,kalman_q0.5,투심,111,760.990827962649,1569.9631650371414
2024,8,kalman_q0.5,포크,132,1499.014146320279,976.5300009356303
2024,8,kalman_q1,슬라이더,427,3763.3144690956974,3825.4106004506502
2024,8,kalman_q1,직구,715,6949.26431557429,6401.440829299849
2024,8,kalman_q1,체인지업,141,754.2784333760147,1120.525654993776
2024,8,kalman_q1,커브,150,714.6924405390027,996.5686024130605
2024,8,kalman_q1,커터,52,412.1649336383569,480.80143025860986
2024,8,kalman_q1,투심,111,716.6687454750917,1520.6339372101681
2024,8,kalman_q1,포크,132,1385.7203866832444,948.3284055676398
2024,8,kalman_q2,슬라이더,427,3694.9418602312144,3723.4906322321385
2024,8,kalman_q2,직구,715,6675.550093023725,6311.4484410222985
2024,8,kalman_q2,체인지업,141,722.9868891015185,1084.5185909687336
2024,8,kalman_q2,커브,150,715.3620082983464,963.982472708328
2024,8,kalman_q2,커터,52,393.64640545029005,465.35169347702487
2024,8,kalman_q2,투심,111,693.8208981682437,1498.5064312715317
2024,8,kalman_q2,포크,132,1326.2325961449174,930.4009768134088
2024,8,kalman_q4,슬라이더,427,3674.277609159827,3682.674964050797
2024,8,kalman_q4,직구,715,6579.006647849415,6279.784392953431
2024,8,kalman_q4,체인지업,141,712.6381411852825,1071.2195779440608
2024,8,kalman_q4,커브,150,717.368579611787,951.2611809934806
2024,8,kalman_q4,커터,52,386.6155236120033,458.98786210693913
2024,8,kalman_q4,투심,111,686.4632895975625,1491.153882301604
2024,8,kalman_q4,포크,132,1305.754534843504,923.1931164771942
2024,8,adaptive_q0.5,슬라이더,427,3916.359520761983,3965.0784734753315
2024,8,adaptive_q0.5,직구,715,7442.517758159514,6509.11150655287
2024,8,adaptive_q0.5,체인지업,141,817.8391745000106,1174.1709915938332
2024,8,adaptive_q0.5,커브,150,735.0361450347741,1048.3209340709254
2024,8,adaptive_q0.5,커터,52,446.78740765515835,499.66268684313854
2024,8,adaptive_q0.5,투심,111,762.7753677196425,1555.0303257080861
2024,8,adaptive_q0.5,포크,132,1498.072012718948,972.4269188717221
2024,8,adaptive_q1,슬라이더,427,3763.3144690956974,3825.4106004506502
2024,8,adaptive_q1,직구,715,6949.26431557429,6401.440829299849
2024,8,adaptive_q1,체인지업,141,754.2784333760147,1120.525654993776
2024,8,adaptive_q1,커브,150,714.6924405390027,996.5686024130605
2024,8,adaptive_q1,커터,52,412.1649336383569,480.80143025860986
2024,8,adaptive_q1,투심,111,716.6687454750917,1520.6339372101681
2024,8,adaptive_q1,포크,132,1385.7203866832444,948.3284055676398
2024,8,adaptive_q2,슬라이더,427,3694.9418602312144,3723.4906322321385
2024,8,adaptive_q2,직구,715,6675.550093023725,6311.4484410222985
2024,8,adaptive_q2,체인지업,141,722.9868891015185,1084.5185909687336
2024,8,adaptive_q2,커브,150,715.3620082983464,963.982472708328
2024,8,adaptive_q2,커터,52,393.64640545029005,465.35169347702487
2024,8,adaptive_q2,투심,111,693.8208981682437,1498.5064312715317
2024,8,adaptive_q2,포크,132,1326.2325961449174,930.4009768134088
2024,8,trend_d0.25,슬라이더,427,3540.32669967298,3543.6417240797496
2024,8,trend_d0.25,직구,715,6077.571340044576,6265.260104932536
2024,8,trend_d0.25,체인지업,141,645.6362607507904,1030.2890139538508
2024,8,trend_d0.25,커브,150,701.3144969478038,889.8943674535626
2024,8,trend_d0.25,커터,52,346.70432428806527,442.5384473192676
2024,8,trend_d0.25,투심,111,649.111608748131,1468.1762442469167
2024,8,trend_d0.25,포크,132,1169.7906075768435,908.3140688709532
2024,8,trend_d0.5,슬라이더,427,3481.0478220063123,3455.1768486774067
2024,8,trend_d0.5,직구,715,5735.597760018822,6316.599202744394
2024,8,trend_d0.5,체인지업,141,605.7804147922213,1008.1019896716905
2024,8,trend_d0.5,커브,150,706.6004464304613,844.8279853244358
2024,8,trend_d0.5,커터,52,318.0329403369559,432.3384274192347
2024,8,trend_d0.5,투심,111,635.5883541704478,1458.8105898871254
2024,8,trend_d0.5,포크,132,1066.9282970945605,907.7182466780017
2024,8,monthly_w28_hflat,슬라이더,427,3571.7150964958787,3560.5888465262565
2024,8,monthly_w28_hflat,직구,715,6415.586043367755,6051.656848938937
2024,8,monthly_w28_hflat,체인지업,141,689.0381981741984,1032.8200351602418
2024,8,monthly_w28_hflat,커브,150,694.7468075181459,931.592333483035
2024,8,monthly_w28_hflat,커터,52,380.9933271380541,439.46668919346575
2024,8,monthly_w28_hflat,투심,111,677.3983648009742,1454.9853931112284
2024,8,monthly_w28_hflat,포크,132,1270.5257577937516,901.8246474943267
2024,8,monthly_w28_h14,슬라이더,427,3561.600341251479,3517.233304190544
2024,8,monthly_w28_h14,직구,715,6341.877709225362,5879.593161413206
2024,8,monthly_w28_h14,체인지업,141,672.5723101144899,1025.0592179341563
2024,8,monthly_w28_h14,커브,150,685.8697862451606,935.8063846362285
2024,8,monthly_w28_h14,커터,52,375.46083835987884,425.5363151211669
2024,8,monthly_w28_h14,투심,111,685.5284322946441,1442.5543622905275
2024,8,monthly_w28_h14,포크,132,1239.493268346414,879.4720869232412
2024,8,monthly_w28_h28,슬라이더,427,3563.7605731732233,3537.314541301006
2024,8,monthly_w28_h28,직구,715,6375.18165761526,5962.280923402765
2024,8,monthly_w28_h28,체인지업,141,679.2720001267292,1028.039396956965
2024,8,monthly_w28_h28,커브,150,689.0788149627637,932.8155057653787
2024,8,monthly_w28_h28,커터,52,378.19562515702324,432.4512208429346
2024,8,monthly_w28_h28,투심,111,681.3972578536742,1447.7655660545477
2024,8,monthly_w28_h28,포크,132,1252.886171014381,889.9184477083061
2024,8,monthly_w28_h28_huber,슬라이더,427,3559.7378668743304,3565.265145318972
2024,8,monthly_w28_h28_huber,직구,715,6415.299151054662,5973.449868665905
2024,8,monthly_w28_h28_huber,체인지업,141,678.9802572666875,1026.3444023194688
2024,8,monthly_w28_h28_huber,커브,150,678.8271773236074,938.1833596311326
2024,8,monthly_w28_h28_huber,커터,52,379.7541901932477,434.8316051208463
2024,8,monthly_w28_h28_huber,투심,111,684.2385055927006,1444.70677437707
2024,8,monthly_w28_h28_huber,포크,132,1255.4192222302318,890.9422179957145
2024,8,monthly_w56_hflat,슬라이더,427,4103.924398088098,3903.2470099916745
2024,8,monthly_w56_hflat,직구,715,7700.413410051945,6382.965766391484
2024,8,monthly_w56_hflat,체인지업,141,877.3024720589334,1143.310851403312
2024,8,monthly_w56_hflat,커브,150,821.6001158828517,1057.2417047295523
2024,8,monthly_w56_hflat,커터,52,470.77003648449863,480.95287351629264
2024,8,monthly_w56_hflat,투심,111,814.039606312812,1550.0967865846055
2024,8,monthly_w56_hflat,포크,132,1586.7402940102245,962.3200173732869
2024,8,monthly_w56_h14,슬라이더,427,3745.0671956253327,3636.6034045316374
2024,8,monthly_w56_h14,직구,715,6822.111915917256,6105.127902816422
2024,8,monthly_w56_h14,체인지업,141,738.1933022048853,1063.9947871329666
2024,8,monthly_w56_h14,커브,150,726.3478148709808,966.1556700009858
2024,8,monthly_w56_h14,커터,52,406.79766227159416,446.3307804454533
2024,8,monthly_w56_h14,투심,111,729.0182843277946,1487.832452205682
2024,8,monthly_w56_h14,포크,132,1362.3062226071916,905.8971324083404
2024,8,monthly_w56_h28,슬라이더,427,3898.258061445998,3748.502710483889
2024,8,monthly_w56_h28,직구,715,7215.908107014311,6254.395818552736
2024,8,monthly_w56_h28,체인지업,141,798.4303960078319,1095.9880359417593
2024,8,monthly_w56_h28,커브,150,765.7063066822351,1000.1539320976274
2024,8,monthly_w56_h28,커터,52,435.0385052286035,462.9221688705189
2024,8,monthly_w56_h28,투심,111,763.8603238502453,1515.9725957964863
2024,8,monthly_w56_h28,포크,132,1463.2342420699515,931.3138844486102
2024,8,monthly_w56_h28_huber,슬라이더,427,3899.283451095001,3787.5206424969847
2024,8,monthly_w56_h28_huber,직구,715,7249.279482313243,6282.052822367794
2024,8,monthly_w56_h28_huber,체인지업,141,796.9954088122875,1100.3514375923205
2024,8,monthly_w56_h28_huber,커브,150,758.9284603382989,1010.350528127037
2024,8,monthly_w56_h28_huber,커터,52,437.33883859768804,467.6537951292919
2024,8,monthly_w56_h28_huber,투심,111,769.0776100707137,1517.4400202191619
2024,8,monthly_w56_h28_huber,포크,132,1464.202637954471,935.9244841169939
2024,8,monthly_w84_hflat,슬라이더,427,4211.910849679405,4032.9826686459337
2024,8,monthly_w84_hflat,직구,715,7796.447261851287,6804.4678866233135
2024,8,monthly_w84_hflat,체인지업,141,939.0507692127728,1228.1546725648234
2024,8,monthly_w84_hflat,커브,150,823.3354577834631,1080.177043203338
2024,8,monthly_w84_hflat,커터,52,443.7995404038857,514.8452136233396
2024,8,monthly_w84_hflat,투심,111,798.5258621889983,1622.7196530593378
2024,8,monthly_w84_hflat,포크,132,1652.3885412813386,992.9293464646013
2024,8,monthly_w84_h14,슬라이더,427,3783.565980374292,3669.889357192603
2024,8,monthly_w84_h14,직구,715,6902.687620778739,6164.288964596807
2024,8,monthly_w84_h14,체인지업,141,757.463377975525,1080.8302275795168
2024,8,monthly_w84_h14,커브,150,732.1195101741082,975.6486894617931
2024,8,monthly_w84_h14,커터,52,407.1350282983995,453.55079108251243
2024,8,monthly_w84_h14,투심,111,732.3045055872421,1499.5956114033377
2024,8,monthly_w84_h14,포크,132,1392.6291562863496,913.0523043018896
2024,8,monthly_w84_h28,슬라이더,427,3984.8602668206377,3828.6738888670257
2024,8,monthly_w84_h28,직구,715,7356.2452224087865,6433.18719200353
2024,8,monthly_w84_h28,체인지업,141,841.6255383859439,1140.595567032443
2024,8,monthly_w84_h28,커브,150,777.6847467380962,1020.7789857319417
2024,8,monthly_w84_h28,커터,52,429.6682181842065,480.75966537548305
2024,8,monthly_w84_h28,투심,111,766.287974440011,1550.3219526138491
2024,8,monthly_w84_h28,포크,132,1522.7600356975113,948.6270368037915
2024,8,monthly_w84_h28_huber,슬라이더,427,3983.363763748453,3850.396040611704
2024,8,monthly_w84_h28_huber,직구,715,7386.4773798924725,6435.428286852812
2024,8,monthly_w84_h28_huber,체인지업,141,839.1117727025553,1138.886038373066
2024,8,monthly_w84_h28_huber,커브,150,771.6847511424362,1026.5663104012863
2024,8,monthly_w84_h28_huber,커터,52,431.6503281377418,483.06767159292025
2024,8,monthly_w84_h28_huber,투심,111,769.8945425114592,1546.7360875400898
2024,8,monthly_w84_h28_huber,포크,132,1522.8928689862582,952.4303118539408
2024,8,weekly_w28_hflat,슬라이더,427,3503.748390975195,3406.272398028535
2024,8,weekly_w28_hflat,직구,715,6072.60340333284,5982.240978121174
2024,8,weekly_w28_hflat,체인지업,141,640.5889150054393,1028.1936628870512
2024,8,weekly_w28_hflat,커브,150,720.4881493807726,983.5072974495915
2024,8,weekly_w28_hflat,커터,52,393.3636847675955,402.10124221949434
2024,8,weekly_w28_hflat,투심,111,677.2342649959088,1469.7537171296606
2024,8,weekly_w28_hflat,포크,132,1138.4140565599598,822.8374350237887
2024,8,weekly_w28_h14,슬라이더,427,3499.4140094794748,3378.096691153123
2024,8,weekly_w28_h14,직구,715,6012.85862412608,5849.70606873318
2024,8,weekly_w28_h14,체인지업,141,631.2918569599545,1026.2277691140505
2024,8,weekly_w28_h14,커브,150,726.5226866413489,972.8205388981933
2024,8,weekly_w28_h14,커터,52,388.87545654534136,391.4068350876404
2024,8,weekly_w28_h14,투심,111,680.5009926604503,1455.1668030561523
2024,8,weekly_w28_h14,포크,132,1109.1350708461512,807.828748693808
2024,8,weekly_w28_h28,슬라이더,427,3498.440439981491,3389.623794440925
2024,8,weekly_w28_h28,직구,715,6037.406978475495,5915.812671198714
2024,8,weekly_w28_h28,체인지업,141,634.7569428831243,1026.7077572647067
2024,8,weekly_w28_h28,커브,150,722.5657446628938,977.5045912562754
2024,8,weekly_w28_h28,커터,52,390.8224871995409,396.45047739069514
2024,8,weekly_w28_h28,투심,111,678.8577105459012,1462.4787773132703
2024,8,weekly_w28_h28,포크,132,1121.6976042190643,814.7216972006263
2024,8,weekly_w28_h28_huber,슬라이더,427,3504.711636117034,3405.430256632171
2024,8,weekly_w28_h28_huber,직구,715,6063.063680825358,5964.852137066064
2024,8,weekly_w28_h28_huber,체인지업,141,631.8898544414576,1034.1456186899575
2024,8,weekly_w28_h28_huber,커브,150,719.6639866720152,993.671088113425
2024,8,weekly_w28_h28_huber,커터,52,393.62313708888126,396.9681232519526
2024,8,weekly_w28_h28_huber,투심,111,680.4518533210342,1476.2183825349368
2024,8,weekly_w28_h28_huber,포크,132,1121.5607441555744,813.6188027074274
2024,8,weekly_w56_hflat,슬라이더,427,3791.237398244378,3688.694570066604
2024,8,weekly_w56_hflat,직구,715,6869.421363900636,6280.902374607109
2024,8,weekly_w56_hflat,체인지업,141,718.5235190190142,1090.7586989767851
2024,8,weekly_w56_hflat,커브,150,759.6915045556555,1002.9519117858567
2024,8,weekly_w56_hflat,커터,52,428.7828919881176,477.59568084002865
2024,8,weekly_w56_hflat,투심,111,710.9067575251256,1549.7807971737209
2024,8,weekly_w56_hflat,포크,132,1350.7429589887583,874.3145645294828
2024,8,weekly_w56_h14,슬라이더,427,3561.859656040615,3456.33515752107
2024,8,weekly_w56_h14,직구,715,6256.151632149946,5950.592884086946
2024,8,weekly_w56_h14,체인지업,141,648.4687035123635,1041.2127823227843
2024,8,weekly_w56_h14,커브,150,721.9101750389452,966.8274987524212
2024,8,weekly_w56_h14,커터,52,395.4025898842553,424.244789613441
2024,8,weekly_w56_h14,투심,111,673.8467282880727,1485.8040635649847
2024,8,weekly_w56_h14,포크,132,1189.74899636588,824.793345664676
2024,8,weekly_w56_h28,슬라이더,427,3652.1689658080704,3548.5403977466785
2024,8,weekly_w56_h28,직구,715,6511.7306294125865,6097.994223394491
2024,8,weekly_w56_h28,체인지업,141,675.5480002025042,1059.058596787524
2024,8,weekly_w56_h28,커브,150,734.2112294289063,978.34546028451
2024,8,weekly_w56_h28,커터,52,408.76157539042333,448.3531169515086
2024,8,weekly_w56_h28,투심,111,685.9922315315351,1512.7388532448986
2024,8,weekly_w56_h28,포크,132,1260.448944886023,845.7025910765768
2024,8,weekly_w56_h28_huber,슬라이더,427,3653.2485004279497,3572.76191812548
2024,8,weekly_w56_h28_huber,직구,715,6533.117969535271,6148.53322935902
2024,8,weekly_w56_h28_huber,체인지업,141,672.798121893532,1066.7638610728113
2024,8,weekly_w56_h28_huber,커브,150,730.6535500131695,992.8796743564146
2024,8,weekly_w56_h28_huber,커터,52,411.50261085105757,453.26139353299243
2024,8,weekly_w56_h28_huber,투심,111,687.6635158608814,1524.1596901061866
2024,8,weekly_w56_h28_huber,포크,132,1257.4817351916167,843.6491416250652
2024,8,weekly_w84_hflat,슬라이더,427,4043.446242107909,3868.2594053916
2024,8,weekly_w84_hflat,직구,715,7478.975185018448,6468.173949679725
2024,8,weekly_w84_hflat,체인지업,141,859.5506680317018,1168.100692680291
2024,8,weekly_w84_hflat,커브,150,794.9190462082502,1067.6602046675039
2024,8,weekly_w84_hflat,커터,52,451.83967930995226,489.53677175921325
2024,8,weekly_w84_hflat,투심,111,777.7602889964156,1572.6828806162798
2024,8,weekly_w84_hflat,포크,132,1539.2848082192559,930.8902884122896
2024,8,weekly_w84_h14,슬라이더,427,3595.517777065864,3489.065193463224
2024,8,weekly_w84_h14,직구,715,6382.273463122064,5984.139767705965
2024,8,weekly_w84_h14,체인지업,141,669.9257549220304,1054.2083944829005
2024,8,weekly_w84_h14,커브,150,723.4137453402552,980.4782754091075
2024,8,weekly_w84_h14,커터,52,401.43094656082013,429.73261823389333
2024,8,weekly_w84_h14,투심,111,682.5089018882618,1491.9043554143552
2024,8,weekly_w84_h14,포크,132,1225.4058956052036,833.8737624359728
2024,8,weekly_w84_h28,슬라이더,427,3761.239875291629,3636.319659575272
2024,8,weekly_w84_h28,직구,715,6828.953707848616,6187.547855024193
2024,8,weekly_w84_h28,체인지업,141,738.8537717783306,1095.2888106475311
2024,8,weekly_w84_h28,커브,150,746.2519213837063,1012.7115844121029
2024,8,weekly_w84_h28,커터,52,421.8127273114115,458.8845675553584
2024,8,weekly_w84_h28,투심,111,713.5614010463756,1527.1204268694505
2024,8,weekly_w84_h28,포크,132,1354.2949784326706,871.7833219252726
2024,8,weekly_w84_h28_huber,슬라이더,427,3760.0123506998007,3650.1746250038655
2024,8,weekly_w84_h28_huber,직구,715,6845.228719693652,6219.106512812799
2024,8,weekly_w84_h28_huber,체인지업,141,732.8886705728489,1096.971180370713
2024,8,weekly_w84_h28_huber,커브,150,742.7609988441204,1021.2604088652563
2024,8,weekly_w84_h28_huber,커터,52,424.110497646627,462.3928734114509
2024,8,weekly_w84_h28_huber,투심,111,715.0332986198346,1532.24578194327
2024,8,weekly_w84_h28_huber,포크,132,1350.0770736822114,869.7631848481693
2024,8,weekly_w56_h7,슬라이더,427,3503.2746735014694,3384.4202220890684
2024,8,weekly_w56_h7,직구,715,6017.051529287718,5747.84772984868
2024,8,weekly_w56_h7,체인지업,141,629.5885684830382,1031.3972002149776
2024,8,weekly_w56_h7,커브,150,725.456440103869,962.1088741833389
2024,8,weekly_w56_h7,커터,52,384.1896332532407,394.78596810033594
2024,8,weekly_w56_h7,투심,111,669.8414159686964,1452.353022016363
2024,8,weekly_w56_h7,포크,132,1115.763064989037,802.3782703209024
2024,8,weekly_w56_h10,슬라이더,427,3523.3179154270174,3413.6184181679964
2024,8,weekly_w56_h10,직구,715,6125.649913728264,5856.664363169952
2024,8,weekly_w56_h10,체인지업,141,636.6053888824347,1034.4424307398865
2024,8,weekly_w56_h10,커브,150,720.0526430665798,963.309298687356
2024,8,weekly_w56_h10,커터,52,388.9709417702782,409.68308956546116
2024,8,weekly_w56_h10,투심,111,670.3987582627757,1469.879528923665
2024,8,weekly_w56_h10,포크,132,1150.5654963212562,813.1976300683057
2024,8,weekly_w56_h21,슬라이더,427,3616.3264487083075,3512.4078010786716
2024,8,weekly_w56_h21,직구,715,6414.223461712318,6044.895216343295
2024,8,weekly_w56_h21,체인지업,141,664.7877041605894,1051.6919911794525
2024,8,weekly_w56_h21,커브,150,728.6823814278234,973.3005682404541
2024,8,weekly_w56_h21,커터,52,403.5723980878196,439.612697220875
2024,8,weekly_w56_h21,투심,111,680.6900969915296,1502.7324392245694
2024,8,weekly_w56_h21,포크,132,1234.2384425778273,837.8761309009099
2024,8,weekly_w84_h7,슬라이더,427,3504.9165888225434,3387.5914612699908
2024,8,weekly_w84_h7,직구,715,6030.639596585068,5751.075327681875
2024,8,weekly_w84_h7,체인지업,141,631.2812645351961,1032.5440526920254
2024,8,weekly_w84_h7,커브,150,724.9333736370412,963.6300790644239
2024,8,weekly_w84_h7,커터,52,385.1142392954646,395.52621625116626
2024,8,weekly_w84_h7,투심,111,670.5782712640364,1453.0757772453526
2024,8,weekly_w84_h7,포크,132,1119.1532636474549,803.1194229654261
2024,8,weekly_w84_h10,슬라이더,427,3534.3879418009114,3426.943438883472
2024,8,weekly_w84_h10,직구,715,6179.433125170127,5870.407839782266
2024,8,weekly_w84_h10,체인지업,141,644.6714082641124,1039.5503054415658
2024,8,weekly_w84_h10,커브,150,719.5542701597965,969.1527759899946
2024,8,weekly_w84_h10,커터,52,391.9533968906917,412.3283093040371
2024,8,weekly_w84_h10,투심,111,673.614034347734,1472.576778021246
2024,8,weekly_w84_h10,포크,132,1165.1114672912845,816.6700970553684
2024,8,weekly_w84_h21,슬라이더,427,3692.4071034049944,3577.0721821983643
2024,8,weekly_w84_h21,직구,715,6653.06194081009,6110.840831268856
2024,8,weekly_w84_h21,체인지업,141,710.0045291616095,1078.0505874074204
2024,8,weekly_w84_h21,커브,150,735.7557440404917,999.1905139401758
2024,8,weekly_w84_h21,커터,52,413.81912935749,448.4601069163827
2024,8,weekly_w84_h21,투심,111,699.8051699500553,1513.8689480181895
2024,8,weekly_w84_h21,포크,132,1303.8909446016412,856.6779376298971
2024,8,weekly_w112_h7,슬라이더,427,3504.996093356137,3387.6578488864047
2024,8,weekly_w112_h7,직구,715,6031.322579708511,5751.486083059786
2024,8,weekly_w112_h7,체인지업,141,631.3382464260648,1032.6097214451486
2024,8,weekly_w112_h7,커브,150,724.8238605666505,963.5733034984221
2024,8,weekly_w112_h7,커터,52,385.1045884787502,395.5723197070163
2024,8,weekly_w112_h7,투심,111,670.5705723056162,1453.1474331283373
2024,8,weekly_w112_h7,포크,132,1119.368462480369,803.075321185878
2024,8,weekly_w112_h10,슬라이더,427,3535.4352270501886,3428.030488341622
2024,8,weekly_w112_h10,직구,715,6185.544259051569,5874.975638828778
2024,8,weekly_w112_h10,체인지업,141,645.2674681035576,1040.3023738912173
2024,8,weekly_w112_h10,커브,150,718.7403650274756,968.8180143775182
2024,8,weekly_w112_h10,커터,52,391.8509735416346,412.780865670335
2024,8,weekly_w112_h10,투심,111,673.5885922073342,1473.3378608724142
2024,8,weekly_w112_h10,포크,132,1167.0534442878602,816.5304982082268
2024,8,weekly_w112_h21,슬라이더,427,3709.1636075708657,3597.7870816253217
2024,8,weekly_w112_h21,직구,715,6722.256241112041,6178.757100155932
2024,8,weekly_w112_h21,체인지업,141,717.7024129272415,1089.458067761375
2024,8,weekly_w112_h21,커브,150,728.7665722659003,998.4123098479503
2024,8,weekly_w112_h21,커터,52,412.48076258417774,453.7965434697525
2024,8,weekly_w112_h21,투심,111,701.0808023886435,1524.8505092767662
2024,8,weekly_w112_h21,포크,132,1325.0610018223676,858.9452574379472
2024,8,weekly_w112_h14,슬라이더,427,3600.6793372802176,3494.919213279785
2024,8,weekly_w112_h14,직구,715,6406.638056942649,6005.061755456649
2024,8,weekly_w112_h14,체인지업,141,672.5136575209647,1057.721646638618
2024,8,weekly_w112_h14,커브,150,720.6268842619152,979.7120098022644
2024,8,weekly_w112_h14,커터,52,400.9866753670757,431.58401457737904
2024,8,weekly_w112_h14,투심,111,682.6639582149927,1495.3360453753967
2024,8,weekly_w112_h14,포크,132,1233.0594072171439,834.046505868306
2024,8,weekly_w84_h3.5,슬라이더,427,3540.1557949480107,3402.6524036035407
2024,8,weekly_w84_h3.5,직구,715,5927.996992371923,5538.727959136753
2024,8,weekly_w84_h3.5,체인지업,141,642.0961692682829,1037.5611263619703
2024,8,weekly_w84_h3.5,커브,150,762.3643246039877,965.5036255158066
2024,8,weekly_w84_h3.5,커터,52,384.47489023397515,377.70616640539606
2024,8,weekly_w84_h3.5,투심,111,667.0961910200739,1421.9273985041812
2024,8,weekly_w84_h3.5,포크,132,1095.637977841799,794.1518335501701
2024,8,weekly_w28_h7,슬라이더,427,3516.2209415963634,3372.309990073546
2024,8,weekly_w28_h7,직구,715,5988.854245489332,5727.088975341759
2024,8,weekly_w28_h7,체인지업,141,630.9506114281987,1027.8681818752557
2024,8,weekly_w28_h7,커브,150,739.0350689045013,967.3476174086783
2024,8,weekly_w28_h7,커터,52,387.0749533069919,383.7131003872331
2024,8,weekly_w28_h7,투심,111,682.8006675720474,1441.5859294619231
2024,8,weekly_w28_h7,포크,132,1095.8630768707494,797.8101287418156
2024,8,weekly_w84_h14_huber,슬라이더,427,3592.9925515729406,3503.4173812047025
2024,8,weekly_w84_h14_huber,직구,715,6383.452097522108,6007.845317401972
2024,8,weekly_w84_h14_huber,체인지업,141,665.5768262574109,1057.6143309076442
2024,8,weekly_w84_h14_huber,커브,150,721.3449483791567,991.7946280951257
2024,8,weekly_w84_h14_huber,커터,52,403.91265103608976,431.2311193922549
2024,8,weekly_w84_h14_huber,투심,111,683.1398785746848,1498.5060597794743
2024,8,weekly_w84_h14_huber,포크,132,1219.2544157491925,830.82429543483
2024,8,daily_w84_h3.5,슬라이더,427,3518.7850859137834,3343.787687241015
2024,8,daily_w84_h3.5,직구,715,5563.14213099339,5396.292980196909
2024,8,daily_w84_h3.5,체인지업,141,627.700255855149,993.0857222243042
2024,8,daily_w84_h3.5,커브,150,774.5908298706619,948.2955058477943
2024,8,daily_w84_h3.5,커터,52,343.2929895261511,358.62709874735657
2024,8,daily_w84_h3.5,투심,111,633.9790255287904,1409.7937601341455
2024,8,daily_w84_h3.5,포크,132,1046.5459886068215,775.2999602861075
2024,8,daily_w56_h7,슬라이더,427,3475.4717016255568,3317.054083085197
2024,8,daily_w56_h7,직구,715,5734.040675865819,5572.76900459136
2024,8,daily_w56_h7,체인지업,141,612.6605145975003,996.1715584171641
2024,8,daily_w56_h7,커브,150,726.3554664615774,939.8502984063164
2024,8,daily_w56_h7,커터,52,351.20891760508476,371.86527254668846
2024,8,daily_w56_h7,투심,111,641.3078360169344,1436.3015926935823
2024,8,daily_w56_h7,포크,132,1067.8195602361889,772.5411252392078
2024,8,daily_w56_h14,슬라이더,427,3514.220757645611,3382.4482932924593
2024,8,daily_w56_h14,직구,715,5974.527859137054,5796.938089767038
2024,8,daily_w56_h14,체인지업,141,627.4108226359447,1015.5788575172157
2024,8,daily_w56_h14,커브,150,720.6007319334731,947.333985355742
2024,8,daily_w56_h14,커터,52,365.57678411362804,400.98655735606985
2024,8,daily_w56_h14,투심,111,649.3125766183338,1474.1044101689588
2024,8,daily_w56_h14,포크,132,1132.7262190386687,797.4750294451692
2024,8,daily_w56_h28,슬라이더,427,3586.033116586204,3469.165929166474
2024,8,daily_w56_h28,직구,715,6211.226051576903,5966.234723543977
2024,8,daily_w56_h28,체인지업,141,650.5039749027953,1039.6639411328597
2024,8,daily_w56_h28,커브,150,731.8219712048958,961.5831157557745
2024,8,daily_w56_h28,커터,52,378.5708095912804,426.7975594795755
2024,8,daily_w56_h28,투심,111,661.1919927944064,1509.0274922840085
2024,8,daily_w56_h28,포크,132,1196.9788879953742,820.5120175850668
2024,8,daily_w84_h7,슬라이더,427,3476.1756143972434,3320.204094187977
2024,8,daily_w84_h7,직구,715,5747.574708559516,5574.624421026219
2024,8,daily_w84_h7,체인지업,141,613.8372891178761,996.9770938018586
2024,8,daily_w84_h7,커브,150,725.1736456026068,940.7579290034942
2024,8,daily_w84_h7,커터,52,352.34697897139165,372.52330556959106
2024,8,daily_w84_h7,투심,111,642.1778727153344,1435.6788511808031
2024,8,daily_w84_h7,포크,132,1071.3800900729836,773.2762731463727
2024,8,daily_w84_h14,슬라이더,427,3544.730922150427,3417.7243609869793
2024,8,daily_w84_h14,직구,715,6115.21615181528,5823.407347291593
2024,8,daily_w84_h14,체인지업,141,645.7676128590408,1026.9039200696968
2024,8,daily_w84_h14,커브,150,718.2189040138064,958.4873961552721
2024,8,daily_w84_h14,커터,52,374.7141318542056,407.0028984428661
2024,8,daily_w84_h14,투심,111,659.1099456165704,1472.9787054473286
2024,8,daily_w84_h14,포크,132,1170.8106643568833,807.6761728529737
2024,8,daily_w84_h28,슬라이더,427,3697.8509753544113,3566.4440545997477
2024,8,daily_w84_h28,직구,715,6588.511154639664,6041.40698226988
2024,8,daily_w84_h28,체인지업,141,710.7042235429172,1073.4207182276743
2024,8,daily_w84_h28,커브,150,738.5034494370939,993.3833720306292
2024,8,daily_w84_h28,커터,52,400.8712611596561,440.1974946486273
2024,8,daily_w84_h28,투심,111,692.5978455692526,1509.7781565607856
2024,8,daily_w84_h28,포크,132,1299.3738309909247,850.9547554746332
2024,8,fortnightly_w84_h7,슬라이더,427,3623.743849608377,3488.705719898903
2024,8,fortnightly_w84_h7,직구,715,6204.808184091835,6161.5395386997025
2024,8,fortnightly_w84_h7,체인지업,141,660.4604424103992,1031.1355546317236
2024,8,fortnightly_w84_h7,커브,150,758.1888612930577,998.9978579121131
2024,8,fortnightly_w84_h7,커터,52,394.11521975780073,426.5054587416213
2024,8,fortnightly_w84_h7,투심,111,694.9563994850112,1483.8406423344422
2024,8,fortnightly_w84_h7,포크,132,1189.3855285031134,849.2367529077985
2024,8,fortnightly_w84_h14,슬라이더,427,3729.040123687324,3594.1402033911118
2024,8,fortnightly_w84_h14,직구,715,6625.751699254233,6253.419431866301
2024,8,fortnightly_w84_h14,체인지업,141,711.1468976076611,1064.58773376134
2024,8,fortnightly_w84_h14,커브,150,752.7638219302687,1007.9830567695246
2024,8,fortnightly_w84_h14,커터,52,414.8009095268443,457.8878933605123
2024,8,fortnightly_w84_h14,투심,111,701.6282850428921,1520.0454786601158
2024,8,fortnightly_w84_h14,포크,132,1307.376587575871,865.7899655246638
2024,8,fortnightly_w84_h28,슬라이더,427,3888.0685859335767,3723.043017191552
2024,8,fortnightly_w84_h28,직구,715,7067.853829845374,6364.569930036547
2024,8,fortnightly_w84_h28,체인지업,141,780.8254752510368,1108.7293818235435
2024,8,fortnightly_w84_h28,커브,150,770.1267793157015,1033.105323021137
2024,8,fortnightly_w84_h28,커터,52,434.3084904194256,479.12875118372557
2024,8,fortnightly_w84_h28,투심,111,729.5575227934166,1548.0978886010446
2024,8,fortnightly_w84_h28,포크,132,1434.4604131206904,891.929262641421
2024,9,uncorrected,슬라이더,370,10144.413683429915,6479.374303823764
2024,9,uncorrected,직구,705,28627.604965923114,17769.057837660628
2024,9,uncorrected,체인지업,137,3111.481373584232,2141.0115986937644
2024,9,uncorrected,커브,130,2552.412230456759,1522.095795647473
2024,9,uncorrected,커터,55,2297.4687249047784,949.0066428047329
2024,9,uncorrected,투심,111,4153.859071757404,3280.905502016992
2024,9,uncorrected,포크,141,4532.473410600364,2333.383758909217
2024,9,last_month,슬라이더,370,3138.0197862138803,3243.6053988420426
2024,9,last_month,직구,705,6884.009431472992,8095.320833040483
2024,9,last_month,체인지업,137,816.3438984873882,1183.8553151989863
2024,9,last_month,커브,130,1052.2063831637008,728.9451715987809
2024,9,last_month,커터,55,729.2789534849342,453.1368921078352
2024,9,last_month,투심,111,805.7081905785956,1790.346320830814
2024,9,last_month,포크,141,1536.8076982328232,1207.0677310575343
2024,9,season_to_date,슬라이더,370,3301.4101044531326,4075.4710736091715
2024,9,season_to_date,직구,705,7943.345534950511,9773.656886219065
2024,9,season_to_date,체인지업,137,886.3095752132757,1473.9922824917314
2024,9,season_to_date,커브,130,1216.015793683527,892.5189323582358
2024,9,season_to_date,커터,55,775.0748630715616,551.854024441895
2024,9,season_to_date,투심,111,856.467606045743,2039.8060844934362
2024,9,season_to_date,포크,141,1694.4907583506813,1411.8051782441808
2024,9,ewma_w2_h0.25,슬라이더,370,3114.7917313231846,3252.053924375242
2024,9,ewma_w2_h0.25,직구,705,6869.685537108146,8110.910324697198
2024,9,ewma_w2_h0.25,체인지업,137,805.6275506011405,1184.4220587421178
2024,9,ewma_w2_h0.25,커브,130,1042.6019963052677,729.2335096474445
2024,9,ewma_w2_h0.25,커터,55,728.4424380908289,455.4105777553343
2024,9,ewma_w2_h0.25,투심,111,803.2813866742634,1789.297949771987
2024,9,ewma_w2_h0.25,포크,141,1526.9959790258772,1208.2488203160046
2024,9,ewma_w2_h0.5,슬라이더,370,3064.5787188524437,3281.199634667313
2024,9,ewma_w2_h0.5,직구,705,6845.8367699491455,8163.209579333819
2024,9,ewma_w2_h0.5,체인지업,137,781.6590038777476,1189.028423207022
2024,9,ewma_w2_h0.5,커브,130,1021.3667602951887,731.8315205898143
2024,9,ewma_w2_h0.5,커터,55,726.9239223506221,461.56700430231973
2024,9,ewma_w2_h0.5,투심,111,798.8312365242397,1788.840711999318
2024,9,ewma_w2_h0.5,포크,141,1505.6947798704332,1213.3032427366616
2024,9,ewma_w2_h1,슬라이더,370,3024.3294357538707,3320.2233134777434
2024,9,ewma_w2_h1,직구,705,6836.961092672389,8231.898009198685
2024,9,ewma_w2_h1,체인지업,137,761.2914537177302,1197.5868895960498
2024,9,ewma_w2_h1,커브,130,1003.6644164988402,736.7559378463172
2024,9,ewma_w2_h1,커터,55,726.1238146033011,468.28827140241845
2024,9,ewma_w2_h1,투심,111,796.4096603719252,1791.0777595435788
2024,9,ewma_w2_h1,포크,141,1488.489663740032,1220.9543930603031
2024,9,ewma_w2_h2,슬라이더,370,3003.3101010330847,3349.337461500985
2024,9,ewma_w2_h2,직구,705,6838.037601443905,8282.697887800789
2024,9,ewma_w2_h2,체인지업,137,750.01071394879,1204.7703795536916
2024,9,ewma_w2_h2,커브,130,994.0400377192119,740.912650607891
2024,9,ewma_w2_h2,커터,55,725.9386007053179,472.7946780024639
2024,9,ewma_w2_h2,투심,111,795.7839471439777,1793.698102429957
2024,9,ewma_w2_h2,포크,141,1479.4317621568164,1226.9577048996357
2024,9,ewma_w2_h3,슬라이더,370,2996.5657687028597,3360.486915531523
2024,9,ewma_w2_h3,직구,705,6839.565112885368,8302.087413789419
2024,9,ewma_w2_h3,체인지업,137,746.2578095119864,1207.6369979789565
2024,9,ewma_w2_h3,커브,130,990.8733432020141,742.574431867177
2024,9,ewma_w2_h3,커터,55,725.9273172443004,474.44682960340253
2024,9,ewma_w2_h3,투심,111,795.7154082172278,1794.8394037034702
2024,9,ewma_w2_h3,포크,141,1476.510327830873,1229.2994588214183
2024,9,ewma_w3_h0.25,슬라이더,370,3112.4914197928742,3253.3409620815214
2024,9,ewma_w3_h0.25,직구,705,6869.406440010491,8112.622154484523
2024,9,ewma_w3_h0.25,체인지업,137,804.4525402748436,1184.828962846081
2024,9,ewma_w3_h0.25,커브,130,1041.8344230159164,729.6509939660878
2024,9,ewma_w3_h0.25,커터,55,728.3278005495448,455.5835719218419
2024,9,ewma_w3_h0.25,투심,111,802.8816631631091,1789.8028172790634
2024,9,ewma_w3_h0.25,포크,141,1525.995907732692,1208.4051031575248
2024,9,ewma_w3_h0.5,슬라이더,370,3044.3907124706525,3302.1986008177632
2024,9,ewma_w3_h0.5,직구,705,6857.552868216259,8192.47483846759
2024,9,ewma_w3_h0.5,체인지업,137,769.7898735479558,1196.4328516110045
2024,9,ewma_w3_h0.5,커브,130,1015.0782278160092,738.6017675014905
2024,9,ewma_w3_h0.5,커터,55,726.1557802287919,464.1110345485032
2024,9,ewma_w3_h0.5,투심,111,795.4498702562826,1797.1386506728159
2024,9,ewma_w3_h0.5,포크,141,1497.196892735502,1216.54862977755
2024,9,ewma_w3_h1,슬라이더,370,2993.894808829656,3394.0799270511266
2024,9,ewma_w3_h1,직구,705,6920.878514223864,8337.811860220592
2024,9,ewma_w3_h1,체인지업,137,736.0724896028851,1225.559096543915
2024,9,ewma_w3_h1,커브,130,996.2713885898349,760.9348771505795
2024,9,ewma_w3_h1,커터,55,726.2081928968674,476.8036180437025
2024,9,ewma_w3_h1,투심,111,791.937478427226,1821.0937475214291
2024,9,ewma_w3_h1,포크,141,1477.1326940611357,1233.855426054398
2024,9,ewma_w3_h2,슬라이더,370,2984.55382556264,3475.0730031795338
2024,9,ewma_w3_h2,직구,705,7019.260326522944,8465.395478161648
2024,9,ewma_w3_h2,체인지업,137,720.1232560918797,1254.1093820817991
2024,9,ewma_w3_h2,커브,130,993.5106666419708,782.7804864596459
2024,9,ewma_w3_h2,커터,55,728.5396420490807,487.0872498709776
2024,9,ewma_w3_h2,투심,111,794.3159722522958,1846.1147130061731
2024,9,ewma_w3_h2,포크,141,1475.231601896182,1249.9972548755359
2024,9,ewma_w3_h3,슬라이더,370,2986.6887771867578,3507.6903038983514
2024,9,ewma_w3_h3,직구,705,7066.474823194907,8516.854102668256
2024,9,ewma_w3_h3,체인지업,137,715.9529193387516,1266.06618349055
2024,9,ewma_w3_h3,커브,130,994.6634048878932,791.9414708610213
2024,9,ewma_w3_h3,커터,55,729.9111776316948,491.13266546333455
2024,9,ewma_w3_h3,투심,111,796.2720478585551,1856.8399836877113
2024,9,ewma_w3_h3,포크,141,1477.1017011135582,1256.6344648478698
2024,9,ewma_w6_h0.25,슬라이더,370,3112.407595735862,3253.492961103942
2024,9,ewma_w6_h0.25,직구,705,6869.465762284576,8112.987380495469
2024,9,ewma_w6_h0.25,체인지업,137,804.4546116866612,1184.8823839310176
2024,9,ewma_w6_h0.25,커브,130,1041.8625746330083,729.6664298065372
2024,9,ewma_w6_h0.25,커터,55,728.3269140488474,455.6021619876432
2024,9,ewma_w6_h0.25,투심,111,802.865765836885,1789.8598553935724
2024,9,ewma_w6_h0.25,포크,141,1526.00184888271,1208.4535761162804
2024,9,ewma_w6_h0.5,슬라이더,370,3043.161169362026,3313.7336074837763
2024,9,ewma_w6_h0.5,직구,705,6867.3086750751445,8218.792528841113
2024,9,ewma_w6_h0.5,체인지업,137,771.3282343326553,1200.6123589714564
2024,9,ewma_w6_h0.5,커브,130,1018.3307265494684,740.0914311232464
2024,9,ewma_w6_h0.5,커터,55,726.3108217068095,465.384341454613
2024,9,ewma_w6_h0.5,투심,111,795.0923025111892,1801.3043337409795
2024,9,ewma_w6_h0.5,포크,141,1499.3653189168554,1220.018597333568
2024,9,ewma_w6_h1,슬라이더,370,3021.9769480444106,3492.878799973267
2024,9,ewma_w6_h1,직구,705,7034.982484555701,8559.764342350729
2024,9,ewma_w6_h1,체인지업,137,759.3947527950597,1261.8476603129202
2024,9,ewma_w6_h1,커브,130,1033.0431844864688,775.7745574015532
2024,9,ewma_w6_h1,커터,55,729.686257542981,487.0351414454591
2024,9,ewma_w6_h1,투심,111,794.6036631113698,1855.1352307106674
2024,9,ewma_w6_h1,포크,141,1508.0511379296172,1262.15886814734
2024,9,ewma_w6_h2,슬라이더,370,3101.9023770507883,3729.7775150350462
2024,9,ewma_w6_h2,직구,705,7332.90213878491,9040.838720278192
2024,9,ewma_w6_h2,체인지업,137,791.7706159545123,1347.1523569965193
2024,9,ewma_w6_h2,커브,130,1097.7529160581269,823.0946166168114
2024,9,ewma_w6_h2,커터,55,741.4166153892614,512.817489626816
2024,9,ewma_w6_h2,투심,111,808.0270710207099,1930.2209549277413
2024,9,ewma_w6_h2,포크,141,1566.912752293491,1321.9064940578232
2024,9,ewma_w6_h3,슬라이더,370,3155.137740075069,3841.217514826096
2024,9,ewma_w6_h3,직구,705,7476.5694164845045,9273.670399558418
2024,9,ewma_w6_h3,체인지업,137,813.6722503948108,1387.2916794990138
2024,9,ewma_w6_h3,커브,130,1134.0649014001028,845.1963190615327
2024,9,ewma_w6_h3,커터,55,748.4298110580661,524.6047513597122
2024,9,ewma_w6_h3,투심,111,816.4246095364788,1965.013866891607
2024,9,ewma_w6_h3,포크,141,1600.358566540541,1350.8006166406576
2024,9,precision_h0.5_q0.25,슬라이더,370,3061.594940796592,3316.4272398118146
2024,9,precision_h0.5_q0.25,직구,705,6853.43834030882,8222.887602695911
2024,9,precision_h0.5_q0.25,체인지업,137,774.738641199157,1205.4931038952318
2024,9,precision_h0.5_q0.25,커브,130,1023.7867960546239,742.887151561764
2024,9,precision_h0.5_q0.25,커터,55,725.9090441399213,462.8067296369947
2024,9,precision_h0.5_q0.25,투심,111,792.679539746507,1816.7885942214507
2024,9,precision_h0.5_q0.25,포크,141,1504.3733667935228,1217.0749003624412
2024,9,precision_h0.5_q1,슬라이더,370,3079.691771944931,3280.210398740145
2024,9,precision_h0.5_q1,직구,705,6860.118460915094,8158.400081824394
2024,9,precision_h0.5_q1,체인지업,137,788.2214142284704,1192.6178970016026
2024,9,precision_h0.5_q1,커브,130,1029.7882624531885,734.4539961008713
2024,9,precision_h0.5_q1,커터,55,727.1063295824467,459.32225499030744
2024,9,precision_h0.5_q1,투심,111,798.4800612226853,1798.3569951734144
2024,9,precision_h0.5_q1,포크,141,1512.5133508799238,1212.6256750330822
2024,9,precision_h0.5_q2,슬라이더,370,3082.9630525755692,3273.822028905176
2024,9,precision_h0.5_q2,직구,705,6861.275606942347,8148.0727599131105
2024,9,precision_h0.5_q2,체인지업,137,790.4425830374716,1190.0138879148076
2024,9,precision_h0.5_q2,커브,130,1031.2176473026313,733.0369199157119
2024,9,precision_h0.5_q2,커터,55,727.2786632688598,458.94022888607714
2024,9,precision_h0.5_q2,투심,111,799.211980449738,1794.3082559686281
2024,9,precision_h0.5_q2,포크,141,1514.0887010884699,1211.8711103916612
2024,9,precision_h1_q0.25,슬라이더,370,3019.031046552448,3486.2756804939827
2024,9,precision_h1_q0.25,직구,705,6941.1172599206075,8523.571093926439
2024,9,precision_h1_q0.25,체인지업,137,750.0969156154739,1269.959975506726
2024,9,precision_h1_q0.25,커브,130,1024.1137928505948,781.4934498847776
2024,9,precision_h1_q0.25,커터,55,726.5829166430229,481.61247357679304
2024,9,precision_h1_q0.25,투심,111,783.6771543221789,1884.6354754513998
2024,9,precision_h1_q0.25,포크,141,1498.3764815940497,1253.8851114539189
2024,9,precision_h1_q1,슬라이더,370,3032.4413148711137,3364.7318138744613
2024,9,precision_h1_q1,직구,705,6893.919795153738,8310.597292580747
2024,9,precision_h1_q1,체인지업,137,766.0769006972773,1221.1489521355575
2024,9,precision_h1_q1,커브,130,1020.2199218162265,751.3561431255066
2024,9,precision_h1_q1,커터,55,726.4175505002395,469.85019679746904
2024,9,precision_h1_q1,투심,111,792.2741082501387,1826.5218593680029
2024,9,precision_h1_q1,포크,141,1498.8737027149855,1230.2972427799887
2024,9,precision_h1_q2,슬라이더,370,3036.5845189958172,3344.6488389060205
2024,9,precision_h1_q2,직구,705,6889.471146437591,8277.993181547508
2024,9,precision_h1_q2,체인지업,137,769.2491766480719,1212.417539625178
2024,9,precision_h1_q2,커브,130,1021.2264186334279,746.4395845983531
2024,9,precision_h1_q2,커터,55,726.4729702297559,468.46681495277596
2024,9,precision_h1_q2,투심,111,793.4890919039536,1814.7599401578166
2024,9,precision_h1_q2,포크,141,1500.2176303659576,1226.8414584709917
2024,9,precision_h2_q0.25,슬라이더,370,3048.064059565325,3704.223301364377
2024,9,precision_h2_q0.25,직구,705,7155.217439083946,8944.756634097017
2024,9,precision_h2_q0.25,체인지업,137,760.7235338794987,1352.8769173232686
2024,9,precision_h2_q0.25,커브,130,1059.821186893536,828.7564525062874
2024,9,precision_h2_q0.25,커터,55,734.0343753343274,505.64441698208384
2024,9,precision_h2_q0.25,투심,111,788.9942136105584,1961.4792152880216
2024,9,precision_h2_q0.25,포크,141,1530.0011340247543,1307.0803960842568
2024,9,precision_h2_q1,슬라이더,370,3026.935350068039,3488.528736495946
2024,9,precision_h2_q1,직구,705,7002.286334577356,8549.520892023564
2024,9,precision_h2_q1,체인지업,137,763.9421874345574,1265.9556402138783
2024,9,precision_h2_q1,커브,130,1035.2930537240472,776.5487688506682
2024,9,precision_h2_q1,커터,55,729.0050774583808,483.94192038147906
2024,9,precision_h2_q1,투심,111,791.6246533941877,1869.0604766270776
2024,9,precision_h2_q1,포크,141,1509.4097472221556,1259.3136137172935
2024,9,precision_h2_q2,슬라이더,370,3027.737874999424,3451.7752361103894
2024,9,precision_h2_q2,직구,705,6985.433573587721,8487.630052362569
2024,9,precision_h2_q2,체인지업,137,765.8309524592662,1249.8505380464421
2024,9,precision_h2_q2,커브,130,1033.7820276679818,767.3387549456866
2024,9,precision_h2_q2,커터,55,728.5131109880047,481.0650107729033
2024,9,precision_h2_q2,투심,111,792.4798100033887,1849.3153060981645
2024,9,precision_h2_q2,포크,141,1508.2453958635679,1252.0372325292783
2024,9,ema_a0.5,슬라이더,370,3047.0637712608896,3502.863612228124
2024,9,ema_a0.5,직구,705,7069.985497805651,8581.065442290837
2024,9,ema_a0.5,체인지업,137,767.5494553451736,1265.375644192583
2024,9,ema_a0.5,커브,130,1053.2688797615806,776.377813709921
2024,9,ema_a0.5,커터,55,730.2348449546431,487.90521058590576
2024,9,ema_a0.5,투심,111,791.1039153007517,1858.214576892426
2024,9,ema_a0.5,포크,141,1533.1799635509833,1266.241670082873
2024,9,ema_a0.75,슬라이더,370,3052.833834776089,3311.7219194231097
2024,9,ema_a0.75,직구,705,6884.760680750539,8206.36059088646
2024,9,ema_a0.75,체인지업,137,774.2628407470406,1199.77678028188
2024,9,ema_a0.75,커브,130,1026.404915710004,740.2380843755504
2024,9,ema_a0.75,커터,55,725.9200597856837,465.13384935138964
2024,9,ema_a0.75,투심,111,793.1086931751963,1799.8462849779164
2024,9,ema_a0.75,포크,141,1511.6630146950492,1221.6008137582248
2024,9,ema_a0.9,슬라이더,370,3100.675173852918,3260.7532802418978
2024,9,ema_a0.9,직구,705,6869.565408540446,8121.960070347234
2024,9,ema_a0.9,체인지업,137,798.345225894319,1186.0295284356573
2024,9,ema_a0.9,커브,130,1039.0113500204825,730.805550675348
2024,9,ema_a0.9,커터,55,727.541486296755,457.1461158445103
2024,9,ema_a0.9,투심,111,800.31801709185,1789.8821506466456
2024,9,ema_a0.9,포크,141,1524.3257717606275,1210.4130354383951
2024,9,kalman_q0.25,슬라이더,370,3019.766558559395,3745.1620273310664
2024,9,kalman_q0.25,직구,705,7135.173302521307,9028.807825444039
2024,9,kalman_q0.25,체인지업,137,742.9144131245598,1370.7132325834777
2024,9,kalman_q0.25,커브,130,1037.2964378184001,818.0534823696235
2024,9,kalman_q0.25,커터,55,733.9956842647863,501.7382023263405
2024,9,kalman_q0.25,투심,111,778.103060043579,1972.715118254461
2024,9,kalman_q0.25,포크,141,1528.237810934222,1316.1823177731062
2024,9,kalman_q0.5,슬라이더,370,3008.768848200986,3463.3649529967192
2024,9,kalman_q0.5,직구,705,6873.3240142615305,8521.88653334919
2024,9,kalman_q0.5,체인지업,137,737.3316485535931,1259.475604798159
2024,9,kalman_q0.5,커브,130,994.8065146255503,756.7442597280433
2024,9,kalman_q0.5,커터,55,724.6680796903577,473.8611039805305
2024,9,kalman_q0.5,투심,111,784.5453814738742,1886.9597236102782
2024,9,kalman_q0.5,포크,141,1485.1639876959996,1240.1657590069333
2024,9,kalman_q1,슬라이더,370,3074.070783600575,3318.0473002861672
2024,9,kalman_q1,직구,705,6833.060357993384,8249.480467018213
2024,9,kalman_q1,체인지업,137,774.3972491457221,1206.7265442408154
2024,9,kalman_q1,커브,130,1015.5549445193296,732.1709850240542
2024,9,kalman_q1,커터,55,725.1999866752744,459.5640823130828
2024,9,kalman_q1,투심,111,797.3099954811104,1831.861959433482
2024,9,kalman_q1,포크,141,1503.5185340954895,1211.081998324892
2024,9,kalman_q2,슬라이더,370,3116.70912720069,3263.8227234111346
2024,9,kalman_q2,직구,705,6859.9962537761385,8139.162356441737
2024,9,kalman_q2,체인지업,137,802.1858944511541,1189.480863616869
2024,9,kalman_q2,커브,130,1039.2328054171114,728.1686087370285
2024,9,kalman_q2,커터,55,727.6167477280952,454.60945965476566
2024,9,kalman_q2,투심,111,803.1797864126307,1803.9301662141636
2024,9,kalman_q2,포크,141,1525.046469062484,1206.5712257345886
2024,9,kalman_q4,슬라이더,370,3132.16218264873,3248.6899447301653
2024,9,kalman_q4,직구,705,6876.7451029354215,8106.567458626776
2024,9,kalman_q4,체인지업,137,812.4656862728485,1185.197405360384
2024,9,kalman_q4,커브,130,1048.6093078074737,728.529038292969
2024,9,kalman_q4,커터,55,728.7952454712635,453.4637002867925
2024,9,kalman_q4,투심,111,805.0345454795352,1794.075313278824
2024,9,kalman_q4,포크,141,1533.5567638196576,1206.7487653094167
2024,9,adaptive_q0.5,슬라이더,370,3008.483184278001,3447.5082813792133
2024,9,adaptive_q0.5,직구,705,6863.417885065006,8490.489524369128
2024,9,adaptive_q0.5,체인지업,137,729.6795494637598,1251.794002697051
2024,9,adaptive_q0.5,커브,130,986.709945462276,754.5683557151935
2024,9,adaptive_q0.5,커터,55,723.8254430155856,473.26391392029325
2024,9,adaptive_q0.5,투심,111,784.6955073623565,1879.8728584460926
2024,9,adaptive_q0.5,포크,141,1477.3019012921388,1233.6227150985244
2024,9,adaptive_q1,슬라이더,370,3074.070783600575,3318.0473002861672
2024,9,adaptive_q1,직구,705,6833.060357993384,8249.480467018213
2024,9,adaptive_q1,체인지업,137,774.3972491457221,1206.7265442408154
2024,9,adaptive_q1,커브,130,1015.5549445193296,732.1709850240542
2024,9,adaptive_q1,커터,55,725.1999866752744,459.5640823130828
2024,9,adaptive_q1,투심,111,797.3099954811104,1831.861959433482
2024,9,adaptive_q1,포크,141,1503.5185340954895,1211.081998324892
2024,9,adaptive_q2,슬라이더,370,3116.70912720069,3263.8227234111346
2024,9,adaptive_q2,직구,705,6859.9962537761385,8139.162356441737
2024,9,adaptive_q2,체인지업,137,802.1858944511541,1189.480863616869
2024,9,adaptive_q2,커브,130,1039.2328054171114,728.1686087370285
2024,9,adaptive_q2,커터,55,727.6167477280952,454.60945965476566
2024,9,adaptive_q2,투심,111,803.1797864126307,1803.9301662141636
2024,9,adaptive_q2,포크,141,1525.046469062484,1206.5712257345886
2024,9,trend_d0.25,슬라이더,370,3247.9310272770135,3232.679949812714
2024,9,trend_d0.25,직구,705,6966.629033289119,8074.2799919843055
2024,9,trend_d0.25,체인지업,137,865.3757254562842,1190.6597938580423
2024,9,trend_d0.25,커브,130,1094.506942649635,732.88394958868
2024,9,trend_d0.25,커터,55,734.4999053496955,445.4524900586835
2024,9,trend_d0.25,투심,111,820.6577364433264,1801.012049724818
2024,9,trend_d0.25,포크,141,1579.4047213558815,1207.45896810044
2024,9,trend_d0.5,슬라이더,370,3382.463788906709,3260.976640961998
2024,9,trend_d0.5,직구,705,7096.0849111434945,8118.976347731739
2024,9,trend_d0.5,체인지업,137,922.1043984129974,1211.8456692564178
2024,9,trend_d0.5,커브,130,1144.911827054814,745.2751957636402
2024,9,trend_d0.5,커터,55,741.9229546426025,440.83853388429674
2024,9,trend_d0.5,투심,111,841.5593618252833,1820.8201787885155
2024,9,trend_d0.5,포크,141,1632.1538555154061,1217.5818695531093
2024,9,monthly_w28_hflat,슬라이더,370,3146.6456901904185,3191.637696839059
2024,9,monthly_w28_hflat,직구,705,6976.995325025548,7987.129267590624
2024,9,monthly_w28_hflat,체인지업,137,803.5830612377692,1150.2140499569161
2024,9,monthly_w28_hflat,커브,130,1011.4374897321507,716.901161565135
2024,9,monthly_w28_hflat,커터,55,731.4954878348342,450.6684948599973
2024,9,monthly_w28_hflat,투심,111,829.1527825141037,1782.220091471619
2024,9,monthly_w28_hflat,포크,141,1517.1407850699486,1172.8647815915324
2024,9,monthly_w28_h14,슬라이더,370,3194.511631782132,3239.5727778492237
2024,9,monthly_w28_h14,직구,705,7016.483996326949,7973.385958463699
2024,9,monthly_w28_h14,체인지업,137,841.138915316911,1186.9587586026519
2024,9,monthly_w28_h14,커브,130,1070.1960189680003,746.6843484333824
2024,9,monthly_w28_h14,커터,55,732.4323832749358,449.0164459664497
2024,9,monthly_w28_h14,투심,111,817.4005442316186,1829.5476995209867
2024,9,monthly_w28_h14,포크,141,1546.1020320481848,1170.96060035166
2024,9,monthly_w28_h28,슬라이더,370,3167.4419513277753,3208.9617687341774
2024,9,monthly_w28_h28,직구,705,6993.548100822016,7966.441367662649
2024,9,monthly_w28_h28,체인지업,137,820.8795289456324,1166.3434306205718
2024,9,monthly_w28_h28,커브,130,1039.4403176643978,729.7205254938883
2024,9,monthly_w28_h28,커터,55,731.4516153346881,448.93393921284337
2024,9,monthly_w28_h28,투심,111,822.604012944242,1803.4737027013607
2024,9,monthly_w28_h28,포크,141,1530.8409975728082,1169.6069671845055
2024,9,monthly_w28_h28_huber,슬라이더,370,3199.976690455878,3196.012791517028
2024,9,monthly_w28_h28_huber,직구,705,6994.039945701501,7951.646193545563
2024,9,monthly_w28_h28_huber,체인지업,137,828.6280812918067,1158.9861041310876
2024,9,monthly_w28_h28_huber,커브,130,1048.118664365873,725.1862502105469
2024,9,monthly_w28_h28_huber,커터,55,727.8050147118165,449.13510423564844
2024,9,monthly_w28_h28_huber,투심,111,825.1596061054807,1789.8126367334849
2024,9,monthly_w28_h28_huber,포크,141,1542.8410403746457,1163.1527821874279
2024,9,monthly_w56_hflat,슬라이더,370,3040.871484980413,3305.0875114742216
2024,9,monthly_w56_hflat,직구,705,6975.878522384736,8217.413613470948
2024,9,monthly_w56_hflat,체인지업,137,779.0344822859612,1182.8623142670867
2024,9,monthly_w56_hflat,커브,130,1020.0167851281467,737.423836020587
2024,9,monthly_w56_hflat,커터,55,729.8210209293317,472.1144432586523
2024,9,monthly_w56_hflat,투심,111,801.9422163224227,1774.6066550811195
2024,9,monthly_w56_hflat,포크,141,1534.987583240218,1205.108279061774
2024,9,monthly_w56_h14,슬라이더,370,3148.5274480284315,3260.4664859908853
2024,9,monthly_w56_h14,직구,705,6982.300215931649,8056.238297215092
2024,9,monthly_w56_h14,체인지업,137,831.6851588149557,1192.0682990503751
2024,9,monthly_w56_h14,커브,130,1073.2336496207968,749.4187768032477
2024,9,monthly_w56_h14,커터,55,731.5786916513263,457.8518241022246
2024,9,monthly_w56_h14,투심,111,805.2988465799107,1815.5070403224427
2024,9,monthly_w56_h14,포크,141,1551.410069391701,1180.5972529460073
2024,9,monthly_w56_h28,슬라이더,370,3090.792149927938,3265.8923557254634
2024,9,monthly_w56_h28,직구,705,6959.407279780355,8114.012375095697
2024,9,monthly_w56_h28,체인지업,137,803.8749518765675,1181.6159574483036
2024,9,monthly_w56_h28,커브,130,1042.4451389095802,739.4704599290579
2024,9,monthly_w56_h28,커터,55,730.0564612335739,463.4914334181806
2024,9,monthly_w56_h28,투심,111,803.7798776071899,1790.0152605246044
2024,9,monthly_w56_h28,포크,141,1539.3903708409089,1189.2407182856587
2024,9,monthly_w56_h28_huber,슬라이더,370,3103.33500921383,3250.6031407138157
2024,9,monthly_w56_h28_huber,직구,705,6965.383890230353,8099.660742897691
2024,9,monthly_w56_h28_huber,체인지업,137,807.8315648739527,1170.5583681549215
2024,9,monthly_w56_h28_huber,커브,130,1043.861759347424,734.940388090984
2024,9,monthly_w56_h28_huber,커터,55,729.0137087099646,464.04208249042085
2024,9,monthly_w56_h28_huber,투심,111,807.3609856123198,1773.3960944200235
2024,9,monthly_w56_h28_huber,포크,141,1546.9034416290042,1183.0713094472944
2024,9,monthly_w84_hflat,슬라이더,370,3002.5915623240817,3521.7536217273814
2024,9,monthly_w84_hflat,직구,705,7127.063922660131,8677.884332144999
2024,9,monthly_w84_hflat,체인지업,137,718.2891085487659,1259.416247746668
2024,9,monthly_w84_hflat,커브,130,1017.1528505237653,788.8321421901419
2024,9,monthly_w84_hflat,커터,55,733.2710505717752,495.0585843794701
2024,9,monthly_w84_hflat,투심,111,781.2214328528788,1854.7847853389435
2024,9,monthly_w84_hflat,포크,141,1517.5649096007253,1260.8127699742713
2024,9,monthly_w84_h14,슬라이더,370,3125.7956117616577,3281.284406232818
2024,9,monthly_w84_h14,직구,705,6961.203117769839,8112.918963542788
2024,9,monthly_w84_h14,체인지업,137,815.1245046517056,1197.4512553938143
2024,9,monthly_w84_h14,커브,130,1066.6921093173469,753.255822565691
2024,9,monthly_w84_h14,커터,55,729.703457293868,461.4916211447174
2024,9,monthly_w84_h14,투심,111,797.3085690497825,1822.7029802248026
2024,9,monthly_w84_h14,포크,141,1540.6120409874193,1185.9837575914821
2024,9,monthly_w84_h28,슬라이더,370,3044.427689772184,3345.769698258389
2024,9,monthly_w84_h28,직구,705,6957.777322313012,8299.503485135267
2024,9,monthly_w84_h28,체인지업,137,765.1123955954347,1206.972794067192
2024,9,monthly_w84_h28,커브,130,1031.3670486426477,756.1579827083981
2024,9,monthly_w84_h28,커터,55,727.7265094600895,473.4701193591344
2024,9,monthly_w84_h28,투심,111,786.1297543100981,1818.0895052756373
2024,9,monthly_w84_h28,포크,141,1519.3706094025874,1210.3651769177425
2024,9,monthly_w84_h28_huber,슬라이더,370,3050.6717351992374,3330.3396508743326
2024,9,monthly_w84_h28_huber,직구,705,6955.262458157904,8280.12439455548
2024,9,monthly_w84_h28_huber,체인지업,137,768.2555715175005,1196.1033527482837
2024,9,monthly_w84_h28_huber,커브,130,1030.2641885137834,751.4558882502422
2024,9,monthly_w84_h28_huber,커터,55,726.8926875621155,473.9655391042225
2024,9,monthly_w84_h28_huber,투심,111,789.901672761019,1803.2258164588357
2024,9,monthly_w84_h28_huber,포크,141,1523.765528059328,1203.3953409504436
2024,9,weekly_w28_hflat,슬라이더,370,3393.306187747543,3184.271996934052
2024,9,weekly_w28_hflat,직구,705,7574.44358490336,7572.039080032257
2024,9,weekly_w28_hflat,체인지업,137,913.6038246832063,1181.5287949561439
2024,9,weekly_w28_hflat,커브,130,1242.494857580335,801.1929323586402
2024,9,weekly_w28_hflat,커터,55,792.8014289495948,460.98965483779165
2024,9,weekly_w28_hflat,투심,111,840.9606149048476,1729.3904249037835
2024,9,weekly_w28_hflat,포크,141,1660.30340395077,1129.9255124226756
2024,9,weekly_w28_h14,슬라이더,370,3367.579807772325,3202.478632630113
2024,9,weekly_w28_h14,직구,705,7488.030218239393,7460.866463369693
2024,9,weekly_w28_h14,체인지업,137,904.1373232045908,1177.072941426488
2024,9,weekly_w28_h14,커브,130,1213.270893515192,795.1256446664665
2024,9,weekly_w28_h14,커터,55,783.7403324807312,457.24093457233823
2024,9,weekly_w28_h14,투심,111,835.0992655005431,1715.0342738279962
2024,9,weekly_w28_h14,포크,141,1640.244517162745,1121.1002947368333
2024,9,weekly_w28_h28,슬라이더,370,3376.988582106209,3190.3722960874084
2024,9,weekly_w28_h28,직구,705,7524.075025944778,7510.512504161357
2024,9,weekly_w28_h28,체인지업,137,907.2497632841189,1178.011021478278
2024,9,weekly_w28_h28,커브,130,1226.5832055630913,797.0693316468548
2024,9,weekly_w28_h28,커터,55,787.5347860243787,458.4169350463015
2024,9,weekly_w28_h28,투심,111,837.4493711887017,1721.1435083061153
2024,9,weekly_w28_h28,포크,141,1648.5737518443325,1124.3880216280713
2024,9,weekly_w28_h28_huber,슬라이더,370,3411.3198262604283,3183.1191582083425
2024,9,weekly_w28_h28_huber,직구,705,7634.263030104823,7500.669844011266
2024,9,weekly_w28_h28_huber,체인지업,137,913.2642541983212,1170.9339442326682
2024,9,weekly_w28_h28_huber,커브,130,1242.910835638249,802.9250439067492
2024,9,weekly_w28_h28_huber,커터,55,795.1826495082745,460.9610923773015
2024,9,weekly_w28_h28_huber,투심,111,846.4549739820218,1713.6560559700551
2024,9,weekly_w28_h28_huber,포크,141,1666.4546681638094,1121.0579497590459
2024,9,weekly_w56_hflat,슬라이더,370,3065.7404824682453,3292.445979704273
2024,9,weekly_w56_hflat,직구,705,7020.996896825484,7996.038368310343
2024,9,weekly_w56_hflat,체인지업,137,796.0503115739214,1210.9722808441106
2024,9,weekly_w56_hflat,커브,130,1052.024355099136,733.6682168747624
2024,9,weekly_w56_hflat,커터,55,750.6171739850744,466.27017471709274
2024,9,weekly_w56_hflat,투심,111,805.2344780399142,1767.2008285043787
2024,9,weekly_w56_hflat,포크,141,1572.2916201057094,1184.5432885954197
2024,9,weekly_w56_h14,슬라이더,370,3201.687183350436,3197.546405705837
2024,9,weekly_w56_h14,직구,705,7220.367446954472,7650.816098315543
2024,9,weekly_w56_h14,체인지업,137,836.7447930858924,1178.9105184789364
2024,9,weekly_w56_h14,커브,130,1114.3764544171363,737.1506883803424
2024,9,weekly_w56_h14,커터,55,775.2939068587518,455.3625197890873
2024,9,weekly_w56_h14,투심,111,814.0164348429404,1740.9379278584781
2024,9,weekly_w56_h14,포크,141,1594.2744837635087,1138.5333137395733
2024,9,weekly_w56_h28,슬라이더,370,3133.817130213074,3229.303683364869
2024,9,weekly_w56_h28,직구,705,7122.050430228335,7807.280497755491
2024,9,weekly_w56_h28,체인지업,137,815.7911117781067,1191.0402724236478
2024,9,weekly_w56_h28,커브,130,1083.5986370348755,731.8144460848471
2024,9,weekly_w56_h28,커터,55,763.9145890658806,459.59014240438296
2024,9,weekly_w56_h28,투심,111,809.7423301181532,1753.5089568802057
2024,9,weekly_w56_h28,포크,141,1581.9879036543211,1158.0281709444305
2024,9,weekly_w56_h28_huber,슬라이더,370,3154.552775831234,3221.868589415688
2024,9,weekly_w56_h28_huber,직구,705,7160.5962972451525,7815.445354120428
2024,9,weekly_w56_h28_huber,체인지업,137,820.2267618317574,1187.0591256279045
2024,9,weekly_w56_h28_huber,커브,130,1089.7328885918864,732.1335638827336
2024,9,weekly_w56_h28_huber,커터,55,762.7352761336836,461.92585939869355
2024,9,weekly_w56_h28_huber,투심,111,817.1672572447727,1747.622752167835
2024,9,weekly_w56_h28_huber,포크,141,1595.1225068166889,1157.0494794019742
2024,9,weekly_w84_hflat,슬라이더,370,2976.51549759939,3388.478552788707
2024,9,weekly_w84_hflat,직구,705,6981.016389221302,8234.539763179042
2024,9,weekly_w84_hflat,체인지업,137,743.3712631118938,1215.0041487569079
2024,9,weekly_w84_hflat,커브,130,1023.4208708767334,743.093584166746
2024,9,weekly_w84_hflat,커터,55,726.9591835857517,471.91800707763053
2024,9,weekly_w84_hflat,투심,111,789.5673080515671,1786.357501705412
2024,9,weekly_w84_hflat,포크,141,1533.4485989331974,1210.2046736775967
2024,9,weekly_w84_h14,슬라이더,370,3169.575736813991,3202.742006999164
2024,9,weekly_w84_h14,직구,705,7171.192557590406,7685.492074627122
2024,9,weekly_w84_h14,체인지업,137,818.7504637224034,1174.268424062866
2024,9,weekly_w84_h14,커브,130,1100.4723841549885,734.7012647174641
2024,9,weekly_w84_h14,커터,55,768.3865359722008,457.0591059334641
2024,9,weekly_w84_h14,투심,111,809.0945656594151,1740.887603409974
2024,9,weekly_w84_h14,포크,141,1578.6340794551197,1140.3043419253509
2024,9,weekly_w84_h28,슬라이더,370,3066.7130264779835,3259.20474399871
2024,9,weekly_w84_h28,직구,705,7040.182368286198,7908.14137769909
2024,9,weekly_w84_h28,체인지업,137,779.6355061391254,1185.8123701348522
2024,9,weekly_w84_h28,커브,130,1058.2079741970815,730.5380264095767
2024,9,weekly_w84_h28,커터,55,748.7393053122196,463.36817410231464
2024,9,weekly_w84_h28,투심,111,798.8111590275228,1756.6000409827948
2024,9,weekly_w84_h28,포크,141,1551.6472338533138,1166.4769343244857
2024,9,weekly_w84_h28_huber,슬라이더,370,3080.611453119629,3248.005187177524
2024,9,weekly_w84_h28_huber,직구,705,7063.833419430066,7904.421571766034
2024,9,weekly_w84_h28_huber,체인지업,137,782.640767169878,1178.4835774389749
2024,9,weekly_w84_h28_huber,커브,130,1061.1115953095837,728.1373541538418
2024,9,weekly_w84_h28_huber,커터,55,748.0551232541162,465.115806031947
2024,9,weekly_w84_h28_huber,투심,111,804.7272425071334,1746.677551648896
2024,9,weekly_w84_h28_huber,포크,141,1559.8384162719663,1162.9891641541722
2024,9,weekly_w56_h7,슬라이더,370,3306.9434808773076,3210.9194739765953
2024,9,weekly_w56_h7,직구,705,7347.807745307735,7472.021439320457
2024,9,weekly_w56_h7,체인지업,137,875.746888228126,1177.300890111861
2024,9,weekly_w56_h7,커브,130,1158.7412599316724,761.8938318936991
2024,9,weekly_w56_h7,커터,55,788.4475092625499,454.75028705567354
2024,9,weekly_w56_h7,투심,111,821.6082016012224,1724.5029194754736
2024,9,weekly_w56_h7,포크,141,1615.101061842292,1125.2451719313235
2024,9,weekly_w56_h10,슬라이더,370,3248.864050820536,3193.2091943112623
2024,9,weekly_w56_h10,직구,705,7282.162252208726,7558.257266187931
2024,9,weekly_w56_h10,체인지업,137,852.8937200994496,1175.1719694994515
2024,9,weekly_w56_h10,커브,130,1135.0076454901794,745.6979385191314
2024,9,weekly_w56_h10,커터,55,781.9926319648013,453.9533229308802
2024,9,weekly_w56_h10,투심,111,817.1088052904872,1732.850449838622
2024,9,weekly_w56_h10,포크,141,1603.2743420899042,1129.4122783638936
2024,9,weekly_w56_h21,슬라이더,370,3157.145531366624,3215.14697932702
2024,9,weekly_w56_h21,직구,705,7156.607479777601,7750.512529086476
2024,9,weekly_w56_h21,체인지업,137,822.7779083178801,1186.0458655105876
2024,9,weekly_w56_h21,커브,130,1094.2795988401708,732.8041233680942
2024,9,weekly_w56_h21,커터,55,768.0253569297862,457.8782880027131
2024,9,weekly_w56_h21,투심,111,811.2162570686879,1749.0852951304657
2024,9,weekly_w56_h21,포크,141,1586.0520128610435,1150.5743192473724
2024,9,weekly_w84_h7,슬라이더,370,3303.0218016580793,3210.094849774354
2024,9,weekly_w84_h7,직구,705,7341.512785112886,7474.829154866314
2024,9,weekly_w84_h7,체인지업,137,873.0984017300866,1176.2756591759808
2024,9,weekly_w84_h7,커브,130,1156.6241242751541,761.1207845059621
2024,9,weekly_w84_h7,커터,55,787.7536033871389,454.89656340938046
2024,9,weekly_w84_h7,투심,111,821.0225325664117,1724.4020415196562
2024,9,weekly_w84_h7,포크,141,1612.9561627636153,1125.0780857874188
2024,9,weekly_w84_h10,슬라이더,370,3234.1324249605814,3193.2659079138207
2024,9,weekly_w84_h10,직구,705,7258.298092837087,7571.622349666232
2024,9,weekly_w84_h10,체인지업,137,844.0773424747476,1172.361952201888
2024,9,weekly_w84_h10,커브,130,1127.9916077517873,743.9255947087382
2024,9,weekly_w84_h10,커터,55,778.9743675024396,454.6666852826218
2024,9,weekly_w84_h10,투심,111,814.9217853376649,1732.609369635275
2024,9,weekly_w84_h10,포크,141,1595.7355221906919,1129.6275315579253
2024,9,weekly_w84_h21,슬라이더,370,3102.5732474643164,3233.252586269219
2024,9,weekly_w84_h21,직구,705,7082.588679845174,7822.4783626377575
2024,9,weekly_w84_h21,체인지업,137,793.2292478666175,1180.4363966604456
2024,9,weekly_w84_h21,커브,130,1072.6320030320842,730.6012532308482
2024,9,weekly_w84_h21,커터,55,755.9353115705749,460.89197097993394
2024,9,weekly_w84_h21,투심,111,802.5180027893142,1750.39118027994
2024,9,weekly_w84_h21,포크,141,1560.7419682889588,1155.8968386201536
2024,9,weekly_w112_h7,슬라이더,370,3302.740985229302,3210.30304732997
2024,9,weekly_w112_h7,직구,705,7341.471536582865,7475.308631860311
2024,9,weekly_w112_h7,체인지업,137,872.8761492608019,1176.3066160256126
2024,9,weekly_w112_h7,커브,130,1156.5593595465728,761.1497341780225
2024,9,weekly_w112_h7,커터,55,787.7650525403421,454.916074096175
2024,9,weekly_w112_h7,투심,111,820.9483885899316,1724.5208872145972
2024,9,weekly_w112_h7,포크,141,1612.8691562144866,1125.12581794085
2024,9,weekly_w112_h10,슬라이더,370,3231.941538666767,3195.633464751171
2024,9,weekly_w112_h10,직구,705,7257.519100167722,7576.1080118470945
2024,9,weekly_w112_h10,체인지업,137,842.5073254063876,1172.9147296136568
2024,9,weekly_w112_h10,커브,130,1127.487807070418,744.4268139052822
2024,9,weekly_w112_h10,커터,55,778.9124210922002,454.92509709666973
2024,9,weekly_w112_h10,투심,111,814.3308420334876,1733.6723417868754
2024,9,weekly_w112_h10,포크,141,1595.0392011923589,1130.1602417469194
2024,9,weekly_w112_h21,슬라이더,370,3088.9796099981522,3268.5398065415093
2024,9,weekly_w112_h21,직구,705,7087.880771023112,7879.440114838999
2024,9,weekly_w112_h21,체인지업,137,782.3234372595347,1191.972096168695
2024,9,weekly_w112_h21,커브,130,1070.9856566041644,739.681561031226
2024,9,weekly_w112_h21,커터,55,755.3744448421479,465.22706349428586
2024,9,weekly_w112_h21,투심,111,797.8507607159693,1763.7088310158013
2024,9,weekly_w112_h21,포크,141,1557.1361359409493,1163.8742160749646
2024,9,weekly_w112_h14,슬라이더,370,3162.4899299094704,3213.6240180632904
2024,9,weekly_w112_h14,직구,705,7169.4371466512275,7704.152398217102
2024,9,weekly_w112_h14,체인지업,137,813.722398353154,1177.35693623079
2024,9,weekly_w112_h14,커브,130,1099.0503685209703,737.3043478611576
2024,9,weekly_w112_h14,커터,55,768.0144603399534,458.3307372770904
2024,9,weekly_w112_h14,투심,111,807.0275294871949,1745.2537674590515
2024,9,weekly_w112_h14,포크,141,1576.4543682061865,1142.7451941719078
2024,9,weekly_w84_h3.5,슬라이더,370,3480.115532512799,3329.3884997706627
2024,9,weekly_w84_h3.5,직구,705,7562.528709039344,7465.210154955809
2024,9,weekly_w84_h3.5,체인지업,137,956.6462125554303,1211.43427472319
2024,9,weekly_w84_h3.5,커브,130,1218.1976297307874,807.4745916051005
2024,9,weekly_w84_h3.5,커터,55,803.0214104977663,471.93475348297306
2024,9,weekly_w84_h3.5,투심,111,842.0733562785526,1717.5661915160179
2024,9,weekly_w84_h3.5,포크,141,1669.2542063238695,1155.1626964653892
2024,9,weekly_w28_h7,슬라이더,370,3373.8599264074983,3242.0726595152273
2024,9,weekly_w28_h7,직구,705,7468.439594371375,7405.81149876862
2024,9,weekly_w28_h7,체인지업,137,909.3336226691422,1183.13314767278
2024,9,weekly_w28_h7,커브,130,1197.6794096305687,797.318797474523
2024,9,weekly_w28_h7,커터,55,781.1727377661487,459.0456583864647
2024,9,weekly_w28_h7,투심,111,834.3724966900422,1709.5719646301181
2024,9,weekly_w28_h7,포크,141,1635.7666722577433,1122.9814587615074
2024,9,weekly_w84_h14_huber,슬라이더,370,3197.7733955413814,3192.7141617396364
2024,9,weekly_w84_h14_huber,직구,705,7222.666564200128,7676.639025593594
2024,9,weekly_w84_h14_huber,체인지업,137,823.6528542735446,1168.9139665765688
2024,9,weekly_w84_h14_huber,커브,130,1106.1250181193072,734.7403912965417
2024,9,weekly_w84_h14_huber,커터,55,768.2202388607795,458.1837796226422
2024,9,weekly_w84_h14_huber,투심,111,817.4936662007833,1737.543801877096
2024,9,weekly_w84_h14_huber,포크,141,1591.49905107107,1135.248383531252
2024,9,daily_w84_h3.5,슬라이더,370,3449.947605783893,3405.3616737668945
2024,9,daily_w84_h3.5,직구,705,6607.95486729299,7557.79012304605
2024,9,daily_w84_h3.5,체인지업,137,897.3771366870725,1246.4988259707566
2024,9,daily_w84_h3.5,커브,130,1079.2844719892732,778.34696831405
2024,9,daily_w84_h3.5,커터,55,735.058511711758,490.21087127096126
2024,9,daily_w84_h3.5,투심,111,770.2684102476634,1669.5661351980273
2024,9,daily_w84_h3.5,포크,141,1507.8847178399953,1154.1741146206741
2024,9,daily_w56_h7,슬라이더,370,3239.6601900130386,3234.499648418837
2024,9,daily_w56_h7,직구,705,6647.9199425684255,7468.535278421682
2024,9,daily_w56_h7,체인지업,137,813.9290611997956,1181.6948210689957
2024,9,daily_w56_h7,커브,130,1047.4733568257666,750.3633754478767
2024,9,daily_w56_h7,커터,55,753.8344316475325,463.1500892706059
2024,9,daily_w56_h7,투심,111,770.2633369346057,1689.8115226793013
2024,9,daily_w56_h7,포크,141,1494.5145820270543,1132.0945408067691
2024,9,daily_w56_h14,슬라이더,370,3151.704813049699,3185.3663151376327
2024,9,daily_w56_h14,직구,705,6762.324100038783,7569.902382367423
2024,9,daily_w56_h14,체인지업,137,793.2935824494296,1166.8176633905427
2024,9,daily_w56_h14,커브,130,1042.7134270657953,733.4419103682748
2024,9,daily_w56_h14,커터,55,758.7832158718242,457.19586590924865
2024,9,daily_w56_h14,투심,111,782.6654312207488,1714.0299079481658
2024,9,daily_w56_h14,포크,141,1512.8139785205901,1135.6158142553184
2024,9,daily_w56_h28,슬라이더,370,3105.901681801827,3195.802336014981
2024,9,daily_w56_h28,직구,705,6814.7591698235265,7693.882449953955
2024,9,daily_w56_h28,체인지업,137,787.2071676829089,1169.0470443709664
2024,9,daily_w56_h28,커브,130,1039.7282740264347,727.6383928918217
2024,9,daily_w56_h28,커터,55,755.2204918508912,458.0724325714271
2024,9,daily_w56_h28,투심,111,789.8582809861338,1729.9601952875016
2024,9,daily_w56_h28,포크,141,1525.9345118511694,1149.5355511478906
2024,9,daily_w84_h7,슬라이더,370,3236.9242521448764,3234.0248532281057
2024,9,daily_w84_h7,직구,705,6647.810394231809,7470.998979270306
2024,9,daily_w84_h7,체인지업,137,812.3508733195506,1181.2352197721202
2024,9,daily_w84_h7,커브,130,1046.4382006168967,749.9568845788023
2024,9,daily_w84_h7,커터,55,753.4509328766899,463.3562577044264
2024,9,daily_w84_h7,투심,111,769.9679993010693,1689.8452611500995
2024,9,daily_w84_h7,포크,141,1493.9182685033397,1132.2296159672119
2024,9,daily_w84_h14,슬라이더,370,3131.289487004804,3193.8880074231
2024,9,daily_w84_h14,직구,705,6763.932402620882,7609.7173159072445
2024,9,daily_w84_h14,체인지업,137,782.525652578066,1167.2815973493475
2024,9,daily_w84_h14,커브,130,1035.8954327942065,731.5132318576846
2024,9,daily_w84_h14,커터,55,754.0453118890517,459.93844016746425
2024,9,daily_w84_h14,투심,111,780.6983277733549,1715.5530787023129
2024,9,daily_w84_h14,포크,141,1508.0470132560995,1138.8828282647085
2024,9,daily_w84_h28,슬라이더,370,3060.2889794716684,3235.4244553835547
2024,9,daily_w84_h28,직구,705,6828.112983388683,7815.383427534551
2024,9,daily_w84_h28,체인지업,137,764.0359680854563,1176.6258892400997
2024,9,daily_w84_h28,커브,130,1026.0904747103439,726.0809655826197
2024,9,daily_w84_h28,커터,55,743.4952010347423,465.79989362979427
2024,9,daily_w84_h28,투심,111,784.4786398167606,1736.5291084200546
2024,9,daily_w84_h28,포크,141,1514.8934662747984,1160.6132161574787
2024,9,fortnightly_w84_h7,슬라이더,370,3315.1315746188097,3181.8525121726507
2024,9,fortnightly_w84_h7,직구,705,7270.010468949381,7525.333282473257
2024,9,fortnightly_w84_h7,체인지업,137,879.8033155527587,1174.2493858212583
2024,9,fortnightly_w84_h7,커브,130,1189.9985651337108,759.2635573586145
2024,9,fortnightly_w84_h7,커터,55,769.1055895624779,471.4066727863028
2024,9,fortnightly_w84_h7,투심,111,828.6535916785181,1704.0545906145046
2024,9,fortnightly_w84_h7,포크,141,1611.3526088004216,1099.6854929633973
2024,9,fortnightly_w84_h14,슬라이더,370,3146.057929907328,3210.8418526849405
2024,9,fortnightly_w84_h14,직구,705,7061.806685671843,7766.117596020804
2024,9,fortnightly_w84_h14,체인지업,137,816.070154461195,1183.6892011690688
2024,9,fortnightly_w84_h14,커브,130,1106.367111619275,735.0544816773655
2024,9,fortnightly_w84_h14,커터,55,749.2153179213609,471.00080680043465
2024,9,fortnightly_w84_h14,투심,111,811.9040521976332,1733.6739561752104
2024,9,fortnightly_w84_h14,포크,141,1559.2860072390827,1132.059083581311
2024,9,fortnightly_w84_h28,슬라이더,370,3038.006508299426,3282.4885630590034
2024,9,fortnightly_w84_h28,직구,705,6967.625973049744,7985.342181079521
2024,9,fortnightly_w84_h28,체인지업,137,773.8557905891105,1198.2745463478577
2024,9,fortnightly_w84_h28,커브,130,1057.6984591723608,736.3560246268605
2024,9,fortnightly_w84_h28,커터,55,734.5843669023403,475.9508415948267
2024,9,fortnightly_w84_h28,투심,111,801.3353950668404,1753.1718567606797
2024,9,fortnightly_w84_h28,포크,141,1534.2358696566184,1166.3092650747308
2025,5,uncorrected,슬라이더,430,18357.659389462744,9122.8927479817
2025,5,uncorrected,직구,804,50864.861069210514,26009.77421331586
2025,5,uncorrected,체인지업,177,8832.89516560632,3338.4261645457295
2025,5,uncorrected,커브,161,4806.839121451584,2836.2199397213626
2025,5,uncorrected,커터,66,4034.2748582618988,1598.055480505835
2025,5,uncorrected,투심,128,9931.183344903753,4266.25469330329
2025,5,uncorrected,포크,163,8297.141873934026,4707.510315926958
2025,5,last_month,슬라이더,430,6246.342769668026,7072.925546761997
2025,5,last_month,직구,804,16967.51534960387,15089.567794491986
2025,5,last_month,체인지업,177,2274.430033630314,2468.0075473074166
2025,5,last_month,커브,161,1438.6366246082737,2032.365545884717
2025,5,last_month,커터,66,973.978297252396,829.682519491034
2025,5,last_month,투심,128,3437.322840384156,2027.4555210117812
2025,5,last_month,포크,163,2997.6964763436454,3079.021039446367
2025,5,season_to_date,슬라이더,430,6301.840755843983,7184.212261860657
2025,5,season_to_date,직구,804,18080.639601416122,15208.97276341922
2025,5,season_to_date,체인지업,177,2497.419495323814,2573.0116158267306
2025,5,season_to_date,커브,161,1421.7909419419154,2036.3342440329482
2025,5,season_to_date,커터,66,1021.2635350111937,896.5849157164434
2025,5,season_to_date,투심,128,3618.8243796548495,2159.262463674528
2025,5,season_to_date,포크,163,3162.7074636231346,3057.3468748064915
2025,5,ewma_w2_h0.25,슬라이더,430,6229.530880038119,7092.304020864271
2025,5,ewma_w2_h0.25,직구,804,17091.648199581647,15079.75327356018
2025,5,ewma_w2_h0.25,체인지업,177,2299.2777243282253,2489.5927528125285
2025,5,ewma_w2_h0.25,커브,161,1427.3941554821797,2031.7706918623392
2025,5,ewma_w2_h0.25,커터,66,976.9172359611999,838.3803513644622
2025,5,ewma_w2_h0.25,투심,128,3456.6383030399456,2041.9215074020312
2025,5,ewma_w2_h0.25,포크,163,3016.3373527488898,3074.1547469355396
2025,5,ewma_w2_h0.5,슬라이더,430,6213.61281259586,7186.274608684167
2025,5,ewma_w2_h0.5,직구,804,17436.48809007684,15148.150501363114
2025,5,ewma_w2_h0.5,체인지업,177,2370.5732350840076,2558.7686136662655
2025,5,ewma_w2_h0.5,커브,161,1409.298916634691,2048.415876706199
2025,5,ewma_w2_h0.5,커터,66,987.4929913241474,866.1667095309311
2025,5,ewma_w2_h0.5,투심,128,3513.227983934285,2089.5337960945794
2025,5,ewma_w2_h0.5,포크,163,3068.9009513596147,3084.4577859414985
2025,5,ewma_w2_h1,슬라이더,430,6230.248206990507,7336.549747147617
2025,5,ewma_w2_h1,직구,804,17822.993792922258,15331.94502137604
2025,5,ewma_w2_h1,체인지업,177,2453.0240640506827,2646.6198106744805
2025,5,ewma_w2_h1,커브,161,1403.728748350203,2087.564077481505
2025,5,ewma_w2_h1,커터,66,1002.0471523581762,901.3688129273532
2025,5,ewma_w2_h1,투심,128,3579.9382369350715,2151.2153001359934
2025,5,ewma_w2_h1,포크,163,3128.688510541405,3122.6838018959534
2025,5,ewma_w2_h2,슬라이더,430,6255.330203555657,7456.830523380176
2025,5,ewma_w2_h2,직구,804,18086.240346414816,15499.85840404399
2025,5,ewma_w2_h2,체인지업,177,2510.194292962853,2710.5698552782396
2025,5,ewma_w2_h2,커브,161,1405.8028923929653,2122.401232536505
2025,5,ewma_w2_h2,커터,66,1013.0370743055856,926.9635175100682
2025,5,ewma_w2_h2,투심,128,3626.683664976661,2196.5433291710215
2025,5,ewma_w2_h2,포크,163,3169.7575995417333,3159.3603729970437
2025,5,ewma_w2_h3,슬라이더,430,6266.771154301299,7504.0758367036
2025,5,ewma_w2_h3,직구,804,18183.414472601835,15568.622617812547
2025,5,ewma_w2_h3,체인지업,177,2531.4587889217114,2734.8292336093946
2025,5,ewma_w2_h3,커브,161,1407.4997157115868,2136.5579819350055
2025,5,ewma_w2_h3,커터,66,1017.2648006683884,936.6683603769378
2025,5,ewma_w2_h3,투심,128,3644.1469505765,2213.801991904367
2025,5,ewma_w2_h3,포크,163,3184.972982980793,3174.587686330542
2025,5,ewma_w3_h0.25,슬라이더,430,6229.530880038119,7092.304020864271
2025,5,ewma_w3_h0.25,직구,804,17091.648199581647,15079.75327356018
2025,5,ewma_w3_h0.25,체인지업,177,2299.2777243282253,2489.5927528125285
2025,5,ewma_w3_h0.25,커브,161,1427.3941554821797,2031.7706918623392
2025,5,ewma_w3_h0.25,커터,66,976.9172359611999,838.3803513644622
2025,5,ewma_w3_h0.25,투심,128,3456.6383030399456,2041.9215074020312
2025,5,ewma_w3_h0.25,포크,163,3016.3373527488898,3074.1547469355396
2025,5,ewma_w3_h0.5,슬라이더,430,6213.61281259586,7186.274608684167
2025,5,ewma_w3_h0.5,직구,804,17436.48809007684,15148.150501363114
2025,5,ewma_w3_h0.5,체인지업,177,2370.5732350840076,2558.7686136662655
2025,5,ewma_w3_h0.5,커브,161,1409.298916634691,2048.415876706199
2025,5,ewma_w3_h0.5,커터,66,987.4929913241474,866.1667095309311
2025,5,ewma_w3_h0.5,투심,128,3513.227983934285,2089.5337960945794
2025,5,ewma_w3_h0.5,포크,163,3068.9009513596147,3084.4577859414985
2025,5,ewma_w3_h1,슬라이더,430,6230.248206990507,7336.549747147617
2025,5,ewma_w3_h1,직구,804,17822.993792922258,15331.94502137604
2025,5,ewma_w3_h1,체인지업,177,2453.0240640506827,2646.6198106744805
2025,5,ewma_w3_h1,커브,161,1403.728748350203,2087.564077481505
2025,5,ewma_w3_h1,커터,66,1002.0471523581762,901.3688129273532
2025,5,ewma_w3_h1,투심,128,3579.9382369350715,2151.2153001359934
2025,5,ewma_w3_h1,포크,163,3128.688510541405,3122.6838018959534
2025,5,ewma_w3_h2,슬라이더,430,6255.330203555657,7456.830523380176
2025,5,ewma_w3_h2,직구,804,18086.240346414816,15499.85840404399
2025,5,ewma_w3_h2,체인지업,177,2510.194292962853,2710.5698552782396
2025,5,ewma_w3_h2,커브,161,1405.8028923929653,2122.401232536505
2025,5,ewma_w3_h2,커터,66,1013.0370743055856,926.9635175100682
2025,5,ewma_w3_h2,투심,128,3626.683664976661,2196.5433291710215
2025,5,ewma_w3_h2,포크,163,3169.7575995417333,3159.3603729970437
2025,5,ewma_w3_h3,슬라이더,430,6266.771154301299,7504.0758367036
2025,5,ewma_w3_h3,직구,804,18183.414472601835,15568.622617812547
2025,5,ewma_w3_h3,체인지업,177,2531.4587889217114,2734.8292336093946
2025,5,ewma_w3_h3,커브,161,1407.4997157115868,2136.5579819350055
2025,5,ewma_w3_h3,커터,66,1017.2648006683884,936.6683603769378
2025,5,ewma_w3_h3,투심,128,3644.1469505765,2213.801991904367
2025,5,ewma_w3_h3,포크,163,3184.972982980793,3174.587686330542
2025,5,ewma_w6_h0.25,슬라이더,430,6229.530880038119,7092.304020864271
2025,5,ewma_w6_h0.25,직구,804,17091.648199581647,15079.75327356018
2025,5,ewma_w6_h0.25,체인지업,177,2299.2777243282253,2489.5927528125285
2025,5,ewma_w6_h0.25,커브,161,1427.3941554821797,2031.7706918623392
2025,5,ewma_w6_h0.25,커터,66,976.9172359611999,838.3803513644622
2025,5,ewma_w6_h0.25,투심,128,3456.6383030399456,2041.9215074020312
2025,5,ewma_w6_h0.25,포크,163,3016.3373527488898,3074.1547469355396
2025,5,ewma_w6_h0.5,슬라이더,430,6213.61281259586,7186.274608684167
2025,5,ewma_w6_h0.5,직구,804,17436.48809007684,15148.150501363114
2025,5,ewma_w6_h0.5,체인지업,177,2370.5732350840076,2558.7686136662655
2025,5,ewma_w6_h0.5,커브,161,1409.298916634691,2048.415876706199
2025,5,ewma_w6_h0.5,커터,66,987.4929913241474,866.1667095309311
2025,5,ewma_w6_h0.5,투심,128,3513.227983934285,2089.5337960945794
2025,5,ewma_w6_h0.5,포크,163,3068.9009513596147,3084.4577859414985
2025,5,ewma_w6_h1,슬라이더,430,6230.248206990507,7336.549747147617
2025,5,ewma_w6_h1,직구,804,17822.993792922258,15331.94502137604
2025,5,ewma_w6_h1,체인지업,177,2453.0240640506827,2646.6198106744805
2025,5,ewma_w6_h1,커브,161,1403.728748350203,2087.564077481505
2025,5,ewma_w6_h1,커터,66,1002.0471523581762,901.3688129273532
2025,5,ewma_w6_h1,투심,128,3579.9382369350715,2151.2153001359934
2025,5,ewma_w6_h1,포크,163,3128.688510541405,3122.6838018959534
2025,5,ewma_w6_h2,슬라이더,430,6255.330203555657,7456.830523380176
2025,5,ewma_w6_h2,직구,804,18086.240346414816,15499.85840404399
2025,5,ewma_w6_h2,체인지업,177,2510.194292962853,2710.5698552782396
2025,5,ewma_w6_h2,커브,161,1405.8028923929653,2122.401232536505
2025,5,ewma_w6_h2,커터,66,1013.0370743055856,926.9635175100682
2025,5,ewma_w6_h2,투심,128,3626.683664976661,2196.5433291710215
2025,5,ewma_w6_h2,포크,163,3169.7575995417333,3159.3603729970437
2025,5,ewma_w6_h3,슬라이더,430,6266.771154301299,7504.0758367036
2025,5,ewma_w6_h3,직구,804,18183.414472601835,15568.622617812547
2025,5,ewma_w6_h3,체인지업,177,2531.4587889217114,2734.8292336093946
2025,5,ewma_w6_h3,커브,161,1407.4997157115868,2136.5579819350055
2025,5,ewma_w6_h3,커터,66,1017.2648006683884,936.6683603769378
2025,5,ewma_w6_h3,투심,128,3644.1469505765,2213.801991904367
2025,5,ewma_w6_h3,포크,163,3184.972982980793,3174.587686330542
2025,5,precision_h0.5_q0.25,슬라이더,430,6447.4752025830385,7234.024671867691
2025,5,precision_h0.5_q0.25,직구,804,17960.88570601277,15149.93857772649
2025,5,precision_h0.5_q0.25,체인지업,177,2439.4339582893617,2551.8558496212563
2025,5,precision_h0.5_q0.25,커브,161,1476.924735160413,2077.984471649964
2025,5,precision_h0.5_q0.25,커터,66,1034.3310749739126,850.0744048090692
2025,5,precision_h0.5_q0.25,투심,128,3627.5096650541104,2046.3716677406019
2025,5,precision_h0.5_q0.25,포크,163,3125.2927473303525,3101.0892048504084
2025,5,precision_h0.5_q1,슬라이더,430,6325.416000613508,7174.482602728694
2025,5,precision_h0.5_q1,직구,804,17559.448414648337,15102.34261195477
2025,5,precision_h0.5_q1,체인지업,177,2377.207334475199,2530.933574517091
2025,5,precision_h0.5_q1,커브,161,1445.7312874118718,2056.4087982774477
2025,5,precision_h0.5_q1,커터,66,1005.6370661232191,846.9514092353322
2025,5,precision_h0.5_q1,투심,128,3545.6462857082524,2047.3280731776697
2025,5,precision_h0.5_q1,포크,163,3076.2441001648995,3087.046661921291
2025,5,precision_h0.5_q2,슬라이더,430,6258.679153680354,7139.870734844745
2025,5,precision_h0.5_q2,직구,804,17340.087435148424,15089.621959063115
2025,5,precision_h0.5_q2,체인지업,177,2343.454333425482,2519.131666260139
2025,5,precision_h0.5_q2,커브,161,1428.9516344726028,2043.2024087153452
2025,5,precision_h0.5_q2,커터,66,989.6826401991977,846.7916288136616
2025,5,precision_h0.5_q2,투심,128,3501.5405528619895,2052.2768334764755
2025,5,precision_h0.5_q2,포크,163,3049.8408754250104,3078.9584488181454
2025,5,precision_h1_q0.25,슬라이더,430,6537.712076880131,7356.269580568178
2025,5,precision_h1_q0.25,직구,804,18479.439073172027,15205.398639705567
2025,5,precision_h1_q0.25,체인지업,177,2531.6065729314987,2617.1773808443304
2025,5,precision_h1_q0.25,커브,161,1493.4409819176149,2114.13463028681
2025,5,precision_h1_q0.25,커터,66,1063.0531960908063,868.0940451465084
2025,5,precision_h1_q0.25,투심,128,3727.7431233002667,2067.469984203404
2025,5,precision_h1_q0.25,포크,163,3195.876458591706,3119.9969609648238
2025,5,precision_h1_q1,슬라이더,430,6374.793970406974,7264.093108033912
2025,5,precision_h1_q1,직구,804,17959.701302548165,15143.610539584157
2025,5,precision_h1_q1,체인지업,177,2451.70631698921,2585.735680938802
2025,5,precision_h1_q1,커브,161,1450.1565907523527,2080.0241288876978
2025,5,precision_h1_q1,커터,66,1025.781614500273,863.7591122814285
2025,5,precision_h1_q1,투심,128,3618.9257612533142,2070.653848534541
2025,5,precision_h1_q1,포크,163,3132.109237790225,3099.577175209727
2025,5,precision_h1_q2,슬라이더,430,6275.933215424178,7213.994817413226
2025,5,precision_h1_q2,직구,804,17639.809874175357,15136.962687486774
2025,5,precision_h1_q2,체인지업,177,2402.1976835248392,2568.4124220431877
2025,5,precision_h1_q2,커브,161,1424.857348936216,2060.1840308315304
2025,5,precision_h1_q2,커터,66,1002.4625487789287,864.3245466128732
2025,5,precision_h1_q2,투심,128,3553.862233167636,2080.1957715034996
2025,5,precision_h1_q2,포크,163,3093.342812891742,3089.311704108286
2025,5,precision_h2_q0.25,슬라이더,430,6580.139606367842,7437.4844350699
2025,5,precision_h2_q0.25,직구,804,18758.113837500547,15248.626504028558
2025,5,precision_h2_q0.25,체인지업,177,2584.0114485700815,2661.525629743129
2025,5,precision_h2_q0.25,커브,161,1500.5495996235986,2138.911434051862
2025,5,precision_h2_q0.25,커터,66,1077.510546256654,881.3176096487167
2025,5,precision_h2_q0.25,투심,128,3781.3754095273116,2084.962202976872
2025,5,precision_h2_q0.25,포크,163,3235.367057103544,3133.765230105518
2025,5,precision_h2_q1,슬라이더,430,6404.325419497236,7331.015400460481
2025,5,precision_h2_q1,직구,804,18208.611516339435,15190.091440216036
2025,5,precision_h2_q1,체인지업,177,2500.431854122123,2626.0094591797806
2025,5,precision_h2_q1,커브,161,1452.9627643254346,2098.774561921128
2025,5,precision_h2_q1,커터,66,1037.7976546611849,876.9598707251795
2025,5,precision_h2_q1,투심,128,3664.4409347955534,2090.7002584461293
2025,5,precision_h2_q1,포크,163,3168.0791952735217,3111.7786649973523
2025,5,precision_h2_q2,슬라이더,430,6291.780565160912,7276.385908439805
2025,5,precision_h2_q2,직구,804,17847.965995945942,15195.386619104624
2025,5,precision_h2_q2,체인지업,177,2444.4956524903755,2606.841504177668
2025,5,precision_h2_q2,커브,161,1423.9325659881897,2076.3742867479496
2025,5,precision_h2_q2,커터,66,1011.4346341114473,878.4608893088489
2025,5,precision_h2_q2,투심,128,3590.544464362506,2103.703593431405
2025,5,precision_h2_q2,포크,163,3124.2723041280747,3102.1548613498962
2025,5,ema_a0.5,슬라이더,430,6294.3047364819195,7608.441404556684
2025,5,ema_a0.5,직구,804,18389.21528182539,15724.519976253385
2025,5,ema_a0.5,체인지업,177,2576.7373817562675,2787.1956037998543
2025,5,ema_a0.5,커브,161,1412.5028796547308,2168.5033062067505
2025,5,ema_a0.5,커터,66,1026.4772642601808,957.6106659639343
2025,5,ema_a0.5,투심,128,3681.4462301493395,2251.1501659222495
2025,5,ema_a0.5,포크,163,3217.280607336178,3209.3930299164326
2025,5,ema_a0.75,슬라이더,430,6216.245894952345,7235.62380774715
2025,5,ema_a0.75,직구,804,17574.50361528168,15203.504129296194
2025,5,ema_a0.75,체인지업,177,2399.7714808217415,2589.149329472255
2025,5,ema_a0.75,커브,161,1405.8987000563297,2060.4294538505974
2025,5,ema_a0.75,커터,66,992.4310174944527,878.3475629886685
2025,5,ema_a0.75,투심,128,3536.734314062641,2110.761611298903
2025,5,ema_a0.75,포크,163,3090.1664820679916,3095.548649584636
2025,5,ema_a0.9,슬라이더,430,6221.325333832323,7112.79053085713
2025,5,ema_a0.9,직구,804,17185.383847771085,15086.292786955311
2025,5,ema_a0.9,체인지업,177,2318.371678057713,2507.235721113819
2025,5,ema_a0.9,커브,161,1420.820402289455,2033.9899157442353
2025,5,ema_a0.9,커터,66,979.4881621663782,845.4767697527719
2025,5,ema_a0.9,투심,128,3471.6513767665633,2053.9280614062823
2025,5,ema_a0.9,포크,163,3030.5271842881225,3073.954071078451
2025,5,kalman_q0.25,슬라이더,430,6698.281252426608,7359.054303281792
2025,5,kalman_q0.25,직구,804,19383.876563688136,15490.882198551244
2025,5,kalman_q0.25,체인지업,177,2683.4186810229353,2631.773333939355
2025,5,kalman_q0.25,커브,161,1537.7191910251331,2109.779245405846
2025,5,kalman_q0.25,커터,66,1106.9506262619664,893.3451509665
2025,5,kalman_q0.25,투심,128,3906.9294097586976,2129.8033748553107
2025,5,kalman_q0.25,포크,163,3306.1463208563864,3113.333624887142
2025,5,kalman_q0.5,슬라이더,430,6683.219999424842,7344.781177982031
2025,5,kalman_q0.5,직구,804,19240.598263173946,15504.87896964497
2025,5,kalman_q0.5,체인지업,177,2655.966533944258,2623.9801447491996
2025,5,kalman_q0.5,커브,161,1533.7701435369647,2107.6463036774803
2025,5,kalman_q0.5,커터,66,1102.450578785814,886.3626429140204
2025,5,kalman_q0.5,투심,128,3872.5123515213036,2117.802765965748
2025,5,kalman_q0.5,포크,163,3286.605842216586,3120.8182434347254
2025,5,kalman_q1,슬라이더,430,6633.902152839139,7300.468352785563
2025,5,kalman_q1,직구,804,18830.250361770435,15499.485231713563
2025,5,kalman_q1,체인지업,177,2582.9416202803322,2599.7598256624265
2025,5,kalman_q1,커브,161,1521.8829814575138,2097.7850983578337
2025,5,kalman_q1,커터,66,1086.1702574961594,871.4058712357987
2025,5,kalman_q1,투심,128,3785.446842451676,2095.648198708556
2025,5,kalman_q1,포크,163,3232.0425237481213,3127.8952407320558
2025,5,kalman_q2,슬라이더,430,6503.009747900672,7213.053755410341
2025,5,kalman_q2,직구,804,18086.597172927275,15374.282983704761
2025,5,kalman_q2,체인지업,177,2457.5582218658874,2549.3541260029297
2025,5,kalman_q2,커브,161,1492.831283973542,2073.91314341058
2025,5,kalman_q2,커터,66,1046.1912545390448,852.0413902923075
2025,5,kalman_q2,투심,128,3642.752215630619,2065.9014146984528
2025,5,kalman_q2,포크,163,3135.824756384107,3115.897356722253
2025,5,kalman_q4,슬라이더,430,6351.5061278819885,7128.566455159502
2025,5,kalman_q4,직구,804,17405.95516917934,15206.247794812753
2025,5,kalman_q4,체인지업,177,2345.413083084329,2500.0588902492527
2025,5,kalman_q4,커브,161,1460.4106973463872,2049.070723048735
2025,5,kalman_q4,커터,66,1003.175805401402,837.8312916413428
2025,5,kalman_q4,투심,128,3517.245815865892,2041.7067543107526
2025,5,kalman_q4,포크,163,3050.735469502313,3094.5848920794947
2025,5,adaptive_q0.5,슬라이더,430,6683.219999424842,7344.781177982031
2025,5,adaptive_q0.5,직구,804,19240.598263173946,15504.87896964497
2025,5,adaptive_q0.5,체인지업,177,2655.966533944258,2623.9801447491996
2025,5,adaptive_q0.5,커브,161,1533.7701435369647,2107.6463036774803
2025,5,adaptive_q0.5,커터,66,1102.450578785814,886.3626429140204
2025,5,adaptive_q0.5,투심,128,3872.5123515213036,2117.802765965748
2025,5,adaptive_q0.5,포크,163,3286.605842216586,3120.8182434347254
2025,5,adaptive_q1,슬라이더,430,6633.902152839139,7300.468352785563
2025,5,adaptive_q1,직구,804,18830.250361770435,15499.485231713563
2025,5,adaptive_q1,체인지업,177,2582.9416202803322,2599.7598256624265
2025,5,adaptive_q1,커브,161,1521.8829814575138,2097.7850983578337
2025,5,adaptive_q1,커터,66,1086.1702574961594,871.4058712357987
2025,5,adaptive_q1,투심,128,3785.446842451676,2095.648198708556
2025,5,adaptive_q1,포크,163,3232.0425237481213,3127.8952407320558
2025,5,adaptive_q2,슬라이더,430,6503.009747900672,7213.053755410341
2025,5,adaptive_q2,직구,804,18086.597172927275,15374.282983704761
2025,5,adaptive_q2,체인지업,177,2457.5582218658874,2549.3541260029297
2025,5,adaptive_q2,커브,161,1492.831283973542,2073.91314341058
2025,5,adaptive_q2,커터,66,1046.1912545390448,852.0413902923075
2025,5,adaptive_q2,투심,128,3642.752215630619,2065.9014146984528
2025,5,adaptive_q2,포크,163,3135.824756384107,3115.897356722253
2025,5,trend_d0.25,슬라이더,430,6384.595360628962,7001.037004143913
2025,5,trend_d0.25,직구,804,16568.25048479197,15355.849226060462
2025,5,trend_d0.25,체인지업,177,2200.713040181986,2398.8046730853594
2025,5,trend_d0.25,커브,161,1510.716653310562,2034.795247637588
2025,5,trend_d0.25,커터,66,971.1191035340114,823.2285866621385
2025,5,trend_d0.25,투심,128,3383.2118091138864,2042.0152014462415
2025,5,trend_d0.25,포크,163,2939.87059016314,3105.408829169987
2025,5,trend_d0.5,슬라이더,430,6631.0036678351535,7027.879378346577
2025,5,trend_d0.5,직구,804,16376.709020845981,15827.754465757625
2025,5,trend_d0.5,체인지업,177,2178.620500476758,2377.100166660737
2025,5,trend_d0.5,커브,161,1622.138786163195,2080.955414605372
2025,5,trend_d0.5,커터,66,983.853436339299,834.0862654712246
2025,5,trend_d0.5,투심,128,3374.401220251835,2091.6832211805868
2025,5,trend_d0.5,포크,163,2916.688823526477,3177.4261046055776
2025,5,monthly_w28_hflat,슬라이더,430,6160.3051297420825,7014.078567753134
2025,5,monthly_w28_hflat,직구,804,16624.376934746164,15038.745833537825
2025,5,monthly_w28_hflat,체인지업,177,2205.428132160774,2434.7008582670624
2025,5,monthly_w28_hflat,커브,161,1424.8868766334072,2013.8481107887499
2025,5,monthly_w28_hflat,커터,66,942.0011063979516,827.158404082441
2025,5,monthly_w28_hflat,투심,128,3380.1818978056062,2029.7499483345214
2025,5,monthly_w28_hflat,포크,163,2938.6789155663946,3060.2615921695956
2025,5,monthly_w28_h14,슬라이더,430,5653.010521784759,6738.795622672701
2025,5,monthly_w28_h14,직구,804,14990.234978035758,14565.007565549477
2025,5,monthly_w28_h14,체인지업,177,1951.4696436821114,2280.9647191701356
2025,5,monthly_w28_h14,커브,161,1320.9423057969311,1942.445271551121
2025,5,monthly_w28_h14,커터,66,816.90451052121,793.579063714182
2025,5,monthly_w28_h14,투심,128,3096.6365533356093,1968.1696007387513
2025,5,monthly_w28_h14,포크,163,2771.7477947755415,3003.176266780846
2025,5,monthly_w28_h28,슬라이더,430,5904.237684591442,6871.476178584717
2025,5,monthly_w28_h28,직구,804,15818.307111626807,14788.336092181216
2025,5,monthly_w28_h28,체인지업,177,2077.08580513974,2354.5040757007755
2025,5,monthly_w28_h28,커브,161,1368.8336505565885,1976.2349373992079
2025,5,monthly_w28_h28,커터,66,880.1185767513754,809.1658987528734
2025,5,monthly_w28_h28,투심,128,3239.745100904616,1996.2124586978025
2025,5,monthly_w28_h28,포크,163,2851.8831129657583,3029.5970264473217
2025,5,monthly_w28_h28_huber,슬라이더,430,6169.902505554945,6916.8309908470565
2025,5,monthly_w28_h28_huber,직구,804,16768.53799046355,14969.998661661588
2025,5,monthly_w28_h28_huber,체인지업,177,2224.528688718081,2385.5578984347253
2025,5,monthly_w28_h28_huber,커브,161,1422.6099010112616,1988.9368498171364
2025,5,monthly_w28_h28_huber,커터,66,945.8451357912742,816.2644440777659
2025,5,monthly_w28_h28_huber,투심,128,3414.648326146951,2019.900098983794
2025,5,monthly_w28_h28_huber,포크,163,2953.3548630881824,3047.7902085631977
2025,5,monthly_w56_hflat,슬라이더,430,6301.840755843983,7184.212261860656
2025,5,monthly_w56_hflat,직구,804,18080.639601416122,15208.97276341922
2025,5,monthly_w56_hflat,체인지업,177,2497.419495323813,2573.011615826731
2025,5,monthly_w56_hflat,커브,161,1421.7909419419152,2036.3342440329482
2025,5,monthly_w56_hflat,커터,66,1021.2635350111934,896.5849157164438
2025,5,monthly_w56_hflat,투심,128,3618.8243796548495,2159.2624636745286
2025,5,monthly_w56_hflat,포크,163,3162.7074636231337,3057.3468748064915
2025,5,monthly_w56_h14,슬라이더,430,5757.755648190539,6809.173463321236
2025,5,monthly_w56_h14,직구,804,15747.736151639147,14586.45523994842
2025,5,monthly_w56_h14,체인지업,177,2082.7081509222817,2335.3786539455655
2025,5,monthly_w56_h14,커브,161,1316.696210292398,1949.9461341633848
2025,5,monthly_w56_h14,커터,66,866.0984531343497,813.2302549006953
2025,5,monthly_w56_h14,투심,128,3223.0980108793124,1998.1632315797108
2025,5,monthly_w56_h14,포크,163,2870.2873023950947,2992.555775982522
2025,5,monthly_w56_h28,슬라이더,430,6045.96683858171,6973.474524612584
2025,5,monthly_w56_h28,직구,804,16938.647974746225,14849.036408665539
2025,5,monthly_w56_h28,체인지업,177,2286.281136842923,2440.9552157915205
2025,5,monthly_w56_h28,커브,161,1369.0237960371123,1985.804767486159
2025,5,monthly_w56_h28,커터,66,948.0590428956407,847.1695851478989
2025,5,monthly_w56_h28,투심,128,3426.1711771432124,2062.605914130442
2025,5,monthly_w56_h28,포크,163,3012.056970300874,3015.6421126663054
2025,5,monthly_w56_h28_huber,슬라이더,430,6386.948970573049,7060.924998331483
2025,5,monthly_w56_h28_huber,직구,804,18033.51002311913,15049.584473991717
2025,5,monthly_w56_h28_huber,체인지업,177,2473.9487758414134,2481.077438664026
2025,5,monthly_w56_h28_huber,커브,161,1447.1560591909279,2015.6139193684385
2025,5,monthly_w56_h28_huber,커터,66,1024.4439449784936,853.5232574972807
2025,5,monthly_w56_h28_huber,투심,128,3637.206669221911,2072.4657363036376
2025,5,monthly_w56_h28_huber,포크,163,3144.5725794058317,3049.880158792094
2025,5,monthly_w84_hflat,슬라이더,430,6301.840755843983,7184.212261860656
2025,5,monthly_w84_hflat,직구,804,18080.639601416122,15208.97276341922
2025,5,monthly_w84_hflat,체인지업,177,2497.419495323813,2573.011615826731
2025,5,monthly_w84_hflat,커브,161,1421.7909419419152,2036.3342440329482
2025,5,monthly_w84_hflat,커터,66,1021.2635350111934,896.5849157164438
2025,5,monthly_w84_hflat,투심,128,3618.8243796548495,2159.2624636745286
2025,5,monthly_w84_hflat,포크,163,3162.7074636231337,3057.3468748064915
2025,5,monthly_w84_h14,슬라이더,430,5757.755648190539,6809.173463321236
2025,5,monthly_w84_h14,직구,804,15747.736151639147,14586.45523994842
2025,5,monthly_w84_h14,체인지업,177,2082.7081509222817,2335.3786539455655
2025,5,monthly_w84_h14,커브,161,1316.696210292398,1949.9461341633848
2025,5,monthly_w84_h14,커터,66,866.0984531343497,813.2302549006953
2025,5,monthly_w84_h14,투심,128,3223.0980108793124,1998.1632315797108
2025,5,monthly_w84_h14,포크,163,2870.2873023950947,2992.555775982522
2025,5,monthly_w84_h28,슬라이더,430,6045.96683858171,6973.474524612584
2025,5,monthly_w84_h28,직구,804,16938.647974746225,14849.036408665539
2025,5,monthly_w84_h28,체인지업,177,2286.281136842923,2440.9552157915205
2025,5,monthly_w84_h28,커브,161,1369.0237960371123,1985.804767486159
2025,5,monthly_w84_h28,커터,66,948.0590428956407,847.1695851478989
2025,5,monthly_w84_h28,투심,128,3426.1711771432124,2062.605914130442
2025,5,monthly_w84_h28,포크,163,3012.056970300874,3015.6421126663054
2025,5,monthly_w84_h28_huber,슬라이더,430,6386.948970573049,7060.924998331483
2025,5,monthly_w84_h28_huber,직구,804,18033.51002311913,15049.584473991717
2025,5,monthly_w84_h28_huber,체인지업,177,2473.9487758414134,2481.077438664026
2025,5,monthly_w84_h28_huber,커브,161,1447.1560591909279,2015.6139193684385
2025,5,monthly_w84_h28_huber,커터,66,1024.4439449784936,853.5232574972807
2025,5,monthly_w84_h28_huber,투심,128,3637.206669221911,2072.4657363036376
2025,5,monthly_w84_h28_huber,포크,163,3144.5725794058317,3049.880158792094
2025,5,weekly_w28_hflat,슬라이더,430,6472.098037316592,7011.864366724551
2025,5,weekly_w28_hflat,직구,804,15218.321817721731,15472.063776587009
2025,5,weekly_w28_hflat,체인지업,177,2831.2655584057693,2307.7233609176837
2025,5,weekly_w28_hflat,커브,161,1870.6771856064827,2064.7365288264828
2025,5,weekly_w28_hflat,커터,66,996.2330559315992,914.6603768318721
2025,5,weekly_w28_hflat,투심,128,2730.9567488112953,2116.649442709858
2025,5,weekly_w28_hflat,포크,163,3103.7706590953158,3276.6189504537474
2025,5,weekly_w28_h14,슬라이더,430,5970.4437322871945,6824.669926560236
2025,5,weekly_w28_h14,직구,804,13543.262000811534,15011.254904133672
2025,5,weekly_w28_h14,체인지업,177,2501.3646933418204,2208.1679403860285
2025,5,weekly_w28_h14,커브,161,1702.4664917535292,1998.6478715673074
2025,5,weekly_w28_h14,커터,66,869.1159650159142,896.422421436994
2025,5,weekly_w28_h14,투심,128,2524.3295520916936,2074.4840660124805
2025,5,weekly_w28_h14,포크,163,2902.0414694612095,3204.8355261036913
2025,5,weekly_w28_h28,슬라이더,430,6214.642802119844,6917.610733879659
2025,5,weekly_w28_h28,직구,804,14372.185096277393,15235.030384721063
2025,5,weekly_w28_h28,체인지업,177,2664.667309208818,2256.705966762668
2025,5,weekly_w28_h28,커브,161,1782.451341930306,2030.670244813691
2025,5,weekly_w28_h28,커터,66,931.6702186358588,905.1017905940586
2025,5,weekly_w28_h28,투심,128,2626.190026292893,2095.563450464388
2025,5,weekly_w28_h28,포크,163,2996.6973940085895,3239.579127904293
2025,5,weekly_w28_h28_huber,슬라이더,430,6356.324970880639,6972.390324926902
2025,5,weekly_w28_h28_huber,직구,804,14923.419322984204,15256.548414669582
2025,5,weekly_w28_h28_huber,체인지업,177,2768.5131233033726,2252.344594867539
2025,5,weekly_w28_h28_huber,커브,161,1818.7157456778054,2047.6528764531777
2025,5,weekly_w28_h28_huber,커터,66,974.2688916579895,888.9312280538708
2025,5,weekly_w28_h28_huber,투심,128,2690.8435861907756,2063.069051493626
2025,5,weekly_w28_h28_huber,포크,163,3056.520105146943,3263.7668950689713
2025,5,weekly_w56_hflat,슬라이더,430,5964.947309783957,7126.247242304567
2025,5,weekly_w56_hflat,직구,804,15991.14200868146,15558.998382688122
2025,5,weekly_w56_hflat,체인지업,177,2342.456828741535,2445.6015540147177
2025,5,weekly_w56_hflat,커브,161,1465.6475297082702,2088.255611338125
2025,5,weekly_w56_hflat,커터,66,966.9967552085511,901.5798823074169
2025,5,weekly_w56_hflat,투심,128,2962.094526214877,2099.987156920668
2025,5,weekly_w56_hflat,포크,163,3055.9025646283108,3196.49014663673
2025,5,weekly_w56_h14,슬라이더,430,5594.059180669907,6786.134097062782
2025,5,weekly_w56_h14,직구,804,13749.71023430829,15001.99580697597
2025,5,weekly_w56_h14,체인지업,177,2243.0067778518915,2270.1612446352647
2025,5,weekly_w56_h14,커브,161,1480.3806889779344,1987.6523996129351
2025,5,weekly_w56_h14,커터,66,860.118445846822,888.4712921752871
2025,5,weekly_w56_h14,투심,128,2558.338856427533,2040.1025567593608
2025,5,weekly_w56_h14,포크,163,2844.6069020296736,3121.902531883321
2025,5,weekly_w56_h28,슬라이더,430,5745.055984543344,6930.921819770636
2025,5,weekly_w56_h28,직구,804,14792.524403408435,15259.442274522384
2025,5,weekly_w56_h28,체인지업,177,2284.9256566586273,2348.8837457172936
2025,5,weekly_w56_h28,커브,161,1467.2323226634926,2029.3808705042395
2025,5,weekly_w56_h28,커터,66,911.9147708959858,891.7185341276821
2025,5,weekly_w56_h28,투심,128,2729.303004580465,2059.278691482404
2025,5,weekly_w56_h28,포크,163,2936.2885454858615,3152.0185161360014
2025,5,weekly_w56_h28_huber,슬라이더,430,5958.0100719315005,6987.683719045757
2025,5,weekly_w56_h28_huber,직구,804,15404.064960684624,15371.790635884001
2025,5,weekly_w56_h28_huber,체인지업,177,2452.466908314237,2378.183239730907
2025,5,weekly_w56_h28_huber,커브,161,1553.1262340873323,2048.7284299705716
2025,5,weekly_w56_h28_huber,커터,66,977.0069139006114,904.3560196771969
2025,5,weekly_w56_h28_huber,투심,128,2770.8855721367345,2061.5826361748564
2025,5,weekly_w56_h28_huber,포크,163,3013.824237988461,3185.840687693119
2025,5,weekly_w84_hflat,슬라이더,430,5937.950991030282,7072.560241401097
2025,5,weekly_w84_hflat,직구,804,16530.37540946319,15353.687664812378
2025,5,weekly_w84_hflat,체인지업,177,2355.281601780861,2484.482811552979
2025,5,weekly_w84_hflat,커브,161,1405.4239089078183,2037.4879627879018
2025,5,weekly_w84_hflat,커터,66,950.7808194152503,904.3068596561016
2025,5,weekly_w84_hflat,투심,128,3106.845399166372,2125.6274443608963
2025,5,weekly_w84_hflat,포크,163,3060.4338415932907,3111.4553120721685
2025,5,weekly_w84_h14,슬라이더,430,5582.3278322222295,6753.4484929237515
2025,5,weekly_w84_h14,직구,804,13876.883724468784,14948.428831789006
2025,5,weekly_w84_h14,체인지업,177,2226.3340263236355,2268.028112479775
2025,5,weekly_w84_h14,커브,161,1465.9834545373305,1979.3409331303576
2025,5,weekly_w84_h14,커터,66,852.2787309423085,879.2565257437842
2025,5,weekly_w84_h14,투심,128,2577.137269060653,2048.7280795392767
2025,5,weekly_w84_h14,포크,163,2844.852004800103,3107.0747069665194
2025,5,weekly_w84_h28,슬라이더,430,5712.304418763291,6875.808064014129
2025,5,weekly_w84_h28,직구,804,15052.100023020914,15125.686899146385
2025,5,weekly_w84_h28,체인지업,177,2259.6504367238704,2354.960094866931
2025,5,weekly_w84_h28,커브,161,1426.430033843981,2001.9910904132344
2025,5,weekly_w84_h28,커터,66,896.0260321832544,882.7690386860235
2025,5,weekly_w84_h28,투심,128,2787.9836885723225,2065.3168547555824
2025,5,weekly_w84_h28,포크,163,2932.991374655795,3106.448338793025
2025,5,weekly_w84_h28_huber,슬라이더,430,5916.795519028949,6932.952705982791
2025,5,weekly_w84_h28_huber,직구,804,15659.371969735359,15225.38808474841
2025,5,weekly_w84_h28_huber,체인지업,177,2411.5936585506897,2379.1100662600184
2025,5,weekly_w84_h28_huber,커브,161,1502.140259692943,2022.5292593859053
2025,5,weekly_w84_h28_huber,커터,66,954.5935628501537,887.8247992464994
2025,5,weekly_w84_h28_huber,투심,128,2840.6162961582395,2057.182348166731
2025,5,weekly_w84_h28_huber,포크,163,3013.768142501913,3140.939513170997
2025,5,weekly_w56_h7,슬라이더,430,5375.545121084791,6609.007647142425
2025,5,weekly_w56_h7,직구,804,12101.666125413394,14610.212267854855
2025,5,weekly_w56_h7,체인지업,177,2122.1955983080256,2154.410243142398
2025,5,weekly_w56_h7,커브,161,1487.430748909458,1932.8172347570342
2025,5,weekly_w56_h7,커터,66,759.3486861085684,885.5902343073977
2025,5,weekly_w56_h7,투심,128,2341.2948725948095,2020.082480208131
2025,5,weekly_w56_h7,포크,163,2731.56941534356,3091.8753433765687
2025,5,weekly_w56_h10,슬라이더,430,5498.996231368192,6700.137737502957
2025,5,weekly_w56_h10,직구,804,13025.132871509333,14823.990051602763
2025,5,weekly_w56_h10,체인지업,177,2202.185846636351,2217.502219570791
2025,5,weekly_w56_h10,커브,161,1487.665294437385,1962.249415925751
2025,5,weekly_w56_h10,커터,66,819.0030596438053,887.1485662451014
2025,5,weekly_w56_h10,투심,128,2456.431720316696,2031.2810635319543
2025,5,weekly_w56_h10,포크,163,2788.3390670938575,3105.6096400734123
2025,5,weekly_w56_h21,슬라이더,430,5688.734073933332,6877.444458220392
2025,5,weekly_w56_h21,직구,804,14426.835568910883,15169.305846421557
2025,5,weekly_w56_h21,체인지업,177,2270.8334107550277,2320.859544712229
2025,5,weekly_w56_h21,커브,161,1471.3052698974057,2013.8983240310515
2025,5,weekly_w56_h21,커터,66,894.4757756878539,890.2184668552311
2025,5,weekly_w56_h21,투심,128,2665.8687948100305,2051.1963439012848
2025,5,weekly_w56_h21,포크,163,2902.854755596794,3140.602674536083
2025,5,weekly_w84_h7,슬라이더,430,5394.01975111704,6605.024056500992
2025,5,weekly_w84_h7,직구,804,12177.93791720424,14617.537830208319
2025,5,weekly_w84_h7,체인지업,177,2123.839886421859,2153.8338200015937
2025,5,weekly_w84_h7,커브,161,1497.1465779311784,1937.1002302171128
2025,5,weekly_w84_h7,커터,66,759.1773416734442,880.2019669207621
2025,5,weekly_w84_h7,투심,128,2345.9228387865314,2036.415322064547
2025,5,weekly_w84_h7,포크,163,2738.3560284220057,3097.7416079657205
2025,5,weekly_w84_h10,슬라이더,430,5504.127601153509,6682.767525773495
2025,5,weekly_w84_h10,직구,804,13114.710766224503,14807.838879542947
2025,5,weekly_w84_h10,체인지업,177,2196.0824605389153,2215.0433732566767
2025,5,weekly_w84_h10,커브,161,1487.4242273728726,1962.005113376394
2025,5,weekly_w84_h10,커터,66,815.9944655611139,879.583474545254
2025,5,weekly_w84_h10,투심,128,2464.4694470174873,2044.1861977831297
2025,5,weekly_w84_h10,포크,163,2792.2976208355667,3103.8468819299437
2025,5,weekly_w84_h21,슬라이더,430,5661.411939654954,6829.193367705523
2025,5,weekly_w84_h21,직구,804,14627.125848438172,15065.518543399021
2025,5,weekly_w84_h21,체인지업,177,2245.937728973811,2322.4916936073905
2025,5,weekly_w84_h21,커브,161,1439.7960575229845,1993.9520615671815
2025,5,weekly_w84_h21,커터,66,881.0900447096038,880.5131876353953
2025,5,weekly_w84_h21,투심,128,2706.513737797801,2056.9247626812526
2025,5,weekly_w84_h21,포크,163,2900.055387084621,3107.1008019141173
2025,5,weekly_w112_h7,슬라이더,430,5394.01975111704,6605.024056500992
2025,5,weekly_w112_h7,직구,804,12177.93791720424,14617.537830208319
2025,5,weekly_w112_h7,체인지업,177,2123.839886421859,2153.8338200015937
2025,5,weekly_w112_h7,커브,161,1497.1465779311784,1937.1002302171128
2025,5,weekly_w112_h7,커터,66,759.1773416734442,880.2019669207621
2025,5,weekly_w112_h7,투심,128,2345.9228387865314,2036.415322064547
2025,5,weekly_w112_h7,포크,163,2738.3560284220057,3097.7416079657205
2025,5,weekly_w112_h10,슬라이더,430,5504.127601153509,6682.767525773495
2025,5,weekly_w112_h10,직구,804,13114.710766224503,14807.838879542947
2025,5,weekly_w112_h10,체인지업,177,2196.0824605389153,2215.0433732566767
2025,5,weekly_w112_h10,커브,161,1487.4242273728726,1962.005113376394
2025,5,weekly_w112_h10,커터,66,815.9944655611139,879.583474545254
2025,5,weekly_w112_h10,투심,128,2464.4694470174873,2044.1861977831297
2025,5,weekly_w112_h10,포크,163,2792.2976208355667,3103.8468819299437
2025,5,weekly_w112_h21,슬라이더,430,5661.411939654954,6829.193367705523
2025,5,weekly_w112_h21,직구,804,14627.125848438172,15065.518543399021
2025,5,weekly_w112_h21,체인지업,177,2245.937728973811,2322.4916936073905
2025,5,weekly_w112_h21,커브,161,1439.7960575229845,1993.9520615671815
2025,5,weekly_w112_h21,커터,66,881.0900447096038,880.5131876353953
2025,5,weekly_w112_h21,투심,128,2706.513737797801,2056.9247626812526
2025,5,weekly_w112_h21,포크,163,2900.055387084621,3107.1008019141173
2025,5,weekly_w112_h14,슬라이더,430,5582.3278322222295,6753.4484929237515
2025,5,weekly_w112_h14,직구,804,13876.883724468784,14948.428831789006
2025,5,weekly_w112_h14,체인지업,177,2226.3340263236355,2268.028112479775
2025,5,weekly_w112_h14,커브,161,1465.9834545373305,1979.3409331303576
2025,5,weekly_w112_h14,커터,66,852.2787309423085,879.2565257437842
2025,5,weekly_w112_h14,투심,128,2577.137269060653,2048.7280795392767
2025,5,weekly_w112_h14,포크,163,2844.852004800103,3107.0747069665194
2025,5,weekly_w84_h3.5,슬라이더,430,5181.2967828010205,6503.185848761614
2025,5,weekly_w84_h3.5,직구,804,10418.271217591073,14377.277412770212
2025,5,weekly_w84_h3.5,체인지업,177,1891.825422501269,2080.3514312851557
2025,5,weekly_w84_h3.5,커브,161,1493.0639159091816,1891.8458767180643
2025,5,weekly_w84_h3.5,커터,66,632.3986117151848,895.3802430906568
2025,5,weekly_w84_h3.5,투심,128,2152.2064826260075,2012.1393377157312
2025,5,weekly_w84_h3.5,포크,163,2761.933059620258,3112.7914361036333
2025,5,weekly_w28_h7,슬라이더,430,5570.707702819116,6663.97864302246
2025,5,weekly_w28_h7,직구,804,12078.232879394538,14650.168608798713
2025,5,weekly_w28_h7,체인지업,177,2216.1368328859735,2128.905942996078
2025,5,weekly_w28_h7,커브,161,1580.8584614586273,1945.5659272571243
2025,5,weekly_w28_h7,커터,66,759.6177109435386,884.804279927325
2025,5,weekly_w28_h7,투심,128,2347.8086017634782,2037.661577118704
2025,5,weekly_w28_h7,포크,163,2774.9413567448432,3151.5590728361567
2025,5,weekly_w84_h14_huber,슬라이더,430,5747.405339535784,6792.59114839587
2025,5,weekly_w84_h14_huber,직구,804,14333.219983642628,15006.025845868786
2025,5,weekly_w84_h14_huber,체인지업,177,2357.816690844513,2269.9291632652435
2025,5,weekly_w84_h14_huber,커브,161,1532.6938310528444,1993.1533629781263
2025,5,weekly_w84_h14_huber,커터,66,898.675964629327,881.4820315003586
2025,5,weekly_w84_h14_huber,투심,128,2604.8871140541128,2045.6705493072195
2025,5,weekly_w84_h14_huber,포크,163,2899.118030941633,3133.0740942824714
2025,5,daily_w84_h3.5,슬라이더,430,4849.7188442135575,5853.509010724612
2025,5,daily_w84_h3.5,직구,804,9576.180588300007,12891.223725896423
2025,5,daily_w84_h3.5,체인지업,177,1686.3565943791161,1812.7433509077864
2025,5,daily_w84_h3.5,커브,161,1402.547529469508,1570.4578417674359
2025,5,daily_w84_h3.5,커터,66,530.7308759367418,770.379383680983
2025,5,daily_w84_h3.5,투심,128,2072.6246868202734,1926.7981445777862
2025,5,daily_w84_h3.5,포크,163,2955.632149474711,2893.7420745989702
2025,5,daily_w56_h7,슬라이더,430,4969.693182017121,6069.470448428848
2025,5,daily_w56_h7,직구,804,10976.071181970336,13526.693964796028
2025,5,daily_w56_h7,체인지업,177,1890.1038286423814,1940.3959277869976
2025,5,daily_w56_h7,커브,161,1376.1976003079403,1686.1677850110682
2025,5,daily_w56_h7,커터,66,644.855595472084,796.5013751308574
2025,5,daily_w56_h7,투심,128,2207.332396315829,1972.4604528907494
2025,5,daily_w56_h7,포크,163,2782.783458408167,2940.6683967626523
2025,5,daily_w56_h14,슬라이더,430,5202.23289064271,6368.125829494575
2025,5,daily_w56_h14,직구,804,12579.542242142932,14216.192893680238
2025,5,daily_w56_h14,체인지업,177,2061.288273001379,2113.02151813759
2025,5,daily_w56_h14,커브,161,1394.0359521653136,1813.8773066229453
2025,5,daily_w56_h14,커터,66,765.2470144653038,819.4358394838774
2025,5,daily_w56_h14,투심,128,2419.477885970731,2001.3358997966886
2025,5,daily_w56_h14,포크,163,2799.7074183972586,3005.791125585296
2025,5,daily_w56_h28,슬라이더,430,5388.388547247984,6589.825656566518
2025,5,daily_w56_h28,직구,804,13677.237893130565,14665.346942911274
2025,5,daily_w56_h28,체인지업,177,2145.570839237606,2231.1824417967855
2025,5,daily_w56_h28,커브,161,1405.3790779515755,1900.6386614182954
2025,5,daily_w56_h28,커터,66,835.1449358910908,835.1698958425889
2025,5,daily_w56_h28,투심,128,2592.662224577934,2022.5271047476922
2025,5,daily_w56_h28,포크,163,2857.4767677292984,3057.873756480932
2025,5,daily_w84_h7,슬라이더,430,4997.115062707757,6085.890985104952
2025,5,daily_w84_h7,직구,804,11051.983847883766,13503.70711215935
2025,5,daily_w84_h7,체인지업,177,1875.9899820157325,1946.5817715409955
2025,5,daily_w84_h7,커브,161,1377.802877782429,1691.7978230964704
2025,5,daily_w84_h7,커터,66,645.2883554539656,790.456531719088
2025,5,daily_w84_h7,투심,128,2231.708853781175,1986.6633549137168
2025,5,daily_w84_h7,포크,163,2797.2010219434565,2923.3917474415593
2025,5,daily_w84_h14,슬라이더,430,5229.1587622662555,6384.180982726986
2025,5,daily_w84_h14,직구,804,12796.277722395285,14180.101899191712
2025,5,daily_w84_h14,체인지업,177,2036.003825421099,2123.7779476360765
2025,5,daily_w84_h14,커브,161,1375.2656359756163,1815.481690896852
2025,5,daily_w84_h14,커터,66,765.8099480555757,814.0755620233241
2025,5,daily_w84_h14,투심,128,2468.978986476358,2010.6560888745835
2025,5,daily_w84_h14,포크,163,2812.1495132474756,2978.4622498561753
2025,5,daily_w84_h28,슬라이더,430,5430.370093257944,6605.899180075311
2025,5,daily_w84_h28,직구,804,14157.641842562622,14588.584329470475
2025,5,daily_w84_h28,체인지업,177,2124.6986396010093,2252.4537927918154
2025,5,daily_w84_h28,커브,161,1365.7344708320438,1891.2570042974696
2025,5,daily_w84_h28,커터,66,836.4759446226745,833.9465948810412
2025,5,daily_w84_h28,투심,128,2695.265258669213,2032.1937587247683
2025,5,daily_w84_h28,포크,163,2877.937088757374,3011.6415535220517
2025,5,fortnightly_w84_h7,슬라이더,430,5414.690081015557,6810.321653208202
2025,5,fortnightly_w84_h7,직구,804,12871.59923223587,15035.229960780349
2025,5,fortnightly_w84_h7,체인지업,177,2187.953692047422,2298.572506295049
2025,5,fortnightly_w84_h7,커브,161,1487.0965559826432,1984.6077571404235
2025,5,fortnightly_w84_h7,커터,66,785.288105644993,886.3057209450061
2025,5,fortnightly_w84_h7,투심,128,2426.3124217107065,2098.494106424392
2025,5,fortnightly_w84_h7,포크,163,2727.4731688400334,3138.6176701209906
2025,5,fortnightly_w84_h14,슬라이더,430,5639.156005832956,6907.599971504338
2025,5,fortnightly_w84_h14,직구,804,14505.514116811173,15267.050030540015
2025,5,fortnightly_w84_h14,체인지업,177,2288.263264123407,2392.7080743090537
2025,5,fortnightly_w84_h14,커브,161,1471.9415816572946,2009.9540869181037
2025,5,fortnightly_w84_h14,커터,66,881.4873976911349,887.3137109138091
2025,5,fortnightly_w84_h14,투심,128,2678.713266707112,2074.730544565836
2025,5,fortnightly_w84_h14,포크,163,2913.1428790607633,3143.890461025341
2025,5,fortnightly_w84_h28,슬라이더,430,5793.543348388789,7002.958000823166
2025,5,fortnightly_w84_h28,직구,804,15604.38426521253,15380.816611628808
2025,5,fortnightly_w84_h28,체인지업,177,2318.075312035314,2459.6435724458934
2025,5,fortnightly_w84_h28,커브,161,1437.1727946838762,2026.0463896391134
2025,5,fortnightly_w84_h28,커터,66,924.2040426956397,892.1206269844256
2025,5,fortnightly_w84_h28,투심,128,2884.374803229117,2082.040412235462
2025,5,fortnightly_w84_h28,포크,163,3009.370780960281,3140.1100897018077
2025,6,uncorrected,슬라이더,371,14692.488912740353,16731.064932373076
2025,6,uncorrected,직구,647,34202.05871037305,35825.34032880527
2025,6,uncorrected,체인지업,145,5801.346349527683,4810.755887999398
2025,6,uncorrected,커브,132,3399.6358726696362,3134.4691524366194
2025,6,uncorrected,커터,67,3087.2093554572966,2650.1687237941114
2025,6,uncorrected,투심,108,7779.552628705583,5583.921702453951
2025,6,uncorrected,포크,122,5001.388992756579,5128.15309600389
2025,6,last_month,슬라이더,371,3886.5669172247017,5640.617687993503
2025,6,last_month,직구,647,7532.32884690231,12419.222944108915
2025,6,last_month,체인지업,145,1671.2526467861915,1536.603285338953
2025,6,last_month,커브,132,1349.9500071055468,902.4000746624051
2025,6,last_month,커터,67,606.6139610398751,849.1528275812436
2025,6,last_month,투심,108,1333.9078914052527,2154.10412687002
2025,6,last_month,포크,122,1247.5344618775148,1935.8339249858477
2025,6,season_to_date,슬라이더,371,3378.074240957439,5836.468467119931
2025,6,season_to_date,직구,647,7937.705106790547,12762.924011282359
2025,6,season_to_date,체인지업,145,1256.7162188345178,1508.1406704024741
2025,6,season_to_date,커브,132,899.481414482785,960.1905141439258
2025,6,season_to_date,커터,67,640.1115664486526,871.7248539579952
2025,6,season_to_date,투심,108,1687.1706292157871,2154.799140527867
2025,6,season_to_date,포크,122,994.102458808872,1760.270747586649
2025,6,ewma_w2_h0.25,슬라이더,371,3765.5086014221006,5640.597722753622
2025,6,ewma_w2_h0.25,직구,647,7422.591714057831,12403.58078169814
2025,6,ewma_w2_h0.25,체인지업,145,1587.2161407383237,1519.5529983067963
2025,6,ewma_w2_h0.25,커브,132,1288.4257916737083,902.2246733819026
2025,6,ewma_w2_h0.25,커터,67,591.1151959415985,840.317961430581
2025,6,ewma_w2_h0.25,투심,108,1328.9390103690655,2146.4956061590956
2025,6,ewma_w2_h0.25,포크,122,1194.5379534397134,1916.0151845261016
2025,6,ewma_w2_h0.5,슬라이더,371,3544.249285063285,5662.7808700733485
2025,6,ewma_w2_h0.5,직구,647,7292.874477730316,12406.109156939048
2025,6,ewma_w2_h0.5,체인지업,145,1426.3084208467567,1490.7047994362115
2025,6,ewma_w2_h0.5,커브,132,1159.4088643669359,908.7025701570649
2025,6,ewma_w2_h0.5,커터,67,571.4173687617193,824.3771017060806
2025,6,ewma_w2_h0.5,투심,108,1347.0091488101405,2138.761130524436
2025,6,ewma_w2_h0.5,포크,122,1094.1279141179348,1877.6954909261253
2025,6,ewma_w2_h1,슬라이더,371,3425.0903920155156,5712.549666110147
2025,6,ewma_w2_h1,직구,647,7343.616194808895,12460.439095627211
2025,6,ewma_w2_h1,체인지업,145,1327.2028450905011,1479.1088023632792
2025,6,ewma_w2_h1,커브,132,1061.7240493378536,923.7635502481546
2025,6,ewma_w2_h1,커터,67,575.4980252014428,816.1440181254655
2025,6,ewma_w2_h1,투심,108,1402.9583852073526,2145.101129184466
2025,6,ewma_w2_h1,포크,122,1034.0130744811863,1853.4892959564993
2025,6,ewma_w2_h2,슬라이더,371,3395.3201467031054,5756.3808506104015
2025,6,ewma_w2_h2,직구,647,7456.407206183689,12517.983075493892
2025,6,ewma_w2_h2,체인지업,145,1292.1084482756537,1479.4825295274172
2025,6,ewma_w2_h2,커브,132,1013.9068140953177,937.1328207881505
2025,6,ewma_w2_h2,커터,67,588.7111615951465,814.3791680123683
2025,6,ewma_w2_h2,투심,108,1455.3029925694257,2155.4058944953695
2025,6,ewma_w2_h2,포크,122,1013.9809291004572,1844.478834891994
2025,6,ewma_w2_h3,슬라이더,371,3392.485568543405,5774.136989703862
2025,6,ewma_w2_h3,직구,647,7510.457004249994,12542.484211608738
2025,6,ewma_w2_h3,체인지업,145,1284.296238202228,1480.9331121569926
2025,6,ewma_w2_h3,커브,132,999.225595756574,942.5616519923309
2025,6,ewma_w2_h3,커터,67,595.2443573936281,814.3374824714954
2025,6,ewma_w2_h3,투심,108,1476.8847457497673,2160.15978094996
2025,6,ewma_w2_h3,포크,122,1009.9047721639199,1842.3391321447034
2025,6,ewma_w3_h0.25,슬라이더,371,3756.532849030121,5636.961202550265
2025,6,ewma_w3_h0.25,직구,647,7415.895038694107,12396.600925091852
2025,6,ewma_w3_h0.25,체인지업,145,1582.2439838917076,1517.8264860461927
2025,6,ewma_w3_h0.25,커브,132,1284.0867901103882,901.6856667155596
2025,6,ewma_w3_h0.25,커터,67,590.3997675090912,840.3062444038798
2025,6,ewma_w3_h0.25,투심,108,1329.7660670745524,2144.2509118445596
2025,6,ewma_w3_h0.25,포크,122,1191.1385074845216,1912.3512293917418
2025,6,ewma_w3_h0.5,슬라이더,371,3474.2583151764725,5626.604864696221
2025,6,ewma_w3_h0.5,직구,647,7277.28899527498,12337.905135406269
2025,6,ewma_w3_h0.5,체인지업,145,1388.9333318928284,1475.7233700758925
2025,6,ewma_w3_h0.5,커브,132,1118.9851939002315,905.7509697946546
2025,6,ewma_w3_h0.5,커터,67,570.2025036459286,827.5148387415167
2025,6,ewma_w3_h0.5,투심,108,1372.1203750819768,2115.234061731833
2025,6,ewma_w3_h0.5,포크,122,1068.6147396908436,1837.0993570193114
2025,6,ewma_w3_h1,슬라이더,371,3331.6338213237023,5636.895280039795
2025,6,ewma_w3_h1,직구,647,7466.85714739303,12323.880096640241
2025,6,ewma_w3_h1,체인지업,145,1281.7083247095422,1454.815369746227
2025,6,ewma_w3_h1,커브,132,982.0556056767,927.1220008106561
2025,6,ewma_w3_h1,커터,67,589.7231556852641,834.5352303172205
2025,6,ewma_w3_h1,투심,108,1511.3945137176863,2089.1692277268626
2025,6,ewma_w3_h1,포크,122,1003.7739340187061,1751.7137053072724
2025,6,ewma_w3_h2,슬라이더,371,3341.657856988666,5668.155145061171
2025,6,ewma_w3_h2,직구,647,7780.603022540941,12368.10218950652
2025,6,ewma_w3_h2,체인지업,145,1273.0581019401448,1459.7089797023862
2025,6,ewma_w3_h2,커브,132,923.1550990104811,954.4427977045943
2025,6,ewma_w3_h2,커터,67,623.6564289990001,851.6270522707608
2025,6,ewma_w3_h2,투심,108,1650.9572150719805,2079.1783068369377
2025,6,ewma_w3_h2,포크,122,1003.2562767455672,1701.8614893373579
2025,6,ewma_w3_h3,슬라이더,371,3364.464756621715,5685.43025404287
2025,6,ewma_w3_h3,직구,647,7925.575082289333,12397.011485923578
2025,6,ewma_w3_h3,체인지업,145,1281.0959621427623,1465.3985278906443
2025,6,ewma_w3_h3,커브,132,908.2282011311212,967.1968520365028
2025,6,ewma_w3_h3,커터,67,639.2083434196633,860.1479082469026
2025,6,ewma_w3_h3,투심,108,1708.88234685962,2077.2718524278694
2025,6,ewma_w3_h3,포크,122,1010.7232364384065,1686.030804823219
2025,6,ewma_w6_h0.25,슬라이더,371,3756.532849030121,5636.961202550265
2025,6,ewma_w6_h0.25,직구,647,7415.895038694107,12396.600925091852
2025,6,ewma_w6_h0.25,체인지업,145,1582.2439838917076,1517.8264860461927
2025,6,ewma_w6_h0.25,커브,132,1284.0867901103882,901.6856667155596
2025,6,ewma_w6_h0.25,커터,67,590.3997675090912,840.3062444038798
2025,6,ewma_w6_h0.25,투심,108,1329.7660670745524,2144.2509118445596
2025,6,ewma_w6_h0.25,포크,122,1191.1385074845216,1912.3512293917418
2025,6,ewma_w6_h0.5,슬라이더,371,3474.2583151764725,5626.604864696221
2025,6,ewma_w6_h0.5,직구,647,7277.28899527498,12337.905135406269
2025,6,ewma_w6_h0.5,체인지업,145,1388.9333318928284,1475.7233700758925
2025,6,ewma_w6_h0.5,커브,132,1118.9851939002315,905.7509697946546
2025,6,ewma_w6_h0.5,커터,67,570.2025036459286,827.5148387415167
2025,6,ewma_w6_h0.5,투심,108,1372.1203750819768,2115.234061731833
2025,6,ewma_w6_h0.5,포크,122,1068.6147396908436,1837.0993570193114
2025,6,ewma_w6_h1,슬라이더,371,3331.6338213237023,5636.895280039795
2025,6,ewma_w6_h1,직구,647,7466.85714739303,12323.880096640241
2025,6,ewma_w6_h1,체인지업,145,1281.7083247095422,1454.815369746227
2025,6,ewma_w6_h1,커브,132,982.0556056767,927.1220008106561
2025,6,ewma_w6_h1,커터,67,589.7231556852641,834.5352303172205
2025,6,ewma_w6_h1,투심,108,1511.3945137176863,2089.1692277268626
2025,6,ewma_w6_h1,포크,122,1003.7739340187061,1751.7137053072724
2025,6,ewma_w6_h2,슬라이더,371,3341.657856988666,5668.155145061171
2025,6,ewma_w6_h2,직구,647,7780.603022540941,12368.10218950652
2025,6,ewma_w6_h2,체인지업,145,1273.0581019401448,1459.7089797023862
2025,6,ewma_w6_h2,커브,132,923.1550990104811,954.4427977045943
2025,6,ewma_w6_h2,커터,67,623.6564289990001,851.6270522707608
2025,6,ewma_w6_h2,투심,108,1650.9572150719805,2079.1783068369377
2025,6,ewma_w6_h2,포크,122,1003.2562767455672,1701.8614893373579
2025,6,ewma_w6_h3,슬라이더,371,3364.464756621715,5685.43025404287
2025,6,ewma_w6_h3,직구,647,7925.575082289333,12397.011485923578
2025,6,ewma_w6_h3,체인지업,145,1281.0959621427623,1465.3985278906443
2025,6,ewma_w6_h3,커브,132,908.2282011311212,967.1968520365028
2025,6,ewma_w6_h3,커터,67,639.2083434196633,860.1479082469026
2025,6,ewma_w6_h3,투심,108,1708.88234685962,2077.2718524278694
2025,6,ewma_w6_h3,포크,122,1010.7232364384065,1686.030804823219
2025,6,precision_h0.5_q0.25,슬라이더,371,3674.0582299139255,5797.656999511452
2025,6,precision_h0.5_q0.25,직구,647,7296.205678915736,12631.694463888476
2025,6,precision_h0.5_q0.25,체인지업,145,1523.1725665681793,1502.4594111931283
2025,6,precision_h0.5_q0.25,커브,132,1247.6314353257294,935.1403039078115
2025,6,precision_h0.5_q0.25,커터,67,572.4597072244477,838.1953381013451
2025,6,precision_h0.5_q0.25,투심,108,1308.0451783722065,2174.3562424834267
2025,6,precision_h0.5_q0.25,포크,122,1167.4958234085168,1877.9402936757128
2025,6,precision_h0.5_q1,슬라이더,371,3665.428407303636,5662.076591706454
2025,6,precision_h0.5_q1,직구,647,7319.810069338466,12413.735098200988
2025,6,precision_h0.5_q1,체인지업,145,1521.1144267306906,1489.379988513311
2025,6,precision_h0.5_q1,커브,132,1240.0602161595655,908.8065965009785
2025,6,precision_h0.5_q1,커터,67,576.8752492319352,830.3955483437436
2025,6,precision_h0.5_q1,투심,108,1322.270472409267,2136.451046248323
2025,6,precision_h0.5_q1,포크,122,1159.032553550584,1871.6563109178496
2025,6,precision_h0.5_q2,슬라이더,371,3649.1059726362228,5636.375840327919
2025,6,precision_h0.5_q2,직구,647,7325.953700634827,12376.040269303512
2025,6,precision_h0.5_q2,체인지업,145,1510.4272751282188,1494.8355951456988
2025,6,precision_h0.5_q2,커브,132,1228.5899437598066,903.2651709598383
2025,6,precision_h0.5_q2,커터,67,577.9846155559668,832.2366291230654
2025,6,precision_h0.5_q2,투심,108,1330.4562764280372,2131.7963994855377
2025,6,precision_h0.5_q2,포크,122,1148.124390198151,1877.8623538909337
2025,6,precision_h1_q0.25,슬라이더,371,3472.966501148182,5792.8445719418305
2025,6,precision_h1_q0.25,직구,647,7183.146203934085,12520.901174978906
2025,6,precision_h1_q0.25,체인지업,145,1386.9491081232486,1482.2432177419682
2025,6,precision_h1_q0.25,커브,132,1134.7051762317255,964.1048063921262
2025,6,precision_h1_q0.25,커터,67,555.709586912576,829.9867225902813
2025,6,precision_h1_q0.25,투심,108,1330.0455451345747,2148.3752323595045
2025,6,precision_h1_q0.25,포크,122,1085.8196132631824,1807.9763510058162
2025,6,precision_h1_q1,슬라이더,371,3473.5079276019314,5657.675431739936
2025,6,precision_h1_q1,직구,647,7221.631810373981,12354.737819897433
2025,6,precision_h1_q1,체인지업,145,1392.9033078993568,1460.952466447809
2025,6,precision_h1_q1,커브,132,1130.1507848799638,922.7484028405606
2025,6,precision_h1_q1,커터,67,562.606248153615,823.8204952142853
2025,6,precision_h1_q1,투심,108,1350.1585440878725,2112.140150678433
2025,6,precision_h1_q1,포크,122,1079.3140891633404,1804.984059136863
2025,6,precision_h1_q2,슬라이더,371,3463.4091540515838,5626.878463092679
2025,6,precision_h1_q2,직구,647,7250.471536288526,12326.069179273582
2025,6,precision_h1_q2,체인지업,145,1385.7209012853812,1466.109119143197
2025,6,precision_h1_q2,커브,132,1117.9582452492637,910.3442561474985
2025,6,precision_h1_q2,커터,67,566.7620686378997,826.5183320349403
2025,6,precision_h1_q2,투심,108,1366.6781930052896,2107.8698259876824
2025,6,precision_h1_q2,포크,122,1069.381419812738,1815.7294160717174
2025,6,precision_h2_q0.25,슬라이더,371,3355.7573195914542,5760.330986448757
2025,6,precision_h2_q0.25,직구,647,7207.861000048221,12384.990368584768
2025,6,precision_h2_q0.25,체인지업,145,1303.8131868873286,1473.889595707527
2025,6,precision_h2_q0.25,커브,132,1052.0671199358553,985.6571997394344
2025,6,precision_h2_q0.25,커터,67,555.8829840790319,826.5408190985847
2025,6,precision_h2_q0.25,투심,108,1380.6466537052395,2121.423016403811
2025,6,precision_h2_q0.25,포크,122,1033.2359723551533,1757.278200388436
2025,6,precision_h2_q1,슬라이더,371,3365.028335929578,5652.234365381217
2025,6,precision_h2_q1,직구,647,7244.882477393138,12306.485250053294
2025,6,precision_h2_q1,체인지업,145,1317.8648184142767,1449.9339050841377
2025,6,precision_h2_q1,커브,132,1052.7355023615482,938.5610117571548
2025,6,precision_h2_q1,커터,67,563.3777530695405,825.0880822179549
2025,6,precision_h2_q1,투심,108,1400.627569085254,2093.9743280883818
2025,6,precision_h2_q1,포크,122,1031.6937381413516,1756.9835794055496
2025,6,precision_h2_q2,슬라이더,371,3365.965074107885,5624.770603850744
2025,6,precision_h2_q2,직구,647,7290.981736756225,12299.72742412459
2025,6,precision_h2_q2,체인지업,145,1317.7792223927304,1453.3832508777884
2025,6,precision_h2_q2,커브,132,1043.909526944202,921.2919439245074
2025,6,precision_h2_q2,커터,67,569.956449902112,828.6448336535045
2025,6,precision_h2_q2,투심,108,1421.9532703177292,2091.4260388049893
2025,6,precision_h2_q2,포크,122,1026.6641155359603,1769.453364299137
2025,6,ema_a0.5,슬라이더,371,3321.089768076371,5647.240135276214
2025,6,ema_a0.5,직구,647,7633.6109873984715,12328.4607104522
2025,6,ema_a0.5,체인지업,145,1276.1858353593407,1446.8096466308266
2025,6,ema_a0.5,커브,132,930.6216441235233,961.1956386756688
2025,6,ema_a0.5,커터,67,607.5310019658768,854.197770875557
2025,6,ema_a0.5,투심,108,1613.1530166928037,2067.9863050974914
2025,6,ema_a0.5,포크,122,993.1835255899327,1701.381240041807
2025,6,ema_a0.75,슬라이더,371,3455.3794123033767,5623.483981813026
2025,6,ema_a0.75,직구,647,7268.163284167948,12324.499948539324
2025,6,ema_a0.75,체인지업,145,1378.498883897796,1468.4958648677818
2025,6,ema_a0.75,커브,132,1104.325751666026,909.9903935750283
2025,6,ema_a0.75,커터,67,569.5317861845374,828.1966895935852
2025,6,ema_a0.75,투심,108,1380.2336676506854,2110.615160070598
2025,6,ema_a0.75,포크,122,1058.8778078231273,1828.0218168030963
2025,6,ema_a0.9,슬라이더,371,3684.5019980121683,5634.575450480954
2025,6,ema_a0.9,직구,647,7360.141701251499,12381.784030239527
2025,6,ema_a0.9,체인지업,145,1533.3402170934573,1506.4655450891166
2025,6,ema_a0.9,커브,132,1245.2091557442334,902.3432961505025
2025,6,ema_a0.9,커터,67,582.7942892393382,836.0452681365039
2025,6,ema_a0.9,투심,108,1332.141238225152,2137.9496713082576
2025,6,ema_a0.9,포크,122,1159.532065609139,1897.0153041809285
2025,6,kalman_q0.25,슬라이더,371,3264.274975266475,5866.781689185262
2025,6,kalman_q0.25,직구,647,7716.637896159969,12624.736726171192
2025,6,kalman_q0.25,체인지업,145,1222.300703411497,1470.7228054570355
2025,6,kalman_q0.25,커브,132,907.3060718927165,996.1363648456124
2025,6,kalman_q0.25,커터,67,602.6290183063217,814.9662948350425
2025,6,kalman_q0.25,투심,108,1638.1149627985287,2176.8810380413474
2025,6,kalman_q0.25,포크,122,980.80810637513,1806.2167283518568
2025,6,kalman_q0.5,슬라이더,371,3263.1519723493343,5810.158626747429
2025,6,kalman_q0.5,직구,647,7353.994538347395,12563.65000781975
2025,6,kalman_q0.5,체인지업,145,1252.842010441952,1456.3418839745316
2025,6,kalman_q0.5,커브,132,983.8449941806509,971.3844221199977
2025,6,kalman_q0.5,커터,67,571.0429303098922,810.8779834864922
2025,6,kalman_q0.5,투심,108,1483.4286033364012,2163.277233539561
2025,6,kalman_q0.5,포크,122,997.2784703814523,1821.3610666282386
2025,6,kalman_q1,슬라이더,371,3482.0351533788526,5736.148837419733
2025,6,kalman_q1,직구,647,7272.715848335939,12491.922765523555
2025,6,kalman_q1,체인지업,145,1409.637896920224,1459.0278015763984
2025,6,kalman_q1,커브,132,1146.0839281719054,940.1696840912249
2025,6,kalman_q1,커터,67,570.7166948233426,811.8905022379954
2025,6,kalman_q1,투심,108,1366.2452871485118,2155.4859107454604
2025,6,kalman_q1,포크,122,1093.6806637983493,1866.0290139595015
2025,6,kalman_q2,슬라이더,371,3729.833152083466,5659.633588122558
2025,6,kalman_q2,직구,647,7419.947777207919,12395.550234058806
2025,6,kalman_q2,체인지업,145,1569.8012885722528,1486.0809897778477
2025,6,kalman_q2,커브,132,1275.358050907832,916.4243407848809
2025,6,kalman_q2,커터,67,591.66426150807,822.9432084339304
2025,6,kalman_q2,투심,108,1339.4786165845342,2145.6125765285774
2025,6,kalman_q2,포크,122,1189.0187813854232,1901.6058946488852
2025,6,kalman_q4,슬라이더,371,3837.942999298193,5633.046466766914
2025,6,kalman_q4,직구,647,7497.486631036756,12378.184261105987
2025,6,kalman_q4,체인지업,145,1639.762777061185,1514.1178465040098
2025,6,kalman_q4,커브,132,1327.1001285268223,905.9293791908844
2025,6,kalman_q4,커터,67,602.0132883334968,836.8830199544352
2025,6,kalman_q4,투심,108,1335.3825506234075,2145.466080066883
2025,6,kalman_q4,포크,122,1229.3504633358496,1920.3222570704952
2025,6,adaptive_q0.5,슬라이더,371,3408.076394748772,5613.045112671511
2025,6,adaptive_q0.5,직구,647,7256.87828503562,12209.118478635195
2025,6,adaptive_q0.5,체인지업,145,1365.5279846905573,1425.3046822482
2025,6,adaptive_q0.5,커브,132,1103.3108490456689,933.561848943343
2025,6,adaptive_q0.5,커터,67,568.2137458933737,790.6143351009545
2025,6,adaptive_q0.5,투심,108,1389.6850253850753,2099.502184460529
2025,6,adaptive_q0.5,포크,122,1064.7329626087105,1804.7183723006065
2025,6,adaptive_q1,슬라이더,371,3692.0735471615653,5599.380211708511
2025,6,adaptive_q1,직구,647,7392.127684794821,12256.50771678686
2025,6,adaptive_q1,체인지업,145,1548.3376539606238,1466.1105956693425
2025,6,adaptive_q1,커브,132,1256.9728919632053,912.4741267973213
2025,6,adaptive_q1,커터,67,588.6402328670798,811.2776315695406
2025,6,adaptive_q1,투심,108,1342.812582701573,2117.979110556277
2025,6,adaptive_q1,포크,122,1174.9121470701618,1872.5771213793855
2025,6,adaptive_q2,슬라이더,371,3729.833152083466,5659.633588122558
2025,6,adaptive_q2,직구,647,7419.947777207919,12395.550234058806
2025,6,adaptive_q2,체인지업,145,1569.8012885722528,1486.0809897778477
2025,6,adaptive_q2,커브,132,1275.358050907832,916.4243407848809
2025,6,adaptive_q2,커터,67,591.66426150807,822.9432084339304
2025,6,adaptive_q2,투심,108,1339.4786165845342,2145.6125765285774
2025,6,adaptive_q2,포크,122,1189.0187813854232,1901.6058946488852
2025,6,trend_d0.25,슬라이더,371,4349.0911319167735,5701.490605602085
2025,6,trend_d0.25,직구,647,8101.056572109525,12595.267351224802
2025,6,trend_d0.25,체인지업,145,1982.3394049764165,1642.0777200873968
2025,6,trend_d0.25,커브,132,1556.3280879228982,922.0096000024114
2025,6,trend_d0.25,커터,67,685.4182056888134,901.0915295261029
2025,6,trend_d0.25,투심,108,1406.271250055715,2215.2223002433725
2025,6,trend_d0.25,포크,122,1426.6836020004102,2045.3436440194143
2025,6,trend_d0.5,슬라이더,371,4956.194525045332,5860.7822956644395
2025,6,trend_d0.5,직구,647,8951.59162319533,12948.703061844633
2025,6,trend_d0.5,체인지업,145,2377.3181618502863,1800.9980741358568
2025,6,trend_d0.5,커브,132,1801.330736740982,972.1609527961174
2025,6,trend_d0.5,커터,67,800.6948170681468,976.3291699164124
2025,6,trend_d0.5,투심,108,1537.62221374944,2322.9398379960244
2025,6,trend_d0.5,포크,122,1653.6995582055845,2195.7830035628826
2025,6,monthly_w28_hflat,슬라이더,371,3711.485764865221,5605.9058674179505
2025,6,monthly_w28_hflat,직구,647,7339.877707312746,12323.320792242774
2025,6,monthly_w28_hflat,체인지업,145,1560.758830465847,1576.676542524221
2025,6,monthly_w28_hflat,커브,132,1288.5564434598455,891.492597937158
2025,6,monthly_w28_hflat,커터,67,570.2490072734893,875.3076367619867
2025,6,monthly_w28_hflat,투심,108,1287.447586287073,2132.4331719244765
2025,6,monthly_w28_hflat,포크,122,1184.579067054642,1926.1819935566941
2025,6,monthly_w28_h14,슬라이더,371,3441.19314145719,5195.960929927956
2025,6,monthly_w28_h14,직구,647,6977.904556878542,11458.912764662335
2025,6,monthly_w28_h14,체인지업,145,1413.9987733814157,1478.7832762811863
2025,6,monthly_w28_h14,커브,132,1174.5557406627759,822.4280358805784
2025,6,monthly_w28_h14,커터,67,528.8128357127149,840.3514549209768
2025,6,monthly_w28_h14,투심,108,1245.327836633297,1926.6647659289422
2025,6,monthly_w28_h14,포크,122,1073.7940708687063,1712.2361102892414
2025,6,monthly_w28_h28,슬라이더,371,3565.9677388999294,5376.995319076692
2025,6,monthly_w28_h28,직구,647,7143.546519926884,11851.290058726445
2025,6,monthly_w28_h28,체인지업,145,1482.179258132002,1523.031276812656
2025,6,monthly_w28_h28,커브,132,1228.5199228877627,851.0069249365176
2025,6,monthly_w28_h28,커터,67,547.1412054256558,855.0463003850663
2025,6,monthly_w28_h28,투심,108,1263.4543304966985,2020.310192096051
2025,6,monthly_w28_h28,포크,122,1127.0857984142374,1809.2803222988457
2025,6,monthly_w28_h28_huber,슬라이더,371,3530.494996939393,5363.306905568914
2025,6,monthly_w28_h28_huber,직구,647,7154.339924862158,11679.662591698583
2025,6,monthly_w28_h28_huber,체인지업,145,1470.1246106105252,1456.6163757555655
2025,6,monthly_w28_h28_huber,커브,132,1212.6228563625152,881.083868001658
2025,6,monthly_w28_h28_huber,커터,67,550.4321737728392,810.6593452923444
2025,6,monthly_w28_h28_huber,투심,108,1285.6234627512706,2010.9765721037597
2025,6,monthly_w28_h28_huber,포크,122,1124.786014745949,1811.8620035147726
2025,6,monthly_w56_hflat,슬라이더,371,3328.467209182857,5967.51541594322
2025,6,monthly_w56_hflat,직구,647,7255.435535988958,12953.431889472533
2025,6,monthly_w56_hflat,체인지업,145,1247.228550889811,1524.7629012381008
2025,6,monthly_w56_hflat,커브,132,995.3407537862846,983.6328686404214
2025,6,monthly_w56_hflat,커터,67,565.0682579264733,851.5381631683341
2025,6,monthly_w56_hflat,투심,108,1401.5583540482214,2248.0806585619916
2025,6,monthly_w56_hflat,포크,122,978.36994034092,1923.7575703691045
2025,6,monthly_w56_h14,슬라이더,371,3362.5788886537703,5387.70560654363
2025,6,monthly_w56_h14,직구,647,6990.614674896682,11829.708601948947
2025,6,monthly_w56_h14,체인지업,145,1343.5622899589162,1449.9555170056017
2025,6,monthly_w56_h14,커브,132,1103.3062121960236,856.9117415241227
2025,6,monthly_w56_h14,커터,67,537.1302464356561,822.2397079671306
2025,6,monthly_w56_h14,투심,108,1295.188937503156,2007.3275654887032
2025,6,monthly_w56_h14,포크,122,1030.0508212004218,1759.9505714529766
2025,6,monthly_w56_h28,슬라이더,371,3356.6123060952978,5668.3087314491295
2025,6,monthly_w56_h28,직구,647,7091.311403454882,12391.050804286533
2025,6,monthly_w56_h28,체인지업,145,1307.660799859574,1482.8933968332376
2025,6,monthly_w56_h28,커브,132,1067.9187439802706,912.9470960167923
2025,6,monthly_w56_h28,커터,67,547.011493234301,833.6569972471149
2025,6,monthly_w56_h28,투심,108,1333.6425324841666,2129.2956486587655
2025,6,monthly_w56_h28,포크,122,1016.3668102855457,1851.8148944187867
2025,6,monthly_w56_h28_huber,슬라이더,371,3365.927551390246,5822.880141031822
2025,6,monthly_w56_h28_huber,직구,647,7127.77157829988,12652.328135017291
2025,6,monthly_w56_h28_huber,체인지업,145,1325.9354396231533,1489.7941210482827
2025,6,monthly_w56_h28_huber,커브,132,1084.8514641029897,954.9528761092522
2025,6,monthly_w56_h28_huber,커터,67,551.9126123726928,828.6046889904194
2025,6,monthly_w56_h28_huber,투심,108,1346.7505713907149,2198.334576046128
2025,6,monthly_w56_h28_huber,포크,122,1037.0792185064554,1925.1435398707529
2025,6,monthly_w84_hflat,슬라이더,371,3396.0769532952845,5800.405808143856
2025,6,monthly_w84_hflat,직구,647,7924.5695500728625,12664.100578202128
2025,6,monthly_w84_hflat,체인지업,145,1268.0724607098805,1493.2886376910096
2025,6,monthly_w84_hflat,커브,132,904.8458940082469,957.7536317302709
2025,6,monthly_w84_hflat,커터,67,639.9929901798694,858.5617950484395
2025,6,monthly_w84_hflat,투심,108,1682.2681916506024,2144.62750048111
2025,6,monthly_w84_hflat,포크,122,993.7032583401503,1758.3787999603708
2025,6,monthly_w84_h14,슬라이더,371,3332.8517696718795,5380.92521261183
2025,6,monthly_w84_h14,직구,647,7031.734532810584,11822.936302594157
2025,6,monthly_w84_h14,체인지업,145,1317.6560073136445,1442.3629489475704
2025,6,monthly_w84_h14,커브,132,1074.3903548415915,853.871080144097
2025,6,monthly_w84_h14,커터,67,541.4915099266638,820.581625658558
2025,6,monthly_w84_h14,투심,108,1322.9524497100651,1999.8678567980385
2025,6,monthly_w84_h14,포크,122,1013.7170612036609,1742.5330196920038
2025,6,monthly_w84_h28,슬라이더,371,3310.8388466943384,5619.607954618123
2025,6,monthly_w84_h28,직구,647,7271.8957062639965,12310.486206237758
2025,6,monthly_w84_h28,체인지업,145,1264.1869985706128,1463.1796787897104
2025,6,monthly_w84_h28,커브,132,1002.3664415755638,902.4951772155562
2025,6,monthly_w84_h28,커터,67,566.6226767938057,831.9711329742008
2025,6,monthly_w84_h28,투심,108,1426.7197834568256,2094.863833630283
2025,6,monthly_w84_h28,포크,122,990.5997564778743,1788.8879680177547
2025,6,monthly_w84_h28_huber,슬라이더,371,3316.473780417382,5747.605039619985
2025,6,monthly_w84_h28_huber,직구,647,7277.154106132122,12513.0996253204
2025,6,monthly_w84_h28_huber,체인지업,145,1275.025825258106,1467.2759915231024
2025,6,monthly_w84_h28_huber,커브,132,1019.4498584035174,939.1533621229763
2025,6,monthly_w84_h28_huber,커터,67,566.4586467892498,825.4074090276184
2025,6,monthly_w84_h28_huber,투심,108,1425.2770525289454,2153.3069253055532
2025,6,monthly_w84_h28_huber,포크,122,1005.9988199766898,1854.1940751970699
2025,6,weekly_w28_hflat,슬라이더,371,3114.8567274138345,4585.049461014223
2025,6,weekly_w28_hflat,직구,647,6498.360150502351,9843.324918596432
2025,6,weekly_w28_hflat,체인지업,145,1309.1400967711147,1483.9853030754043
2025,6,weekly_w28_hflat,커브,132,1018.5760840272078,1028.7574500937708
2025,6,weekly_w28_hflat,커터,67,519.8854020455683,646.8066394154803
2025,6,weekly_w28_hflat,투심,108,1158.8952455310316,1617.0903530541252
2025,6,weekly_w28_hflat,포크,122,1006.3695971578145,1560.8212551582249
2025,6,weekly_w28_h14,슬라이더,371,3008.2577070444677,4401.449692714832
2025,6,weekly_w28_h14,직구,647,6341.760877284987,9410.552528198823
2025,6,weekly_w28_h14,체인지업,145,1250.7015093571001,1455.0160405136871
2025,6,weekly_w28_h14,커브,132,983.1363080854577,1014.3473831229674
2025,6,weekly_w28_h14,커터,67,492.356382847336,637.5912575635018
2025,6,weekly_w28_h14,투심,108,1142.6794336927255,1504.0655970251498
2025,6,weekly_w28_h14,포크,122,970.1294523569009,1481.364971067442
2025,6,weekly_w28_h28,슬라이더,371,3057.96797546111,4483.656744766809
2025,6,weekly_w28_h28,직구,647,6415.1133839644535,9614.030885705686
2025,6,weekly_w28_h28,체인지업,145,1277.7588819730713,1467.8467762168666
2025,6,weekly_w28_h28,커브,132,999.8020181458378,1018.2296557778438
2025,6,weekly_w28_h28,커터,67,505.5616895911752,641.4538737279362
2025,6,weekly_w28_h28,투심,108,1150.2923261115272,1556.2455225581086
2025,6,weekly_w28_h28,포크,122,987.4405864801329,1517.9928953389497
2025,6,weekly_w28_h28_huber,슬라이더,371,3025.07276330733,4481.053065852355
2025,6,weekly_w28_h28_huber,직구,647,6392.508359420354,9519.135558788075
2025,6,weekly_w28_h28_huber,체인지업,145,1261.8083444996992,1429.750621500033
2025,6,weekly_w28_h28_huber,커브,132,980.7900628241425,1050.4185688100756
2025,6,weekly_w28_h28_huber,커터,67,511.3340796258959,625.4530964222612
2025,6,weekly_w28_h28_huber,투심,108,1163.6666071638392,1538.3581480350126
2025,6,weekly_w28_h28_huber,포크,122,980.1136898984113,1512.9422960640607
2025,6,weekly_w56_hflat,슬라이더,371,3450.7007790703938,5257.872665319543
2025,6,weekly_w56_hflat,직구,647,6952.595872542751,11357.436561097735
2025,6,weekly_w56_hflat,체인지업,145,1383.886594775976,1360.3438311601367
2025,6,weekly_w56_hflat,커브,132,1141.276695070294,966.654889425613
2025,6,weekly_w56_hflat,커터,67,525.2974623488533,728.0332394882423
2025,6,weekly_w56_hflat,투심,108,1329.4914279055104,1908.9347383486436
2025,6,weekly_w56_hflat,포크,122,1037.6149212374078,1811.7851120373657
2025,6,weekly_w56_h14,슬라이더,371,3103.388565498195,4604.486982919779
2025,6,weekly_w56_h14,직구,647,6455.922751437925,10006.987845839609
2025,6,weekly_w56_h14,체인지업,145,1293.0448223445458,1377.6841356386115
2025,6,weekly_w56_h14,커브,132,1040.6281527622589,945.0605949851437
2025,6,weekly_w56_h14,커터,67,491.13400045721306,654.1622513549921
2025,6,weekly_w56_h14,투심,108,1183.3661638984054,1630.4589440390705
2025,6,weekly_w56_h14,포크,122,993.8906303515151,1555.414698615835
2025,6,weekly_w56_h28,슬라이더,371,3240.117165213291,4880.937819480639
2025,6,weekly_w56_h28,직구,647,6641.644470608739,10598.298959245338
2025,6,weekly_w56_h28,체인지업,145,1330.4052202428863,1361.6582936443278
2025,6,weekly_w56_h28,커브,132,1084.4880175765497,942.685285443321
2025,6,weekly_w56_h28,커터,67,504.2296403234911,682.3296683160706
2025,6,weekly_w56_h28,투심,108,1237.1664224050105,1756.3598531332357
2025,6,weekly_w56_h28,포크,122,1012.6330517122552,1664.6242631376945
2025,6,weekly_w56_h28_huber,슬라이더,371,3187.1508383183527,4912.946971803811
2025,6,weekly_w56_h28_huber,직구,647,6642.154601466925,10577.319556784576
2025,6,weekly_w56_h28_huber,체인지업,145,1320.049261873046,1349.059160584376
2025,6,weekly_w56_h28_huber,커브,132,1069.200217273979,973.5678840086434
2025,6,weekly_w56_h28_huber,커터,67,513.6763787353684,663.8221603390663
2025,6,weekly_w56_h28_huber,투심,108,1239.1982104552421,1778.647868770321
2025,6,weekly_w56_h28_huber,포크,122,1017.0081704150687,1691.682643189588
2025,6,weekly_w84_hflat,슬라이더,371,3209.9151836249157,5368.250799673013
2025,6,weekly_w84_hflat,직구,647,7286.297615088558,11662.87018032179
2025,6,weekly_w84_hflat,체인지업,145,1187.9497193100337,1372.0361653085147
2025,6,weekly_w84_hflat,커브,132,903.4314346570227,944.5799284902834
2025,6,weekly_w84_hflat,커터,67,547.2770271984668,753.5950480463001
2025,6,weekly_w84_hflat,투심,108,1500.8937053083346,1974.9432712188188
2025,6,weekly_w84_hflat,포크,122,942.6418735543948,1719.4726277627285
2025,6,weekly_w84_h14,슬라이더,371,3062.4109007732363,4625.529894002324
2025,6,weekly_w84_h14,직구,647,6459.619418059236,10102.710959800455
2025,6,weekly_w84_h14,체인지업,145,1231.4245529595837,1362.1338205204074
2025,6,weekly_w84_h14,커브,132,961.1499172107905,932.126903737879
2025,6,weekly_w84_h14,커터,67,474.98994775818426,652.9846525022313
2025,6,weekly_w84_h14,투심,108,1207.7527483816611,1645.9279390254046
2025,6,weekly_w84_h14,포크,122,973.5478830969195,1544.1174055211432
2025,6,weekly_w84_h28,슬라이더,371,3092.692234720971,4940.2613457489315
2025,6,weekly_w84_h28,직구,647,6692.844040707594,10793.287926219795
2025,6,weekly_w84_h28,체인지업,145,1198.1879409501116,1346.2686061913864
2025,6,weekly_w84_h28,커브,132,942.1824359742275,918.0318889653038
2025,6,weekly_w84_h28,커터,67,492.6563158180467,688.9956084833473
2025,6,weekly_w84_h28,투심,108,1300.0979027698381,1796.425645580441
2025,6,weekly_w84_h28,포크,122,946.9102324589245,1629.1721102036086
2025,6,weekly_w84_h28_huber,슬라이더,371,3078.778951857141,4992.707367822895
2025,6,weekly_w84_h28_huber,직구,647,6676.747011647404,10858.150110168213
2025,6,weekly_w84_h28_huber,체인지업,145,1203.0749950747866,1340.6086950549102
2025,6,weekly_w84_h28_huber,커브,132,946.5447161880752,944.5137194249653
2025,6,weekly_w84_h28_huber,커터,67,496.7133811725644,679.2505180817834
2025,6,weekly_w84_h28_huber,투심,108,1295.061993870518,1824.750861189451
2025,6,weekly_w84_h28_huber,포크,122,958.9373428464737,1662.196003800786
2025,6,weekly_w56_h7,슬라이더,371,2957.410352964469,4328.464810764365
2025,6,weekly_w56_h7,직구,647,6257.335510739527,9300.238649502255
2025,6,weekly_w56_h7,체인지업,145,1234.058943384351,1409.6629028116831
2025,6,weekly_w56_h7,커브,132,980.21228304595,986.530786541223
2025,6,weekly_w56_h7,커터,67,470.2752621477942,634.3506391610113
2025,6,weekly_w56_h7,투심,108,1136.2493473935046,1471.4283947739798
2025,6,weekly_w56_h7,포크,122,957.7677025436816,1440.9463738301984
2025,6,weekly_w56_h10,슬라이더,371,3030.240813034503,4456.865249867462
2025,6,weekly_w56_h10,직구,647,6358.572212204275,9658.893373805695
2025,6,weekly_w56_h10,체인지업,145,1267.5653277196768,1392.2781476038642
2025,6,weekly_w56_h10,커브,132,1012.5539378844908,958.663001408664
2025,6,weekly_w56_h10,커터,67,482.42790560522366,642.0365422413018
2025,6,weekly_w56_h10,투심,108,1157.9741270070922,1553.0452995504977
2025,6,weekly_w56_h10,포크,122,979.3344122430987,1495.8861979894207
2025,6,weekly_w56_h21,슬라이더,371,3187.580295935441,4776.740371993776
2025,6,weekly_w56_h21,직구,647,6569.010059662142,10380.84866834223
2025,6,weekly_w56_h21,체인지업,145,1316.8878754876662,1366.0732517365518
2025,6,weekly_w56_h21,커브,132,1068.6538610390626,941.0000999748587
2025,6,weekly_w56_h21,커터,67,499.35562465442075,671.0440806451398
2025,6,weekly_w56_h21,투심,108,1215.7245141416383,1710.8751655295503
2025,6,weekly_w56_h21,포크,122,1006.1051470316455,1623.6258973646763
2025,6,weekly_w84_h7,슬라이더,371,2988.6724492826243,4331.587242224992
2025,6,weekly_w84_h7,직구,647,6270.114566067708,9318.050914384992
2025,6,weekly_w84_h7,체인지업,145,1225.6443420027827,1402.9188905058309
2025,6,weekly_w84_h7,커브,132,939.9860147416342,986.9002643273874
2025,6,weekly_w84_h7,커터,67,457.8035152577969,631.7913980772156
2025,6,weekly_w84_h7,투심,108,1147.138813063756,1470.3124785893697
2025,6,weekly_w84_h7,포크,122,972.6670279560285,1442.2508361076837
2025,6,weekly_w84_h10,슬라이더,371,3036.1339701410916,4465.644746311608
2025,6,weekly_w84_h10,직구,647,6365.412060778613,9711.732368429351
2025,6,weekly_w84_h10,체인지업,145,1238.6774159384609,1381.400899144891
2025,6,weekly_w84_h10,커브,132,958.1529354535894,954.0001012144924
2025,6,weekly_w84_h10,커터,67,467.91103082433705,639.4284073855482
2025,6,weekly_w84_h10,투심,108,1172.4768102977935,1558.1807885903995
2025,6,weekly_w84_h10,포크,122,980.9583847535035,1492.822131358526
2025,6,weekly_w84_h21,슬라이더,371,3080.224052344501,4819.887591311115
2025,6,weekly_w84_h21,직구,647,6590.215425536695,10536.463050218063
2025,6,weekly_w84_h21,체인지업,145,1211.0633573776274,1348.7490425732935
2025,6,weekly_w84_h21,커브,132,951.692419859061,919.6184466404256
2025,6,weekly_w84_h21,커터,67,484.4526883776692,673.9544634402694
2025,6,weekly_w84_h21,투심,108,1260.614335543521,1741.3368494799884
2025,6,weekly_w84_h21,포크,122,956.774167339175,1598.7336161908697
2025,6,weekly_w112_h7,슬라이더,371,2988.4146241989506,4331.665251412434
2025,6,weekly_w112_h7,직구,647,6270.285636905137,9318.329899088978
2025,6,weekly_w112_h7,체인지업,145,1225.4407920517624,1402.9102343630407
2025,6,weekly_w112_h7,커브,132,939.8780366989002,986.8265377459704
2025,6,weekly_w112_h7,커터,67,457.8565778233228,631.831160228642
2025,6,weekly_w112_h7,투심,108,1147.2294336107486,1470.3362524776142
2025,6,weekly_w112_h7,포크,122,972.510882577187,1442.151812427317
2025,6,weekly_w112_h10,슬라이더,371,3034.2372918191263,4466.371666027812
2025,6,weekly_w112_h10,직구,647,6367.501018475758,9714.357894204646
2025,6,weekly_w112_h10,체인지업,145,1237.0425884589338,1381.491039448327
2025,6,weekly_w112_h10,커브,132,957.2217236375245,953.4968516391891
2025,6,weekly_w112_h10,커터,67,468.4161791202787,639.8019078953467
2025,6,weekly_w112_h10,투심,108,1173.4173186686505,1558.4237841973998
2025,6,weekly_w112_h10,포크,122,979.7622041518974,1491.9319774833862
2025,6,weekly_w112_h21,슬라이더,371,3069.6053777038933,4829.036835524289
2025,6,weekly_w112_h21,직구,647,6627.736000184308,10570.562534810615
2025,6,weekly_w112_h21,체인지업,145,1198.3536879592975,1353.5607381202703
2025,6,weekly_w112_h21,커브,132,941.8217405233205,916.6706954878517
2025,6,weekly_w112_h21,커터,67,490.92202729265847,679.1948230399495
2025,6,weekly_w112_h21,투심,108,1274.412254706629,1744.2692175634293
2025,6,weekly_w112_h21,포크,122,948.8060620188106,1588.1345985224723
2025,6,weekly_w112_h14,슬라이더,371,3056.6475954152916,4628.56034042566
2025,6,weekly_w112_h14,직구,647,6470.1430673949035,10113.876607196842
2025,6,weekly_w112_h14,체인지업,145,1225.7939928247847,1363.138690089645
2025,6,weekly_w112_h14,커브,132,957.5821158575816,930.6353536997372
2025,6,weekly_w112_h14,커터,67,477.10962058261407,654.6163250167065
2025,6,weekly_w112_h14,투심,108,1211.9586316404077,1646.9687032694778
2025,6,weekly_w112_h14,포크,122,969.701926109586,1540.5285432965838
2025,6,weekly_w84_h3.5,슬라이더,371,2885.40510850827,4266.003460801585
2025,6,weekly_w84_h3.5,직구,647,6101.619973834021,8832.86085913741
2025,6,weekly_w84_h3.5,체인지업,145,1166.4155355978448,1447.042966925892
2025,6,weekly_w84_h3.5,커브,132,889.180422455064,1074.2894367094243
2025,6,weekly_w84_h3.5,커터,67,430.01195571501796,639.525332242233
2025,6,weekly_w84_h3.5,투심,108,1123.6589983181211,1367.3736583133425
2025,6,weekly_w84_h3.5,포크,122,929.5137885611609,1392.6913382747407
2025,6,weekly_w28_h7,슬라이더,371,2931.4553646628115,4298.036206711664
2025,6,weekly_w28_h7,직구,647,6224.702713407055,9102.5156173549
2025,6,weekly_w28_h7,체인지업,145,1209.162797583581,1440.4791365039
2025,6,weekly_w28_h7,커브,132,956.4264419899631,1024.2812128336318
2025,6,weekly_w28_h7,커터,67,469.9308262955756,634.4689222013144
2025,6,weekly_w28_h7,투심,108,1129.938037060956,1428.5091559594887
2025,6,weekly_w28_h7,포크,122,941.7332090132882,1429.1588617465936
2025,6,weekly_w84_h14_huber,슬라이더,371,3040.372395929577,4632.058301037359
2025,6,weekly_w84_h14_huber,직구,647,6461.349658082821,10066.012950502307
2025,6,weekly_w84_h14_huber,체인지업,145,1232.2712740444094,1347.615460685198
2025,6,weekly_w84_h14_huber,커브,132,955.0019491162581,956.1633430671741
2025,6,weekly_w84_h14_huber,커터,67,484.03734405430896,639.9422274328114
2025,6,weekly_w84_h14_huber,투심,108,1211.1319076127238,1647.2905598681396
2025,6,weekly_w84_h14_huber,포크,122,981.4129671400498,1553.4840600319492
2025,6,daily_w84_h3.5,슬라이더,371,2763.051555975281,3864.799297922754
2025,6,daily_w84_h3.5,직구,647,5788.112238053876,7635.440171995161
2025,6,daily_w84_h3.5,체인지업,145,1082.3319081620525,1304.1268418951267
2025,6,daily_w84_h3.5,커브,132,889.5215762961391,1177.2263874258483
2025,6,daily_w84_h3.5,커터,67,374.15248062767637,600.4580903393725
2025,6,daily_w84_h3.5,투심,108,1058.5168515201576,1188.6690090376344
2025,6,daily_w84_h3.5,포크,122,833.1405326696304,1195.8636015225525
2025,6,daily_w56_h7,슬라이더,371,2798.8547222159395,3979.87305006208
2025,6,daily_w56_h7,직구,647,5933.939738196263,8253.739958350445
2025,6,daily_w56_h7,체인지업,145,1136.812561848505,1297.9133028934511
2025,6,daily_w56_h7,커브,132,931.7044991097821,1026.918918697901
2025,6,daily_w56_h7,커터,67,416.0608059268972,595.9078626411888
2025,6,daily_w56_h7,투심,108,1114.4898050419172,1332.309620239285
2025,6,daily_w56_h7,포크,122,878.8646142079809,1272.6863922712955
2025,6,daily_w56_h14,슬라이더,371,2963.342914250092,4290.665671626276
2025,6,daily_w56_h14,직구,647,6174.337229003091,9182.497478342866
2025,6,daily_w56_h14,체인지업,145,1231.7210124817288,1301.497801583191
2025,6,daily_w56_h14,커브,132,996.7921768768714,952.5861743483858
2025,6,daily_w56_h14,커터,67,453.40189684851407,620.2201824762873
2025,6,daily_w56_h14,투심,108,1152.544936310709,1532.8240914206501
2025,6,daily_w56_h14,포크,122,944.3975299474096,1424.1277785543762
2025,6,daily_w56_h28,슬라이더,371,3116.202034185223,4602.267586406397
2025,6,daily_w56_h28,직구,647,6392.665514211295,9949.98964885766
2025,6,daily_w56_h28,체인지업,145,1303.4951649671877,1311.8046405745656
2025,6,daily_w56_h28,커브,132,1054.4096433842374,936.565019339245
2025,6,daily_w56_h28,커터,67,477.20141834725064,652.8120625520237
2025,6,daily_w56_h28,투심,108,1191.0540304359222,1691.0618489685037
2025,6,daily_w56_h28,포크,122,992.2877060380594,1563.8564846068841
2025,6,daily_w84_h7,슬라이더,371,2835.8095727398827,3982.8657923633336
2025,6,daily_w84_h7,직구,647,5889.720208819728,8259.792919865078
2025,6,daily_w84_h7,체인지업,145,1137.5536462122682,1294.1251179448204
2025,6,daily_w84_h7,커브,132,922.4627474378967,1022.4872215880804
2025,6,daily_w84_h7,커터,67,403.6027467641042,594.7773980704205
2025,6,daily_w84_h7,투심,108,1085.581570643745,1333.2117128266555
2025,6,daily_w84_h7,포크,122,861.8428644501525,1272.0109425457476
2025,6,daily_w84_h14,슬라이더,371,2949.3275151343514,4330.682222142711
2025,6,daily_w84_h14,직구,647,6169.236872823665,9274.255907455576
2025,6,daily_w84_h14,체인지업,145,1183.9266435322738,1286.276477065666
2025,6,daily_w84_h14,커브,132,947.0762606427982,934.1465234681416
2025,6,daily_w84_h14,커터,67,439.84727102331044,620.6585889035991
2025,6,daily_w84_h14,투심,108,1154.7424553800352,1550.7354982686552
2025,6,daily_w84_h14,포크,122,899.9751668388107,1413.403697384964
2025,6,daily_w84_h28,슬라이더,371,3017.09692341784,4702.223560254819
2025,6,daily_w84_h28,직구,647,6471.259364696469,10163.82458519853
2025,6,daily_w84_h28,체인지업,145,1180.3180596456345,1291.6958593249162
2025,6,daily_w84_h28,커브,132,936.3488751589507,908.2836435333186
2025,6,daily_w84_h28,커터,67,469.9676554399434,661.4407109093154
2025,6,daily_w84_h28,투심,108,1251.8272328439994,1730.1692455958537
2025,6,daily_w84_h28,포크,122,906.6208398854278,1534.668178208036
2025,6,fortnightly_w84_h7,슬라이더,371,3303.3710434468585,4761.15687774453
2025,6,fortnightly_w84_h7,직구,647,6641.441892595419,10105.704213856063
2025,6,fortnightly_w84_h7,체인지업,145,1396.300091202686,1457.331725828236
2025,6,fortnightly_w84_h7,커브,132,1114.1462252869192,1017.6101514006097
2025,6,fortnightly_w84_h7,커터,67,554.306040112031,671.8860772890451
2025,6,fortnightly_w84_h7,투심,108,1163.2377184742036,1759.9016530363342
2025,6,fortnightly_w84_h7,포크,122,1072.877650090103,1575.257373825997
2025,6,fortnightly_w84_h14,슬라이더,371,3242.4629980195273,4992.529430725959
2025,6,fortnightly_w84_h14,직구,647,6735.241495816525,10790.97614763039
2025,6,fortnightly_w84_h14,체인지업,145,1317.0394951705293,1390.3704484440332
2025,6,fortnightly_w84_h14,커브,132,1057.0821159834813,969.4837385336218
2025,6,fortnightly_w84_h14,커터,67,539.5008285196062,692.9981993525917
2025,6,fortnightly_w84_h14,투심,108,1222.331440988846,1863.8170113280999
2025,6,fortnightly_w84_h14,포크,122,1032.229570313637,1683.2239362918517
2025,6,fortnightly_w84_h28,슬라이더,371,3210.301237488562,5231.977794558363
2025,6,fortnightly_w84_h28,직구,647,6928.144174633089,11341.167168557964
2025,6,fortnightly_w84_h28,체인지업,145,1237.2382558463194,1367.5844022572735
2025,6,fortnightly_w84_h28,커브,132,989.5498169768989,961.6345147265156
2025,6,fortnightly_w84_h28,커터,67,536.0919993683249,722.4849008092659
2025,6,fortnightly_w84_h28,투심,108,1323.5927081042216,1949.1948947981043
2025,6,fortnightly_w84_h28,포크,122,983.7257849100563,1743.6288034127638
2025,7,uncorrected,슬라이더,312,10566.991406546027,8309.946690168143
2025,7,uncorrected,직구,689,35526.790233093816,27883.28227172266
2025,7,uncorrected,체인지업,154,7008.9530521217675,2839.9111134660625
2025,7,uncorrected,커브,148,4087.475475653702,2461.6242967709522
2025,7,uncorrected,커터,64,2711.3225692053315,2011.641569159252
2025,7,uncorrected,투심,99,5314.22119681297,2588.532321286072
2025,7,uncorrected,포크,145,2949.270701665073,3536.755824996995
2025,7,last_month,슬라이더,312,2257.354676393077,3084.6321711310984
2025,7,last_month,직구,689,6195.687194675937,8411.529121471503
2025,7,last_month,체인지업,154,983.0587302301831,1033.8559032789021
2025,7,last_month,커브,148,1093.7513460715568,1223.4965246004779
2025,7,last_month,커터,64,878.6921065919759,707.1091128571759
2025,7,last_month,투심,99,645.5008282578223,1174.1015032238215
2025,7,last_month,포크,145,735.5408400733946,1466.7237601732238
2025,7,season_to_date,슬라이더,312,3320.360797320543,3150.619927721126
2025,7,season_to_date,직구,689,9648.56911061698,10644.894914756942
2025,7,season_to_date,체인지업,154,1472.0491213719397,905.8730163852242
2025,7,season_to_date,커브,148,1290.4828110401056,1106.5232112213844
2025,7,season_to_date,커터,64,1036.3087080046807,843.9804738542613
2025,7,season_to_date,투심,99,1124.4417329376754,1207.9654820453552
2025,7,season_to_date,포크,145,1036.4393129378745,1451.106500993838
2025,7,ewma_w2_h0.25,슬라이더,312,2287.148942557107,3040.129733363746
2025,7,ewma_w2_h0.25,직구,689,6263.941442584572,8514.936456695475
2025,7,ewma_w2_h0.25,체인지업,154,998.9555674677811,1005.5319587322298
2025,7,ewma_w2_h0.25,커브,148,1123.3159631384397,1200.077397887606
2025,7,ewma_w2_h0.25,커터,64,881.019477495445,723.1767135712714
2025,7,ewma_w2_h0.25,투심,99,666.1753573835718,1174.8982544785385
2025,7,ewma_w2_h0.25,포크,145,742.9009577579066,1445.0077437746447
2025,7,ewma_w2_h0.5,슬라이더,312,2395.2140055229715,2983.7498341667724
2025,7,ewma_w2_h0.5,직구,689,6511.55067238391,8878.786094678871
2025,7,ewma_w2_h0.5,체인지업,154,1053.7789821275828,966.4967704716893
2025,7,ewma_w2_h0.5,커브,148,1212.9434863393033,1166.8371714981947
2025,7,ewma_w2_h0.5,커터,64,893.2744997685072,770.8991754877545
2025,7,ewma_w2_h0.5,투심,99,726.947035380029,1193.8130977663823
2025,7,ewma_w2_h0.5,포크,145,778.0685175072006,1415.813690055278
2025,7,ewma_w2_h1,슬라이더,312,2544.666522250983,2995.869125686804
2025,7,ewma_w2_h1,직구,689,6854.032212329641,9372.367092426335
2025,7,ewma_w2_h1,체인지업,154,1127.1672139409088,967.1479724034599
2025,7,ewma_w2_h1,커브,148,1321.7967204146385,1165.2139473249342
2025,7,ewma_w2_h1,커터,64,913.494117976984,827.8447490419485
2025,7,ewma_w2_h1,투심,99,798.7998528697583,1233.7175760448351
2025,7,ewma_w2_h1,포크,145,833.9717574825074,1417.9583244056118
2025,7,ewma_w2_h2,슬라이더,312,2657.7577728878,3034.1629039245336
2025,7,ewma_w2_h2,직구,689,7113.202572141046,9742.752440349022
2025,7,ewma_w2_h2,체인지업,154,1181.9142451269327,985.3024519681311
2025,7,ewma_w2_h2,커브,148,1399.2849976053644,1178.3214152399455
2025,7,ewma_w2_h2,커터,64,929.8517852527525,868.0088939225642
2025,7,ewma_w2_h2,투심,99,849.2294423117992,1268.3568015139617
2025,7,ewma_w2_h2,포크,145,878.6230584152058,1433.3260442697692
2025,7,ewma_w2_h3,슬라이더,312,2701.297175770924,3053.0654911118127
2025,7,ewma_w2_h3,직구,689,7212.98339932913,9884.904324772728
2025,7,ewma_w2_h3,체인지업,154,1202.879217880955,994.8144815447819
2025,7,ewma_w2_h3,커브,148,1428.420267917076,1185.4153237590695
2025,7,ewma_w2_h3,커터,64,936.3004146427864,883.0537917441543
2025,7,ewma_w2_h3,투심,99,868.0815062982414,1282.3273384078923
2025,7,ewma_w2_h3,포크,145,896.1490530664473,1441.2057353265493
2025,7,ewma_w3_h0.25,슬라이더,312,2288.725888432607,3037.1797011681283
2025,7,ewma_w3_h0.25,직구,689,6277.476381434461,8519.883749760076
2025,7,ewma_w3_h0.25,체인지업,154,999.7997012963143,1004.654428182785
2025,7,ewma_w3_h0.25,커브,148,1123.1220354816319,1199.1354498673331
2025,7,ewma_w3_h0.25,커터,64,881.6103845039913,723.6263386619597
2025,7,ewma_w3_h0.25,투심,99,667.9203570704489,1174.7026720656434
2025,7,ewma_w3_h0.25,포크,145,742.4343046522677,1443.7145004812987
2025,7,ewma_w3_h0.5,슬라이더,312,2422.7381835132855,2972.6560375715035
2025,7,ewma_w3_h0.5,직구,689,6702.178839600443,8982.610878453786
2025,7,ewma_w3_h0.5,체인지업,154,1068.6136599401698,967.3380183428483
2025,7,ewma_w3_h0.5,커브,148,1211.419532532235,1165.5942614953688
2025,7,ewma_w3_h0.5,커터,64,902.2926267605335,778.6095846325046
2025,7,ewma_w3_h0.5,투심,99,750.5135067003023,1197.59888278501
2025,7,ewma_w3_h0.5,포크,145,776.1939907044964,1413.4495100131858
2025,7,ewma_w3_h1,슬라이더,312,2644.655700643586,3027.351964567277
2025,7,ewma_w3_h1,직구,689,7461.976567637988,9767.670649678668
2025,7,ewma_w3_h1,체인지업,154,1184.182391227471,995.344599902906
2025,7,ewma_w3_h1,커브,148,1318.70742508116,1186.5432257118161
2025,7,ewma_w3_h1,커터,64,944.6024063955291,854.0933986547501
2025,7,ewma_w3_h1,투심,99,872.0762647512913,1258.1381430241713
2025,7,ewma_w3_h1,포크,145,838.7589466986494,1446.8959140995162
2025,7,ewma_w3_h2,슬라이더,312,2830.6398806584393,3133.311633181229
2025,7,ewma_w3_h2,직구,689,8106.924220734401,10420.531904284211
2025,7,ewma_w3_h2,체인지업,154,1285.2717668964515,1046.6460935380792
2025,7,ewma_w3_h2,커브,148,1394.7680293207618,1230.410603568842
2025,7,ewma_w3_h2,커터,64,983.3260731899832,910.4273619113364
2025,7,ewma_w3_h2,투심,99,967.8526700899434,1314.9708793866382
2025,7,ewma_w3_h2,포크,145,894.8205822395089,1508.050407139494
2025,7,ewma_w3_h3,슬라이더,312,2904.7342604901005,3183.3998697961715
2025,7,ewma_w3_h3,직구,689,8363.66941451687,10675.736723675349
2025,7,ewma_w3_h3,체인지업,154,1326.7156142691688,1070.0966199570635
2025,7,ewma_w3_h3,커브,148,1423.1319969733313,1251.1621237128074
2025,7,ewma_w3_h3,커터,64,999.343801310514,931.5125519972559
2025,7,ewma_w3_h3,투심,99,1005.0857804763248,1337.89739571266
2025,7,ewma_w3_h3,포크,145,917.818102875495,1537.010104429134
2025,7,ewma_w6_h0.25,슬라이더,312,2288.8064905562837,3037.041710903178
2025,7,ewma_w6_h0.25,직구,689,6278.4529807155095,8520.152743512386
2025,7,ewma_w6_h0.25,체인지업,154,999.751058773179,1004.6022699238025
2025,7,ewma_w6_h0.25,커브,148,1122.946292234798,1199.018062934579
2025,7,ewma_w6_h0.25,커터,64,881.6488206159405,723.5731097335104
2025,7,ewma_w6_h0.25,투심,99,667.9886957880661,1174.6356055769097
2025,7,ewma_w6_h0.25,포크,145,742.4020706490271,1443.6043609935878
2025,7,ewma_w6_h0.5,슬라이더,312,2425.6859830484045,2968.307974105879
2025,7,ewma_w6_h0.5,직구,689,6743.787768463346,8994.46602501778
2025,7,ewma_w6_h0.5,체인지업,154,1065.2116373670342,964.6431144786545
2025,7,ewma_w6_h0.5,커브,148,1199.8066093180614,1160.3382305437872
2025,7,ewma_w6_h0.5,커터,64,902.8082040428726,775.5747424849799
2025,7,ewma_w6_h0.5,투심,99,751.8666692066228,1193.9546352259658
2025,7,ewma_w6_h0.5,포크,145,774.5528647142482,1409.8684085032398
2025,7,ewma_w6_h1,슬라이더,312,2661.9239043223292,3009.6036868694446
2025,7,ewma_w6_h1,직구,689,7653.61576122201,9796.692614494754
2025,7,ewma_w6_h1,체인지업,154,1165.788579053335,972.8726470817201
2025,7,ewma_w6_h1,커브,148,1241.6057122136108,1156.540693818079
2025,7,ewma_w6_h1,커터,64,941.0048814290037,833.649941346229
2025,7,ewma_w6_h1,투심,99,869.9048997005385,1232.0051106282401
2025,7,ewma_w6_h1,포크,145,831.263967097977,1433.9382771391556
2025,7,ewma_w6_h2,슬라이더,312,2904.9808480913657,3100.7862851277123
2025,7,ewma_w6_h2,직구,689,8546.041425943284,10420.594974581214
2025,7,ewma_w6_h2,체인지업,154,1272.83748606044,989.1851204904979
2025,7,ewma_w6_h2,커브,148,1242.377714180038,1166.9979644693894
2025,7,ewma_w6_h2,커터,64,981.4220084325652,864.5546978639928
2025,7,ewma_w6_h2,투심,99,972.9714604045259,1252.6106457286364
2025,7,ewma_w6_h2,포크,145,895.217747034946,1486.6295499462503
2025,7,ewma_w6_h3,슬라이더,312,3027.368456553416,3146.1571019370813
2025,7,ewma_w6_h3,직구,689,8966.78799653959,10654.840065712717
2025,7,ewma_w6_h3,체인지업,154,1331.349187098649,995.8504844857489
2025,7,ewma_w6_h3,커브,148,1246.4577577011567,1173.3501211126345
2025,7,ewma_w6_h3,커터,64,1004.8720863528483,874.2041628728823
2025,7,ewma_w6_h3,투심,99,1024.520210105768,1258.2538299999803
2025,7,ewma_w6_h3,포크,145,930.641990571049,1512.9663535749287
2025,7,precision_h0.5_q0.25,슬라이더,312,2387.713093168253,2987.9226089316853
2025,7,precision_h0.5_q0.25,직구,689,6550.511853107335,8697.413859819357
2025,7,precision_h0.5_q0.25,체인지업,154,1044.889927039817,985.2714853531972
2025,7,precision_h0.5_q0.25,커브,148,1174.6755218946032,1185.7430690566
2025,7,precision_h0.5_q0.25,커터,64,885.9805254674482,746.1870035280698
2025,7,precision_h0.5_q0.25,투심,99,723.8761930734395,1188.976801148758
2025,7,precision_h0.5_q0.25,포크,145,770.5344093222097,1427.699694025744
2025,7,precision_h0.5_q1,슬라이더,312,2344.0073577973635,2997.269317442234
2025,7,precision_h0.5_q1,직구,689,6438.950834013895,8667.679148357543
2025,7,precision_h0.5_q1,체인지업,154,1026.6120767088942,982.8957024684685
2025,7,precision_h0.5_q1,커브,148,1159.704121705673,1181.1015504821316
2025,7,precision_h0.5_q1,커터,64,888.1973254026491,742.7466220866195
2025,7,precision_h0.5_q1,투심,99,701.3499524375509,1182.4801011559894
2025,7,precision_h0.5_q1,포크,145,756.2213839487987,1426.7966756937524
2025,7,precision_h0.5_q2,슬라이더,312,2335.040299350491,2998.507145260609
2025,7,precision_h0.5_q2,직구,689,6426.706305083552,8665.403085511436
2025,7,precision_h0.5_q2,체인지업,154,1022.3878510418223,983.0307655259221
2025,7,precision_h0.5_q2,커브,148,1153.203856084563,1180.0227038174444
2025,7,precision_h0.5_q2,커터,64,888.0348804585399,741.6096442115655
2025,7,precision_h0.5_q2,투심,99,697.7021183227401,1179.5625373309736
2025,7,precision_h0.5_q2,포크,145,752.6867315992225,1425.5506292003488
2025,7,precision_h1_q0.25,슬라이더,312,2552.5229126496642,2980.9297408637995
2025,7,precision_h1_q0.25,직구,689,7042.778879376706,9266.251736341324
2025,7,precision_h1_q0.25,체인지업,154,1117.391539013477,984.9633518667863
2025,7,precision_h1_q0.25,커브,148,1239.9726650078665,1191.61543700831
2025,7,precision_h1_q0.25,커터,64,902.8519325924804,795.1445212783971
2025,7,precision_h1_q0.25,투심,99,805.7128856698512,1219.7815071025225
2025,7,precision_h1_q0.25,포크,145,821.0061612273566,1440.6871093442555
2025,7,precision_h1_q1,슬라이더,312,2463.6289720890218,2962.85074580705
2025,7,precision_h1_q1,직구,689,6850.331891916047,9074.982868711
2025,7,precision_h1_q1,체인지업,154,1079.127522904861,964.0606982025856
2025,7,precision_h1_q1,커브,148,1207.55941519813,1162.0273809671824
2025,7,precision_h1_q1,커터,64,904.9507618072141,780.2941861391689
2025,7,precision_h1_q1,투심,99,767.761992197233,1200.9595647958183
2025,7,precision_h1_q1,포크,145,786.3469216661811,1414.1513659408229
2025,7,precision_h1_q2,슬라이더,312,2446.6681710641415,2963.023021293039
2025,7,precision_h1_q2,직구,689,6840.863799185896,9050.583070704944
2025,7,precision_h1_q2,체인지업,154,1071.5685953448892,963.0890846220257
2025,7,precision_h1_q2,커브,148,1195.7952239946335,1157.7217000464407
2025,7,precision_h1_q2,커터,64,905.8031216220734,776.9827228958059
2025,7,precision_h1_q2,투심,99,762.6204479369227,1195.0004189237263
2025,7,precision_h1_q2,포크,145,777.8727863269773,1409.3443529693354
2025,7,precision_h2_q0.25,슬라이더,312,2683.1068409903028,3052.5941507012594
2025,7,precision_h2_q0.25,직구,689,7492.1371457748055,9857.229582853883
2025,7,precision_h2_q0.25,체인지업,154,1169.652838994773,1009.6608091977575
2025,7,precision_h2_q0.25,커브,148,1260.420616793545,1220.1578817488066
2025,7,precision_h2_q0.25,커터,64,917.1609578467882,836.4556291054333
2025,7,precision_h2_q0.25,투심,99,865.6694139173969,1251.6666882479449
2025,7,precision_h2_q0.25,포크,145,859.4876860047864,1493.3348409463115
2025,7,precision_h2_q1,슬라이더,312,2576.769595766197,2980.0838406893686
2025,7,precision_h2_q1,직구,689,7282.185092873013,9490.469947159578
2025,7,precision_h2_q1,체인지업,154,1123.874906588171,966.2001265938891
2025,7,precision_h2_q1,커브,148,1222.6762807166594,1160.7412388766181
2025,7,precision_h2_q1,커터,64,920.8926710143178,808.9977866200786
2025,7,precision_h2_q1,투심,99,823.7257697219582,1218.97059355371
2025,7,precision_h2_q1,포크,145,814.2920772838729,1428.0382690378808
2025,7,precision_h2_q2,슬라이더,312,2558.3900252149024,2973.529962609012
2025,7,precision_h2_q2,직구,689,7286.206456615241,9436.683554875763
2025,7,precision_h2_q2,체인지업,154,1116.6983065380605,962.5842733884849
2025,7,precision_h2_q2,커브,148,1210.1631016207102,1151.582641553289
2025,7,precision_h2_q2,커터,64,923.6089512752923,803.368845593295
2025,7,precision_h2_q2,투심,99,819.6077573244152,1210.3022284796114
2025,7,precision_h2_q2,포크,145,803.3852294551548,1416.9472697811993
2025,7,ema_a0.5,슬라이더,312,3036.557312141089,2967.5301799160025
2025,7,ema_a0.5,직구,689,8491.397999509281,9646.608498481859
2025,7,ema_a0.5,체인지업,154,1297.0964820160311,893.9716487571859
2025,7,ema_a0.5,커브,148,1205.207053507524,1103.2419752144533
2025,7,ema_a0.5,커터,64,996.5770481407552,791.8243808227747
2025,7,ema_a0.5,투심,99,962.2494574874218,1180.6577766820624
2025,7,ema_a0.5,포크,145,962.8675933043653,1398.1147332497767
2025,7,ema_a0.75,슬라이더,312,2568.2282150306373,2930.619989374739
2025,7,ema_a0.75,직구,689,6893.138991069924,8821.638165025457
2025,7,ema_a0.75,체인지업,154,1093.6162564942906,915.5730703430717
2025,7,ema_a0.75,커브,148,1158.9197093513326,1117.3256232886692
2025,7,ema_a0.75,커터,64,905.1916433593535,745.837842772
2025,7,ema_a0.75,투심,99,748.2317217466369,1160.5771514265095
2025,7,ema_a0.75,포크,145,825.4597139571706,1373.7360455332728
2025,7,ema_a0.9,슬라이더,312,2363.215427752479,3003.062306697123
2025,7,ema_a0.9,직구,689,6378.500717418473,8532.524706550475
2025,7,ema_a0.9,체인지업,154,1017.6468225995914,972.9746553429053
2025,7,ema_a0.9,커브,148,1120.507807256093,1169.891167387
2025,7,ema_a0.9,커터,64,882.1445424962692,721.9619667039826
2025,7,ema_a0.9,투심,99,675.9217675825614,1164.1249950986528
2025,7,ema_a0.9,포크,145,765.4119548327897,1418.9951895534928
2025,7,kalman_q0.25,슬라이더,312,2625.6204833753427,2882.7508259240385
2025,7,kalman_q0.25,직구,689,8010.35776151089,9067.519255526218
2025,7,kalman_q0.25,체인지업,154,1089.030356404131,823.6549467580016
2025,7,kalman_q0.25,커브,148,980.6525019387853,1039.495239033178
2025,7,kalman_q0.25,커터,64,899.9358897982822,731.7676963129935
2025,7,kalman_q0.25,투심,99,894.0326304501051,1105.186198202908
2025,7,kalman_q0.25,포크,145,805.4957218045638,1293.988197539266
2025,7,kalman_q0.5,슬라이더,312,2384.226026075947,2895.310745935136
2025,7,kalman_q0.5,직구,689,6841.214698687576,8803.65593421887
2025,7,kalman_q0.5,체인지업,154,1002.3380921680696,860.9655067982997
2025,7,kalman_q0.5,커브,148,1049.68794562678,1069.7699899339364
2025,7,kalman_q0.5,커터,64,879.467623350842,728.3749030385329
2025,7,kalman_q0.5,투심,99,741.7405118791418,1132.9092610642426
2025,7,kalman_q0.5,포크,145,756.4383602927705,1338.5674742706751
2025,7,kalman_q1,슬라이더,312,2310.532611487966,2974.4543904093093
2025,7,kalman_q1,직구,689,6284.197680356567,8625.88373112599
2025,7,kalman_q1,체인지업,154,1000.8474566938825,926.590062624521
2025,7,kalman_q1,커브,148,1131.0889385113624,1131.3448679144954
2025,7,kalman_q1,커터,64,883.8677508603176,726.0076500831378
2025,7,kalman_q1,투심,99,670.3608070219052,1158.666069066875
2025,7,kalman_q1,포크,145,751.8700629201041,1396.5450895682325
2025,7,kalman_q2,슬라이더,312,2279.5012176747414,3037.9144908269263
2025,7,kalman_q2,직구,689,6182.746666591432,8499.302480666243
2025,7,kalman_q2,체인지업,154,994.657895870708,985.5912064340288
2025,7,kalman_q2,커브,148,1124.7205060118445,1183.1309109727044
2025,7,kalman_q2,커터,64,882.9362124620632,716.5547627220889
2025,7,kalman_q2,투심,99,650.4483151867607,1168.3496102805204
2025,7,kalman_q2,포크,145,744.6493186881823,1437.0146210846863
2025,7,kalman_q4,슬라이더,312,2263.977877479259,3069.706158960278
2025,7,kalman_q4,직구,689,6186.698499596456,8439.069825509896
2025,7,kalman_q4,체인지업,154,986.9304271548742,1018.214330767626
2025,7,kalman_q4,커브,148,1104.6557735916606,1210.4116086165934
2025,7,kalman_q4,커터,64,880.194710164445,710.1300273920206
2025,7,kalman_q4,투심,99,646.394111385852,1172.2016785121575
2025,7,kalman_q4,포크,145,738.5038087341434,1457.2212000806876
2025,7,adaptive_q0.5,슬라이더,312,2304.7808953600825,2973.9796565924385
2025,7,adaptive_q0.5,직구,689,6311.297311059787,8602.134761038484
2025,7,adaptive_q0.5,체인지업,154,993.9933205367012,930.0320545110542
2025,7,adaptive_q0.5,커브,148,1114.6578123778202,1133.8366388868797
2025,7,adaptive_q0.5,커터,64,882.2516950235738,722.6367204066366
2025,7,adaptive_q0.5,투심,99,671.1056015244048,1157.8529287884535
2025,7,adaptive_q0.5,포크,145,748.4588494257096,1398.3723114057157
2025,7,adaptive_q1,슬라이더,312,2327.759098148251,2991.355042243568
2025,7,adaptive_q1,직구,689,6239.28532141689,8641.08389904591
2025,7,adaptive_q1,체인지업,154,1016.6944901832242,938.6339893451369
2025,7,adaptive_q1,커브,148,1169.7360511009404,1136.4602284837063
2025,7,adaptive_q1,커터,64,889.4785188707999,728.6808572839051
2025,7,adaptive_q1,투심,99,669.7855341839762,1166.6641507910138
2025,7,adaptive_q1,포크,145,760.8574066855896,1403.7451263214052
2025,7,adaptive_q2,슬라이더,312,2279.5012176747414,3037.9144908269263
2025,7,adaptive_q2,직구,689,6182.746666591432,8499.302480666243
2025,7,adaptive_q2,체인지업,154,994.657895870708,985.5912064340288
2025,7,adaptive_q2,커브,148,1124.7205060118445,1183.1309109727044
2025,7,adaptive_q2,커터,64,882.9362124620632,716.5547627220889
2025,7,adaptive_q2,투심,99,650.4483151867607,1168.3496102805204
2025,7,adaptive_q2,포크,145,744.6493186881823,1437.0146210846863
2025,7,trend_d0.25,슬라이더,312,2175.4322455620577,3243.5642553818334
2025,7,trend_d0.25,직구,689,5958.198719515922,8408.879450807788
2025,7,trend_d0.25,체인지업,154,963.5770167909263,1123.3729740367187
2025,7,trend_d0.25,커브,148,1076.6928823606243,1299.21827666669
2025,7,trend_d0.25,커터,64,887.9580055147375,690.0246023012874
2025,7,trend_d0.25,투심,99,590.4036444266038,1198.87753371624
2025,7,trend_d0.25,포크,145,728.2340690929815,1559.005704013641
2025,7,trend_d0.5,슬라이더,312,2167.6359509509275,3480.475970231926
2025,7,trend_d0.5,직구,689,5876.253358472502,8583.527033978891
2025,7,trend_d0.5,체인지업,154,974.5196179747802,1248.662774047653
2025,7,trend_d0.5,커브,148,1094.6708919449422,1410.0125299771958
2025,7,trend_d0.5,커터,64,905.4207999989596,685.7093297022896
2025,7,trend_d0.5,투심,99,550.431531360672,1246.6512956093843
2025,7,trend_d0.5,포크,145,755.9056030278118,1692.5114200236624
2025,7,monthly_w28_hflat,슬라이더,312,2260.6306895485704,3110.6229706776894
2025,7,monthly_w28_hflat,직구,689,6170.76009607667,8387.549641588197
2025,7,monthly_w28_hflat,체인지업,154,979.7773360393694,1006.8686446791606
2025,7,monthly_w28_hflat,커브,148,1075.8530502964513,1234.2973073987496
2025,7,monthly_w28_hflat,커터,64,871.9676141998398,730.7442403463215
2025,7,monthly_w28_hflat,투심,99,638.902065389937,1162.5029116622793
2025,7,monthly_w28_hflat,포크,145,743.7568001219261,1462.8436172263837
2025,7,monthly_w28_h14,슬라이더,312,2280.811776373006,3151.9773460082934
2025,7,monthly_w28_h14,직구,689,6005.565186431588,8328.002822959046
2025,7,monthly_w28_h14,체인지업,154,1006.2285501883532,1024.6951866727927
2025,7,monthly_w28_h14,커브,148,1119.182264235752,1241.2870426746922
2025,7,monthly_w28_h14,커터,64,886.7380619207164,727.7396424729102
2025,7,monthly_w28_h14,투심,99,606.3884645798395,1163.6718899034897
2025,7,monthly_w28_h14,포크,145,766.8786654832841,1475.9247529991121
2025,7,monthly_w28_h28,슬라이더,312,2267.593268686599,3128.8908884466177
2025,7,monthly_w28_h28,직구,689,6083.536182572812,8348.43237703541
2025,7,monthly_w28_h28,체인지업,154,991.7885152023907,1013.442723065097
2025,7,monthly_w28_h28,커브,148,1096.3955396399388,1236.8568612045829
2025,7,monthly_w28_h28,커터,64,879.3807206518372,728.5472033824469
2025,7,monthly_w28_h28,투심,99,622.0369069007095,1161.7124554562008
2025,7,monthly_w28_h28,포크,145,753.2528457865553,1467.8600565795082
2025,7,monthly_w28_h28_huber,슬라이더,312,2255.937840122032,3135.78267027076
2025,7,monthly_w28_h28_huber,직구,689,6112.2758899888695,8376.828245592726
2025,7,monthly_w28_h28_huber,체인지업,154,982.1853227753816,1014.1851537498607
2025,7,monthly_w28_h28_huber,커브,148,1065.4466158674595,1233.0159448913014
2025,7,monthly_w28_h28_huber,커터,64,874.9379328555015,730.5910474167943
2025,7,monthly_w28_h28_huber,투심,99,621.6705861705874,1164.6922858069581
2025,7,monthly_w28_h28_huber,포크,145,748.0959056780804,1468.4181598280934
2025,7,monthly_w56_hflat,슬라이더,312,2853.957708379664,2961.6423954704983
2025,7,monthly_w56_hflat,직구,689,7403.249957484903,9398.8323200122
2025,7,monthly_w56_hflat,체인지업,154,1262.349994209902,865.3519361736551
2025,7,monthly_w56_hflat,커브,148,1465.0512659981005,1081.3132704336529
2025,7,monthly_w56_hflat,커터,64,935.1756777994076,813.9582016866982
2025,7,monthly_w56_hflat,투심,99,869.8828820798059,1191.9615283126611
2025,7,monthly_w56_hflat,포크,145,918.5772037280758,1329.227998628459
2025,7,monthly_w56_h14,슬라이더,312,2432.529755390562,2998.4019963500077
2025,7,monthly_w56_h14,직구,689,6411.359679382419,8507.217241457041
2025,7,monthly_w56_h14,체인지업,154,1080.2964637009036,934.3184530902602
2025,7,monthly_w56_h14,커브,148,1224.326610065627,1145.6920951487634
2025,7,monthly_w56_h14,커터,64,898.7834733676284,735.585130826549
2025,7,monthly_w56_h14,투심,99,694.3874706955506,1160.2000031753703
2025,7,monthly_w56_h14,포크,145,783.9822756982824,1397.4698327488802
2025,7,monthly_w56_h28,슬라이더,312,2595.496514075366,2943.6766603229457
2025,7,monthly_w56_h28,직구,689,6841.189261437562,8812.546325852662
2025,7,monthly_w56_h28,체인지업,154,1149.096222880352,882.894704490479
2025,7,monthly_w56_h28,커브,148,1314.6745538495175,1100.6805292123415
2025,7,monthly_w56_h28,커터,64,911.0718590021027,762.4839653415025
2025,7,monthly_w56_h28,투심,99,772.4686121184344,1164.286555296788
2025,7,monthly_w56_h28,포크,145,828.5909113230969,1352.585771790591
2025,7,monthly_w56_h28_huber,슬라이더,312,2546.045740913938,2950.9347573777886
2025,7,monthly_w56_h28_huber,직구,689,6779.891310110872,8734.74839442189
2025,7,monthly_w56_h28_huber,체인지업,154,1124.0620424411227,890.6921976953427
2025,7,monthly_w56_h28_huber,커브,148,1274.104628661058,1108.2580841618455
2025,7,monthly_w56_h28_huber,커터,64,905.445283990159,754.9911016267713
2025,7,monthly_w56_h28_huber,투심,99,758.7322616336445,1166.48158503373
2025,7,monthly_w56_h28_huber,포크,145,812.3754121342541,1363.3603896030672
2025,7,monthly_w84_hflat,슬라이더,312,3005.8884334720487,3140.4320850270497
2025,7,monthly_w84_hflat,직구,689,8325.100299268992,10353.739599593815
2025,7,monthly_w84_hflat,체인지업,154,1327.4708397108393,911.4309333024373
2025,7,monthly_w84_hflat,커브,148,1384.8495861586064,1141.1179810015026
2025,7,monthly_w84_hflat,커터,64,965.4076586057712,867.8142466140895
2025,7,monthly_w84_hflat,투심,99,980.7005940068141,1224.8405445936194
2025,7,monthly_w84_hflat,포크,145,961.5994799165583,1412.2166637113778
2025,7,monthly_w84_h14,슬라이더,312,2462.4346833123054,2969.0853454464304
2025,7,monthly_w84_h14,직구,689,6566.204856388854,8587.090538915216
2025,7,monthly_w84_h14,체인지업,154,1087.6207736428644,907.549144688077
2025,7,monthly_w84_h14,커브,148,1218.048277941054,1127.5958119364727
2025,7,monthly_w84_h14,커터,64,899.1615948763888,746.2590476291318
2025,7,monthly_w84_h14,투심,99,720.4394761297154,1155.6673854451783
2025,7,monthly_w84_h14,포크,145,790.4257570916528,1372.8960892133664
2025,7,monthly_w84_h28,슬라이더,312,2683.4743956959974,2951.2345224856167
2025,7,monthly_w84_h28,직구,689,7284.492839607741,9162.055980843143
2025,7,monthly_w84_h28,체인지업,154,1177.5526107040823,864.9407047269974
2025,7,monthly_w84_h28,커브,148,1293.9618677860838,1093.8544590260003
2025,7,monthly_w84_h28,커터,64,919.3307530853565,789.8581136303035
2025,7,monthly_w84_h28,투심,99,834.5931965482823,1167.226164664849
2025,7,monthly_w84_h28,포크,145,855.6903999369231,1337.7449742050867
2025,7,monthly_w84_h28_huber,슬라이더,312,2629.2956867905264,2952.050721524378
2025,7,monthly_w84_h28_huber,직구,689,7199.507239008828,9104.06994834647
2025,7,monthly_w84_h28_huber,체인지업,154,1147.609646215093,862.0367252399476
2025,7,monthly_w84_h28_huber,커브,148,1246.8418932272675,1095.739447503269
2025,7,monthly_w84_h28_huber,커터,64,905.8527002606854,787.4137043307633
2025,7,monthly_w84_h28_huber,투심,99,821.9176196989862,1168.1675983925822
2025,7,monthly_w84_h28_huber,포크,145,841.8403289962716,1341.210551003478
2025,7,weekly_w28_hflat,슬라이더,312,2234.701004075722,3458.6882972398957
2025,7,weekly_w28_hflat,직구,689,5982.823068651693,9017.672065658287
2025,7,weekly_w28_hflat,체인지업,154,1000.1013341836383,1090.694681840469
2025,7,weekly_w28_hflat,커브,148,1011.8916545469762,1345.2932000681278
2025,7,weekly_w28_hflat,커터,64,901.8338171434988,796.812701378374
2025,7,weekly_w28_hflat,투심,99,690.9585909555958,1258.8035928264603
2025,7,weekly_w28_hflat,포크,145,698.1762159072216,1599.433681455936
2025,7,weekly_w28_h14,슬라이더,312,2194.3846715630707,3423.970360797298
2025,7,weekly_w28_h14,직구,689,5825.841525179512,8957.655853947948
2025,7,weekly_w28_h14,체인지업,154,970.5689412692178,1075.7784328155194
2025,7,weekly_w28_h14,커브,148,1016.1224485408338,1360.306867568661
2025,7,weekly_w28_h14,커터,64,905.8919945396838,776.721934606099
2025,7,weekly_w28_h14,투심,99,672.3170232843328,1250.049057887255
2025,7,weekly_w28_h14,포크,145,701.455022227042,1562.4841213843056
2025,7,weekly_w28_h28,슬라이더,312,2211.8628536007454,3436.5218531198702
2025,7,weekly_w28_h28,직구,689,5901.033067868905,8977.154213224905
2025,7,weekly_w28_h28,체인지업,154,983.2081974932037,1080.885824448513
2025,7,weekly_w28_h28,커브,148,1012.9434111712391,1350.0481423643196
2025,7,weekly_w28_h28,커터,64,904.3872793882928,785.0092416554598
2025,7,weekly_w28_h28,투심,99,681.3057834860689,1252.3435951974964
2025,7,weekly_w28_h28,포크,145,698.7906328784113,1578.6595955561436
2025,7,weekly_w28_h28_huber,슬라이더,312,2199.9577489094413,3448.6964741848496
2025,7,weekly_w28_h28_huber,직구,689,5877.144237304424,8985.583395136382
2025,7,weekly_w28_h28_huber,체인지업,154,966.8166173264487,1074.4027912544664
2025,7,weekly_w28_h28_huber,커브,148,1012.6865583688873,1347.5504705618314
2025,7,weekly_w28_h28_huber,커터,64,908.1838416482254,779.6407489110718
2025,7,weekly_w28_h28_huber,투심,99,671.3173283337774,1238.708544084795
2025,7,weekly_w28_h28_huber,포크,145,702.214629339642,1581.9917801011711
2025,7,weekly_w56_hflat,슬라이더,312,2541.565799905563,3252.892318563534
2025,7,weekly_w56_hflat,직구,689,6823.740536949428,9292.382267551453
2025,7,weekly_w56_hflat,체인지업,154,1188.0499994777522,1005.7478487987261
2025,7,weekly_w56_hflat,커브,148,1157.628093524609,1208.449956971328
2025,7,weekly_w56_hflat,커터,64,933.7476263567967,823.5659963202869
2025,7,weekly_w56_hflat,투심,99,836.2694183830505,1268.4369155315487
2025,7,weekly_w56_hflat,포크,145,775.335134095443,1480.398877835507
2025,7,weekly_w56_h14,슬라이더,312,2279.779711044136,3248.8238845404885
2025,7,weekly_w56_h14,직구,689,6114.582352312337,8838.671774746439
2025,7,weekly_w56_h14,체인지업,154,1031.856280597299,1000.3852914377002
2025,7,weekly_w56_h14,커브,148,1037.974224952009,1272.0176562359286
2025,7,weekly_w56_h14,커터,64,900.1666568818343,760.1910352614525
2025,7,weekly_w56_h14,투심,99,712.1314002909413,1220.15629932841
2025,7,weekly_w56_h14,포크,145,705.3314273935852,1481.3520122044565
2025,7,weekly_w56_h28,슬라이더,312,2386.104559987623,3230.7767175781746
2025,7,weekly_w56_h28,직구,689,6419.712995043394,8983.15843154546
2025,7,weekly_w56_h28,체인지업,154,1097.741977118688,991.0892427666722
2025,7,weekly_w56_h28,커브,148,1083.249941408952,1234.3562412508209
2025,7,weekly_w56_h28,커터,64,912.4676283299964,784.2768548148646
2025,7,weekly_w56_h28,투심,99,765.3528205323014,1232.3947448776266
2025,7,weekly_w56_h28,포크,145,729.4110008389487,1476.3471688849606
2025,7,weekly_w56_h28_huber,슬라이더,312,2359.0434026707603,3244.590895835593
2025,7,weekly_w56_h28_huber,직구,689,6372.2510155329555,8982.20182639008
2025,7,weekly_w56_h28_huber,체인지업,154,1073.2664067541132,994.861689214428
2025,7,weekly_w56_h28_huber,커브,148,1061.3951357193964,1238.2239779228803
2025,7,weekly_w56_h28_huber,커터,64,906.023864354454,781.2009549855443
2025,7,weekly_w56_h28_huber,투심,99,753.3334671541102,1234.8065123588465
2025,7,weekly_w56_h28_huber,포크,145,723.6504035361602,1484.141834202143
2025,7,weekly_w84_hflat,슬라이더,312,2907.429332702446,3185.7753782130685
2025,7,weekly_w84_hflat,직구,689,7597.438211460813,10283.99602074952
2025,7,weekly_w84_hflat,체인지업,154,1208.5752913603296,959.638650106248
2025,7,weekly_w84_hflat,커브,148,1366.4355408070055,1147.6059622241974
2025,7,weekly_w84_hflat,커터,64,906.557244348152,892.6539554038291
2025,7,weekly_w84_hflat,투심,99,925.2667502375688,1291.3631875664598
2025,7,weekly_w84_hflat,포크,145,932.8352154215754,1442.0113736113678
2025,7,weekly_w84_h14,슬라이더,312,2295.7593045253825,3149.9679345460645
2025,7,weekly_w84_h14,직구,689,6195.378668801784,8900.2492190907
2025,7,weekly_w84_h14,체인지업,154,1034.8495436456765,957.1360292981869
2025,7,weekly_w84_h14,커브,148,1058.763762784034,1221.9675019226956
2025,7,weekly_w84_h14,커터,64,892.7274832189028,765.2840065166586
2025,7,weekly_w84_h14,투심,99,723.309023235444,1211.5894442478989
2025,7,weekly_w84_h14,포크,145,709.5712019612048,1438.8670644672134
2025,7,weekly_w84_h28,슬라이더,312,2502.6155229439555,3093.764146971217
2025,7,weekly_w84_h28,직구,689,6715.808852424201,9311.162329115663
2025,7,weekly_w84_h28,체인지업,154,1105.2831451993452,925.4138371665946
2025,7,weekly_w84_h28,커브,148,1165.5684710702094,1154.4608997423484
2025,7,weekly_w84_h28,커터,64,896.6480787982323,810.4092857644034
2025,7,weekly_w84_h28,투심,99,800.6569478205757,1229.3106610029342
2025,7,weekly_w84_h28,포크,145,778.6166208630568,1411.786628335518
2025,7,weekly_w84_h28_huber,슬라이더,312,2458.168669430752,3103.1871021682073
2025,7,weekly_w84_h28_huber,직구,689,6656.7148778996425,9254.075963269526
2025,7,weekly_w84_h28_huber,체인지업,154,1083.1835641270127,929.6820424434737
2025,7,weekly_w84_h28_huber,커브,148,1128.5117100210923,1162.4935321491434
2025,7,weekly_w84_h28_huber,커터,64,890.1797676072416,806.6092404274169
2025,7,weekly_w84_h28_huber,투심,99,789.0185763317489,1233.0297136153008
2025,7,weekly_w84_h28_huber,포크,145,767.2537472183678,1420.8634561741196
2025,7,weekly_w56_h7,슬라이더,312,2190.0999739538165,3325.314101029604
2025,7,weekly_w56_h7,직구,689,5779.288310789991,8839.311589478275
2025,7,weekly_w56_h7,체인지업,154,969.7271415498033,1040.0368380047983
2025,7,weekly_w56_h7,커브,148,1017.1218672154082,1350.8738148513457
2025,7,weekly_w56_h7,커터,64,893.314007446398,750.3375991353943
2025,7,weekly_w56_h7,투심,99,658.3582617606007,1233.0857075700335
2025,7,weekly_w56_h7,포크,145,702.2704761867922,1500.9317586849204
2025,7,weekly_w56_h10,슬라이더,312,2228.472357497104,3277.2267060365084
2025,7,weekly_w56_h10,직구,689,5943.878253817513,8807.971707941259
2025,7,weekly_w56_h10,체인지업,154,997.4580321137905,1015.3660778028683
2025,7,weekly_w56_h10,커브,148,1021.2270824695904,1304.4972985338068
2025,7,weekly_w56_h10,커터,64,895.4303208983796,751.3313471127764
2025,7,weekly_w56_h10,투심,99,683.4774919406144,1221.5797363762172
2025,7,weekly_w56_h10,포크,145,699.1205614378226,1488.341319656312
2025,7,weekly_w56_h21,슬라이더,312,2344.9434232188664,3233.4539538120107
2025,7,weekly_w56_h21,직구,689,6306.035721451461,8918.673805791
2025,7,weekly_w56_h21,체인지업,154,1072.8396377003228,992.2676906829608
2025,7,weekly_w56_h21,커브,148,1064.8064860399672,1246.0834128478311
2025,7,weekly_w56_h21,커터,64,907.4304272786975,774.4977157687074
2025,7,weekly_w56_h21,투심,99,745.4034446492888,1226.0693462781257
2025,7,weekly_w56_h21,포크,145,719.0151376713874,1477.309971490759
2025,7,weekly_w84_h7,슬라이더,312,2185.800585768595,3306.669339392599
2025,7,weekly_w84_h7,직구,689,5783.126704412365,8835.763489067911
2025,7,weekly_w84_h7,체인지업,154,970.2398593018945,1032.766583195973
2025,7,weekly_w84_h7,커브,148,1016.6654923095143,1343.3295840978362
2025,7,weekly_w84_h7,커터,64,892.3462383957761,749.5033898652385
2025,7,weekly_w84_h7,투심,99,659.3081791686495,1230.8345868546844
2025,7,weekly_w84_h7,포크,145,699.5812675446152,1493.696295367602
2025,7,weekly_w84_h10,슬라이더,312,2225.1733612052567,3220.97481724263
2025,7,weekly_w84_h10,직구,689,5968.499849918015,8814.636834524388
2025,7,weekly_w84_h10,체인지업,154,999.0085849795583,991.9649478423734
2025,7,weekly_w84_h10,커브,148,1025.7408475022312,1278.4686790423307
2025,7,weekly_w84_h10,커터,64,891.9029597235252,751.3638225395896
2025,7,weekly_w84_h10,투심,99,687.6489431103823,1215.496945296248
2025,7,weekly_w84_h10,포크,145,695.6121398620203,1465.3600410879667
2025,7,weekly_w84_h21,슬라이더,312,2413.7135749254544,3102.3280773564484
2025,7,weekly_w84_h21,직구,689,6504.334250586007,9120.356206380859
2025,7,weekly_w84_h21,체인지업,154,1078.276560600592,931.714523826831
2025,7,weekly_w84_h21,커브,148,1119.5977382720555,1173.7169792540847
2025,7,weekly_w84_h21,커터,64,894.8384847382083,791.1261028481485
2025,7,weekly_w84_h21,투심,99,769.911862207139,1219.2544989219168
2025,7,weekly_w84_h21,포크,145,746.7601867926865,1417.646977202349
2025,7,weekly_w112_h7,슬라이더,312,2185.653478764526,3305.392241799129
2025,7,weekly_w112_h7,직구,689,5784.343810236556,8834.606501738033
2025,7,weekly_w112_h7,체인지업,154,969.9954796468197,1032.2260545999952
2025,7,weekly_w112_h7,커브,148,1016.3239125359548,1342.8557137312498
2025,7,weekly_w112_h7,커터,64,892.3539194890834,749.2588177158786
2025,7,weekly_w112_h7,투심,99,659.4468277767718,1230.4659828392948
2025,7,weekly_w112_h7,포크,145,699.2976218579532,1493.090480953138
2025,7,weekly_w112_h10,슬라이더,312,2225.260805858147,3212.4319075181616
2025,7,weekly_w112_h10,직구,689,5981.49951948586,8807.166489019088
2025,7,weekly_w112_h10,체인지업,154,997.635935083491,988.2553941705107
2025,7,weekly_w112_h10,커브,148,1023.4012400668403,1275.1214805831798
2025,7,weekly_w112_h10,커터,64,892.2562747438878,749.6586429290417
2025,7,weekly_w112_h10,투심,99,689.0504304431802,1212.623137855538
2025,7,weekly_w112_h10,포크,145,693.7541282340032,1461.0632650085226
2025,7,weekly_w112_h21,슬라이더,312,2438.28773720333,3056.542552086632
2025,7,weekly_w112_h21,직구,689,6689.599634820546,9103.063148206533
2025,7,weekly_w112_h21,체인지업,154,1080.6236472589376,909.3046000656614
2025,7,weekly_w112_h21,커브,148,1103.7918590244421,1153.6913984794626
2025,7,weekly_w112_h21,커터,64,904.6883181231691,778.7884650478196
2025,7,weekly_w112_h21,투심,99,790.0420375082465,1196.534275738556
2025,7,weekly_w112_h21,포크,145,737.508808579095,1392.4120811694188
2025,7,weekly_w112_h14,슬라이더,312,2300.559076703019,3125.492332800207
2025,7,weekly_w112_h14,직구,689,6253.984407916011,8882.591583881054
2025,7,weekly_w112_h14,체인지업,154,1032.4306914072843,946.0760732136226
2025,7,weekly_w112_h14,커브,148,1051.6287382893424,1211.9120901197527
2025,7,weekly_w112_h14,커터,64,895.1164297489461,759.9018628088074
2025,7,weekly_w112_h14,투심,99,729.5652747614764,1201.9354604795271
2025,7,weekly_w112_h14,포크,145,704.4611232407831,1425.9127954529758
2025,7,weekly_w84_h3.5,슬라이더,312,2184.41879403458,3463.64484035203
2025,7,weekly_w84_h3.5,직구,689,5572.453914175412,9083.101822490411
2025,7,weekly_w84_h3.5,체인지업,154,967.7574795472262,1116.4067036994632
2025,7,weekly_w84_h3.5,커브,148,1056.1536016855769,1479.2394390191766
2025,7,weekly_w84_h3.5,커터,64,897.0269061395439,778.5064023252253
2025,7,weekly_w84_h3.5,투심,99,633.1941956136848,1278.3230836256482
2025,7,weekly_w84_h3.5,포크,145,733.867053975926,1549.3668163990953
2025,7,weekly_w28_h7,슬라이더,312,2176.0382380378283,3423.6557077039083
2025,7,weekly_w28_h7,직구,689,5704.026675480561,8973.454292271585
2025,7,weekly_w28_h7,체인지업,154,958.586706535463,1078.9808550369612
2025,7,weekly_w28_h7,커브,148,1027.480093556715,1393.9333832068896
2025,7,weekly_w28_h7,커터,64,906.1168095703948,771.2818945932106
2025,7,weekly_w28_h7,투심,99,657.2967730270602,1256.1652887801233
2025,7,weekly_w28_h7,포크,145,711.1645771609692,1545.5343549739625
2025,7,weekly_w84_h14_huber,슬라이더,312,2272.003074077867,3170.3172608069353
2025,7,weekly_w84_h14_huber,직구,689,6145.0406916322045,8886.611951429235
2025,7,weekly_w84_h14_huber,체인지업,154,1015.5473388561613,965.6894686568271
2025,7,weekly_w84_h14_huber,커브,148,1040.1353584862713,1230.13318102667
2025,7,weekly_w84_h14_huber,커터,64,889.6743481725235,761.4443089569228
2025,7,weekly_w84_h14_huber,투심,99,712.6281063116783,1215.922646980315
2025,7,weekly_w84_h14_huber,포크,145,705.8169613931602,1448.595453566099
2025,7,daily_w84_h3.5,슬라이더,312,2203.473825459448,3220.679668298728
2025,7,daily_w84_h3.5,직구,689,5286.395460438573,8284.61480694681
2025,7,daily_w84_h3.5,체인지업,154,956.1580233111392,1140.047076111168
2025,7,daily_w84_h3.5,커브,148,1061.8349893752059,1338.0965715638342
2025,7,daily_w84_h3.5,커터,64,853.2255270584695,679.7339243944272
2025,7,daily_w84_h3.5,투심,99,583.2464702133154,1167.345879719668
2025,7,daily_w84_h3.5,포크,145,758.4794965937654,1503.254589023999
2025,7,daily_w56_h7,슬라이더,312,2185.039143798856,3144.382422558053
2025,7,daily_w56_h7,직구,689,5600.4321340937895,8242.589318079958
2025,7,daily_w56_h7,체인지업,154,943.7771734182073,1029.4441354634016
2025,7,daily_w56_h7,커브,148,1012.0192658283656,1258.6082945676185
2025,7,daily_w56_h7,커터,64,864.280284624786,689.376640498581
2025,7,daily_w56_h7,투심,99,628.3535727951424,1164.1994079493115
2025,7,daily_w56_h7,포크,145,710.282608568695,1450.0697202800027
2025,7,daily_w56_h14,슬라이더,312,2252.0348079491096,3124.457946415585
2025,7,daily_w56_h14,직구,689,5957.874381584674,8408.284684843027
2025,7,daily_w56_h14,체인지업,154,994.7230582978099,983.4787885579498
2025,7,daily_w56_h14,커브,148,1018.3373454086588,1214.7091028099844
2025,7,daily_w56_h14,커터,64,878.008044068539,717.4209742564052
2025,7,daily_w56_h14,투심,99,687.0511396894203,1175.4441779458489
2025,7,daily_w56_h14,포크,145,703.0210652416018,1436.7576968479518
2025,7,daily_w56_h28,슬라이더,312,2338.28850910424,3135.175995157104
2025,7,daily_w56_h28,직구,689,6251.507099821945,8623.137468414698
2025,7,daily_w56_h28,체인지업,154,1049.6746906608466,975.9569242180012
2025,7,daily_w56_h28,커브,148,1050.0239625494053,1200.5252108047202
2025,7,daily_w56_h28,커터,64,893.8038615141982,749.1864586458144
2025,7,daily_w56_h28,투심,99,737.3698656638792,1195.9992845202457
2025,7,daily_w56_h28,포크,145,719.2647429915613,1439.6706705984182
2025,7,daily_w84_h7,슬라이더,312,2182.2504936115874,3134.117487809047
2025,7,daily_w84_h7,직구,689,5608.465192254584,8253.725337585862
2025,7,daily_w84_h7,체인지업,154,946.1770717005938,1023.1280846355219
2025,7,daily_w84_h7,커브,148,1012.984104478543,1251.5103857484191
2025,7,daily_w84_h7,커터,64,863.3817781996236,689.1259094445226
2025,7,daily_w84_h7,투심,99,629.4217858032528,1164.168578005135
2025,7,daily_w84_h7,포크,145,707.8602270628787,1445.8099035371167
2025,7,daily_w84_h14,슬라이더,312,2273.408776776567,3059.7530000515494
2025,7,daily_w84_h14,직구,689,6062.438907469159,8538.447699919336
2025,7,daily_w84_h14,체인지업,154,1012.9130814286732,944.0341405523714
2025,7,daily_w84_h14,커브,148,1046.78075176206,1166.9929741074188
2025,7,daily_w84_h14,커터,64,873.4794346344672,725.7712489057263
2025,7,daily_w84_h14,투심,99,701.4591307721603,1177.7153903297904
2025,7,daily_w84_h14,포크,145,706.3215269233035,1404.9903822875694
2025,7,daily_w84_h28,슬라이더,312,2461.3685776913526,3042.246387682423
2025,7,daily_w84_h28,직구,689,6586.950577437926,9050.890998139439
2025,7,daily_w84_h28,체인지업,154,1092.252130514637,915.5860628115637
2025,7,daily_w84_h28,커브,148,1149.453897344084,1118.9760895701763
2025,7,daily_w84_h28,커터,64,886.5203295069075,782.269157625778
2025,7,daily_w84_h28,투심,99,781.1362840802018,1212.353999647717
2025,7,daily_w84_h28,포크,145,765.8881037160721,1385.1646873434402
2025,7,fortnightly_w84_h7,슬라이더,312,2347.367183669794,3363.2002208300655
2025,7,fortnightly_w84_h7,직구,689,6045.759480163257,8987.294760756857
2025,7,fortnightly_w84_h7,체인지업,154,1068.6584056042582,1102.5950438288655
2025,7,fortnightly_w84_h7,커브,148,1088.9866842792528,1323.9214889090947
2025,7,fortnightly_w84_h7,커터,64,884.6635391419552,822.0962747523125
2025,7,fortnightly_w84_h7,투심,99,729.104885527234,1256.1688958355667
2025,7,fortnightly_w84_h7,포크,145,726.269907639771,1612.7069494987045
2025,7,fortnightly_w84_h14,슬라이더,312,2462.8713954608215,3193.8278473244595
2025,7,fortnightly_w84_h14,직구,689,6518.848141657943,9127.943479448915
2025,7,fortnightly_w84_h14,체인지업,154,1122.8068074126836,996.2169499620717
2025,7,fortnightly_w84_h14,커브,148,1128.0436493907555,1203.3115387113562
2025,7,fortnightly_w84_h14,커터,64,895.7021896286903,821.2811037360059
2025,7,fortnightly_w84_h14,투심,99,792.8382192027965,1236.9416003216515
2025,7,fortnightly_w84_h14,포크,145,751.789315283836,1512.2353342143972
2025,7,fortnightly_w84_h28,슬라이더,312,2667.6907364968124,3133.1297541526756
2025,7,fortnightly_w84_h28,직구,689,7072.771049585714,9568.591520211601
2025,7,fortnightly_w84_h28,체인지업,154,1172.5576673139426,952.6538516558386
2025,7,fortnightly_w84_h28,커브,148,1226.1850042721544,1141.00357195663
2025,7,fortnightly_w84_h28,커터,64,907.6616862617125,849.2681536585123
2025,7,fortnightly_w84_h28,투심,99,870.8036803794046,1251.8064809998586
2025,7,fortnightly_w84_h28,포크,145,824.0081521377961,1459.911365003064
2025,8,uncorrected,스위퍼,20,860.9881634596921,721.152904256469
2025,8,uncorrected,슬라이더,453,15609.614405040806,11745.889018915692
2025,8,uncorrected,직구,895,40249.77008618817,35566.331570247916
2025,8,uncorrected,체인지업,205,9749.956483228783,4738.541401643879
2025,8,uncorrected,커브,192,4390.094173585284,3716.096013755091
2025,8,uncorrected,커터,71,3762.503658546647,2125.009602695679
2025,8,uncorrected,투심,126,9320.509126481282,4085.362566370537
2025,8,uncorrected,포크,182,4570.180552014299,5230.223368874298
2025,8,last_month,스위퍼,20,136.3771932693957,353.3252401041254
2025,8,last_month,슬라이더,453,4111.10254999914,4688.45861718836
2025,8,last_month,직구,895,8428.762872073134,9060.202063677432
2025,8,last_month,체인지업,205,1334.0316370916994,2120.8532492774707
2025,8,last_month,커브,192,1716.0035555218992,1687.4021851481618
2025,8,last_month,커터,71,714.1289799600927,559.177206277786
2025,8,last_month,투심,126,1158.4302656793739,1241.5511170823077
2025,8,last_month,포크,182,1514.044077424152,1935.7145520466615
2025,8,season_to_date,스위퍼,20,153.12921035897207,327.91797763714607
2025,8,season_to_date,슬라이더,453,4057.2922342670226,4554.210362106203
2025,8,season_to_date,직구,895,9632.590341957155,11315.886303054343
2025,8,season_to_date,체인지업,205,1396.6010197862201,1672.1585862151362
2025,8,season_to_date,커브,192,1535.9491710549337,1329.9217842644243
2025,8,season_to_date,커터,71,868.2227899502728,504.4122481097828
2025,8,season_to_date,투심,126,1534.4680251720267,1189.462567512547
2025,8,season_to_date,포크,182,1528.5007184783422,1820.2151253380594
2025,8,ewma_w2_h0.25,스위퍼,20,133.3975183566386,354.1713365329875
2025,8,ewma_w2_h0.25,슬라이더,453,4066.92618946714,4700.205393236327
2025,8,ewma_w2_h0.25,직구,895,8351.652565088907,9117.356234159924
2025,8,ewma_w2_h0.25,체인지업,205,1319.7786507740093,2119.7289807447996
2025,8,ewma_w2_h0.25,커브,192,1709.3236294320477,1692.9265552299198
2025,8,ewma_w2_h0.25,커터,71,711.0368813341677,561.3296582416373
2025,8,ewma_w2_h0.25,투심,126,1153.373032262261,1242.783874379903
2025,8,ewma_w2_h0.25,포크,182,1495.2079630720948,1937.2156080673867
2025,8,ewma_w2_h0.5,스위퍼,20,127.45426440931739,356.5615846392009
2025,8,ewma_w2_h0.5,슬라이더,453,3977.5618454487103,4739.2357161184655
2025,8,ewma_w2_h0.5,직구,895,8199.954885660194,9276.889444107299
2025,8,ewma_w2_h0.5,체인지업,205,1293.8186662171847,2121.7116891939527
2025,8,ewma_w2_h0.5,커브,192,1700.3785546667054,1710.5685086168148
2025,8,ewma_w2_h0.5,커터,71,706.5323755727728,568.1570334587198
2025,8,ewma_w2_h0.5,투심,126,1146.543496746309,1248.7572468267538
2025,8,ewma_w2_h0.5,포크,182,1456.1016698617082,1945.0441145855148
2025,8,ewma_w2_h1,스위퍼,20,123.40707288556375,359.2852109503676
2025,8,ewma_w2_h1,슬라이더,453,3914.757085136602,4790.1470252421805
2025,8,ewma_w2_h1,직구,895,8099.938447928267,9456.549032303117
2025,8,ewma_w2_h1,체인지업,205,1279.9916952911858,2129.6521491168496
2025,8,ewma_w2_h1,커브,192,1701.1169534905705,1732.9126231738414
2025,8,ewma_w2_h1,커터,71,706.0588083880806,576.7588940390893
2025,8,ewma_w2_h1,투심,126,1146.9738933508447,1258.3067809021825
2025,8,ewma_w2_h1,포크,182,1427.0758500966874,1957.9158160153609
2025,8,ewma_w2_h2,스위퍼,20,121.69326731227288,361.15803407136434
2025,8,ewma_w2_h2,슬라이더,453,3886.8817983864865,4827.680325341164
2025,8,ewma_w2_h2,직구,895,8059.742881497183,9579.253275829891
2025,8,ewma_w2_h2,체인지업,205,1276.6648381943091,2137.3411556377905
2025,8,ewma_w2_h2,커브,192,1705.913412806276,1749.156367958361
2025,8,ewma_w2_h2,커터,71,707.5611731907242,582.9963154096858
2025,8,ewma_w2_h2,투심,126,1150.4919414078145,1265.9494480076771
2025,8,ewma_w2_h2,포크,182,1413.2120324697225,1968.3169383487962
2025,8,ewma_w2_h3,스위퍼,20,121.22610446940385,361.85218425978525
2025,8,ewma_w2_h3,슬라이더,453,3878.956556945108,4841.9887898435
2025,8,ewma_w2_h3,직구,895,8049.336587505093,9624.601826375183
2025,8,ewma_w2_h3,체인지업,205,1276.4032832219264,2140.5413944594284
2025,8,ewma_w2_h3,커브,192,1708.365302774202,1755.315246052397
2025,8,ewma_w2_h3,커터,71,708.4053450641848,585.3588837628093
2025,8,ewma_w2_h3,투심,126,1152.3023417393272,1268.9513155695092
2025,8,ewma_w2_h3,포크,182,1409.0315153144097,1972.4157245031593
2025,8,ewma_w3_h0.25,스위퍼,20,133.1546169899164,353.8599878500461
2025,8,ewma_w3_h0.25,슬라이더,453,4065.013469049566,4694.156157445612
2025,8,ewma_w3_h0.25,직구,895,8346.002414613955,9117.540684181604
2025,8,ewma_w3_h0.25,체인지업,205,1319.531082526466,2114.013962872931
2025,8,ewma_w3_h0.25,커브,192,1710.168658747124,1688.5573916828248
2025,8,ewma_w3_h0.25,커터,71,710.661734109357,560.0742876429913
2025,8,ewma_w3_h0.25,투심,126,1152.2163359367737,1240.5366203473645
2025,8,ewma_w3_h0.25,포크,182,1494.7732087568725,1934.108755696141
2025,8,ewma_w3_h0.5,스위퍼,20,125.59189752277892,352.70472874176437
2025,8,ewma_w3_h0.5,슬라이더,453,3977.9234561051935,4662.276823931348
2025,8,ewma_w3_h0.5,직구,895,8174.428225207259,9279.178294058267
2025,8,ewma_w3_h0.5,체인지업,205,1301.230364321699,2050.0325195755004
2025,8,ewma_w3_h0.5,커브,192,1719.3851769299026,1655.1125979482033
2025,8,ewma_w3_h0.5,커터,71,705.1671557341657,552.9877658070636
2025,8,ewma_w3_h0.5,투심,126,1137.3771708412348,1220.8496646067067
2025,8,ewma_w3_h0.5,포크,182,1460.3884857732842,1905.869516125107
2025,8,ewma_w3_h1,스위퍼,20,121.95143739708293,349.13783687088005
2025,8,ewma_w3_h1,슬라이더,453,4004.576010051304,4578.205261832831
2025,8,ewma_w3_h1,직구,895,8190.642749345373,9491.562025414685
2025,8,ewma_w3_h1,체인지업,205,1338.584894028967,1930.7010318403973
2025,8,ewma_w3_h1,커브,192,1787.0346695800993,1576.2765750340966
2025,8,ewma_w3_h1,커터,71,713.9292630881109,537.731116756446
2025,8,ewma_w3_h1,투심,126,1140.1064127909842,1184.4180679196775
2025,8,ewma_w3_h1,포크,182,1474.5831032677856,1850.1821118058267
2025,8,ewma_w3_h2,스위퍼,20,123.56780601159771,347.1227471559623
2025,8,ewma_w3_h2,슬라이더,453,4122.86935788382,4521.945258225567
2025,8,ewma_w3_h2,직구,895,8379.064166513075,9686.316896837056
2025,8,ewma_w3_h2,체인지업,205,1407.2253875310505,1844.3412944698214
2025,8,ewma_w3_h2,커브,192,1872.866432401416,1515.1859641998844
2025,8,ewma_w3_h2,커터,71,732.3792601836781,529.9469340077068
2025,8,ewma_w3_h2,투심,126,1161.2469597090535,1163.245370571202
2025,8,ewma_w3_h2,포크,182,1524.8743596758538,1812.2308846232695
2025,8,ewma_w3_h3,스위퍼,20,125.06396055576768,346.6999196401665
2025,8,ewma_w3_h3,슬라이더,453,4187.840326015816,4505.824665575624
2025,8,ewma_w3_h3,직구,895,8487.04179599558,9773.041102400404
2025,8,ewma_w3_h3,체인지업,205,1441.406107047573,1814.7378797867245
2025,8,ewma_w3_h3,커브,192,1912.4365034837829,1493.6673052082365
2025,8,ewma_w3_h3,커터,71,741.8492231743445,528.5387424775765
2025,8,ewma_w3_h3,투심,126,1173.423304944734,1157.8867246507787
2025,8,ewma_w3_h3,포크,182,1551.9150414038886,1800.3108282893727
2025,8,ewma_w6_h0.25,스위퍼,20,133.12644472996894,353.82725484165445
2025,8,ewma_w6_h0.25,슬라이더,453,4064.7500193058204,4693.744784486865
2025,8,ewma_w6_h0.25,직구,895,8346.058729867986,9117.616964476354
2025,8,ewma_w6_h0.25,체인지업,205,1319.3537825397957,2113.6931053817134
2025,8,ewma_w6_h0.25,커브,192,1709.9542690363894,1688.2938214296007
2025,8,ewma_w6_h0.25,커터,71,710.6522099401437,559.9791445399006
2025,8,ewma_w6_h0.25,투심,126,1152.2969632040786,1240.3925586772057
2025,8,ewma_w6_h0.25,포크,182,1494.5979932469895,1933.909155437584
2025,8,ewma_w6_h0.5,스위퍼,20,124.49813122647062,350.80413231278953
2025,8,ewma_w6_h0.5,슬라이더,453,3964.0289849805636,4643.390609013856
2025,8,ewma_w6_h0.5,직구,895,8187.860106053464,9294.54815968109
2025,8,ewma_w6_h0.5,체인지업,205,1292.456901507649,2034.0298819729383
2025,8,ewma_w6_h0.5,커브,192,1705.5846958292886,1641.9205335569377
2025,8,ewma_w6_h0.5,커터,71,705.4679311159031,548.1905018929857
2025,8,ewma_w6_h0.5,투심,126,1144.5961616430895,1214.128263784262
2025,8,ewma_w6_h0.5,포크,182,1451.9046441888163,1896.3310687652856
2025,8,ewma_w6_h1,스위퍼,20,119.60525832705483,338.7693262472209
2025,8,ewma_w6_h1,슬라이더,453,3912.581595308363,4523.109187778328
2025,8,ewma_w6_h1,직구,895,8328.795743679377,9711.62664066951
2025,8,ewma_w6_h1,체인지업,205,1290.4966174532124,1864.0776447978417
2025,8,ewma_w6_h1,커브,192,1684.454391192525,1522.4970031133403
2025,8,ewma_w6_h1,커터,71,722.1184721996021,518.6280480300901
2025,8,ewma_w6_h1,투심,126,1204.4752096113482,1162.5581878055514
2025,8,ewma_w6_h1,포크,182,1428.3670179442595,1818.13618960843
2025,8,ewma_w6_h2,스위퍼,20,125.91962990043253,328.5485769357185
2025,8,ewma_w6_h2,슬라이더,453,3889.9974273561393,4520.1613048261715
2025,8,ewma_w6_h2,직구,895,8710.335821189743,10372.689412909676
2025,8,ewma_w6_h2,체인지업,205,1307.7175895330242,1762.460538769763
2025,8,ewma_w6_h2,커브,192,1616.841480859096,1454.7737862588226
2025,8,ewma_w6_h2,커터,71,758.9389351614967,509.87617994109905
2025,8,ewma_w6_h2,투심,126,1327.416903172599,1151.252781362818
2025,8,ewma_w6_h2,포크,182,1427.2409237852742,1796.1967463785595
2025,8,ewma_w6_h3,스위퍼,20,131.375374152049,325.45957703768164
2025,8,ewma_w6_h3,슬라이더,453,3888.1453767913326,4558.318180335655
2025,8,ewma_w6_h3,직구,895,8926.354180109662,10723.539464909136
2025,8,ewma_w6_h3,체인지업,205,1321.8216656975637,1741.5184513667732
2025,8,ewma_w6_h3,커브,192,1578.9607928514774,1444.6923729183318
2025,8,ewma_w6_h3,커터,71,780.2792769740687,513.371509945014
2025,8,ewma_w6_h3,투심,126,1395.6571953023297,1158.4719214437516
2025,8,ewma_w6_h3,포크,182,1434.6602286215946,1805.5434381847172
2025,8,precision_h0.5_q0.25,스위퍼,20,132.315643923632,349.5210034302038
2025,8,precision_h0.5_q0.25,슬라이더,453,4034.08468041558,4671.419071394083
2025,8,precision_h0.5_q0.25,직구,895,8211.701997234666,9319.245796526036
2025,8,precision_h0.5_q0.25,체인지업,205,1341.170647926439,2040.165408489212
2025,8,precision_h0.5_q0.25,커브,192,1753.7046782214888,1672.3386141682545
2025,8,precision_h0.5_q0.25,커터,71,728.5845863807073,557.1041127240484
2025,8,precision_h0.5_q0.25,투심,126,1132.6248328767756,1217.3649747893369
2025,8,precision_h0.5_q0.25,포크,182,1463.429792891593,1911.0785673712367
2025,8,precision_h0.5_q1,스위퍼,20,130.51958728051991,351.9377714266637
2025,8,precision_h0.5_q1,슬라이더,453,4026.7270751623155,4674.842554299115
2025,8,precision_h0.5_q1,직구,895,8250.039753552353,9226.032680631057
2025,8,precision_h0.5_q1,체인지업,205,1317.5396659894361,2072.589778836994
2025,8,precision_h0.5_q1,커브,192,1724.210005792596,1670.1607880134527
2025,8,precision_h0.5_q1,커터,71,712.799122451541,555.5798796261006
2025,8,precision_h0.5_q1,투심,126,1142.200550746017,1227.7484170498176
2025,8,precision_h0.5_q1,포크,182,1474.9211877445334,1918.2763016533822
2025,8,precision_h0.5_q2,스위퍼,20,129.86673684790364,352.5963259398099
2025,8,precision_h0.5_q2,슬라이더,453,4022.4599842719913,4676.322047794037
2025,8,precision_h0.5_q2,직구,895,8263.645600687634,9192.921793571923
2025,8,precision_h0.5_q2,체인지업,205,1309.7034202323212,2082.275819161952
2025,8,precision_h0.5_q2,커브,192,1711.9312018371584,1671.9922884187608
2025,8,precision_h0.5_q2,커터,71,708.9973141544218,555.7815346400574
2025,8,precision_h0.5_q2,투심,126,1145.1865660945164,1230.2827139442095
2025,8,precision_h0.5_q2,포크,182,1475.8936455047888,1920.227019163557
2025,8,precision_h1_q0.25,스위퍼,20,128.94185833873112,336.06424788387136
2025,8,precision_h1_q0.25,슬라이더,453,4029.5560544790133,4595.930317615194
2025,8,precision_h1_q0.25,직구,895,8186.306810757257,9628.553126190895
2025,8,precision_h1_q0.25,체인지업,205,1367.0963842978372,1924.4437553430002
2025,8,precision_h1_q0.25,커브,192,1797.2650096047828,1610.7151182967596
2025,8,precision_h1_q0.25,커터,71,747.0317191377109,534.1481297514475
2025,8,precision_h1_q0.25,투심,126,1132.217614621353,1189.2447755145397
2025,8,precision_h1_q0.25,포크,182,1440.3213466140405,1851.6149734179662
2025,8,precision_h1_q1,스위퍼,20,125.23530791395793,344.57422775887153
2025,8,precision_h1_q1,슬라이더,453,3972.91074038214,4600.451638938586
2025,8,precision_h1_q1,직구,895,8172.5304022858245,9430.978399641066
2025,8,precision_h1_q1,체인지업,205,1312.7077129679287,1972.1256835948334
2025,8,precision_h1_q1,커브,192,1734.9129552750187,1606.5051716204493
2025,8,precision_h1_q1,커터,71,716.484534433579,536.8064186049281
2025,8,precision_h1_q1,투심,126,1141.739010830484,1196.2092045996924
2025,8,precision_h1_q1,포크,182,1447.3262712249043,1868.6452041622379
2025,8,precision_h1_q2,스위퍼,20,123.68436767693841,346.5853502477195
2025,8,precision_h1_q2,슬라이더,453,3954.2209422446613,4604.220776309338
2025,8,precision_h1_q2,직구,895,8187.824820268836,9365.169477096799
2025,8,precision_h1_q2,체인지업,205,1293.4668698316152,1989.1296434257729
2025,8,precision_h1_q2,커브,192,1706.7814775419774,1610.325333797226
2025,8,precision_h1_q2,커터,71,708.7929547754063,538.2138943400433
2025,8,precision_h1_q2,투심,126,1147.9535327517542,1199.0710393757158
2025,8,precision_h1_q2,포크,182,1445.2437619624598,1873.9277952584325
2025,8,precision_h2_q0.25,스위퍼,20,127.94129327546247,323.80431686231077
2025,8,precision_h2_q0.25,슬라이더,453,4042.902987255412,4559.817291980274
2025,8,precision_h2_q0.25,직구,895,8308.27682840658,10028.84810262065
2025,8,precision_h2_q0.25,체인지업,205,1382.759201418799,1833.5214319509955
2025,8,precision_h2_q0.25,커브,192,1803.9455540399088,1559.9589122097047
2025,8,precision_h2_q0.25,커터,71,762.0509946405178,519.871128472722
2025,8,precision_h2_q0.25,투심,126,1160.5423162928848,1173.6457667734064
2025,8,precision_h2_q0.25,포크,182,1436.0211208105202,1815.0113312809135
2025,8,precision_h2_q1,스위퍼,20,122.67719711542107,335.5736892459604
2025,8,precision_h2_q1,슬라이더,453,3938.4994946945526,4538.388619768004
2025,8,precision_h2_q1,직구,895,8225.78900797249,9715.391169286171
2025,8,precision_h2_q1,체인지업,205,1309.6914798582966,1876.1069489442625
2025,8,precision_h2_q1,커브,192,1721.676085738146,1541.0899462574628
2025,8,precision_h2_q1,커터,71,725.2409718079999,518.997234607941
2025,8,precision_h2_q1,투심,126,1168.3373464894958,1170.1501418501514
2025,8,precision_h2_q1,포크,182,1430.8368925412653,1825.057907478555
2025,8,precision_h2_q2,스위퍼,20,120.50125139768625,338.5587070063937
2025,8,precision_h2_q2,슬라이더,453,3906.9160405827797,4538.199180169691
2025,8,precision_h2_q2,직구,895,8240.597581766644,9615.970277920322
2025,8,precision_h2_q2,체인지업,205,1283.3759623559363,1894.398155753243
2025,8,precision_h2_q2,커브,192,1682.855223667517,1543.4713237379328
2025,8,precision_h2_q2,커터,71,715.9753872554198,520.1101004772037
2025,8,precision_h2_q2,투심,126,1178.5722053713005,1170.9703581915182
2025,8,precision_h2_q2,포크,182,1424.8344407618483,1830.156475571333
2025,8,ema_a0.5,스위퍼,20,118.3251693631693,330.5928097574712
2025,8,ema_a0.5,슬라이더,453,3662.935801560376,4548.192841241124
2025,8,ema_a0.5,직구,895,8061.221292486149,9857.812389680506
2025,8,ema_a0.5,체인지업,205,1194.2445031491638,1852.3203366204839
2025,8,ema_a0.5,커브,192,1505.019565674266,1518.2574312478937
2025,8,ema_a0.5,커터,71,730.6402341880734,514.0125462273702
2025,8,ema_a0.5,투심,126,1197.365246896053,1166.2777667548955
2025,8,ema_a0.5,포크,182,1391.4798309882904,1830.6320718324614
2025,8,ema_a0.75,스위퍼,20,124.35522734559922,350.2989578994843
2025,8,ema_a0.75,슬라이더,453,3860.215295480552,4643.971873492519
2025,8,ema_a0.75,직구,895,8019.000977657732,9298.729691016677
2025,8,ema_a0.75,체인지업,205,1259.8763957116212,2033.360644666407
2025,8,ema_a0.75,커브,192,1649.582821477909,1641.2578601726577
2025,8,ema_a0.75,커터,71,704.4432949163229,547.759483737979
2025,8,ema_a0.75,투심,126,1126.0851534465157,1214.4884987953005
2025,8,ema_a0.75,포크,182,1426.9231729234739,1896.9820644379151
2025,8,ema_a0.9,스위퍼,20,131.2429980529725,353.7633758360615
2025,8,ema_a0.9,슬라이더,453,4021.3777233020774,4691.217616700764
2025,8,ema_a0.9,직구,895,8270.346350681393,9151.533222072583
2025,8,ema_a0.9,체인지업,205,1306.562627926786,2104.288814204945
2025,8,ema_a0.9,커브,192,1698.2197036604982,1684.6342828562542
2025,8,ema_a0.9,커터,71,708.6479885016344,559.2384019538636
2025,8,ema_a0.9,투심,126,1145.359082159655,1237.6715141054567
2025,8,ema_a0.9,포크,182,1479.6150411327706,1930.050640473404
2025,8,kalman_q0.25,스위퍼,20,119.57504621716946,331.844764562173
2025,8,kalman_q0.25,슬라이더,453,3752.6357807804898,4478.537823552556
2025,8,kalman_q0.25,직구,895,8313.092204108008,9868.569179357753
2025,8,kalman_q0.25,체인지업,205,1187.254488085937,1780.3377577437338
2025,8,kalman_q0.25,커브,192,1459.3969634183695,1444.7039068703264
2025,8,kalman_q0.25,커터,71,741.9256854350517,497.37754332320424
2025,8,kalman_q0.25,투심,126,1238.2662476270734,1156.4002526534478
2025,8,kalman_q0.25,포크,182,1378.5544126847476,1792.2291332772975
2025,8,kalman_q0.5,스위퍼,20,133.8019581941271,337.59128805402906
2025,8,kalman_q0.5,슬라이더,453,4003.425272666442,4598.227774724834
2025,8,kalman_q0.5,직구,895,8233.773758501542,9749.36225313005
2025,8,kalman_q0.5,체인지업,205,1333.7117652519983,1899.3851113608932
2025,8,kalman_q0.5,커브,192,1732.4652232921408,1550.01094065898
2025,8,kalman_q0.5,커터,71,742.1631296816387,527.0086592225077
2025,8,kalman_q0.5,투심,126,1158.170149110886,1204.4704323245999
2025,8,kalman_q0.5,포크,182,1459.0698887045492,1864.311286364672
2025,8,kalman_q1,스위퍼,20,139.63250135874603,345.6046576517509
2025,8,kalman_q1,슬라이더,453,4128.208302977959,4658.980235945195
2025,8,kalman_q1,직구,895,8322.185494438108,9419.538744400325
2025,8,kalman_q1,체인지업,205,1387.3665182143243,2020.096019765786
2025,8,kalman_q1,커브,192,1811.8904194203742,1634.647631156393
2025,8,kalman_q1,커터,71,734.8366148008607,546.2858070149708
2025,8,kalman_q1,투심,126,1142.9595856519793,1231.7094617629357
2025,8,kalman_q1,포크,182,1506.2177821668197,1907.8359430725664
2025,8,kalman_q2,스위퍼,20,138.07578337936013,350.85568340684097
2025,8,kalman_q2,슬라이더,453,4123.385577383577,4678.797802678476
2025,8,kalman_q2,직구,895,8385.13437893368,9177.264533008787
2025,8,kalman_q2,체인지업,205,1358.128837949715,2089.641019203216
2025,8,kalman_q2,커브,192,1759.7078349955289,1672.4698183222267
2025,8,kalman_q2,커터,71,721.508469139502,554.942045534625
2025,8,kalman_q2,투심,126,1149.9892043882226,1239.789215315927
2025,8,kalman_q2,포크,182,1512.3871992782751,1926.1599767761595
2025,8,kalman_q4,스위퍼,20,136.880753226221,352.71101588892304
2025,8,kalman_q4,슬라이더,453,4114.642289886224,4685.935370783686
2025,8,kalman_q4,직구,895,8415.586888211457,9090.770168729596
2025,8,kalman_q4,체인지업,205,1340.917046610367,2113.1161394451738
2025,8,kalman_q4,커브,192,1728.7036559528724,1683.9050114247739
2025,8,kalman_q4,커터,71,716.1068898431924,558.0738945059107
2025,8,kalman_q4,투심,126,1155.752196161407,1241.3582024101975
2025,8,kalman_q4,포크,182,1513.500862136364,1933.0584748610358
2025,8,adaptive_q0.5,스위퍼,20,138.223459379079,340.44653511031095
2025,8,adaptive_q0.5,슬라이더,453,4088.7175786019843,4691.560068019573
2025,8,adaptive_q0.5,직구,895,8216.41868465484,9690.488247671674
2025,8,adaptive_q0.5,체인지업,205,1395.3958960384612,1979.6171749538616
2025,8,adaptive_q0.5,커브,192,1839.2313235622664,1634.911895298464
2025,8,adaptive_q0.5,커터,71,744.9338632753219,547.6511214231356
2025,8,adaptive_q0.5,투심,126,1140.3070049159278,1232.5526575096492
2025,8,adaptive_q0.5,포크,182,1488.0172121217215,1907.4124216680418
2025,8,adaptive_q1,스위퍼,20,140.5207637816188,346.122854752265
2025,8,adaptive_q1,슬라이더,453,4142.334998534015,4660.919270883644
2025,8,adaptive_q1,직구,895,8317.575683874311,9421.653925672195
2025,8,adaptive_q1,체인지업,205,1399.4519625608593,2022.888828144794
2025,8,adaptive_q1,커브,192,1831.214016338063,1637.710209316936
2025,8,adaptive_q1,커터,71,737.0233108784669,547.1224135494637
2025,8,adaptive_q1,투심,126,1139.8609049903976,1234.49273505143
2025,8,adaptive_q1,포크,182,1510.435736574616,1907.9467818052635
2025,8,adaptive_q2,스위퍼,20,138.07578337936013,350.85568340684097
2025,8,adaptive_q2,슬라이더,453,4123.385577383577,4678.797802678476
2025,8,adaptive_q2,직구,895,8385.13437893368,9177.264533008787
2025,8,adaptive_q2,체인지업,205,1358.128837949715,2089.641019203216
2025,8,adaptive_q2,커브,192,1759.7078349955289,1672.4698183222267
2025,8,adaptive_q2,커터,71,721.508469139502,554.942045534625
2025,8,adaptive_q2,투심,126,1149.9892043882226,1239.789215315927
2025,8,adaptive_q2,포크,182,1512.3871992782751,1926.1599767761595
2025,8,trend_d0.25,스위퍼,20,152.3455993432017,350.7126571324824
2025,8,trend_d0.25,슬라이더,453,4344.4058258539935,4668.170140300575
2025,8,trend_d0.25,직구,895,8847.632918833153,8878.446216285354
2025,8,trend_d0.25,체인지업,205,1417.1785475680995,2138.430871202637
2025,8,trend_d0.25,커브,192,1763.8168920010799,1675.9096499314735
2025,8,trend_d0.25,커터,71,735.2512376897748,554.5724235278526
2025,8,trend_d0.25,투심,126,1194.4199988602866,1244.5553690864297
2025,8,trend_d0.25,포크,182,1610.7755977834372,1940.8904563330761
2025,8,trend_d0.5,스위퍼,20,173.6607271916494,349.69212715772966
2025,8,trend_d0.5,슬라이더,453,4651.429640015895,4695.86265982928
2025,8,trend_d0.5,직구,895,9414.16956383805,8795.694122388006
2025,8,trend_d0.5,체인지업,205,1536.82337633014,2176.731461817546
2025,8,trend_d0.5,커브,192,1842.9917863381497,1683.8230804026962
2025,8,trend_d0.5,커터,71,769.280322584801,557.3231976959576
2025,8,trend_d0.5,투심,126,1253.899751161506,1260.9061924068587
2025,8,trend_d0.5,포크,182,1734.5039745296071,1964.7750911305795
2025,8,monthly_w28_hflat,스위퍼,20,143.7545735613501,356.9915583667614
2025,8,monthly_w28_hflat,슬라이더,453,4170.160208155606,4791.656697752123
2025,8,monthly_w28_hflat,직구,895,8314.984199598304,9122.162751034333
2025,8,monthly_w28_hflat,체인지업,205,1397.4223879264396,2238.897250553663
2025,8,monthly_w28_hflat,커브,192,1800.9466408848489,1749.7715805719442
2025,8,monthly_w28_hflat,커터,71,727.4933183901849,563.6766770595374
2025,8,monthly_w28_hflat,투심,126,1110.6613156699793,1251.420692709648
2025,8,monthly_w28_hflat,포크,182,1535.6841343083033,1948.9086728731954
2025,8,monthly_w28_h14,스위퍼,20,144.28148505279415,334.2339295863363
2025,8,monthly_w28_h14,슬라이더,453,4196.485433784547,4799.093796744417
2025,8,monthly_w28_h14,직구,895,8293.984937064935,9434.942699819576
2025,8,monthly_w28_h14,체인지업,205,1420.483664353706,2202.1011392695827
2025,8,monthly_w28_h14,커브,192,1840.1575329179457,1719.988231075816
2025,8,monthly_w28_h14,커터,71,737.458090886432,537.7900916508117
2025,8,monthly_w28_h14,투심,126,1101.0446246341592,1274.0152763434694
2025,8,monthly_w28_h14,포크,182,1544.5126996947686,1942.7221422178068
2025,8,monthly_w28_h28,스위퍼,20,143.81052298102864,344.7160912146785
2025,8,monthly_w28_h28,슬라이더,453,4178.148924674677,4789.609695977054
2025,8,monthly_w28_h28,직구,895,8299.027344573318,9268.735284108723
2025,8,monthly_w28_h28,체인지업,205,1406.263149082342,2216.138994679164
2025,8,monthly_w28_h28,커브,192,1817.2286914819692,1731.6698905690275
2025,8,monthly_w28_h28,커터,71,731.6665173816655,549.0281290199293
2025,8,monthly_w28_h28,투심,126,1105.5758523041827,1259.857004501816
2025,8,monthly_w28_h28,포크,182,1538.584987740017,1943.8174082694877
2025,8,monthly_w28_h28_huber,스위퍼,20,145.43721418888694,342.28525186907683
2025,8,monthly_w28_h28_huber,슬라이더,453,4181.397829278588,4796.463020718151
2025,8,monthly_w28_h28_huber,직구,895,8293.417889709119,9241.796778574797
2025,8,monthly_w28_h28_huber,체인지업,205,1422.2142589770785,2202.296182687548
2025,8,monthly_w28_h28_huber,커브,192,1839.6907521690391,1743.3204372428836
2025,8,monthly_w28_h28_huber,커터,71,739.5239622703217,546.7628896438542
2025,8,monthly_w28_h28_huber,투심,126,1108.1102901774527,1254.019574492984
2025,8,monthly_w28_h28_huber,포크,182,1536.6805418617855,1930.770392975496
2025,8,monthly_w56_hflat,스위퍼,20,125.48804268175864,378.72108249752847
2025,8,monthly_w56_hflat,슬라이더,453,3922.3363825875404,4915.576418508195
2025,8,monthly_w56_hflat,직구,895,8029.321855346992,9565.34335905819
2025,8,monthly_w56_hflat,체인지업,205,1310.0629565074005,2175.2152650819394
2025,8,monthly_w56_hflat,커브,192,1764.773823081104,1808.9089379610582
2025,8,monthly_w56_hflat,커터,71,729.0134538547177,604.5059801140642
2025,8,monthly_w56_hflat,투심,126,1154.0369359436484,1246.6833347646395
2025,8,monthly_w56_hflat,포크,182,1409.4391777017188,1975.3621912867575
2025,8,monthly_w56_h14,스위퍼,20,134.629307346727,343.98844284273014
2025,8,monthly_w56_h14,슬라이더,453,4075.0846948763983,4770.252243629091
2025,8,monthly_w56_h14,직구,895,8182.596168807581,9467.29876889653
2025,8,monthly_w56_h14,체인지업,205,1362.6963041468687,2122.910013186358
2025,8,monthly_w56_h14,커브,192,1799.4895754358138,1710.5312365095278
2025,8,monthly_w56_h14,커터,71,728.2596649913258,548.472876318499
2025,8,monthly_w56_h14,투심,126,1123.0499054696581,1248.1661907312764
2025,8,monthly_w56_h14,포크,182,1487.7871357443662,1928.8677192908522
2025,8,monthly_w56_h28,스위퍼,20,129.61355945392228,360.48177978180274
2025,8,monthly_w56_h28,슬라이더,453,3994.8958811988373,4815.844794127312
2025,8,monthly_w56_h28,직구,895,8104.624396843179,9461.457214826802
2025,8,monthly_w56_h28,체인지업,205,1328.981043254547,2136.183280492861
2025,8,monthly_w56_h28,커브,192,1771.0110012747898,1747.1065580847558
2025,8,monthly_w56_h28,커터,71,725.5541549965966,572.7254649787096
2025,8,monthly_w56_h28,투심,126,1136.2089559197198,1240.5088543070322
2025,8,monthly_w56_h28,포크,182,1448.611828696622,1943.7858778335176
2025,8,monthly_w56_h28_huber,스위퍼,20,130.32112993489804,360.2351321340924
2025,8,monthly_w56_h28_huber,슬라이더,453,3990.890297058204,4823.708374421505
2025,8,monthly_w56_h28_huber,직구,895,8111.782872120545,9492.03949849214
2025,8,monthly_w56_h28_huber,체인지업,205,1330.2731346132423,2130.212224232431
2025,8,monthly_w56_h28_huber,커브,192,1772.4118168401635,1749.6505349614506
2025,8,monthly_w56_h28_huber,커터,71,727.4764141055678,573.190583072691
2025,8,monthly_w56_h28_huber,투심,126,1142.8970612978803,1241.135455676985
2025,8,monthly_w56_h28_huber,포크,182,1451.6518928237128,1942.8627100446397
2025,8,monthly_w84_hflat,스위퍼,20,133.37985555743987,353.79271805783463
2025,8,monthly_w84_hflat,슬라이더,453,4102.439000199584,4527.776676396506
2025,8,monthly_w84_hflat,직구,895,8375.110471693208,10061.475134272161
2025,8,monthly_w84_hflat,체인지업,205,1462.6856082405216,1812.5130640401312
2025,8,monthly_w84_hflat,커브,192,1912.3238157839428,1452.6844585059612
2025,8,monthly_w84_hflat,커터,71,795.7449842216981,526.4742497640314
2025,8,monthly_w84_hflat,투심,126,1194.2079758691414,1202.069317408935
2025,8,monthly_w84_hflat,포크,182,1503.6954252333753,1806.6701838906715
2025,8,monthly_w84_h14,스위퍼,20,132.2544957313063,340.4113481238758
2025,8,monthly_w84_h14,슬라이더,453,4025.1903707474603,4716.0434520314375
2025,8,monthly_w84_h14,직구,895,8106.547243707494,9556.827260494902
2025,8,monthly_w84_h14,체인지업,205,1353.1410552284058,2063.543841087424
2025,8,monthly_w84_h14,커브,192,1784.3374750295823,1658.6892719545704
2025,8,monthly_w84_h14,커터,71,733.3946333881661,537.519127359744
2025,8,monthly_w84_h14,투심,126,1113.8722209589641,1238.3375568713948
2025,8,monthly_w84_h14,포크,182,1469.8088214649051,1908.2945973126361
2025,8,monthly_w84_h28,스위퍼,20,127.16995188233123,349.5704837262869
2025,8,monthly_w84_h28,슬라이더,453,3943.9975451958926,4638.928161174465
2025,8,monthly_w84_h28,직구,895,8032.973276636296,9693.154125222582
2025,8,monthly_w84_h28,체인지업,205,1344.933159950896,1961.559715976153
2025,8,monthly_w84_h28,커브,192,1779.671196497305,1584.7626059394174
2025,8,monthly_w84_h28,커터,71,746.9031943306271,537.2509240055144
2025,8,monthly_w84_h28,투심,126,1127.907643695123,1213.95861139897
2025,8,monthly_w84_h28,포크,182,1436.7233711417161,1872.1457429621278
2025,8,monthly_w84_h28_huber,스위퍼,20,127.21113422121327,348.9148938891841
2025,8,monthly_w84_h28_huber,슬라이더,453,3930.4591517102613,4675.736476280862
2025,8,monthly_w84_h28_huber,직구,895,8028.89990576218,9706.939513628698
2025,8,monthly_w84_h28_huber,체인지업,205,1334.5354972887271,1984.1369000548843
2025,8,monthly_w84_h28_huber,커브,192,1766.517412678434,1614.8417954680433
2025,8,monthly_w84_h28_huber,커터,71,742.4303704374142,542.8815670654532
2025,8,monthly_w84_h28_huber,투심,126,1131.738175321975,1223.026348963111
2025,8,monthly_w84_h28_huber,포크,182,1435.994616554036,1886.0865841023272
2025,8,weekly_w28_hflat,스위퍼,20,142.61399155231203,386.4369690611715
2025,8,weekly_w28_hflat,슬라이더,453,3932.512572016588,4828.393554290718
2025,8,weekly_w28_hflat,직구,895,8319.039672266681,9743.874442188544
2025,8,weekly_w28_hflat,체인지업,205,1272.2133438032279,2023.2315256704046
2025,8,weekly_w28_hflat,커브,192,1713.7957750569085,1628.3723678211009
2025,8,weekly_w28_hflat,커터,71,716.2362725190882,562.5714608899003
2025,8,weekly_w28_hflat,투심,126,1180.0248522619206,1338.6163453160382
2025,8,weekly_w28_hflat,포크,182,1502.5643682588986,1878.5504305886552
2025,8,weekly_w28_h14,스위퍼,20,139.2498477954382,386.2013288236159
2025,8,weekly_w28_h14,슬라이더,453,3860.866920473608,4830.094668069196
2025,8,weekly_w28_h14,직구,895,8329.952503875416,9802.544368330537
2025,8,weekly_w28_h14,체인지업,205,1281.0897488056808,2012.522260711094
2025,8,weekly_w28_h14,커브,192,1701.842798436774,1668.091052824951
2025,8,weekly_w28_h14,커터,71,704.0882124966894,578.0114840206819
2025,8,weekly_w28_h14,투심,126,1192.1809482951137,1341.334154658911
2025,8,weekly_w28_h14,포크,182,1509.426824692367,1895.8290879676142
2025,8,weekly_w28_h28,스위퍼,20,140.77733805278208,386.037049891638
2025,8,weekly_w28_h28,슬라이더,453,3894.1692856411037,4817.488195898604
2025,8,weekly_w28_h28,직구,895,8321.884999861224,9753.207375813927
2025,8,weekly_w28_h28,체인지업,205,1275.0119279144142,2011.5509725812944
2025,8,weekly_w28_h28,커브,192,1705.8779173114824,1642.4865638810486
2025,8,weekly_w28_h28,커터,71,709.8744075887518,568.3368521749854
2025,8,weekly_w28_h28,투심,126,1186.1892664917434,1337.1860934502058
2025,8,weekly_w28_h28,포크,182,1504.5231158944218,1882.2919548858818
2025,8,weekly_w28_h28_huber,스위퍼,20,141.0996092815246,387.7608155551522
2025,8,weekly_w28_h28_huber,슬라이더,453,3902.4954098225744,4804.504063373266
2025,8,weekly_w28_h28_huber,직구,895,8367.64443437344,9743.388496158117
2025,8,weekly_w28_h28_huber,체인지업,205,1281.6476599201694,2002.2506543274208
2025,8,weekly_w28_h28_huber,커브,192,1720.3104820706176,1649.8312742361788
2025,8,weekly_w28_h28_huber,커터,71,714.1741604108574,568.5439755038586
2025,8,weekly_w28_h28_huber,투심,126,1194.5647536847646,1327.2036737769176
2025,8,weekly_w28_h28_huber,포크,182,1501.0683210214675,1874.922985953162
2025,8,weekly_w56_hflat,스위퍼,20,119.0161270263363,373.24127843044704
2025,8,weekly_w56_hflat,슬라이더,453,3862.219250854894,4760.115051298015
2025,8,weekly_w56_hflat,직구,895,8176.652796196033,9491.206325998555
2025,8,weekly_w56_hflat,체인지업,205,1278.658400644804,2031.5421094203512
2025,8,weekly_w56_hflat,커브,192,1707.7738469946785,1689.012843348165
2025,8,weekly_w56_hflat,커터,71,703.0366734247281,563.3835193357127
2025,8,weekly_w56_hflat,투심,126,1193.2655469999756,1205.6658990380365
2025,8,weekly_w56_hflat,포크,182,1466.1506961184205,1932.2775805925219
2025,8,weekly_w56_h14,스위퍼,20,130.92827749831042,369.2646739430957
2025,8,weekly_w56_h14,슬라이더,453,3819.100319019233,4734.913084374988
2025,8,weekly_w56_h14,직구,895,8159.148248733402,9570.721997584807
2025,8,weekly_w56_h14,체인지업,205,1252.853229663906,1971.879190750783
2025,8,weekly_w56_h14,커브,192,1679.6511251947786,1664.9366388486073
2025,8,weekly_w56_h14,커터,71,701.7652441879735,548.5754470747554
2025,8,weekly_w56_h14,투심,126,1165.5136302822943,1243.0544749548242
2025,8,weekly_w56_h14,포크,182,1468.0703170649647,1900.5553345171174
2025,8,weekly_w56_h28,스위퍼,20,125.50686111122833,369.7535476847134
2025,8,weekly_w56_h28,슬라이더,453,3837.906116549703,4733.4061695571845
2025,8,weekly_w56_h28,직구,895,8146.845351009881,9515.73760606403
2025,8,weekly_w56_h28,체인지업,205,1258.9855583379654,1989.776772328615
2025,8,weekly_w56_h28,커브,192,1688.6515923636402,1666.2342595000814
2025,8,weekly_w56_h28,커터,71,702.9484881263435,549.8345717034242
2025,8,weekly_w56_h28,투심,126,1172.7685714132358,1219.1240895640892
2025,8,weekly_w56_h28,포크,182,1462.7395581058245,1910.4529113631147
2025,8,weekly_w56_h28_huber,스위퍼,20,126.15671535826246,369.7480572463413
2025,8,weekly_w56_h28_huber,슬라이더,453,3839.877134558188,4733.845167325357
2025,8,weekly_w56_h28_huber,직구,895,8161.896006024146,9532.357969109187
2025,8,weekly_w56_h28_huber,체인지업,205,1266.5083920940929,1980.2043684526293
2025,8,weekly_w56_h28_huber,커브,192,1696.675152961048,1666.5029247464963
2025,8,weekly_w56_h28_huber,커터,71,705.1816461573243,548.6108682260418
2025,8,weekly_w56_h28_huber,투심,126,1179.589861140791,1217.7839768467168
2025,8,weekly_w56_h28_huber,포크,182,1465.5040499382042,1904.8326376113546
2025,8,weekly_w84_hflat,스위퍼,20,105.41763926915314,360.2474532904718
2025,8,weekly_w84_hflat,슬라이더,453,3805.048661202945,4572.129465417051
2025,8,weekly_w84_hflat,직구,895,8028.3232362152985,9550.3399176942
2025,8,weekly_w84_hflat,체인지업,205,1287.9854881378344,1935.1868450699153
2025,8,weekly_w84_hflat,커브,192,1725.2747420686028,1547.1691034221574
2025,8,weekly_w84_hflat,커터,71,716.680094918715,557.2881114821375
2025,8,weekly_w84_hflat,투심,126,1197.019181181436,1194.8396286210605
2025,8,weekly_w84_hflat,포크,182,1445.26171734911,1873.2269972409936
2025,8,weekly_w84_h14,스위퍼,20,124.56456693605033,367.56491347416136
2025,8,weekly_w84_h14,슬라이더,453,3771.7705026175713,4682.781579519096
2025,8,weekly_w84_h14,직구,895,8062.558496811934,9513.075081283074
2025,8,weekly_w84_h14,체인지업,205,1242.4915540787317,1950.3134233908277
2025,8,weekly_w84_h14,커브,192,1662.3802639155988,1635.1465887449551
2025,8,weekly_w84_h14,커터,71,700.7806677551835,545.0870891509702
2025,8,weekly_w84_h14,투심,126,1154.4828123771615,1231.2642707760906
2025,8,weekly_w84_h14,포크,182,1449.60146436497,1886.2438353119169
2025,8,weekly_w84_h28,스위퍼,20,113.29050826926031,364.0845628233997
2025,8,weekly_w84_h28,슬라이더,453,3751.875690517636,4618.570970535131
2025,8,weekly_w84_h28,직구,895,7971.729983512857,9448.596493964415
2025,8,weekly_w84_h28,체인지업,205,1245.4370507656158,1939.9168532508684
2025,8,weekly_w84_h28,커브,192,1667.9121067053102,1593.557770017571
2025,8,weekly_w84_h28,커터,71,704.1956625815808,544.681796494901
2025,8,weekly_w84_h28,투심,126,1159.6017082906014,1202.2378374069287
2025,8,weekly_w84_h28,포크,182,1430.3137913427554,1877.2078193052478
2025,8,weekly_w84_h28_huber,스위퍼,20,114.76949982708175,365.7086419174746
2025,8,weekly_w84_h28_huber,슬라이더,453,3757.107748477023,4639.001610426947
2025,8,weekly_w84_h28_huber,직구,895,7990.770614407253,9481.510565205428
2025,8,weekly_w84_h28_huber,체인지업,205,1244.5993739113799,1941.3659243769791
2025,8,weekly_w84_h28_huber,커브,192,1666.9926050331485,1606.930433481818
2025,8,weekly_w84_h28_huber,커터,71,704.1981927925651,546.7529815645048
2025,8,weekly_w84_h28_huber,투심,126,1163.9792738903377,1209.1063123883973
2025,8,weekly_w84_h28_huber,포크,182,1432.5627539527877,1878.5909004954515
2025,8,weekly_w56_h7,스위퍼,20,136.24561919512539,374.1241037085309
2025,8,weekly_w56_h7,슬라이더,453,3781.364572257659,4827.701406345042
2025,8,weekly_w56_h7,직구,895,8233.495282253309,9794.755555851716
2025,8,weekly_w56_h7,체인지업,205,1266.9527315678304,2002.3327833224225
2025,8,weekly_w56_h7,커브,192,1677.2532523838277,1721.6790470732494
2025,8,weekly_w56_h7,커터,71,696.8837487833233,574.3821602814653
2025,8,weekly_w56_h7,투심,126,1172.606213696814,1303.8537471373986
2025,8,weekly_w56_h7,포크,182,1490.2418094428524,1926.9637283220932
2025,8,weekly_w56_h10,스위퍼,20,133.87534795493565,370.46833496911063
2025,8,weekly_w56_h10,슬라이더,453,3804.2408789584038,4758.22811375588
2025,8,weekly_w56_h10,직구,895,8185.218392151159,9642.546733598196
2025,8,weekly_w56_h10,체인지업,205,1255.4612002950644,1974.8644399765349
2025,8,weekly_w56_h10,커브,192,1676.8665933161924,1679.1211632208092
2025,8,weekly_w56_h10,커터,71,699.984940525161,555.2844227163112
2025,8,weekly_w56_h10,투심,126,1166.1594399466285,1266.2732387728952
2025,8,weekly_w56_h10,포크,182,1475.9541102178202,1903.6372325970842
2025,8,weekly_w56_h21,스위퍼,20,127.50061384068104,369.3001920422216
2025,8,weekly_w56_h21,슬라이더,453,3831.360169968353,4730.548209021075
2025,8,weekly_w56_h21,직구,895,8147.2925773614625,9530.05749185249
2025,8,weekly_w56_h21,체인지업,205,1255.5482261230668,1981.0052833798272
2025,8,weekly_w56_h21,커브,192,1684.7494539743375,1663.3524197918387
2025,8,weekly_w56_h21,커터,71,702.6991313855804,548.0815711757364
2025,8,weekly_w56_h21,투심,126,1169.077823984081,1226.2102977376514
2025,8,weekly_w56_h21,포크,182,1463.730138102298,1905.6022832242875
2025,8,weekly_w84_h7,스위퍼,20,135.4209663463645,374.0156124691806
2025,8,weekly_w84_h7,슬라이더,453,3776.450397573811,4820.085761930875
2025,8,weekly_w84_h7,직구,895,8219.593036059532,9781.933793124866
2025,8,weekly_w84_h7,체인지업,205,1265.2416735363408,1999.084851090951
2025,8,weekly_w84_h7,커브,192,1674.700573351392,1718.0508542317446
2025,8,weekly_w84_h7,커터,71,696.454902013411,573.4505494032987
2025,8,weekly_w84_h7,투심,126,1170.0421379237723,1301.586446423119
2025,8,weekly_w84_h7,포크,182,1487.7106007960192,1924.6988522929585
2025,8,weekly_w84_h10,스위퍼,20,130.87316221325,369.94285857703983
2025,8,weekly_w84_h10,슬라이더,453,3783.070527710479,4733.5121854843
2025,8,weekly_w84_h10,직구,895,8138.302293643541,9608.175954548902
2025,8,weekly_w84_h10,체인지업,205,1250.0611432452977,1964.5992984511163
2025,8,weekly_w84_h10,커브,192,1667.848095887051,1665.982231863819
2025,8,weekly_w84_h10,커터,71,699.1573706117497,553.1080978754387
2025,8,weekly_w84_h10,투심,126,1159.5294880085903,1259.6249363241882
2025,8,weekly_w84_h10,포크,182,1467.0721020581177,1896.8151842638363
2025,8,weekly_w84_h21,스위퍼,20,117.19254593841319,365.3417889790644
2025,8,weekly_w84_h21,슬라이더,453,3755.7982062045294,4639.93841041169
2025,8,weekly_w84_h21,직구,895,7995.443616149959,9458.743642326503
2025,8,weekly_w84_h21,체인지업,205,1241.6079641510312,1942.6806806900286
2025,8,weekly_w84_h21,커브,192,1662.5081767761772,1608.1644818975058
2025,8,weekly_w84_h21,커터,71,702.5589750074196,543.415908978168
2025,8,weekly_w84_h21,투심,126,1155.4011821032284,1210.2879147356023
2025,8,weekly_w84_h21,포크,182,1435.0671633755,1879.9837438678946
2025,8,weekly_w112_h7,스위퍼,20,135.3949994435517,373.96467265495613
2025,8,weekly_w112_h7,슬라이더,453,3775.9875023760023,4818.527311647707
2025,8,weekly_w112_h7,직구,895,8218.733717864796,9780.896013366273
2025,8,weekly_w112_h7,체인지업,205,1265.1470695641783,1998.0785583248992
2025,8,weekly_w112_h7,커브,192,1674.4949800717873,1716.9240951188694
2025,8,weekly_w112_h7,커터,71,696.458467804298,573.1689048590184
2025,8,weekly_w112_h7,투심,126,1169.83329920694,1301.1291548887998
2025,8,weekly_w112_h7,포크,182,1487.5231264882173,1924.2320843817542
2025,8,weekly_w112_h10,스위퍼,20,130.73797242433682,369.690682385873
2025,8,weekly_w112_h10,슬라이더,453,3779.268501786482,4722.059090282599
2025,8,weekly_w112_h10,직구,895,8131.454089814734,9604.648617632123
2025,8,weekly_w112_h10,체인지업,205,1249.4074157331247,1956.9270662723588
2025,8,weekly_w112_h10,커브,192,1666.3447970405477,1657.2460475567045
2025,8,weekly_w112_h10,커터,71,699.1964664788012,551.2901745307577
2025,8,weekly_w112_h10,투심,126,1157.8891787449147,1256.4289572315934
2025,8,weekly_w112_h10,포크,182,1465.724841207867,1893.1392142871264
2025,8,weekly_w112_h21,스위퍼,20,118.49924944528969,364.05721853624624
2025,8,weekly_w112_h21,슬라이더,453,3741.916167084747,4541.738858411193
2025,8,weekly_w112_h21,직구,895,7964.183829505182,9481.235692405357
2025,8,weekly_w112_h21,체인지업,205,1244.6126062865524,1870.2568197985693
2025,8,weekly_w112_h21,커브,192,1658.1370970901344,1530.1435796266296
2025,8,weekly_w112_h21,커터,71,704.865238179415,529.2757775559585
2025,8,weekly_w112_h21,투심,126,1141.965721209926,1185.486096644234
2025,8,weekly_w112_h21,포크,182,1433.077061158422,1840.4331904202863
2025,8,weekly_w112_h14,스위퍼,20,124.46470404743548,366.89781047142986
2025,8,weekly_w112_h14,슬라이더,453,3760.4873834804735,4643.069260017992
2025,8,weekly_w112_h14,직구,895,8041.446239958306,9511.316830422604
2025,8,weekly_w112_h14,체인지업,205,1241.2206210005697,1922.679897901604
2025,8,weekly_w112_h14,커브,192,1658.2778667220878,1604.1847466286174
2025,8,weekly_w112_h14,커터,71,701.1197893047488,539.2054151636361
2025,8,weekly_w112_h14,투심,126,1148.7257464098172,1220.7418952652492
2025,8,weekly_w112_h14,포크,182,1446.0867828067428,1872.0693559147785
2025,8,weekly_w84_h3.5,스위퍼,20,138.76593946640818,394.2721224130227
2025,8,weekly_w84_h3.5,슬라이더,453,3739.2575971891347,5219.727877519525
2025,8,weekly_w84_h3.5,직구,895,8391.750473651873,10492.776241070611
2025,8,weekly_w84_h3.5,체인지업,205,1321.4978814952524,2184.3232842764073
2025,8,weekly_w84_h3.5,커브,192,1705.140692816908,1949.444769934797
2025,8,weekly_w84_h3.5,커터,71,696.7799034330345,665.6581870591119
2025,8,weekly_w84_h3.5,투심,126,1202.5394868054445,1425.7733460039951
2025,8,weekly_w84_h3.5,포크,182,1541.45765685608,2092.819724151578
2025,8,weekly_w28_h7,스위퍼,20,137.09741632738317,388.4054853842988
2025,8,weekly_w28_h7,슬라이더,453,3811.7735790016627,4919.584716901822
2025,8,weekly_w28_h7,직구,895,8362.3399557359,9995.848329786528
2025,8,weekly_w28_h7,체인지업,205,1300.8569689269966,2048.7049647424064
2025,8,weekly_w28_h7,커브,192,1704.8599295699182,1748.5392045141716
2025,8,weekly_w28_h7,커터,71,695.8756797211197,607.1235721638526
2025,8,weekly_w28_h7,투심,126,1204.3944762948274,1364.4361943429249
2025,8,weekly_w28_h7,포크,182,1526.978734486971,1948.7146861573606
2025,8,weekly_w84_h14_huber,스위퍼,20,125.99529322328638,368.3308830126181
2025,8,weekly_w84_h14_huber,슬라이더,453,3784.2477415008602,4699.379220987856
2025,8,weekly_w84_h14_huber,직구,895,8085.325822556355,9540.301402316287
2025,8,weekly_w84_h14_huber,체인지업,205,1250.0203096886776,1948.306473275309
2025,8,weekly_w84_h14_huber,커브,192,1673.4517290607077,1648.6015902497575
2025,8,weekly_w84_h14_huber,커터,71,702.1072699927909,546.8176102827215
2025,8,weekly_w84_h14_huber,투심,126,1159.1773198999038,1236.1387557580535
2025,8,weekly_w84_h14_huber,포크,182,1453.7900330131508,1887.1280075647305
2025,8,daily_w84_h3.5,스위퍼,20,126.46574266661374,318.9092650388485
2025,8,daily_w84_h3.5,슬라이더,453,3699.3146317205824,4631.382134498916
2025,8,daily_w84_h3.5,직구,895,8088.1885953815345,9210.11572952483
2025,8,daily_w84_h3.5,체인지업,205,1256.7064088430138,1838.3262733947336
2025,8,daily_w84_h3.5,커브,192,1703.4429697535943,1613.9436066112805
2025,8,daily_w84_h3.5,커터,71,715.7254854115282,491.86988972073436
2025,8,daily_w84_h3.5,투심,126,1097.501924779342,1282.3055190243101
2025,8,daily_w84_h3.5,포크,182,1564.218518670356,1788.6382901433017
2025,8,daily_w56_h7,스위퍼,20,127.58580966960821,324.66545577301764
2025,8,daily_w56_h7,슬라이더,453,3715.1262872551706,4551.94988844477
2025,8,daily_w56_h7,직구,895,8090.7001304537935,9183.923851215928
2025,8,daily_w56_h7,체인지업,205,1206.289515782063,1816.2797623682231
2025,8,daily_w56_h7,커브,192,1653.1431031501083,1555.9289324445035
2025,8,daily_w56_h7,커터,71,711.8611093153891,496.3120182451716
2025,8,daily_w56_h7,투심,126,1122.6239601932855,1224.167658345192
2025,8,daily_w56_h7,포크,182,1498.5472264288678,1778.7048272561024
2025,8,daily_w56_h14,스위퍼,20,126.10381613629907,336.465165987269
2025,8,daily_w56_h14,슬라이더,453,3756.0409588221346,4583.09540145203
2025,8,daily_w56_h14,직구,895,8090.096582596713,9233.018482898664
2025,8,daily_w56_h14,체인지업,205,1198.820898240112,1855.411708160148
2025,8,daily_w56_h14,커브,192,1645.7977884200996,1571.1963310078734
2025,8,daily_w56_h14,커터,71,705.7925085757856,508.5297559202938
2025,8,daily_w56_h14,투심,126,1137.7756997810814,1189.9732612652433
2025,8,daily_w56_h14,포크,182,1466.8127023350232,1818.4639783532448
2025,8,daily_w56_h28,스위퍼,20,123.2899547615869,346.27621640972313
2025,8,daily_w56_h28,슬라이더,453,3787.7588363938758,4636.770392269184
2025,8,daily_w56_h28,직구,895,8093.353527438219,9294.783254515172
2025,8,daily_w56_h28,체인지업,205,1210.8335553766183,1904.6120858940758
2025,8,daily_w56_h28,커브,192,1654.9711090448877,1603.0229290924149
2025,8,daily_w56_h28,커터,71,701.9787210726487,521.6252273428654
2025,8,daily_w56_h28,투심,126,1148.6028358129283,1177.6591106834524
2025,8,daily_w56_h28,포크,182,1458.989835786205,1859.1825801226382
2025,8,daily_w84_h7,스위퍼,20,126.83379705854396,324.85720162230245
2025,8,daily_w84_h7,슬라이더,453,3710.3490057304375,4549.02244082811
2025,8,daily_w84_h7,직구,895,8084.8737065251635,9177.680539440305
2025,8,daily_w84_h7,체인지업,205,1205.1296305978635,1816.4504044061232
2025,8,daily_w84_h7,커브,192,1650.5968570392001,1556.0477550256758
2025,8,daily_w84_h7,커터,71,711.7061753640663,496.32995327901
2025,8,daily_w84_h7,투심,126,1122.99439295413,1222.1522498930253
2025,8,daily_w84_h7,포크,182,1496.357477211486,1778.3051199219246
2025,8,daily_w84_h14,스위퍼,20,120.49370064566651,336.40964529044425
2025,8,daily_w84_h14,슬라이더,453,3712.244835750167,4554.529349077429
2025,8,daily_w84_h14,직구,895,8027.891955619496,9200.523012928323
2025,8,daily_w84_h14,체인지업,205,1193.1649873886945,1851.2497360534207
2025,8,daily_w84_h14,커브,192,1629.6290496080233,1563.7014948766844
2025,8,daily_w84_h14,커터,71,705.021557263832,508.59755430212243
2025,8,daily_w84_h14,투심,126,1137.1515041121647,1183.3193240203575
2025,8,daily_w84_h14,포크,182,1449.402387763964,1814.2875390600357
2025,8,daily_w84_h28,스위퍼,20,112.17632995789717,343.6858785649188
2025,8,daily_w84_h28,슬라이더,453,3701.4711460097983,4561.3982332116175
2025,8,daily_w84_h28,직구,895,7962.453482557494,9257.55829313448
2025,8,daily_w84_h28,체인지업,205,1206.2197536450835,1886.2242693001085
2025,8,daily_w84_h28,커브,192,1633.3314070890904,1572.9178518120566
2025,8,daily_w84_h28,커터,71,702.0813238196154,522.4023268804042
2025,8,daily_w84_h28,투심,126,1148.3549413408405,1174.6603594663766
2025,8,daily_w84_h28,포크,182,1423.7752007431773,1844.2374370683383
2025,8,fortnightly_w84_h7,스위퍼,20,142.62904336987444,389.7013966138824
2025,8,fortnightly_w84_h7,슬라이더,453,3897.864706162278,4805.63968642665
2025,8,fortnightly_w84_h7,직구,895,8068.482767138544,10038.917887401754
2025,8,fortnightly_w84_h7,체인지업,205,1264.8818713696696,1896.0328380926135
2025,8,fortnightly_w84_h7,커브,192,1756.45052949912,1602.7722036337368
2025,8,fortnightly_w84_h7,커터,71,728.0006692059577,582.9135784804407
2025,8,fortnightly_w84_h7,투심,126,1177.4956701229376,1326.4564460076544
2025,8,fortnightly_w84_h7,포크,182,1465.9266105236034,1895.8828449117768
2025,8,fortnightly_w84_h14,스위퍼,20,126.11292269573579,373.5025920168945
2025,8,fortnightly_w84_h14,슬라이더,453,3828.312634042903,4672.821351050061
2025,8,fortnightly_w84_h14,직구,895,7905.773362686352,9716.49646994349
2025,8,fortnightly_w84_h14,체인지업,205,1240.121380948083,1909.6571123110475
2025,8,fortnightly_w84_h14,커브,192,1710.464956384435,1580.5194167647285
2025,8,fortnightly_w84_h14,커터,71,714.706287721166,554.4558574408405
2025,8,fortnightly_w84_h14,투심,126,1150.6766902196728,1247.1440138670944
2025,8,fortnightly_w84_h14,포크,182,1430.1299799004066,1862.3055538503977
2025,8,fortnightly_w84_h28,스위퍼,20,113.46960008897886,365.1872779641472
2025,8,fortnightly_w84_h28,슬라이더,453,3806.3502532959724,4591.244346055175
2025,8,fortnightly_w84_h28,직구,895,7895.204535536113,9602.971831738614
2025,8,fortnightly_w84_h28,체인지업,205,1251.8823256553956,1916.327613951187
2025,8,fortnightly_w84_h28,커브,192,1718.1216854470222,1551.3954297354237
2025,8,fortnightly_w84_h28,커터,71,715.3485302891136,549.3345755610571
2025,8,fortnightly_w84_h28,투심,126,1162.8260712224887,1209.6927682844105
2025,8,fortnightly_w84_h28,포크,182,1429.4312353305795,1849.932845223717
2025,9,uncorrected,스위퍼,18,563.6696389592819,586.3414350042847
2025,9,uncorrected,슬라이더,290,9986.476802608751,6547.08263137693
2025,9,uncorrected,직구,644,30931.113728311873,22624.19262201214
2025,9,uncorrected,체인지업,133,3520.3788668067727,2409.770543241385
2025,9,uncorrected,커브,159,3695.074397525294,2441.8262918381615
2025,9,uncorrected,커터,45,864.1332305397175,659.3253309220272
2025,9,uncorrected,투심,85,4998.975246984696,2877.861831545465
2025,9,uncorrected,포크,114,5385.951973045219,3163.234632113722
2025,9,last_month,스위퍼,18,131.08537526446972,208.15468309821983
2025,9,last_month,슬라이더,290,2112.5671489341266,3289.8743486917183
2025,9,last_month,직구,644,4900.62841632697,8083.315373553229
2025,9,last_month,체인지업,133,855.5436760921498,1783.0948428962047
2025,9,last_month,커브,159,992.4601371112456,1531.9100693052876
2025,9,last_month,커터,45,266.7616407494474,425.8641526594767
2025,9,last_month,투심,85,686.5582580650118,1477.9240850344254
2025,9,last_month,포크,114,1061.9140887001877,1338.048813941644
2025,9,season_to_date,스위퍼,18,123.43948092744759,223.42056173430487
2025,9,season_to_date,슬라이더,290,2103.2725158799103,2979.3270317450197
2025,9,season_to_date,직구,644,5233.9959107618415,8298.944001708758
2025,9,season_to_date,체인지업,133,816.901631660963,1706.0752759078205
2025,9,season_to_date,커브,159,884.394913762758,1321.2230143475192
2025,9,season_to_date,커터,45,205.19382000986204,403.13200286050625
2025,9,season_to_date,투심,85,795.7961992347188,1460.0339716665355
2025,9,season_to_date,포크,114,737.4787939094015,1242.390051189651
2025,9,ewma_w2_h0.25,스위퍼,18,131.7929827133371,207.0306673199065
2025,9,ewma_w2_h0.25,슬라이더,290,2117.652486573635,3273.3367507102425
2025,9,ewma_w2_h0.25,직구,644,4893.657476273385,8015.9666280513375
2025,9,ewma_w2_h0.25,체인지업,133,858.6930514753991,1783.5874235900687
2025,9,ewma_w2_h0.25,커브,159,1000.3764966044675,1522.7256050902656
2025,9,ewma_w2_h0.25,커터,45,269.3166877346409,424.556600339418
2025,9,ewma_w2_h0.25,투심,85,692.0684180559,1471.3506024396463
2025,9,ewma_w2_h0.25,포크,114,1061.6475066341432,1323.0364394126611
2025,9,ewma_w2_h0.5,스위퍼,18,133.9290924642055,204.96739400512277
2025,9,ewma_w2_h0.5,슬라이더,290,2137.4429513307546,3242.6479011229762
2025,9,ewma_w2_h0.5,직구,644,4892.994876929994,7875.5458877249475
2025,9,ewma_w2_h0.5,체인지업,133,869.2100141789988,1789.0803494618629
2025,9,ewma_w2_h0.5,커브,159,1022.3518028087194,1506.156551689206
2025,9,ewma_w2_h0.5,커터,45,276.05095522975745,422.63696664871105
2025,9,ewma_w2_h0.5,투심,85,707.0344715189559,1458.5241182697723
2025,9,ewma_w2_h0.5,포크,114,1063.599484605868,1291.242138676508
2025,9,ewma_w2_h1,스위퍼,18,136.51411521319338,203.84107140637738
2025,9,ewma_w2_h1,슬라이더,290,2165.967201556199,3225.33245039758
2025,9,ewma_w2_h1,직구,644,4913.197532642064,7770.428844480945
2025,9,ewma_w2_h1,체인지업,133,882.9777442299195,1799.8560989788607
2025,9,ewma_w2_h1,커브,159,1046.9640927319274,1497.6034873669007
2025,9,ewma_w2_h1,커터,45,283.191667700065,422.40350578193886
2025,9,ewma_w2_h1,투심,85,723.4267972700761,1450.234127369178
2025,9,ewma_w2_h1,포크,114,1068.8027275998338,1266.704518894924
2025,9,ewma_w2_h2,스위퍼,18,138.35086758180873,203.54709873182668
2025,9,ewma_w2_h2,슬라이더,290,2187.924743360679,3220.3522668343676
2025,9,ewma_w2_h2,직구,644,4935.311877413248,7719.6833055849
2025,9,ewma_w2_h2,체인지업,133,893.1446338559292,1809.0378234997443
2025,9,ewma_w2_h2,커브,159,1063.7200993873917,1495.7739123159567
2025,9,ewma_w2_h2,커터,45,287.89272822135854,423.00957472448266
2025,9,ewma_w2_h2,투심,85,734.4391273404084,1447.0154960048967
2025,9,ewma_w2_h2,포크,114,1073.549379566087,1254.4188667087433
2025,9,ewma_w2_h3,스위퍼,18,139.0409592388153,203.5136675042331
2025,9,ewma_w2_h3,슬라이더,290,2196.4315521597096,3219.595084755899
2025,9,ewma_w2_h3,직구,644,4944.800866265532,7704.259742139133
2025,9,ewma_w2_h3,체인지업,133,897.0229411685751,1812.7195142070382
2025,9,ewma_w2_h3,커브,159,1069.9042136688659,1495.7326474336564
2025,9,ewma_w2_h3,커터,45,289.60228876113587,423.3547068255589
2025,9,ewma_w2_h3,투심,85,738.4800086195813,1446.2126170619586
2025,9,ewma_w2_h3,포크,114,1075.492410219571,1250.5862528437247
2025,9,ewma_w3_h0.25,스위퍼,18,131.73160322620095,206.8150371771181
2025,9,ewma_w3_h0.25,슬라이더,290,2116.425743412053,3271.8961450229785
2025,9,ewma_w3_h0.25,직구,644,4890.018663473671,8012.41885277099
2025,9,ewma_w3_h0.25,체인지업,133,857.9536265022186,1784.027930821951
2025,9,ewma_w3_h0.25,커브,159,999.8697472670249,1522.5146400731485
2025,9,ewma_w3_h0.25,커터,45,269.0393558411515,424.58576016074574
2025,9,ewma_w3_h0.25,투심,85,692.177305796497,1470.8085966878907
2025,9,ewma_w3_h0.25,포크,114,1060.1789734113265,1322.1492659129194
2025,9,ewma_w3_h0.5,스위퍼,18,133.05416687916764,202.791856417512
2025,9,ewma_w3_h0.5,슬라이더,290,2122.63169179516,3230.7146556481516
2025,9,ewma_w3_h0.5,직구,644,4850.160588355219,7849.000869555119
2025,9,ewma_w3_h0.5,체인지업,133,860.0051562050833,1796.9294488664013
2025,9,ewma_w3_h0.5,커브,159,1015.5194111341173,1507.7210642614036
2025,9,ewma_w3_h0.5,커터,45,272.24579765199775,423.84772378181265
2025,9,ewma_w3_h0.5,투심,85,708.4641088859836,1453.4826311171648
2025,9,ewma_w3_h0.5,포크,114,1045.37087317529,1283.5652577096994
2025,9,ewma_w3_h1,스위퍼,18,133.57089662713722,199.08200430897864
2025,9,ewma_w3_h1,슬라이더,290,2124.094669254905,3207.7597131979946
2025,9,ewma_w3_h1,직구,644,4796.148204812769,7743.889410758526
2025,9,ewma_w3_h1,체인지업,133,856.2694674427216,1828.74267672604
2025,9,ewma_w3_h1,커브,159,1025.9967043927604,1513.8009364193776
2025,9,ewma_w3_h1,커터,45,271.2016904845907,428.1737903846604
2025,9,ewma_w3_h1,투심,85,727.7385613815144,1440.198450433165
2025,9,ewma_w3_h1,포크,114,1016.5584175138864,1253.90664812964
2025,9,ewma_w3_h2,스위퍼,18,133.32201934389363,197.59822235730013
2025,9,ewma_w3_h2,슬라이더,290,2123.484915515348,3208.4331130210385
2025,9,ewma_w3_h2,직구,644,4759.793120175757,7724.8846509589275
2025,9,ewma_w3_h2,체인지업,133,851.4467715749773,1859.114577842411
2025,9,ewma_w3_h2,커브,159,1030.2286469229034,1531.4218318573671
2025,9,ewma_w3_h2,커터,45,268.335681141298,433.9300223185503
2025,9,ewma_w3_h2,투심,85,741.2274803587002,1435.3592198796393
2025,9,ewma_w3_h2,포크,114,992.9982508643494,1243.0894447471444
2025,9,ewma_w3_h3,스위퍼,18,133.11817201670218,197.29227952766274
2025,9,ewma_w3_h3,슬라이더,290,2123.1652681147402,3211.8586925088675
2025,9,ewma_w3_h3,직구,644,4747.246946145903,7728.09321072192
2025,9,ewma_w3_h3,체인지업,133,849.3898726916391,1871.6537834085827
2025,9,ewma_w3_h3,커브,159,1031.4158275309555,1540.3114752817344
2025,9,ewma_w3_h3,커터,45,266.9477406343109,436.517228552793
2025,9,ewma_w3_h3,투심,85,746.219805161946,1434.3887591739604
2025,9,ewma_w3_h3,포크,114,983.966799844248,1240.9493606333751
2025,9,ewma_w6_h0.25,스위퍼,18,131.71830714923925,206.820627776718
2025,9,ewma_w6_h0.25,슬라이더,290,2116.3690164672053,3271.7746150102253
2025,9,ewma_w6_h0.25,직구,644,4889.850605925472,8012.674014117951
2025,9,ewma_w6_h0.25,체인지업,133,857.9352783584893,1783.9445901042054
2025,9,ewma_w6_h0.25,커브,159,999.8310870007715,1522.4122767297613
2025,9,ewma_w6_h0.25,커터,45,269.03154618708595,424.5765834134327
2025,9,ewma_w6_h0.25,투심,85,692.2414496325104,1470.8174312669146
2025,9,ewma_w6_h0.25,포크,114,1060.0669349946065,1322.147600361978
2025,9,ewma_w6_h0.5,스위퍼,18,132.0941498637864,203.18238556501677
2025,9,ewma_w6_h0.5,슬라이더,290,2117.6016179836683,3221.281523571777
2025,9,ewma_w6_h0.5,직구,644,4843.137897001641,7861.836108945437
2025,9,ewma_w6_h0.5,체인지업,133,857.6644285593766,1791.4609716103694
2025,9,ewma_w6_h0.5,커브,159,1010.8390475672222,1500.8783040768053
2025,9,ewma_w6_h0.5,커터,45,271.1028649189825,423.2018238418385
2025,9,ewma_w6_h0.5,투심,85,712.88962629966,1453.6200171182122
2025,9,ewma_w6_h0.5,포크,114,1036.5474912602635,1283.313065456499
2025,9,ewma_w6_h1,스위퍼,18,127.11315620667364,202.06753477637227
2025,9,ewma_w6_h1,슬라이더,290,2085.8234918504804,3127.9298758630953
2025,9,ewma_w6_h1,직구,644,4796.164488072021,7811.135743160121
2025,9,ewma_w6_h1,체인지업,133,834.1507712051962,1786.9410359061171
2025,9,ewma_w6_h1,커브,159,981.6354395677672,1460.394520057183
2025,9,ewma_w6_h1,커터,45,258.68898328942765,422.47614657942796
2025,9,ewma_w6_h1,투심,85,760.2065893089898,1437.6125288596381
2025,9,ewma_w6_h1,포크,114,946.7901531491733,1250.8662743047296
2025,9,ewma_w6_h2,스위퍼,18,122.0125823690358,205.77524972235778
2025,9,ewma_w6_h2,슬라이더,290,2049.0089169131497,3025.150638205244
2025,9,ewma_w6_h2,직구,644,4872.356640479877,7882.737417417226
2025,9,ewma_w6_h2,체인지업,133,798.1734008633376,1762.7230730989731
2025,9,ewma_w6_h2,커브,159,923.4117878837179,1406.3541805464724
2025,9,ewma_w6_h2,커터,45,234.51923183203547,419.91602939316516
2025,9,ewma_w6_h2,투심,85,809.3894730881368,1428.1704164569946
2025,9,ewma_w6_h2,포크,114,836.5006728109479,1238.6589073971268
2025,9,ewma_w6_h3,스위퍼,18,121.50623232816157,208.8245712627253
2025,9,ewma_w6_h3,슬라이더,290,2041.336075408655,2988.866464493517
2025,9,ewma_w6_h3,직구,644,4951.786825341027,7945.494370491961
2025,9,ewma_w6_h3,체인지업,133,782.865516832547,1751.9320371964757
2025,9,ewma_w6_h3,커브,159,897.7660157951872,1383.8530910853358
2025,9,ewma_w6_h3,커터,45,222.4346311315622,418.86885062254817
2025,9,ewma_w6_h3,투심,85,825.5813541843655,1426.5021000526037
2025,9,ewma_w6_h3,포크,114,793.102212427284,1238.1336995656127
2025,9,precision_h0.5_q0.25,스위퍼,18,131.8232327321245,210.43673730450158
2025,9,precision_h0.5_q0.25,슬라이더,290,2118.9617477487527,3265.14675393802
2025,9,precision_h0.5_q0.25,직구,644,4803.3326041802175,8063.039872348182
2025,9,precision_h0.5_q0.25,체인지업,133,863.323241115213,1814.8192141070413
2025,9,precision_h0.5_q0.25,커브,159,1012.1336694440416,1528.502649687538
2025,9,precision_h0.5_q0.25,커터,45,271.1961370545772,421.41028488587955
2025,9,precision_h0.5_q0.25,투심,85,696.2823308739728,1477.4529867599717
2025,9,precision_h0.5_q0.25,포크,114,1036.284244939612,1304.4562460301618
2025,9,precision_h0.5_q1,스위퍼,18,131.86148584408036,206.81532682222596
2025,9,precision_h0.5_q1,슬라이더,290,2116.7339631196646,3253.4169732722085
2025,9,precision_h0.5_q1,직구,644,4859.864683308885,7981.504135854033
2025,9,precision_h0.5_q1,체인지업,133,858.7482013930337,1793.4695815623454
2025,9,precision_h0.5_q1,커브,159,1005.8305815081205,1516.2128068153488
2025,9,precision_h0.5_q1,커터,45,270.2448946014707,422.64637204562825
2025,9,precision_h0.5_q1,투심,85,698.8430652949005,1467.7479568152528
2025,9,precision_h0.5_q1,포크,114,1050.0797701762099,1305.1637541494706
2025,9,precision_h0.5_q2,스위퍼,18,131.92101477216653,205.77850396072506
2025,9,precision_h0.5_q2,슬라이더,290,2116.5104368110187,3252.0918315302756
2025,9,precision_h0.5_q2,직구,644,4867.803778445797,7959.433771897166
2025,9,precision_h0.5_q2,체인지업,133,858.1221138870009,1788.2153345941645
2025,9,precision_h0.5_q2,커브,159,1004.7516448577412,1514.1062295778838
2025,9,precision_h0.5_q2,커터,45,270.0920590829832,423.36552778555864
2025,9,precision_h0.5_q2,투심,85,698.9536134255901,1465.0384519651343
2025,9,precision_h0.5_q2,포크,114,1051.7814002973128,1306.111149011692
2025,9,precision_h1_q0.25,스위퍼,18,129.43139279537402,213.75407802561034
2025,9,precision_h1_q0.25,슬라이더,290,2117.8535923767336,3211.6134645933835
2025,9,precision_h1_q0.25,직구,644,4762.481976013992,8086.139926119953
2025,9,precision_h1_q0.25,체인지업,133,863.4135038936702,1835.530909967796
2025,9,precision_h1_q0.25,커브,159,1011.102121702847,1512.3067771637864
2025,9,precision_h1_q0.25,커터,45,269.785452298898,419.8418905111412
2025,9,precision_h1_q0.25,투심,85,724.7695960636662,1474.3187343100997
2025,9,precision_h1_q0.25,포크,114,995.7018845959393,1278.8659607531652
2025,9,precision_h1_q1,스위퍼,18,130.3147539707752,206.50356673848404
2025,9,precision_h1_q1,슬라이더,290,2106.8661530402806,3202.5515274316076
2025,9,precision_h1_q1,직구,644,4810.860107867793,7930.498196128173
2025,9,precision_h1_q1,체인지업,133,852.7908876523476,1800.135241198504
2025,9,precision_h1_q1,커브,159,1003.3411710038259,1494.8430357151149
2025,9,precision_h1_q1,커터,45,268.0304309019631,420.75983430052895
2025,9,precision_h1_q1,투심,85,719.21157066505,1459.0087643022953
2025,9,precision_h1_q1,포크,114,1014.0436892198193,1277.4517557332201
2025,9,precision_h1_q2,스위퍼,18,130.50803743423623,204.2228620230055
2025,9,precision_h1_q2,슬라이더,290,2104.1749134510787,3202.431703813624
2025,9,precision_h1_q2,직구,644,4819.059200139208,7885.702077958238
2025,9,precision_h1_q2,체인지업,133,850.3504721498639,1791.0558334342618
2025,9,precision_h1_q2,커브,159,1000.458445420443,1492.4972919788365
2025,9,precision_h1_q2,커터,45,267.48332073475757,421.9814609436826
2025,9,precision_h1_q2,투심,85,718.3164786313331,1454.0853787823555
2025,9,precision_h1_q2,포크,114,1015.5580014215672,1279.1328598400228
2025,9,precision_h2_q0.25,스위퍼,18,124.45567457476447,214.53362664445618
2025,9,precision_h2_q0.25,슬라이더,290,2107.6907102278437,3127.179966548992
2025,9,precision_h2_q0.25,직구,644,4767.690555422233,8082.067983887948
2025,9,precision_h2_q0.25,체인지업,133,858.1630920158865,1824.2779152012884
2025,9,precision_h2_q0.25,커브,159,992.5356192199081,1478.18858536699
2025,9,precision_h2_q0.25,커터,45,262.89375401052047,419.5002560350691
2025,9,precision_h2_q0.25,투심,85,760.1942165964279,1460.3252072489895
2025,9,precision_h2_q0.25,포크,114,944.2950019071234,1265.830544519238
2025,9,precision_h2_q1,스위퍼,18,126.64406071048307,207.40660464324748
2025,9,precision_h2_q1,슬라이더,290,2082.8967290441933,3135.596386234458
2025,9,precision_h2_q1,직구,644,4782.769409747367,7922.916358420657
2025,9,precision_h2_q1,체인지업,133,837.4238409165314,1792.231464440254
2025,9,precision_h2_q1,커브,159,980.847633552333,1463.050123479541
2025,9,precision_h2_q1,커터,45,259.1720154609381,418.8826309773012
2025,9,precision_h2_q1,투심,85,744.3736274143919,1450.210739389992
2025,9,precision_h2_q1,포크,114,956.9411051181742,1258.9421317846104
2025,9,precision_h2_q2,스위퍼,18,127.04866590670005,204.5204060856857
2025,9,precision_h2_q2,슬라이더,290,2075.506122698842,3138.59564319284
2025,9,precision_h2_q2,직구,644,4786.760186367828,7866.8642224374125
2025,9,precision_h2_q2,체인지업,133,831.4840266023269,1782.9113046374946
2025,9,precision_h2_q2,커브,159,974.5118633578506,1461.952986055634
2025,9,precision_h2_q2,커터,45,257.74230683025047,420.26521892198554
2025,9,precision_h2_q2,투심,85,742.3862421221049,1445.1955634077485
2025,9,precision_h2_q2,포크,114,955.4933548157887,1260.6315605927114
2025,9,ema_a0.5,스위퍼,18,126.50043871116542,204.7729060494558
2025,9,ema_a0.5,슬라이더,290,2033.0088750630844,3112.7513274797984
2025,9,ema_a0.5,직구,644,4629.780815662525,7807.949367951933
2025,9,ema_a0.5,체인지업,133,813.3323382802226,1786.2054032272658
2025,9,ema_a0.5,커브,159,953.930332343,1454.0429451345224
2025,9,ema_a0.5,커터,45,243.55126851306127,422.03659567516706
2025,9,ema_a0.5,투심,85,679.5663109082085,1435.4896465652607
2025,9,ema_a0.5,포크,114,914.433382935765,1249.004102398769
2025,9,ema_a0.75,스위퍼,18,132.034446504071,203.19215518876007
2025,9,ema_a0.75,슬라이더,290,2112.291889997699,3220.826968041141
2025,9,ema_a0.75,직구,644,4818.864162359824,7861.895769108965
2025,9,ema_a0.75,체인지업,133,856.106781233695,1791.9632522921675
2025,9,ema_a0.75,커브,159,1009.1162665931803,1501.455473410478
2025,9,ema_a0.75,커터,45,269.4084415273673,423.4552769804886
2025,9,ema_a0.75,투심,85,701.7222448277486,1453.3587050754609
2025,9,ema_a0.75,포크,114,1034.224232935465,1283.8024116513059
2025,9,ema_a0.9,스위퍼,18,132.0141316997347,205.99852659442786
2025,9,ema_a0.9,슬라이더,290,2117.7678343201505,3261.4695996333767
2025,9,ema_a0.9,직구,644,4880.788233287437,7974.5797233950925
2025,9,ema_a0.9,체인지업,133,858.7837265529597,1785.1862001193188
2025,9,ema_a0.9,커브,159,1003.4947787952693,1517.5931397304657
2025,9,ema_a0.9,커터,45,269.94473614461833,424.0643679069135
2025,9,ema_a0.9,투심,85,695.1146912704128,1466.840467343102
2025,9,ema_a0.9,포크,114,1057.6310565798838,1313.3143313787232
2025,9,kalman_q0.25,스위퍼,18,129.53468424360452,204.7404722654953
2025,9,kalman_q0.25,슬라이더,290,2064.7901286138767,3103.353830451203
2025,9,kalman_q0.25,직구,644,4761.106039849461,7928.3025380248
2025,9,kalman_q0.25,체인지업,133,823.8987176955663,1756.575008047882
2025,9,kalman_q0.25,커브,159,950.1363058789816,1432.8152916604122
2025,9,kalman_q0.25,커터,45,255.86501735239352,407.1214585701531
2025,9,kalman_q0.25,투심,85,730.0184492854927,1436.6920959017568
2025,9,kalman_q0.25,포크,114,919.0859097968857,1231.383788562457
2025,9,kalman_q0.5,스위퍼,18,132.99183816384718,203.67197831460712
2025,9,kalman_q0.5,슬라이더,290,2115.08524103352,3175.1820578859897
2025,9,kalman_q0.5,직구,644,4765.252704090223,7923.437289013883
2025,9,kalman_q0.5,체인지업,133,855.4495494413427,1787.2248306488925
2025,9,kalman_q0.5,커브,159,1010.2363205602813,1482.39854307302
2025,9,kalman_q0.5,커터,45,270.4719322681008,413.377672438176
2025,9,kalman_q0.5,투심,85,715.5667288677674,1449.8540621300706
2025,9,kalman_q0.5,포크,114,1010.6692916811085,1257.4346847878494
2025,9,kalman_q1,스위퍼,18,131.9545482884883,204.3754704043554
2025,9,kalman_q1,슬라이더,290,2116.2174508795083,3237.6084180073817
2025,9,kalman_q1,직구,644,4838.718325597933,7961.5067536699535
2025,9,kalman_q1,체인지업,133,858.4281733747953,1789.5668494281472
2025,9,kalman_q1,커브,159,1005.5983185857913,1512.7230848690774
2025,9,kalman_q1,커터,45,270.04637981757156,419.85936617522054
2025,9,kalman_q1,투심,85,699.1284691486039,1462.9283086108924
2025,9,kalman_q1,포크,114,1048.6042946560126,1297.6399832569787
2025,9,kalman_q2,스위퍼,18,131.22432814486373,206.58217323068249
2025,9,kalman_q2,슬라이더,290,2113.737958951402,3273.889102828866
2025,9,kalman_q2,직구,644,4884.069495393422,8032.286467723422
2025,9,kalman_q2,체인지업,133,856.7280446362136,1785.958603034558
2025,9,kalman_q2,커브,159,996.5570628889368,1526.7184379012924
2025,9,kalman_q2,커터,45,267.9025782776043,423.9459145011988
2025,9,kalman_q2,투심,85,690.5331868756285,1472.4844869697342
2025,9,kalman_q2,포크,114,1058.9586558433648,1324.5577237489758
2025,9,kalman_q4,스위퍼,18,131.10373424863133,207.70170563301784
2025,9,kalman_q4,슬라이더,290,2112.905112488492,3285.831067761392
2025,9,kalman_q4,직구,644,4896.7249953766095,8068.285174707152
2025,9,kalman_q4,체인지업,133,855.8930510234882,1783.9933664952416
2025,9,kalman_q4,커브,159,993.5378885816937,1530.6972097170496
2025,9,kalman_q4,커터,45,267.07457043816385,425.35960385691146
2025,9,kalman_q4,투심,85,687.6379010993353,1476.4062150613179
2025,9,kalman_q4,포크,114,1061.256442827239,1334.3874520495526
2025,9,adaptive_q0.5,스위퍼,18,133.81180671235916,201.88441125756594
2025,9,adaptive_q0.5,슬라이더,290,2127.771923977608,3196.6710275302603
2025,9,adaptive_q0.5,직구,644,4758.339280153178,7883.1182850491095
2025,9,adaptive_q0.5,체인지업,133,861.9926476143316,1802.705719695925
2025,9,adaptive_q0.5,커브,159,1025.547295153335,1500.9454830635777
2025,9,adaptive_q0.5,커터,45,272.8909989465876,415.94920911224364
2025,9,adaptive_q0.5,투심,85,716.8319048009416,1449.2431653835768
2025,9,adaptive_q0.5,포크,114,1022.7089890692716,1258.1798772576462
2025,9,adaptive_q1,스위퍼,18,131.99437115720818,204.18704370501703
2025,9,adaptive_q1,슬라이더,290,2116.6560744958815,3238.2961617180563
2025,9,adaptive_q1,직구,644,4836.319861098104,7960.074229703447
2025,9,adaptive_q1,체인지업,133,858.6943829557463,1789.8594212226494
2025,9,adaptive_q1,커브,159,1006.412339788429,1513.3222257019042
2025,9,adaptive_q1,커터,45,270.1229954911658,419.90958495923167
2025,9,adaptive_q1,투심,85,699.100823428112,1462.7672724726372
2025,9,adaptive_q1,포크,114,1048.7913663928623,1297.5462590769928
2025,9,adaptive_q2,스위퍼,18,131.22432814486373,206.58217323068249
2025,9,adaptive_q2,슬라이더,290,2113.737958951402,3273.889102828866
2025,9,adaptive_q2,직구,644,4884.069495393422,8032.286467723422
2025,9,adaptive_q2,체인지업,133,856.7280446362136,1785.958603034558
2025,9,adaptive_q2,커브,159,996.5570628889368,1526.7184379012924
2025,9,adaptive_q2,커터,45,267.9025782776043,423.9459145011988
2025,9,adaptive_q2,투심,85,690.5331868756285,1472.4844869697342
2025,9,adaptive_q2,포크,114,1058.9586558433648,1324.5577237489758
2025,9,trend_d0.25,스위퍼,18,129.27529482362144,214.6663407311184
2025,9,trend_d0.25,슬라이더,290,2111.6964877771884,3384.7723037762403
2025,9,trend_d0.25,직구,644,4974.189910576757,8427.560722462425
2025,9,trend_d0.25,체인지업,133,850.2483746534226,1792.788533324483
2025,9,trend_d0.25,커브,159,966.9532279930352,1585.9110832366878
2025,9,trend_d0.25,커터,45,257.54920790400246,434.75306374708185
2025,9,trend_d0.25,투심,85,667.9024556015738,1513.9274479384635
2025,9,trend_d0.25,포크,114,1070.1339470557266,1413.4325724608486
2025,9,trend_d0.5,스위퍼,18,129.40362111479695,223.98638310460223
2025,9,trend_d0.5,슬라이더,290,2144.4081508856348,3519.5201428869773
2025,9,trend_d0.5,직구,644,5118.884260386068,8865.73217317589
2025,9,trend_d0.5,체인지업,133,858.0504300700673,1821.5661944587087
2025,9,trend_d0.5,커브,159,954.6215111010824,1664.144449291755
2025,9,trend_d0.5,커터,45,251.0025642307158,449.036339917075
2025,9,trend_d0.5,투심,85,656.9571690870167,1562.990149118306
2025,9,trend_d0.5,포크,114,1089.827809008642,1507.5667914664782
2025,9,monthly_w28_hflat,스위퍼,18,131.48876861991548,197.3380230735401
2025,9,monthly_w28_hflat,슬라이더,290,2168.257723553371,3272.930998935408
2025,9,monthly_w28_hflat,직구,644,4920.9123652385115,7939.804383467965
2025,9,monthly_w28_hflat,체인지업,133,904.0945281748074,1770.1413347545779
2025,9,monthly_w28_hflat,커브,159,1026.9763147933375,1542.781051564018
2025,9,monthly_w28_hflat,커터,45,277.9630676376351,427.7807571546367
2025,9,monthly_w28_hflat,투심,85,668.4604250086544,1459.6854442316587
2025,9,monthly_w28_hflat,포크,114,1097.1673958304316,1346.112332051473
2025,9,monthly_w28_h14,스위퍼,18,129.7166358453027,195.1080636589488
2025,9,monthly_w28_h14,슬라이더,290,2175.8787317906563,3295.546572980451
2025,9,monthly_w28_h14,직구,644,4821.341942748044,7846.841827061085
2025,9,monthly_w28_h14,체인지업,133,921.0177153829454,1791.5783266753235
2025,9,monthly_w28_h14,커브,159,1051.4515007861726,1569.3628840938054
2025,9,monthly_w28_h14,커터,45,272.9190026172689,432.7848567821653
2025,9,monthly_w28_h14,투심,85,630.6666435061727,1447.1976080529814
2025,9,monthly_w28_h14,포크,114,1096.6201393038223,1341.1496351203673
2025,9,monthly_w28_h28,스위퍼,18,130.45988092721464,196.1659055619186
2025,9,monthly_w28_h28,슬라이더,290,2168.555828280626,3284.4192781035595
2025,9,monthly_w28_h28,직구,644,4865.686587758304,7889.106182094926
2025,9,monthly_w28_h28,체인지업,133,910.4320542844453,1781.236020326069
2025,9,monthly_w28_h28,커브,159,1037.026491537636,1556.4478964939208
2025,9,monthly_w28_h28,커터,45,274.9481294293684,430.2623270876295
2025,9,monthly_w28_h28,투심,85,648.8058138598379,1453.2553022964858
2025,9,monthly_w28_h28,포크,114,1094.8462775321268,1343.3270258394646
2025,9,monthly_w28_h28_huber,스위퍼,18,133.33309453838845,195.31241610772952
2025,9,monthly_w28_h28_huber,슬라이더,290,2189.0470261892215,3270.5352528602907
2025,9,monthly_w28_h28_huber,직구,644,4839.922552659531,7822.443876187046
2025,9,monthly_w28_h28_huber,체인지업,133,921.5850961616411,1777.817930241341
2025,9,monthly_w28_h28_huber,커브,159,1063.1139868302848,1549.9031871414816
2025,9,monthly_w28_h28_huber,커터,45,278.7842321733502,430.65712107275164
2025,9,monthly_w28_h28_huber,투심,85,641.3013591118513,1446.9618893445372
2025,9,monthly_w28_h28_huber,포크,114,1115.3459513426783,1338.7142162882292
2025,9,monthly_w56_hflat,스위퍼,18,131.38869652171442,200.1465079051844
2025,9,monthly_w56_hflat,슬라이더,290,2160.808437440286,3150.9636687765815
2025,9,monthly_w56_hflat,직구,644,4856.145079803549,7617.301182255026
2025,9,monthly_w56_hflat,체인지업,133,896.1921325163555,1757.452543723287
2025,9,monthly_w56_hflat,커브,159,1042.705443048022,1443.6429168947004
2025,9,monthly_w56_hflat,커터,45,280.3818764199208,414.92766754041634
2025,9,monthly_w56_hflat,투심,85,695.4865090389178,1436.97406077727
2025,9,monthly_w56_hflat,포크,114,1069.3511653195317,1245.6948967849294
2025,9,monthly_w56_h14,스위퍼,18,128.35194855549662,199.61372441502158
2025,9,monthly_w56_h14,슬라이더,290,2140.612566487494,3239.3664091888504
2025,9,monthly_w56_h14,직구,644,4778.036627206771,7783.83128977187
2025,9,monthly_w56_h14,체인지업,133,894.7550424088903,1784.9155841812803
2025,9,monthly_w56_h14,커브,159,1033.9668123070335,1523.5509139536375
2025,9,monthly_w56_h14,커터,45,268.49360104869794,425.8691628221357
2025,9,monthly_w56_h14,투심,85,647.487562436856,1444.4415145571131
2025,9,monthly_w56_h14,포크,114,1064.0125025484383,1304.0586220374646
2025,9,monthly_w56_h28,스위퍼,18,129.2569208154786,201.1651808008494
2025,9,monthly_w56_h28,슬라이더,290,2139.9197877916527,3195.886980935923
2025,9,monthly_w56_h28,직구,644,4813.981036663625,7735.279876049621
2025,9,monthly_w56_h28,체인지업,133,888.732156891931,1771.1283000335734
2025,9,monthly_w56_h28,커브,159,1029.039487584909,1484.6640950042515
2025,9,monthly_w56_h28,커터,45,272.60359529902075,419.8897930882309
2025,9,monthly_w56_h28,투심,85,671.4594293637256,1443.5455476461038
2025,9,monthly_w56_h28,포크,114,1061.1373507379212,1278.8192946215709
2025,9,monthly_w56_h28_huber,스위퍼,18,132.2273298019033,198.6619166920358
2025,9,monthly_w56_h28_huber,슬라이더,290,2152.5135614948804,3179.2983673528756
2025,9,monthly_w56_h28_huber,직구,644,4772.030112992727,7688.3178729824485
2025,9,monthly_w56_h28_huber,체인지업,133,893.7217225670618,1762.2924729446922
2025,9,monthly_w56_h28_huber,커브,159,1050.1222106156565,1480.0120229361755
2025,9,monthly_w56_h28_huber,커터,45,274.65879651386155,420.9662570936145
2025,9,monthly_w56_h28_huber,투심,85,664.3722925865713,1435.8655601139396
2025,9,monthly_w56_h28_huber,포크,114,1072.4181177328942,1280.07766816365
2025,9,monthly_w84_hflat,스위퍼,18,132.17392712435313,199.8051476238873
2025,9,monthly_w84_hflat,슬라이더,290,2121.5325226242685,3250.1404494002054
2025,9,monthly_w84_hflat,직구,644,4752.439953671675,7807.236477175451
2025,9,monthly_w84_hflat,체인지업,133,857.0996214361194,1881.565585526799
2025,9,monthly_w84_hflat,커브,159,1034.3816298485847,1549.2193770627478
2025,9,monthly_w84_hflat,커터,45,265.9298829178414,434.8429538033607
2025,9,monthly_w84_hflat,투심,85,723.6534529847769,1449.7546181198986
2025,9,monthly_w84_hflat,포크,114,989.9007415193674,1245.723506483933
2025,9,monthly_w84_h14,스위퍼,18,128.38173574316892,200.26943193746766
2025,9,monthly_w84_h14,슬라이더,290,2131.4783230183334,3244.3305387294026
2025,9,monthly_w84_h14,직구,644,4766.6169300057445,7790.522709899315
2025,9,monthly_w84_h14,체인지업,133,887.6325486902468,1800.290864458383
2025,9,monthly_w84_h14,커브,159,1031.4018962352861,1529.9594226820964
2025,9,monthly_w84_h14,커터,45,267.36903416071215,426.85422048883675
2025,9,monthly_w84_h14,투심,85,653.9335199490577,1446.4281828850396
2025,9,monthly_w84_h14,포크,114,1051.6347782766177,1299.0053909006383
2025,9,monthly_w84_h28,스위퍼,18,129.577964118804,201.44905273413204
2025,9,monthly_w84_h28,슬라이더,290,2118.4165854703288,3222.6710756270977
2025,9,monthly_w84_h28,직구,644,4772.714197753214,7778.30031162949
2025,9,monthly_w84_h28,체인지업,133,870.261028515191,1819.0015329329494
2025,9,monthly_w84_h28,커브,159,1024.377811312181,1515.2535297398254
2025,9,monthly_w84_h28,커터,45,267.9218071294166,425.3681301730719
2025,9,monthly_w84_h28,투심,85,686.2355359304948,1448.555986247264
2025,9,monthly_w84_h28,포크,114,1026.6226147427665,1270.5301687613585
2025,9,monthly_w84_h28_huber,스위퍼,18,132.4919083926822,199.66718296747598
2025,9,monthly_w84_h28_huber,슬라이더,290,2128.6226929402737,3205.403253739746
2025,9,monthly_w84_h28_huber,직구,644,4738.582241581184,7735.159489542233
2025,9,monthly_w84_h28_huber,체인지업,133,873.2961051533629,1807.7562438870282
2025,9,monthly_w84_h28_huber,커브,159,1040.8709999067914,1507.049002980939
2025,9,monthly_w84_h28_huber,커터,45,269.71626551845367,424.84190777059024
2025,9,monthly_w84_h28_huber,투심,85,680.2555336877206,1442.1661811667286
2025,9,monthly_w84_h28_huber,포크,114,1034.510755954423,1269.2997421008288
2025,9,weekly_w28_hflat,스위퍼,18,129.733914989205,202.61607128017351
2025,9,weekly_w28_hflat,슬라이더,290,2167.7991407932523,3142.1137705178007
2025,9,weekly_w28_hflat,직구,644,4719.329041187811,7252.077477172531
2025,9,weekly_w28_hflat,체인지업,133,908.5965321961435,1830.5109732287851
2025,9,weekly_w28_hflat,커브,159,1050.2634062434295,1508.6902055337555
2025,9,weekly_w28_hflat,커터,45,255.06311540561285,428.35117949608014
2025,9,weekly_w28_hflat,투심,85,646.9295907941032,1466.0352212311623
2025,9,weekly_w28_hflat,포크,114,1056.3287169392286,1291.6066964828938
2025,9,weekly_w28_h14,스위퍼,18,132.73478845296074,207.89430104458435
2025,9,weekly_w28_h14,슬라이더,290,2178.054928578791,3126.1816728011404
2025,9,weekly_w28_h14,직구,644,4796.328743704816,7191.951089514231
2025,9,weekly_w28_h14,체인지업,133,897.1608066285244,1829.482473962597
2025,9,weekly_w28_h14,커브,159,1008.8021845567833,1517.6015167139951
2025,9,weekly_w28_h14,커터,45,246.50654545548346,439.0383759387842
2025,9,weekly_w28_h14,투심,85,669.5600479467281,1471.1954501677887
2025,9,weekly_w28_h14,포크,114,1043.3029959348646,1281.4692166008635
2025,9,weekly_w28_h28,스위퍼,18,130.88977643423055,205.16834049431688
2025,9,weekly_w28_h28,슬라이더,290,2169.3513055535077,3132.581324996778
2025,9,weekly_w28_h28,직구,644,4748.407157014479,7215.664675141985
2025,9,weekly_w28_h28,체인지업,133,901.5041448658931,1829.3724209514348
2025,9,weekly_w28_h28,커브,159,1027.5495729554157,1511.4416508964778
2025,9,weekly_w28_h28,커터,45,250.46224713305094,433.5284443811383
2025,9,weekly_w28_h28,투심,85,656.7295641929439,1468.0938491169372
2025,9,weekly_w28_h28,포크,114,1047.4269653133208,1285.4047130249269
2025,9,weekly_w28_h28_huber,스위퍼,18,131.23788177260926,200.2145286569229
2025,9,weekly_w28_h28_huber,슬라이더,290,2191.6357921820418,3139.519327008532
2025,9,weekly_w28_h28_huber,직구,644,4759.543901182694,7254.603686493831
2025,9,weekly_w28_h28_huber,체인지업,133,906.3563748719239,1853.9866229922477
2025,9,weekly_w28_h28_huber,커브,159,1029.9583011701784,1530.6149548278809
2025,9,weekly_w28_h28_huber,커터,45,252.71157701480965,437.8007708397184
2025,9,weekly_w28_h28_huber,투심,85,657.5397120752802,1463.8867392965974
2025,9,weekly_w28_h28_huber,포크,114,1053.808991146935,1283.0338182590522
2025,9,weekly_w56_hflat,스위퍼,18,125.95456463530523,199.03031818032048
2025,9,weekly_w56_hflat,슬라이더,290,2098.27285926714,3108.4683913248773
2025,9,weekly_w56_hflat,직구,644,4860.67897049406,7599.9551828564345
2025,9,weekly_w56_hflat,체인지업,133,879.4167408665277,1747.1610680886583
2025,9,weekly_w56_hflat,커브,159,993.1351195525458,1459.5467222876732
2025,9,weekly_w56_hflat,커터,45,263.7986219827155,424.8051659449994
2025,9,weekly_w56_hflat,투심,85,693.5925321824185,1471.5234140231346
2025,9,weekly_w56_hflat,포크,114,1062.1557457995477,1284.8899717103043
2025,9,weekly_w56_h14,스위퍼,18,126.89543651318711,199.13737742553417
2025,9,weekly_w56_h14,슬라이더,290,2091.119543328534,3112.7840921631337
2025,9,weekly_w56_h14,직구,644,4766.85317592455,7338.883452686209
2025,9,weekly_w56_h14,체인지업,133,874.814876694956,1767.3311009237432
2025,9,weekly_w56_h14,커브,159,970.2094753948634,1502.2154304319124
2025,9,weekly_w56_h14,커터,45,244.60625022312766,435.2225730522244
2025,9,weekly_w56_h14,투심,85,664.6134496771393,1475.5164427078296
2025,9,weekly_w56_h14,포크,114,1030.1349468284234,1306.092687413093
2025,9,weekly_w56_h28,스위퍼,18,125.69561801862646,198.33415714020117
2025,9,weekly_w56_h28,슬라이더,290,2083.2932710456,3110.0122677729355
2025,9,weekly_w56_h28,직구,644,4793.7699626178755,7457.7992849199
2025,9,weekly_w56_h28,체인지업,133,873.9092286244049,1755.8363672131752
2025,9,weekly_w56_h28,커브,159,978.0026509093966,1481.508009176378
2025,9,weekly_w56_h28,커터,45,252.9658594783743,429.5637901241846
2025,9,weekly_w56_h28,투심,85,673.6166829845015,1473.39541879183
2025,9,weekly_w56_h28,포크,114,1041.0976364260675,1299.0492572880548
2025,9,weekly_w56_h28_huber,스위퍼,18,127.37270534182775,195.80298302687342
2025,9,weekly_w56_h28_huber,슬라이더,290,2093.587703949467,3099.495172841462
2025,9,weekly_w56_h28_huber,직구,644,4762.652992011666,7456.969579111397
2025,9,weekly_w56_h28_huber,체인지업,133,877.5331087284171,1757.779437391399
2025,9,weekly_w56_h28_huber,커브,159,990.2021629976127,1483.5565687054736
2025,9,weekly_w56_h28_huber,커터,45,255.0435581677251,431.0745747706255
2025,9,weekly_w56_h28_huber,투심,85,667.624184799304,1468.2092189364166
2025,9,weekly_w56_h28_huber,포크,114,1049.4843834526873,1298.7222594107197
2025,9,weekly_w84_hflat,스위퍼,18,134.19009451479045,205.699782273704
2025,9,weekly_w84_hflat,슬라이더,290,2090.8275082405107,3155.6493619099365
2025,9,weekly_w84_hflat,직구,644,4800.899253990136,7585.212144357138
2025,9,weekly_w84_hflat,체인지업,133,859.1390456199596,1839.2271692102104
2025,9,weekly_w84_hflat,커브,159,1021.2670445335172,1492.7157196563066
2025,9,weekly_w84_hflat,커터,45,272.8107019210603,428.340856661766
2025,9,weekly_w84_hflat,투심,85,703.349731354083,1471.5547497850748
2025,9,weekly_w84_hflat,포크,114,1029.9778634193567,1247.2968308028474
2025,9,weekly_w84_h14,스위퍼,18,127.50871579945435,200.26539914112652
2025,9,weekly_w84_h14,슬라이더,290,2081.73761495245,3116.2527459099874
2025,9,weekly_w84_h14,직구,644,4742.39298259773,7343.495589583614
2025,9,weekly_w84_h14,체인지업,133,870.365704991436,1781.040505870521
2025,9,weekly_w84_h14,커브,159,972.9864387294351,1504.3818185011487
2025,9,weekly_w84_h14,커터,45,247.08813646698349,435.40110291618254
2025,9,weekly_w84_h14,투심,85,665.5416771443462,1474.9961659637418
2025,9,weekly_w84_h14,포크,114,1024.4538895223666,1295.1318641529022
2025,9,weekly_w84_h28,스위퍼,18,128.3565556803592,201.53272466616184
2025,9,weekly_w84_h28,슬라이더,290,2070.4786990424927,3123.4739457514643
2025,9,weekly_w84_h28,직구,644,4750.1731617405385,7458.024168539879
2025,9,weekly_w84_h28,체인지업,133,863.430059413648,1794.2406161807462
2025,9,weekly_w84_h28,커브,159,988.1668944523391,1489.3125592427145
2025,9,weekly_w84_h28,커터,45,258.76195419013584,430.1264372683119
2025,9,weekly_w84_h28,투심,85,677.8689399980527,1471.9618540462134
2025,9,weekly_w84_h28,포크,114,1026.2322881506138,1274.253092081464
2025,9,weekly_w84_h28_huber,스위퍼,18,130.33396282497426,198.59394048323645
2025,9,weekly_w84_h28_huber,슬라이더,290,2078.752197513508,3112.5709034366973
2025,9,weekly_w84_h28_huber,직구,644,4717.868888946286,7447.295277099818
2025,9,weekly_w84_h28_huber,체인지업,133,864.7141687508172,1791.6015215784087
2025,9,weekly_w84_h28_huber,커브,159,998.6928092769037,1488.5824245497447
2025,9,weekly_w84_h28_huber,커터,45,260.5708578083411,430.70578171213816
2025,9,weekly_w84_h28_huber,투심,85,672.6876057921212,1467.0908845315287
2025,9,weekly_w84_h28_huber,포크,114,1031.109100120895,1274.0201799012016
2025,9,weekly_w56_h7,스위퍼,18,133.47077342074437,205.9609906427707
2025,9,weekly_w56_h7,슬라이더,290,2151.175328357481,3118.1081723035904
2025,9,weekly_w56_h7,직구,644,4844.718282025762,7217.526210319704
2025,9,weekly_w56_h7,체인지업,133,884.2159572292882,1796.1215722154113
2025,9,weekly_w56_h7,커브,159,963.8350261063007,1533.8773618081827
2025,9,weekly_w56_h7,커터,45,235.32491759857086,446.4894616216011
2025,9,weekly_w56_h7,투심,85,678.9540402444352,1479.987822266638
2025,9,weekly_w56_h7,포크,114,1030.7003118609248,1302.2420583448195
2025,9,weekly_w56_h10,스위퍼,18,128.94246030165436,201.22271933451523
2025,9,weekly_w56_h10,슬라이더,290,2109.9487095458558,3114.6407666733894
2025,9,weekly_w56_h10,직구,644,4778.06825736229,7271.661857150682
2025,9,weekly_w56_h10,체인지업,133,877.8711803181936,1778.3362248121257
2025,9,weekly_w56_h10,커브,159,966.7564035128541,1516.194915259799
2025,9,weekly_w56_h10,커터,45,239.7760854496236,439.8629801969806
2025,9,weekly_w56_h10,투심,85,665.6275433297008,1477.2164498945774
2025,9,weekly_w56_h10,포크,114,1027.3866208944812,1306.6067357933762
2025,9,weekly_w56_h21,스위퍼,18,125.92247349182087,198.382456226033
2025,9,weekly_w56_h21,슬라이더,290,2083.5977160875905,3110.9586954442107
2025,9,weekly_w56_h21,직구,644,4779.883658728815,7414.43824023693
2025,9,weekly_w56_h21,체인지업,133,873.6793883099665,1759.3485732157442
2025,9,weekly_w56_h21,커브,159,974.7805207203259,1488.7495701623866
2025,9,weekly_w56_h21,커터,45,249.89326689571573,431.39740964338324
2025,9,weekly_w56_h21,투심,85,669.3372880373151,1474.0924789393616
2025,9,weekly_w56_h21,포크,114,1036.3948465460421,1302.2524244850897
2025,9,weekly_w84_h7,스위퍼,18,133.4698203427588,205.96225225761475
2025,9,weekly_w84_h7,슬라이더,290,2148.8547097646747,3118.3731209859025
2025,9,weekly_w84_h7,직구,644,4838.95178780359,7218.496439180828
2025,9,weekly_w84_h7,체인지업,133,883.6310593321548,1797.3856331638335
2025,9,weekly_w84_h7,커브,159,964.0084469452318,1534.3869457738447
2025,9,weekly_w84_h7,커터,45,235.53672148905795,446.5685015563552
2025,9,weekly_w84_h7,투심,85,678.5360196142013,1480.0561538771815
2025,9,weekly_w84_h7,포크,114,1030.0159096099776,1301.2629769152259
2025,9,weekly_w84_h10,스위퍼,18,129.08891434254426,201.58713622033645
2025,9,weekly_w84_h10,슬라이더,290,2104.1784302570877,3115.902459827256
2025,9,weekly_w84_h10,직구,644,4763.969280841832,7274.936146494667
2025,9,weekly_w84_h10,체인지업,133,875.8607276765238,1783.8708200820665
2025,9,weekly_w84_h10,커브,159,967.690630692081,1517.391243697628
2025,9,weekly_w84_h10,커터,45,240.8132526283814,440.0267771597602
2025,9,weekly_w84_h10,투심,85,665.497881311852,1477.1794039835702
2025,9,weekly_w84_h10,포크,114,1024.9493014177942,1302.0026010696197
2025,9,weekly_w84_h21,스위퍼,18,127.61075680472126,200.72811938155135
2025,9,weekly_w84_h21,슬라이더,290,2071.4105398886263,3119.512828550437
2025,9,weekly_w84_h21,직구,644,4743.158265486592,7417.403521529707
2025,9,weekly_w84_h21,체인지업,133,865.6328794117823,1786.992903758361
2025,9,weekly_w84_h21,커브,159,981.5104597782423,1493.5297407246899
2025,9,weekly_w84_h21,커터,45,254.4211524206461,431.7007322878992
2025,9,weekly_w84_h21,투심,85,672.1761946362262,1472.9099675195666
2025,9,weekly_w84_h21,포크,114,1025.4127985632917,1282.6243166129625
2025,9,weekly_w112_h7,스위퍼,18,133.4554866480447,205.9188483961686
2025,9,weekly_w112_h7,슬라이더,290,2148.707720208889,3118.351451264495
2025,9,weekly_w112_h7,직구,644,4838.52716864895,7218.435491152323
2025,9,weekly_w112_h7,체인지업,133,883.5090563193537,1797.378708512662
2025,9,weekly_w112_h7,커브,159,963.9828524133895,1534.4159060039426
2025,9,weekly_w112_h7,커터,45,235.49924019953397,446.57975452590284
2025,9,weekly_w112_h7,투심,85,678.5383522635983,1479.9186023904324
2025,9,weekly_w112_h7,포크,114,1029.8137676411545,1301.189381850707
2025,9,weekly_w112_h10,스위퍼,18,129.03222437275087,201.27403116190683
2025,9,weekly_w112_h10,슬라이더,290,2102.9792552251592,3115.728177120049
2025,9,weekly_w112_h10,직구,644,4760.837802551998,7274.934174922754
2025,9,weekly_w112_h10,체인지업,133,874.8367024897329,1783.9614303543526
2025,9,weekly_w112_h10,커브,159,967.4230274612348,1517.6559214503861
2025,9,weekly_w112_h10,커터,45,240.4727098448694,440.13205491211477
2025,9,weekly_w112_h10,투심,85,665.6454003805042,1476.1163873870867
2025,9,weekly_w112_h10,포크,114,1023.1463632231748,1301.4249367437176
2025,9,weekly_w112_h21,스위퍼,18,127.61733181199067,198.206581214853
2025,9,weekly_w112_h21,슬라이더,290,2058.3459261624976,3119.1429322137346
2025,9,weekly_w112_h21,직구,644,4714.10663932512,7428.0920778403
2025,9,weekly_w112_h21,체인지업,133,854.7818227432365,1789.6017869638645
2025,9,weekly_w112_h21,커브,159,977.1535057791435,1497.492678279611
2025,9,weekly_w112_h21,커터,45,249.87399204611287,433.6806823180736
2025,9,weekly_w112_h21,투심,85,675.1218924241127,1464.0431965460496
2025,9,weekly_w112_h21,포크,114,1004.1824350167138,1278.7970510426887
2025,9,weekly_w112_h14,스위퍼,18,127.42510382226133,199.2146766460749
2025,9,weekly_w112_h14,슬라이더,290,2077.095884130583,3115.7280846613085
2025,9,weekly_w112_h14,직구,644,4731.237168861866,7345.101736055294
2025,9,weekly_w112_h14,체인지업,133,866.4215178781021,1781.7117448326376
2025,9,weekly_w112_h14,커브,159,971.6851109824865,1505.494567918412
2025,9,weekly_w112_h14,커터,45,245.64620630099742,435.915239553414
2025,9,weekly_w112_h14,투심,85,666.3733126488052,1471.3191893704372
2025,9,weekly_w112_h14,포크,114,1017.1567098071642,1293.2347905757904
2025,9,weekly_w84_h3.5,스위퍼,18,153.43682959985065,218.67040352870828
2025,9,weekly_w84_h3.5,슬라이더,290,2313.060533045068,3155.2985524371197
2025,9,weekly_w84_h3.5,직구,644,5235.524211303542,7274.898680174825
2025,9,weekly_w84_h3.5,체인지업,133,918.2032129804053,1842.1098867537662
2025,9,weekly_w84_h3.5,커브,159,975.8678316414853,1588.6344816315438
2025,9,weekly_w84_h3.5,커터,45,232.9522104534969,461.4571592366598
2025,9,weekly_w84_h3.5,투심,85,760.4043491546064,1497.8889702221907
2025,9,weekly_w84_h3.5,포크,114,1068.441445623961,1297.0527075122857
2025,9,weekly_w28_h7,스위퍼,18,138.10634470087876,213.20440199210037
2025,9,weekly_w28_h7,슬라이더,290,2215.532099153548,3124.91054077235
2025,9,weekly_w28_h7,직구,644,4940.4020109857665,7184.101291434429
2025,9,weekly_w28_h7,체인지업,133,897.3806916519582,1833.3734730817785
2025,9,weekly_w28_h7,커브,159,986.1340172815026,1538.21046408158
2025,9,weekly_w28_h7,커터,45,240.58920028163723,449.8040186257797
2025,9,weekly_w28_h7,투심,85,702.7265102898085,1480.1790410433805
2025,9,weekly_w28_h7,포크,114,1047.8269199755223,1280.6228105243122
2025,9,weekly_w84_h14_huber,스위퍼,18,128.9071468269623,197.46420855651488
2025,9,weekly_w84_h14_huber,슬라이더,290,2093.284432993513,3108.9137117480227
2025,9,weekly_w84_h14_huber,직구,644,4710.699632440446,7334.016326657252
2025,9,weekly_w84_h14_huber,체인지업,133,873.3226531504368,1784.3063105048445
2025,9,weekly_w84_h14_huber,커브,159,982.3795623478145,1506.5822289866685
2025,9,weekly_w84_h14_huber,커터,45,248.42446741879849,436.8695330237503
2025,9,weekly_w84_h14_huber,투심,85,659.8207243356086,1469.1396301279078
2025,9,weekly_w84_h14_huber,포크,114,1030.3367475360571,1293.5341976617053
2025,9,daily_w84_h3.5,스위퍼,18,140.16593612458118,198.26771845772416
2025,9,daily_w84_h3.5,슬라이더,290,2126.5267837754695,2980.8097035634664
2025,9,daily_w84_h3.5,직구,644,4754.975891881235,6797.1492565715325
2025,9,daily_w84_h3.5,체인지업,133,859.1007977766697,1743.7810695321568
2025,9,daily_w84_h3.5,커브,159,969.7793523935434,1326.6516333014692
2025,9,daily_w84_h3.5,커터,45,222.77944575929726,486.6376825159178
2025,9,daily_w84_h3.5,투심,85,652.7231243354798,1365.9709391728275
2025,9,daily_w84_h3.5,포크,114,965.6357244676078,1191.3375115936858
2025,9,daily_w56_h7,스위퍼,18,136.19697064548708,197.4716506212546
2025,9,daily_w56_h7,슬라이더,290,2046.6581582370136,2976.9596461260526
2025,9,daily_w56_h7,직구,644,4592.99393110333,6781.431094932457
2025,9,daily_w56_h7,체인지업,133,835.7573770741448,1740.6750807998783
2025,9,daily_w56_h7,커브,159,950.2008027897095,1353.041467430284
2025,9,daily_w56_h7,커터,45,223.176280960826,441.6467097173576
2025,9,daily_w56_h7,투심,85,637.0144551750394,1380.6901731222333
2025,9,daily_w56_h7,포크,114,964.1934423875047,1190.8555982237779
2025,9,daily_w56_h14,스위퍼,18,130.05733286032708,194.8311080357604
2025,9,daily_w56_h14,슬라이더,290,2027.5047324168252,3018.6993147740186
2025,9,daily_w56_h14,직구,644,4628.212371824651,7018.270177215863
2025,9,daily_w56_h14,체인지업,133,840.4332670769471,1740.9225216335342
2025,9,daily_w56_h14,커브,159,955.0834054831449,1390.3874492824475
2025,9,daily_w56_h14,커터,45,233.62090328948858,429.9774051186165
2025,9,daily_w56_h14,투심,85,647.953418424501,1413.836611041375
2025,9,daily_w56_h14,포크,114,989.1907305737307,1226.7299101803276
2025,9,daily_w56_h28,스위퍼,18,127.93885708290799,194.73932556502012
2025,9,daily_w56_h28,슬라이더,290,2032.4228064715112,3050.252837661843
2025,9,daily_w56_h28,직구,644,4696.341638152824,7226.07767376117
2025,9,daily_w56_h28,체인지업,133,846.6914996488103,1741.9512067560768
2025,9,daily_w56_h28,커브,159,961.7159913319874,1406.6806536584527
2025,9,daily_w56_h28,커터,45,242.6914141930844,427.02927512649813
2025,9,daily_w56_h28,투심,85,663.2279029119726,1432.280599525804
2025,9,daily_w56_h28,포크,114,1011.4407220912565,1245.0541546365585
2025,9,daily_w84_h7,스위퍼,18,136.06855799350444,197.0902737660561
2025,9,daily_w84_h7,슬라이더,290,2045.4761021796605,2977.5589155963994
2025,9,daily_w84_h7,직구,644,4589.573546105918,6780.2338219554085
2025,9,daily_w84_h7,체인지업,133,835.3568600328263,1741.1563539634333
2025,9,daily_w84_h7,커브,159,950.5979594349863,1353.3897953908058
2025,9,daily_w84_h7,커터,45,223.40503478971917,441.5187377101052
2025,9,daily_w84_h7,투심,85,636.9844691816543,1380.0812840389112
2025,9,daily_w84_h7,포크,114,963.5696357732883,1189.6407971309136
2025,9,daily_w84_h14,스위퍼,18,129.79843471902436,194.27267697923781
2025,9,daily_w84_h14,슬라이더,290,2023.2929452596009,3025.5787484047123
2025,9,daily_w84_h14,직구,644,4613.95748782927,7023.795681559176
2025,9,daily_w84_h14,체인지업,133,838.3619440437433,1750.9469723114933
2025,9,daily_w84_h14,커브,159,959.2867228689468,1395.5373148685967
2025,9,daily_w84_h14,커터,45,236.38600415838903,429.21796644923256
2025,9,daily_w84_h14,투심,85,650.2271888996686,1412.2629068897145
2025,9,daily_w84_h14,포크,114,984.427728379077,1217.9712548987811
2025,9,daily_w84_h28,스위퍼,18,128.43896799617556,195.24731128103758
2025,9,daily_w84_h28,슬라이더,290,2029.267517627628,3067.9096304367076
2025,9,daily_w84_h28,직구,644,4672.375888129229,7237.802500712558
2025,9,daily_w84_h28,체인지업,133,843.0556452580649,1773.197189123724
2025,9,daily_w84_h28,커브,159,974.7200166206504,1420.659031626732
2025,9,daily_w84_h28,커터,45,250.00161161711537,425.3882587618429
2025,9,daily_w84_h28,투심,85,670.724034951965,1429.1560551160198
2025,9,daily_w84_h28,포크,114,999.4311782015932,1225.0910343403857
2025,9,fortnightly_w84_h7,스위퍼,18,133.60701685650065,210.06497225927853
2025,9,fortnightly_w84_h7,슬라이더,290,2131.8798478566837,3175.102049479867
2025,9,fortnightly_w84_h7,직구,644,4592.728143943769,7322.745716015106
2025,9,fortnightly_w84_h7,체인지업,133,895.1724061893497,1829.0795249800822
2025,9,fortnightly_w84_h7,커브,159,1008.386590825532,1593.4501660486465
2025,9,fortnightly_w84_h7,커터,45,231.58911401973228,450.9444836751547
2025,9,fortnightly_w84_h7,투심,85,627.1461827807918,1516.6531353104633
2025,9,fortnightly_w84_h7,포크,114,1003.0647713918825,1394.3003670377668
2025,9,fortnightly_w84_h14,스위퍼,18,130.9276623522643,204.24666244579578
2025,9,fortnightly_w84_h14,슬라이더,290,2088.504118024219,3146.73087600047
2025,9,fortnightly_w84_h14,직구,644,4650.300538352007,7387.34843729435
2025,9,fortnightly_w84_h14,체인지업,133,877.3875552807372,1794.8941795913072
2025,9,fortnightly_w84_h14,커브,159,990.8940881002636,1530.133898943584
2025,9,fortnightly_w84_h14,커터,45,248.93396659608533,436.93791790009817
2025,9,fortnightly_w84_h14,투심,85,647.6899459577002,1493.6524609836747
2025,9,fortnightly_w84_h14,포크,114,1008.6533890296723,1341.4832836781122
2025,9,fortnightly_w84_h28,스위퍼,18,132.34803376246379,204.69430006459118
2025,9,fortnightly_w84_h28,슬라이더,290,2083.6454056582816,3140.6831160242314
2025,9,fortnightly_w84_h28,직구,644,4703.7779328464185,7453.175906915632
2025,9,fortnightly_w84_h28,체인지업,133,867.5506582417823,1800.7835333526132
2025,9,fortnightly_w84_h28,커브,159,998.5493104446836,1497.1938435190987
2025,9,fortnightly_w84_h28,커터,45,260.45880102215796,429.74075639640347
2025,9,fortnightly_w84_h28,투심,85,670.6632056174026,1479.7790996179986
2025,9,fortnightly_w84_h28,포크,114,1013.2727664635371,1296.1518823737426
