season,month,model,metric,n,sse,short_n,short_sse,fallback_n
2020,7,uncorrected,x_cm,1735,64384.10174070603,1276,38429.63629517608,0
2020,7,uncorrected,z_cm,1735,22799.244081070017,1276,13739.442660956578,0
2020,7,last_month,x_cm,1735,14110.528748259518,1276,7601.252532251438,0
2020,7,last_month,z_cm,1735,9242.976461028204,1276,5072.149524841341,0
2020,7,season_to_date,x_cm,1735,16069.051428059382,1276,9086.29114693921,0
2020,7,season_to_date,z_cm,1735,9264.933959690667,1276,5076.311327248975,0
2020,7,ewma_w2_h0.25,x_cm,1735,14156.0289523857,1276,7651.174618829895,0
2020,7,ewma_w2_h0.25,z_cm,1735,9238.623808614846,1276,5068.062827268174,0
2020,7,ewma_w2_h0.5,x_cm,1735,14570.079744185197,1276,7984.8201655714365,0
2020,7,ewma_w2_h0.5,z_cm,1735,9236.341489950068,1276,5063.803673072474,0
2020,7,ewma_w2_h1,x_cm,1735,15356.304031491502,1276,8577.120176877841,0
2020,7,ewma_w2_h1,z_cm,1735,9244.76899082055,1276,5066.974182972706,0
2020,7,ewma_w2_h2,x_cm,1735,16020.290206081483,1276,9067.621552564236,0
2020,7,ewma_w2_h2,z_cm,1735,9254.890721243934,1276,5072.302328509644,0
2020,7,ewma_w2_h3,x_cm,1735,16285.78284782671,1276,9262.504085379493,0
2020,7,ewma_w2_h3,z_cm,1735,9259.322375461768,1276,5074.771988835159,0
2020,7,ewma_w3_h0.25,x_cm,1735,14156.0289523857,1276,7651.174618829895,0
2020,7,ewma_w3_h0.25,z_cm,1735,9238.623808614846,1276,5068.062827268174,0
2020,7,ewma_w3_h0.5,x_cm,1735,14570.079744185197,1276,7984.8201655714365,0
2020,7,ewma_w3_h0.5,z_cm,1735,9236.341489950068,1276,5063.803673072474,0
2020,7,ewma_w3_h1,x_cm,1735,15356.304031491502,1276,8577.120176877841,0
2020,7,ewma_w3_h1,z_cm,1735,9244.76899082055,1276,5066.974182972706,0
2020,7,ewma_w3_h2,x_cm,1735,16020.290206081483,1276,9067.621552564236,0
2020,7,ewma_w3_h2,z_cm,1735,9254.890721243934,1276,5072.302328509644,0
2020,7,ewma_w3_h3,x_cm,1735,16285.78284782671,1276,9262.504085379493,0
2020,7,ewma_w3_h3,z_cm,1735,9259.322375461768,1276,5074.771988835159,0
2020,7,ewma_w6_h0.25,x_cm,1735,14156.0289523857,1276,7651.174618829895,0
2020,7,ewma_w6_h0.25,z_cm,1735,9238.623808614846,1276,5068.062827268174,0
2020,7,ewma_w6_h0.5,x_cm,1735,14570.079744185197,1276,7984.8201655714365,0
2020,7,ewma_w6_h0.5,z_cm,1735,9236.341489950068,1276,5063.803673072474,0
2020,7,ewma_w6_h1,x_cm,1735,15356.304031491502,1276,8577.120176877841,0
2020,7,ewma_w6_h1,z_cm,1735,9244.76899082055,1276,5066.974182972706,0
2020,7,ewma_w6_h2,x_cm,1735,16020.290206081483,1276,9067.621552564236,0
2020,7,ewma_w6_h2,z_cm,1735,9254.890721243934,1276,5072.302328509644,0
2020,7,ewma_w6_h3,x_cm,1735,16285.78284782671,1276,9262.504085379493,0
2020,7,ewma_w6_h3,z_cm,1735,9259.322375461768,1276,5074.771988835159,0
2020,7,precision_h0.5_q0.25,x_cm,1735,14026.555416868974,1276,7531.374801614993,0
2020,7,precision_h0.5_q0.25,z_cm,1735,9233.22356049364,1276,5064.501565258039,0
2020,7,precision_h0.5_q1,x_cm,1735,14069.793108281578,1276,7571.61408339286,0
2020,7,precision_h0.5_q1,z_cm,1735,9235.529414737906,1276,5065.09097188889,0
2020,7,precision_h0.5_q2,x_cm,1735,14135.263335580208,1276,7631.650310718615,0
2020,7,precision_h0.5_q2,z_cm,1735,9236.175040016964,1276,5065.430700227038,0
2020,7,precision_h1_q0.25,x_cm,1735,13995.04389180019,1276,7501.71554329896,0
2020,7,precision_h1_q0.25,z_cm,1735,9236.992098251612,1276,5065.670037737313,0
2020,7,precision_h1_q1,x_cm,1735,14090.8758713044,1276,7587.789486919273,0
2020,7,precision_h1_q1,z_cm,1735,9235.570848506097,1276,5063.463669950554,0
2020,7,precision_h1_q2,x_cm,1735,14256.10677992311,1276,7729.397693738498,0
2020,7,precision_h1_q2,z_cm,1735,9236.096745492896,1276,5063.685851702341,0
2020,7,precision_h2_q0.25,x_cm,1735,13992.80974925854,1276,7495.765593211814,0
2020,7,precision_h2_q0.25,z_cm,1735,9243.488538636399,1276,5068.932793386083,0
2020,7,precision_h2_q1,x_cm,1735,14138.896362817628,1276,7623.862732321187,0
2020,7,precision_h2_q1,z_cm,1735,9238.56039409916,1276,5064.332454544629,0
2020,7,precision_h2_q2,x_cm,1735,14401.017103477736,1276,7841.452233142065,0
2020,7,precision_h2_q2,z_cm,1735,9238.782814129296,1276,5064.340602975495,0
2020,7,ema_a0.5,x_cm,1735,16878.923466899723,1276,9696.15697874056,0
2020,7,ema_a0.5,z_cm,1735,9269.760533696544,1276,5080.763532812409,0
2020,7,ema_a0.75,x_cm,1735,14819.927262235447,1276,8175.377520833862,0
2020,7,ema_a0.75,z_cm,1735,9238.29703887751,1276,5064.173763246361,0
2020,7,ema_a0.9,x_cm,1735,14232.336430967287,1276,7717.303991365496,0
2020,7,ema_a0.9,z_cm,1735,9236.767542131558,1276,5066.011356464025,0
2020,7,kalman_q0.25,x_cm,1735,14016.103792561365,1276,7459.371038546527,0
2020,7,kalman_q0.25,z_cm,1735,9280.08618192247,1276,5091.20553868506,0
2020,7,kalman_q0.5,x_cm,1735,13993.896603247334,1276,7471.095948133295,0
2020,7,kalman_q0.5,z_cm,1735,9267.597072128978,1276,5085.107450918127,0
2020,7,kalman_q1,x_cm,1735,14044.386665689919,1276,7539.429115191153,0
2020,7,kalman_q1,z_cm,1735,9258.901772261343,1276,5080.32690657055,0
2020,7,kalman_q2,x_cm,1735,14104.200672970801,1276,7597.521711442476,0
2020,7,kalman_q2,z_cm,1735,9250.181498031181,1276,5075.569905321555,0
2020,7,kalman_q4,x_cm,1735,14115.585738064263,1276,7606.9835884169515,0
2020,7,kalman_q4,z_cm,1735,9245.421522419352,1276,5073.22834223781,0
2020,7,adaptive_q0.5,x_cm,1735,13993.896603247334,1276,7471.095948133295,0
2020,7,adaptive_q0.5,z_cm,1735,9267.597072128978,1276,5085.107450918127,0
2020,7,adaptive_q1,x_cm,1735,14044.386665689919,1276,7539.429115191153,0
2020,7,adaptive_q1,z_cm,1735,9258.901772261343,1276,5080.32690657055,0
2020,7,adaptive_q2,x_cm,1735,14104.200672970801,1276,7597.521711442476,0
2020,7,adaptive_q2,z_cm,1735,9250.181498031181,1276,5075.569905321555,0
2020,7,trend_d0.25,x_cm,1735,14433.659137302047,1276,7810.843789617165,0
2020,7,trend_d0.25,z_cm,1735,9283.798800148634,1276,5104.690817597351,0
2020,7,trend_d0.5,x_cm,1735,15213.655813983903,1276,8342.343294516419,0
2020,7,trend_d0.5,z_cm,1735,9360.7640562388,1276,5161.797641514391,0
2020,7,monthly_w28_hflat,x_cm,1735,14126.320318614478,1276,7603.342685120494,0
2020,7,monthly_w28_hflat,z_cm,1735,9248.647040915086,1276,5078.186286260893,0
2020,7,monthly_w28_h14,x_cm,1735,14063.016366205118,1276,7554.699709161137,0
2020,7,monthly_w28_h14,z_cm,1735,9251.555265071662,1276,5071.330264280436,0
2020,7,monthly_w28_h28,x_cm,1735,14089.734114793497,1276,7575.838201070468,0
2020,7,monthly_w28_h28,z_cm,1735,9250.231187002677,1276,5074.975427328261,0
2020,7,monthly_w28_h28_huber,x_cm,1735,14161.696309144289,1276,7621.28832175989,0
2020,7,monthly_w28_h28_huber,z_cm,1735,9249.652832431519,1276,5078.351263554322,0
2020,7,monthly_w56_hflat,x_cm,1735,16008.265784882424,1276,9037.487096982606,0
2020,7,monthly_w56_hflat,z_cm,1735,9247.869901397113,1276,5064.888273878694,0
2020,7,monthly_w56_h14,x_cm,1735,14222.578249245682,1276,7696.667830401362,0
2020,7,monthly_w56_h14,z_cm,1735,9234.189212825138,1276,5053.168170043083,0
2020,7,monthly_w56_h28,x_cm,1735,14722.907364869257,1276,8080.345755949173,0
2020,7,monthly_w56_h28,z_cm,1735,9235.44811569716,1276,5055.499323576249,0
2020,7,monthly_w56_h28_huber,x_cm,1735,14181.747866164147,1276,7648.175883794574,0
2020,7,monthly_w56_h28_huber,z_cm,1735,9222.969055490925,1276,5047.720498304536,0
2020,7,monthly_w84_hflat,x_cm,1735,16069.051428059385,1276,9086.291146939211,0
2020,7,monthly_w84_hflat,z_cm,1735,9264.933959690667,1276,5076.3113272489745,0
2020,7,monthly_w84_h14,x_cm,1735,14221.440607549725,1276,7696.762827986118,0
2020,7,monthly_w84_h14,z_cm,1735,9237.80048121049,1276,5055.768137155414,0
2020,7,monthly_w84_h28,x_cm,1735,14732.298315509088,1276,8089.620286245658,0
2020,7,monthly_w84_h28,z_cm,1735,9243.735160405895,1276,5061.2338024872715,0
2020,7,monthly_w84_h28_huber,x_cm,1735,14194.812021938502,1276,7660.838930726912,0
2020,7,monthly_w84_h28_huber,z_cm,1735,9229.821665363812,1276,5052.055726104434,0
2020,7,weekly_w28_hflat,x_cm,1735,13831.331297599267,1276,7402.783851892977,0
2020,7,weekly_w28_hflat,z_cm,1735,9204.249759535198,1276,5019.946033820113,0
2020,7,weekly_w28_h14,x_cm,1735,13821.988845864093,1276,7376.321557536522,0
2020,7,weekly_w28_h14,z_cm,1735,9201.095707413264,1276,5005.623346942143,0
2020,7,weekly_w28_h28,x_cm,1735,13821.45143313718,1276,7386.107404445969,0
2020,7,weekly_w28_h28,z_cm,1735,9200.842726322495,1276,5011.787905410782,0
2020,7,weekly_w28_h28_huber,x_cm,1735,13842.059663300723,1276,7396.32418084916,0
2020,7,weekly_w28_h28_huber,z_cm,1735,9193.841677632336,1276,5008.207289291879,0
2020,7,weekly_w56_hflat,x_cm,1735,14669.063672679578,1276,8059.5830781396535,0
2020,7,weekly_w56_hflat,z_cm,1735,9211.730051164153,1276,5044.0262736734185,0
2020,7,weekly_w56_h14,x_cm,1735,13889.1167454004,1276,7463.710085368677,0
2020,7,weekly_w56_h14,z_cm,1735,9185.545090875798,1276,5009.913418819478,0
2020,7,weekly_w56_h28,x_cm,1735,14100.246734081396,1276,7641.059048505462,0
2020,7,weekly_w56_h28,z_cm,1735,9191.319171602856,1276,5023.017304943272,0
2020,7,weekly_w56_h28_huber,x_cm,1735,13887.665171981502,1276,7458.928079265535,0
2020,7,weekly_w56_h28_huber,z_cm,1735,9179.434780885376,1276,5013.373746445568,0
2020,7,weekly_w84_hflat,x_cm,1735,15508.448096207136,1276,8713.976578977068,0
2020,7,weekly_w84_hflat,z_cm,1735,9230.257522665095,1276,5052.257164882869,0
2020,7,weekly_w84_h14,x_cm,1735,13937.435366261341,1276,7500.575929391262,0
2020,7,weekly_w84_h14,z_cm,1735,9187.597948956312,1276,5010.260477368568,0
2020,7,weekly_w84_h28,x_cm,1735,14320.895482453423,1276,7813.8608345866305,0
2020,7,weekly_w84_h28,z_cm,1735,9198.220341205677,1276,5025.338392435735,0
2020,7,weekly_w84_h28_huber,x_cm,1735,13945.156955223534,1276,7500.707366093437,0
2020,7,weekly_w84_h28_huber,z_cm,1735,9189.845283361696,1276,5016.923819155908,0
2020,7,weekly_w56_h7,x_cm,1735,13846.243848492235,1276,7384.42121096401,0
2020,7,weekly_w56_h7,z_cm,1735,9198.52250333126,1276,4998.535146224446,0
2020,7,weekly_w56_h10,x_cm,1735,13843.143921050472,1276,7409.27000241268,0
2020,7,weekly_w56_h10,z_cm,1735,9187.926534819577,1276,5003.4743012296985,0
2020,7,weekly_w56_h21,x_cm,1735,14001.19450835821,1276,7562.133869057805,0
2020,7,weekly_w56_h21,z_cm,1735,9188.02619730672,1276,5017.892646684623,0
2020,7,weekly_w84_h7,x_cm,1735,13849.090616898597,1276,7385.977908781917,0
2020,7,weekly_w84_h7,z_cm,1735,9198.66445295724,1276,4998.506852490632,0
2020,7,weekly_w84_h10,x_cm,1735,13857.575708253673,1276,7419.498669225184,0
2020,7,weekly_w84_h10,z_cm,1735,9188.67683536009,1276,5003.501696177022,0
2020,7,weekly_w84_h21,x_cm,1735,14135.538480001396,1276,7666.97307200361,0
2020,7,weekly_w84_h21,z_cm,1735,9192.698223386675,1276,5019.224696635952,0
2020,7,weekly_w112_h7,x_cm,1735,13849.089817039989,1276,7385.984081515897,0
2020,7,weekly_w112_h7,z_cm,1735,9198.663838853521,1276,4998.504938471473,0
2020,7,weekly_w112_h10,x_cm,1735,13857.601923277101,1276,7419.563156456398,0
2020,7,weekly_w112_h10,z_cm,1735,9188.67947268888,1276,5003.489816614703,0
2020,7,weekly_w112_h21,x_cm,1735,14137.062367214885,1276,7668.319865001447,0
2020,7,weekly_w112_h21,z_cm,1735,9192.815835379402,1276,5019.130586791094,0
2020,7,weekly_w112_h14,x_cm,1735,13937.717552838292,1276,7500.913276056066,0
2020,7,weekly_w112_h14,z_cm,1735,9187.627506867288,1276,5010.223442713802,0
2020,7,weekly_w84_h3.5,x_cm,1735,13987.90291682069,1276,7426.406067313643,0
2020,7,weekly_w84_h3.5,z_cm,1735,9270.608200965902,1276,5012.3349120543135,0
2020,7,weekly_w28_h7,x_cm,1735,13850.714923368176,1276,7374.791205232954,0
2020,7,weekly_w28_h7,z_cm,1735,9212.088061898292,1276,4999.557237664733,0
2020,7,weekly_w84_h14_huber,x_cm,1735,13835.422766646134,1276,7398.8444385972925,0
2020,7,weekly_w84_h14_huber,z_cm,1735,9181.028697848764,1276,5005.917684292932,0
2020,7,daily_w84_h3.5,x_cm,1735,13781.75060170182,1276,7352.277649238555,0
2020,7,daily_w84_h3.5,z_cm,1735,9445.118625413295,1276,5141.048905655985,0
2020,7,daily_w56_h7,x_cm,1735,13707.72239137868,1276,7292.420874632948,0
2020,7,daily_w56_h7,z_cm,1735,9266.806563429045,1276,5044.497190319957,0
2020,7,daily_w56_h14,x_cm,1735,13769.986251514798,1276,7368.363610027153,0
2020,7,daily_w56_h14,z_cm,1735,9213.649767707724,1276,5027.478445292669,0
2020,7,daily_w56_h28,x_cm,1735,13935.58830114912,1276,7519.728388990391,0
2020,7,daily_w56_h28,z_cm,1735,9204.562870998856,1276,5033.045084517858,0
2020,7,daily_w84_h7,x_cm,1735,13708.071121382569,1276,7294.116706099932,0
2020,7,daily_w84_h7,z_cm,1735,9265.93167813685,1276,5043.573286550927,0
2020,7,daily_w84_h14,x_cm,1735,13809.645413594382,1276,7408.117978203603,0
2020,7,daily_w84_h14,z_cm,1735,9213.008073370216,1276,5024.666666159253,0
2020,7,daily_w84_h28,x_cm,1735,14167.96863577612,1276,7708.4496214967985,0
2020,7,daily_w84_h28,z_cm,1735,9208.820383028637,1276,5030.756950921069,0
2020,7,fortnightly_w84_h7,x_cm,1735,14015.152415349174,1276,7480.297286003697,0
2020,7,fortnightly_w84_h7,z_cm,1735,9205.477939038272,1276,5006.170220209409,0
2020,7,fortnightly_w84_h14,x_cm,1735,14061.773887423817,1276,7576.752287706999,0
2020,7,fortnightly_w84_h14,z_cm,1735,9198.338388778799,1276,5018.2781629504625,0
2020,7,fortnightly_w84_h28,x_cm,1735,14455.371461914896,1276,7907.593764853289,0
2020,7,fortnightly_w84_h28,z_cm,1735,9209.37142162756,1276,5033.3307865494535,0
2020,8,uncorrected,x_cm,1900,70379.1644678469,1459,50676.9305360937,0
2020,8,uncorrected,z_cm,1900,32966.61488732498,1459,22204.240581107715,0
2020,8,last_month,x_cm,1900,19336.150504465877,1459,12080.133934544134,0
2020,8,last_month,z_cm,1900,10783.368322462378,1459,6787.885528746143,0
2020,8,season_to_date,x_cm,1900,21779.910574210146,1459,13583.197906561172,0
2020,8,season_to_date,z_cm,1900,10800.073235662434,1459,6798.885929520568,0
2020,8,ewma_w2_h0.25,x_cm,1900,19414.056551319583,1459,12129.388319693971,0
2020,8,ewma_w2_h0.25,z_cm,1900,10773.119354007624,1459,6781.72891027099,0
2020,8,ewma_w2_h0.5,x_cm,1900,19618.99378222547,1459,12260.59158056178,0
2020,8,ewma_w2_h0.5,z_cm,1900,10751.790058186114,1459,6769.184213598108,0
2020,8,ewma_w2_h1,x_cm,1900,19835.83061682158,1459,12401.348207595714,0
2020,8,ewma_w2_h1,z_cm,1900,10735.882315704584,1459,6760.228724827873,0
2020,8,ewma_w2_h2,x_cm,1900,19978.38643336751,1459,12494.703976679708,0
2020,8,ewma_w2_h2,z_cm,1900,10728.23809066168,1459,6756.165403494668,0
2020,8,ewma_w2_h3,x_cm,1900,20030.194972978476,1459,12528.766342118139,0
2020,8,ewma_w2_h3,z_cm,1900,10725.92260922281,1459,6754.988603320879,0
2020,8,ewma_w3_h0.25,x_cm,1900,19421.828476333038,1459,12132.743460055364,0
2020,8,ewma_w3_h0.25,z_cm,1900,10773.463094987383,1459,6781.926109114176,0
2020,8,ewma_w3_h0.5,x_cm,1900,19738.13627150539,1459,12317.752868225512,0
2020,8,ewma_w3_h0.5,z_cm,1900,10758.871237370344,1459,6773.453947079646,0
2020,8,ewma_w3_h1,x_cm,1900,20302.454205712893,1459,12652.173524265978,0
2020,8,ewma_w3_h1,z_cm,1900,10765.667480019427,1459,6778.761768268521,0
2020,8,ewma_w3_h2,x_cm,1900,20865.82940773553,1459,12998.8137850301,0
2020,8,ewma_w3_h2,z_cm,1900,10784.473679784885,1459,6791.686380417519,0
2020,8,ewma_w3_h3,x_cm,1900,21114.92634900805,1459,13155.03152166448,0
2020,8,ewma_w3_h3,z_cm,1900,10794.173243353578,1459,6798.300117275883,0
2020,8,ewma_w6_h0.25,x_cm,1900,19421.828476333038,1459,12132.743460055364,0
2020,8,ewma_w6_h0.25,z_cm,1900,10773.463094987383,1459,6781.926109114176,0
2020,8,ewma_w6_h0.5,x_cm,1900,19738.13627150539,1459,12317.752868225512,0
2020,8,ewma_w6_h0.5,z_cm,1900,10758.871237370344,1459,6773.453947079646,0
2020,8,ewma_w6_h1,x_cm,1900,20302.454205712893,1459,12652.173524265978,0
2020,8,ewma_w6_h1,z_cm,1900,10765.667480019427,1459,6778.761768268521,0
2020,8,ewma_w6_h2,x_cm,1900,20865.82940773553,1459,12998.8137850301,0
2020,8,ewma_w6_h2,z_cm,1900,10784.473679784885,1459,6791.686380417519,0
2020,8,ewma_w6_h3,x_cm,1900,21114.92634900805,1459,13155.03152166448,0
2020,8,ewma_w6_h3,z_cm,1900,10794.173243353578,1459,6798.300117275883,0
2020,8,precision_h0.5_q0.25,x_cm,1900,19507.297756458946,1459,12182.890344362884,0
2020,8,precision_h0.5_q0.25,z_cm,1900,10763.58872123541,1459,6776.219115913882,0
2020,8,precision_h0.5_q1,x_cm,1900,19512.55665163733,1459,12187.127695364503,0
2020,8,precision_h0.5_q1,z_cm,1900,10765.945310186158,1459,6777.503495073834,0
2020,8,precision_h0.5_q2,x_cm,1900,19519.7758286513,1459,12190.680776398502,0
2020,8,precision_h0.5_q2,z_cm,1900,10766.538343767996,1459,6777.81914083708,0
2020,8,precision_h1_q0.25,x_cm,1900,19687.036338895134,1459,12288.379669311988,0
2020,8,precision_h1_q0.25,z_cm,1900,10774.039577921118,1459,6783.757908816109,0
2020,8,precision_h1_q1,x_cm,1900,19712.300969679152,1459,12304.589108833814,0
2020,8,precision_h1_q1,z_cm,1900,10762.090065923407,1459,6775.6622536790655,0
2020,8,precision_h1_q2,x_cm,1900,19744.480115294467,1459,12321.29885053424,0
2020,8,precision_h1_q2,z_cm,1900,10761.55216125241,1459,6775.170898246174,0
2020,8,precision_h2_q0.25,x_cm,1900,19836.372583208424,1459,12376.0314530525,0
2020,8,precision_h2_q0.25,z_cm,1900,10793.827669413104,1459,6797.168409052684,0
2020,8,precision_h2_q1,x_cm,1900,19891.282863893404,1459,12409.526690524832,0
2020,8,precision_h2_q1,z_cm,1900,10766.922208158694,1459,6779.266987770012,0
2020,8,precision_h2_q2,x_cm,1900,19960.372716703598,1459,12447.358521316612,0
2020,8,precision_h2_q2,z_cm,1900,10764.811136890676,1459,6777.694417680318,0
2020,8,ema_a0.5,x_cm,1900,20884.608170629395,1459,13004.976988121332,0
2020,8,ema_a0.5,z_cm,1900,10796.769233812334,1459,6799.025277483894,0
2020,8,ema_a0.75,x_cm,1900,19783.582333024402,1459,12341.441991368545,0
2020,8,ema_a0.75,z_cm,1900,10761.40080100474,1459,6775.017487488445,0
2020,8,ema_a0.9,x_cm,1900,19480.219356734673,1459,12167.212655427204,0
2020,8,ema_a0.9,z_cm,1900,10768.926273218827,1459,6779.218143832052,0
2020,8,kalman_q0.25,x_cm,1900,19814.759791532586,1459,12346.686847336161,0
2020,8,kalman_q0.25,z_cm,1900,10792.655701786429,1459,6801.717759129515,0
2020,8,kalman_q0.5,x_cm,1900,19564.810234972436,1459,12200.223655187501,0
2020,8,kalman_q0.5,z_cm,1900,10766.263297589321,1459,6782.648518159938,0
2020,8,kalman_q1,x_cm,1900,19411.70998521203,1459,12116.297405866448,0
2020,8,kalman_q1,z_cm,1900,10770.782899860555,1459,6782.904622261072,0
2020,8,kalman_q2,x_cm,1900,19355.871473509287,1459,12088.848940907732,0
2020,8,kalman_q2,z_cm,1900,10778.835518201984,1459,6786.128001925999,0
2020,8,kalman_q4,x_cm,1900,19341.091431260113,1459,12082.322403837534,0
2020,8,kalman_q4,z_cm,1900,10782.128306337354,1459,6787.423829748577,0
2020,8,adaptive_q0.5,x_cm,1900,19564.810234972436,1459,12200.223655187501,0
2020,8,adaptive_q0.5,z_cm,1900,10766.263297589321,1459,6782.648518159938,0
2020,8,adaptive_q1,x_cm,1900,19411.70998521203,1459,12116.297405866448,0
2020,8,adaptive_q1,z_cm,1900,10770.782899860555,1459,6782.904622261072,0
2020,8,adaptive_q2,x_cm,1900,19355.871473509287,1459,12088.848940907732,0
2020,8,adaptive_q2,z_cm,1900,10778.835518201984,1459,6786.128001925999,0
2020,8,trend_d0.25,x_cm,1900,19054.166613618487,1459,11906.32981154694,0
2020,8,trend_d0.25,z_cm,1900,10835.86300061753,1459,6820.152061043847,0
2020,8,trend_d0.5,x_cm,1900,18851.705174273422,1459,11790.04561579959,0
2020,8,trend_d0.5,z_cm,1900,10902.82639856137,1459,6862.296247077833,0
2020,8,monthly_w28_hflat,x_cm,1900,19360.14385330505,1459,12091.358102268758,0
2020,8,monthly_w28_hflat,z_cm,1900,10934.616073882491,1459,6903.671231043316,0
2020,8,monthly_w28_h14,x_cm,1900,19282.73040202757,1459,12083.55529384311,0
2020,8,monthly_w28_h14,z_cm,1900,10906.053583516765,1459,6873.399365326488,0
2020,8,monthly_w28_h28,x_cm,1900,19308.65137716138,1459,12076.928076921402,0
2020,8,monthly_w28_h28,z_cm,1900,10925.225227453066,1459,6891.5970058523135,0
2020,8,monthly_w28_h28_huber,x_cm,1900,19169.059928035167,1459,11991.84322818337,0
2020,8,monthly_w28_h28_huber,z_cm,1900,10958.543763819758,1459,6922.2703933327575,0
2020,8,monthly_w56_hflat,x_cm,1900,20101.75481039765,1459,12567.986024516948,0
2020,8,monthly_w56_hflat,z_cm,1900,10686.543294457035,1459,6731.309011723486,0
2020,8,monthly_w56_h14,x_cm,1900,19523.422434856755,1459,12227.127649438891,0
2020,8,monthly_w56_h14,z_cm,1900,10796.095460280998,1459,6796.310844417683,0
2020,8,monthly_w56_h28,x_cm,1900,19750.38391377322,1459,12352.954282678129,0
2020,8,monthly_w56_h28,z_cm,1900,10746.957709095703,1459,6766.720110226778,0
2020,8,monthly_w56_h28_huber,x_cm,1900,19649.85613868097,1459,12291.12550098371,0
2020,8,monthly_w56_h28_huber,z_cm,1900,10782.760552914282,1459,6800.628822858622,0
2020,8,monthly_w84_hflat,x_cm,1900,21712.890422443455,1459,13550.94986911598,0
2020,8,monthly_w84_hflat,z_cm,1900,10792.585784616342,1459,6782.719691000188,0
2020,8,monthly_w84_h14,x_cm,1900,19664.025818714286,1459,12301.084237180474,0
2020,8,monthly_w84_h14,z_cm,1900,10802.40111691925,1459,6796.01625613,0
2020,8,monthly_w84_h28,x_cm,1900,20272.77875424395,1459,12651.842605370446,0
2020,8,monthly_w84_h28,z_cm,1900,10777.45114477001,1459,6776.796649248618,0
2020,8,monthly_w84_h28_huber,x_cm,1900,19929.71217227346,1459,12445.089154095467,0
2020,8,monthly_w84_h28_huber,z_cm,1900,10812.808433280814,1459,6809.329679045674,0
2020,8,weekly_w28_hflat,x_cm,1900,18847.650983419822,1459,11792.034259064445,0
2020,8,weekly_w28_hflat,z_cm,1900,10859.551003177421,1459,6782.876851886176,0
2020,8,weekly_w28_h14,x_cm,1900,18757.359126885058,1459,11688.161580509171,0
2020,8,weekly_w28_h14,z_cm,1900,10857.069900615348,1459,6789.716827883217,0
2020,8,weekly_w28_h28,x_cm,1900,18797.024341063447,1459,11737.517704161908,0
2020,8,weekly_w28_h28,z_cm,1900,10855.90190454532,1459,6784.563193328639,0
2020,8,weekly_w28_h28_huber,x_cm,1900,18653.850979699506,1459,11658.333629051467,0
2020,8,weekly_w28_h28_huber,z_cm,1900,10854.161501146664,1459,6779.973755285332,0
2020,8,weekly_w56_hflat,x_cm,1900,18842.22510508587,1459,11864.796916802861,0
2020,8,weekly_w56_hflat,z_cm,1900,10764.41991633444,1459,6752.566364873093,0
2020,8,weekly_w56_h14,x_cm,1900,18403.99703102145,1459,11510.349677688173,0
2020,8,weekly_w56_h14,z_cm,1900,10789.733696606934,1459,6760.332747210272,0
2020,8,weekly_w56_h28,x_cm,1900,18550.5809161113,1459,11647.980382312082,0
2020,8,weekly_w56_h28,z_cm,1900,10773.14096950277,1459,6754.1717405782,0
2020,8,weekly_w56_h28_huber,x_cm,1900,18493.34421325828,1459,11615.247113591695,0
2020,8,weekly_w56_h28_huber,z_cm,1900,10798.75357063418,1459,6775.601375059403,0
2020,8,weekly_w84_hflat,x_cm,1900,20092.71876710053,1459,12519.543763951855,0
2020,8,weekly_w84_hflat,z_cm,1900,10726.122758149555,1459,6724.519832052052,0
2020,8,weekly_w84_h14,x_cm,1900,18511.782751768387,1459,11572.858941689841,0
2020,8,weekly_w84_h14,z_cm,1900,10773.0885768101,1459,6748.718783754133,0
2020,8,weekly_w84_h28,x_cm,1900,18979.646162071047,1459,11882.89800105911,0
2020,8,weekly_w84_h28,z_cm,1900,10741.980507708837,1459,6733.0028436676175,0
2020,8,weekly_w84_h28_huber,x_cm,1900,18811.945164900124,1459,11799.209049561865,0
2020,8,weekly_w84_h28_huber,z_cm,1900,10771.274497295784,1459,6757.155119641802,0
2020,8,weekly_w56_h7,x_cm,1900,18428.197435603623,1459,11442.009010361406,0
2020,8,weekly_w56_h7,z_cm,1900,10834.4669412181,1459,6787.133250283615,0
2020,8,weekly_w56_h10,x_cm,1900,18375.341651137598,1459,11455.414944962966,0
2020,8,weekly_w56_h10,z_cm,1900,10806.056981663613,1459,6768.854008882503,0
2020,8,weekly_w56_h21,x_cm,1900,18486.0598712262,1459,11593.027678362498,0
2020,8,weekly_w56_h21,z_cm,1900,10778.018408591606,1459,6755.66893406975,0
2020,8,weekly_w84_h7,x_cm,1900,18428.468921636,1459,11441.74221357723,0
2020,8,weekly_w84_h7,z_cm,1900,10831.641281830332,1459,6784.872225734191,0
2020,8,weekly_w84_h10,x_cm,1900,18402.83105738271,1459,11471.672085306822,0
2020,8,weekly_w84_h10,z_cm,1900,10797.53715669549,1459,6762.549675356395,0
2020,8,weekly_w84_h21,x_cm,1900,18766.182595963237,1459,11749.440420221481,0
2020,8,weekly_w84_h21,z_cm,1900,10751.80464712835,1459,6737.864320694376,0
2020,8,weekly_w112_h7,x_cm,1900,18428.63384403394,1459,11442.211437513066,0
2020,8,weekly_w112_h7,z_cm,1900,10831.614017614993,1459,6784.851685482421,0
2020,8,weekly_w112_h10,x_cm,1900,18408.32172109648,1459,11478.146530249302,0
2020,8,weekly_w112_h10,z_cm,1900,10797.565105464197,1459,6762.755099821692,0
2020,8,weekly_w112_h21,x_cm,1900,18889.449933888107,1459,11848.489725201172,0
2020,8,weekly_w112_h21,z_cm,1900,10757.265253178008,1459,6745.011451673219,0
2020,8,weekly_w112_h14,x_cm,1900,18544.657041781746,1459,11603.473700901035,0
2020,8,weekly_w112_h14,z_cm,1900,10774.035361597002,1459,6750.452940657729,0
2020,8,weekly_w84_h3.5,x_cm,1900,18867.11117700477,1459,11631.021578844986,0
2020,8,weekly_w84_h3.5,z_cm,1900,10976.456733791483,1459,6880.586678414772,0
2020,8,weekly_w28_h7,x_cm,1900,18729.77530645593,1459,11620.30362349543,0
2020,8,weekly_w28_h7,z_cm,1900,10878.271958449983,1459,6811.5006786002195,0
2020,8,weekly_w84_h14_huber,x_cm,1900,18441.413684704035,1459,11544.72064827197,0
2020,8,weekly_w84_h14_huber,z_cm,1900,10792.792509565057,1459,6760.775126446477,0
2020,8,daily_w84_h3.5,x_cm,1900,17477.55733878738,1459,10748.427158914514,0
2020,8,daily_w84_h3.5,z_cm,1900,10762.770313964154,1459,6739.93536338167,0
2020,8,daily_w56_h7,x_cm,1900,17559.050564188194,1459,10812.1004881786,0
2020,8,daily_w56_h7,z_cm,1900,10705.852151200404,1459,6709.129586102003,0
2020,8,daily_w56_h14,x_cm,1900,17763.180936773842,1459,11010.034328106522,0
2020,8,daily_w56_h14,z_cm,1900,10708.668108387046,1459,6716.319904202433,0
2020,8,daily_w56_h28,x_cm,1900,17997.95606197506,1459,11213.86398912677,0
2020,8,daily_w56_h28,z_cm,1900,10712.437737118731,1459,6721.630478277553,0
2020,8,daily_w84_h7,x_cm,1900,17560.144126223222,1459,10813.617083691763,0
2020,8,daily_w84_h7,z_cm,1900,10705.3717336304,1459,6708.321499059328,0
2020,8,daily_w84_h14,x_cm,1900,17863.07121612592,1459,11081.431666300432,0
2020,8,daily_w84_h14,z_cm,1900,10704.387914318797,1459,6712.308221259568,0
2020,8,daily_w84_h28,x_cm,1900,18389.944305374836,1459,11466.957897667313,0
2020,8,daily_w84_h28,z_cm,1900,10702.605982263774,1459,6714.074192038419,0
2020,8,fortnightly_w84_h7,x_cm,1900,18444.600277267018,1459,11486.34854713406,0
2020,8,fortnightly_w84_h7,z_cm,1900,10748.676336239707,1459,6772.351584106267,0
2020,8,fortnightly_w84_h14,x_cm,1900,18635.532304086282,1459,11686.908462559302,0
2020,8,fortnightly_w84_h14,z_cm,1900,10732.730288297966,1459,6761.050277502589,0
2020,8,fortnightly_w84_h28,x_cm,1900,19117.74257193204,1459,11994.038400875055,0
2020,8,fortnightly_w84_h28,z_cm,1900,10729.143602739206,1459,6754.588673480617,0
2020,9,uncorrected,x_cm,2065,86296.29055951256,1624,63641.13308081226,0
2020,9,uncorrected,z_cm,2065,31946.406580997227,1624,21610.887770307123,0
2020,9,last_month,x_cm,2065,20041.52426980135,1624,12941.465720152386,0
2020,9,last_month,z_cm,2065,13548.130681119868,1624,8177.523618341655,0
2020,9,season_to_date,x_cm,2065,23139.78636141685,1624,15117.022975963015,0
2020,9,season_to_date,z_cm,2065,13128.676662836871,1624,7882.932642048392,0
2020,9,ewma_w2_h0.25,x_cm,2065,19967.642064966756,1624,12891.473621763333,0
2020,9,ewma_w2_h0.25,z_cm,2065,13485.915735075389,1624,8131.992795424367,0
2020,9,ewma_w2_h0.5,x_cm,2065,19923.779786807852,1624,12871.558861595211,0
2020,9,ewma_w2_h0.5,z_cm,2065,13348.020937249446,1624,8030.491363228617,0
2020,9,ewma_w2_h1,x_cm,2065,20055.351541529795,1624,12982.466019910362,0
2020,9,ewma_w2_h1,z_cm,2065,13232.592055740804,1624,7944.704417940073,0
2020,9,ewma_w2_h2,x_cm,2065,20217.053390490742,1624,13111.144809393707,0
2020,9,ewma_w2_h2,z_cm,2065,13169.580856431226,1624,7897.435269975523,0
2020,9,ewma_w2_h3,x_cm,2065,20288.183338578972,1624,13167.077788983865,0
2020,9,ewma_w2_h3,z_cm,2065,13148.797679128686,1624,7881.757399939159,0
2020,9,ewma_w3_h0.25,x_cm,2065,19965.631893321755,1624,12889.914163278128,0
2020,9,ewma_w3_h0.25,z_cm,2065,13483.398226770529,1624,8130.225563190516,0
2020,9,ewma_w3_h0.5,x_cm,2065,19973.044320679648,1624,12906.38958517084,0
2020,9,ewma_w3_h0.5,z_cm,2065,13326.03981657204,1624,8015.1365296314,0
2020,9,ewma_w3_h1,x_cm,2065,20382.003081735656,1624,13216.403134402852,0
2020,9,ewma_w3_h1,z_cm,2065,13193.728592039739,1624,7917.95737182236,0
2020,9,ewma_w3_h2,x_cm,2065,20868.733909564777,1624,13577.57426812738,0
2020,9,ewma_w3_h2,z_cm,2065,13130.960746532688,1624,7871.568168603417,0
2020,9,ewma_w3_h3,x_cm,2065,21080.025563436968,1624,13733.388919591027,0
2020,9,ewma_w3_h3,z_cm,2065,13113.043211159064,1624,7858.2678996091745,0
2020,9,ewma_w6_h0.25,x_cm,2065,19964.873489230573,1624,12889.28516191254,0
2020,9,ewma_w6_h0.25,z_cm,2065,13483.199166677681,1624,8130.099542279791,0
2020,9,ewma_w6_h0.5,x_cm,2065,19964.466103130413,1624,12895.979003309436,0
2020,9,ewma_w6_h0.5,z_cm,2065,13319.282233885297,1624,8011.074446411489,0
2020,9,ewma_w6_h1,x_cm,2065,20526.338236855365,1624,13295.722539225018,0
2020,9,ewma_w6_h1,z_cm,2065,13174.368768787139,1624,7908.175086695176,0
2020,9,ewma_w6_h2,x_cm,2065,21437.294040674053,1624,13934.957838237337,0
2020,9,ewma_w6_h2,z_cm,2065,13113.12739670169,1624,7867.00886694011,0
2020,9,ewma_w6_h3,x_cm,2065,21904.352322128372,1624,14262.16802488458,0
2020,9,ewma_w6_h3,z_cm,2065,13099.921851214702,1624,7858.983184801842,0
2020,9,precision_h0.5_q0.25,x_cm,2065,19957.75803646408,1624,12897.670664991583,0
2020,9,precision_h0.5_q0.25,z_cm,2065,13370.704923709674,1624,8048.732501507218,0
2020,9,precision_h0.5_q1,x_cm,2065,19924.89893165134,1624,12864.257598026652,0
2020,9,precision_h0.5_q1,z_cm,2065,13412.041457665677,1624,8078.506767477932,0
2020,9,precision_h0.5_q2,x_cm,2065,19924.329351418528,1624,12862.849425009143,0
2020,9,precision_h0.5_q2,z_cm,2065,13417.474392129268,1624,8082.4202585979265,0
2020,9,precision_h1_q0.25,x_cm,2065,20294.07829682339,1624,13150.792080587604,0
2020,9,precision_h1_q0.25,z_cm,2065,13226.669087311468,1624,7946.11508567136,0
2020,9,precision_h1_q1,x_cm,2065,20036.18257038055,1624,12949.309712637078,0
2020,9,precision_h1_q1,z_cm,2065,13294.47582864661,1624,7994.183927158029,0
2020,9,precision_h1_q2,x_cm,2065,20002.131647051094,1624,12921.505234020673,0
2020,9,precision_h1_q2,z_cm,2065,13303.450813262341,1624,8000.582573409223,0
2020,9,precision_h2_q0.25,x_cm,2065,20735.755978208446,1624,13474.300296814334,0
2020,9,precision_h2_q0.25,z_cm,2065,13143.111500494724,1624,7888.0185771240795,0
2020,9,precision_h2_q1,x_cm,2065,20307.329023539976,1624,13146.147341283511,0
2020,9,precision_h2_q1,z_cm,2065,13217.05565984441,1624,7939.748028933722,0
2020,9,precision_h2_q2,x_cm,2065,20246.983393462142,1624,13095.988736415482,0
2020,9,precision_h2_q2,z_cm,2065,13227.159261359355,1624,7946.884202607821,0
2020,9,ema_a0.5,x_cm,2065,20789.244502970134,1624,13464.397231395453,0
2020,9,ema_a0.5,z_cm,2065,13161.841133877595,1624,7902.745832907263,0
2020,9,ema_a0.75,x_cm,2065,19962.920271936826,1624,12893.484130460962,0
2020,9,ema_a0.75,z_cm,2065,13317.108630636209,1624,8009.772217145013,0
2020,9,ema_a0.9,x_cm,2065,19936.81338330432,1624,12870.84242343901,0
2020,9,ema_a0.9,z_cm,2065,13446.643484945424,1624,8103.448452662003,0
2020,9,kalman_q0.25,x_cm,2065,21435.37303188791,1624,13922.052964638173,0
2020,9,kalman_q0.25,z_cm,2065,13406.537388238665,1624,8079.725740917121,0
2020,9,kalman_q0.5,x_cm,2065,20389.02483267824,1624,13152.54030213362,0
2020,9,kalman_q0.5,z_cm,2065,13545.936195840028,1624,8174.191803828944,0
2020,9,kalman_q1,x_cm,2065,19956.542488245865,1624,12853.18531511215,0
2020,9,kalman_q1,z_cm,2065,13571.242438966745,1624,8193.346215675141,0
2020,9,kalman_q2,x_cm,2065,19975.81920182465,1624,12884.229061304257,0
2020,9,kalman_q2,z_cm,2065,13557.912104448485,1624,8184.406871731768,0
2020,9,kalman_q4,x_cm,2065,20020.45916158716,1624,12923.523593403612,0
2020,9,kalman_q4,z_cm,2065,13550.933973323288,1624,8179.5089730641575,0
2020,9,adaptive_q0.5,x_cm,2065,19977.983687971446,1624,12864.10114014339,0
2020,9,adaptive_q0.5,z_cm,2065,13571.52128207912,1624,8194.41181909935,0
2020,9,adaptive_q1,x_cm,2065,19956.542488245865,1624,12853.18531511215,0
2020,9,adaptive_q1,z_cm,2065,13571.242438966745,1624,8193.346215675141,0
2020,9,adaptive_q2,x_cm,2065,19975.81920182465,1624,12884.229061304257,0
2020,9,adaptive_q2,z_cm,2065,13557.912104448485,1624,8184.406871731768,0
2020,9,trend_d0.25,x_cm,2065,20536.971857231554,1624,13297.003291957919,0
2020,9,trend_d0.25,z_cm,2065,13843.773697420484,1624,8392.28266247457,0
2020,9,trend_d0.5,x_cm,2065,21401.423059623623,1624,13928.754519979926,0
2020,9,trend_d0.5,z_cm,2065,14189.978754235086,1624,8641.451401320403,0
2020,9,monthly_w28_hflat,x_cm,2065,20006.36178425468,1624,12913.70426815244,0
2020,9,monthly_w28_hflat,z_cm,2065,13689.283233245216,1624,8280.440427316644,0
2020,9,monthly_w28_h14,x_cm,2065,19949.14271721437,1624,12895.628406418648,0
2020,9,monthly_w28_h14,z_cm,2065,13695.374891878935,1624,8262.559125562708,0
2020,9,monthly_w28_h28,x_cm,2065,19969.344970572543,1624,12898.352592006253,0
2020,9,monthly_w28_h28,z_cm,2065,13690.221133296483,1624,8269.35637673088,0
2020,9,monthly_w28_h28_huber,x_cm,2065,20020.055737948533,1624,12942.922741552491,0
2020,9,monthly_w28_h28_huber,z_cm,2065,13737.355082589944,1624,8296.687177322037,0
2020,9,monthly_w56_hflat,x_cm,2065,20215.80813337206,1624,13083.507814461074,0
2020,9,monthly_w56_hflat,z_cm,2065,13157.427440138636,1624,7885.393039461684,0
2020,9,monthly_w56_h14,x_cm,2065,19858.813052853293,1624,12822.993151825704,0
2020,9,monthly_w56_h14,z_cm,2065,13426.152694086642,1624,8061.458043742247,0
2020,9,monthly_w56_h28,x_cm,2065,19927.88941113536,1624,12865.297473040871,0
2020,9,monthly_w56_h28,z_cm,2065,13296.90742161251,1624,7975.947265550448,0
2020,9,monthly_w56_h28_huber,x_cm,2065,19963.331560541214,1624,12894.87916257896,0
2020,9,monthly_w56_h28_huber,z_cm,2065,13314.20663691406,1624,7990.24201335908,0
2020,9,monthly_w84_hflat,x_cm,2065,21165.168300715482,1624,13760.973388482187,0
2020,9,monthly_w84_hflat,z_cm,2065,13134.740433953444,1624,7866.513625362385,0
2020,9,monthly_w84_h14,x_cm,2065,19880.05125973851,1624,12832.923528806536,0
2020,9,monthly_w84_h14,z_cm,2065,13401.30225159517,1624,8043.443467444479,0
2020,9,monthly_w84_h28,x_cm,2065,20176.172240573458,1624,13036.879849563054,0
2020,9,monthly_w84_h28,z_cm,2065,13257.721991487742,1624,7948.1713806329135,0
2020,9,monthly_w84_h28_huber,x_cm,2065,20223.331966275713,1624,13073.12522723454,0
2020,9,monthly_w84_h28_huber,z_cm,2065,13281.105059188423,1624,7968.2458415819965,0
2020,9,weekly_w28_hflat,x_cm,2065,19941.562015496947,1624,12828.627021577553,0
2020,9,weekly_w28_hflat,z_cm,2065,13350.633177422551,1624,8069.573826282041,0
2020,9,weekly_w28_h14,x_cm,2065,20025.0872714809,1624,12924.084515368362,0
2020,9,weekly_w28_h14,z_cm,2065,13348.796112375974,1624,8081.629530125627,0
2020,9,weekly_w28_h28,x_cm,2065,19978.354215669147,1624,12873.845483461948,0
2020,9,weekly_w28_h28,z_cm,2065,13348.319638906227,1624,8075.234861592159,0
2020,9,weekly_w28_h28_huber,x_cm,2065,20001.548802861682,1624,12889.108867902578,0
2020,9,weekly_w28_h28_huber,z_cm,2065,13369.14115490219,1624,8104.700416596316,0
2020,9,weekly_w56_hflat,x_cm,2065,20179.286711557303,1624,13034.045613830915,0
2020,9,weekly_w56_hflat,z_cm,2065,13263.435278597706,1624,7997.028068851007,0
2020,9,weekly_w56_h14,x_cm,2065,19973.873889598923,1624,12890.555782503961,0
2020,9,weekly_w56_h14,z_cm,2065,13277.097693197762,1624,8032.815663486325,0
2020,9,weekly_w56_h28,x_cm,2065,20020.54021353257,1624,12920.499075072903,0
2020,9,weekly_w56_h28,z_cm,2065,13263.269698509117,1624,8012.247315856266,0
2020,9,weekly_w56_h28_huber,x_cm,2065,20035.063169131412,1624,12930.807222283347,0
2020,9,weekly_w56_h28_huber,z_cm,2065,13273.521587006622,1624,8019.314401560893,0
2020,9,weekly_w84_hflat,x_cm,2065,20589.027533917513,1624,13325.679352610216,0
2020,9,weekly_w84_hflat,z_cm,2065,13116.281663559643,1624,7873.985732826294,0
2020,9,weekly_w84_h14,x_cm,2065,19906.611732616955,1624,12832.985485422505,0
2020,9,weekly_w84_h14,z_cm,2065,13233.920829774746,1624,7995.966366821578,0
2020,9,weekly_w84_h28,x_cm,2065,20023.683358940107,1624,12906.878289311313,0
2020,9,weekly_w84_h28,z_cm,2065,13173.346076523116,1624,7936.003132884603,0
2020,9,weekly_w84_h28_huber,x_cm,2065,20074.54833073251,1624,12945.783892734124,0
2020,9,weekly_w84_h28_huber,z_cm,2065,13195.303245936648,1624,7955.799738333136,0
2020,9,weekly_w56_h7,x_cm,2065,20055.855369253302,1624,12966.01848701139,0
2020,9,weekly_w56_h7,z_cm,2065,13309.292073505887,1624,8065.216711457202,0
2020,9,weekly_w56_h10,x_cm,2065,19990.155199430235,1624,12907.503780308409,0
2020,9,weekly_w56_h10,z_cm,2065,13291.518869509891,1624,8048.412353409238,0
2020,9,weekly_w56_h21,x_cm,2065,19994.17264276107,1624,12902.398279864912,0
2020,9,weekly_w56_h21,z_cm,2065,13266.787478758237,1624,8018.876576531894,0
2020,9,weekly_w84_h7,x_cm,2065,20038.87770094532,1624,12952.679033225411,0
2020,9,weekly_w84_h7,z_cm,2065,13303.861681769602,1624,8060.448102811107,0
2020,9,weekly_w84_h10,x_cm,2065,19943.36249595376,1624,12869.616924519814,0
2020,9,weekly_w84_h10,z_cm,2065,13271.139349678591,1624,8030.894124455006,0
2020,9,weekly_w84_h21,x_cm,2065,19949.744794326747,1624,12856.044364682784,0
2020,9,weekly_w84_h21,z_cm,2065,13194.382842414543,1624,7957.347707104591,0
2020,9,weekly_w112_h7,x_cm,2065,20037.781121418167,1624,12951.79357176596,0
2020,9,weekly_w112_h7,z_cm,2065,13303.52738258622,1624,8060.241701193871,0
2020,9,weekly_w112_h10,x_cm,2065,19936.50662956148,1624,12863.910348521142,0
2020,9,weekly_w112_h10,z_cm,2065,13268.462619706848,1624,8029.173739252757,0
2020,9,weekly_w112_h21,x_cm,2065,19970.689517008046,1624,12863.617171191216,0
2020,9,weekly_w112_h21,z_cm,2065,13173.610078362319,1624,7943.8968656116285,0
2020,9,weekly_w112_h14,x_cm,2065,19894.24629526279,1624,12821.187177613607,0
2020,9,weekly_w112_h14,z_cm,2065,13224.854774379064,1624,7990.0782911145,0
2020,9,weekly_w84_h3.5,x_cm,2065,20291.164357227346,1624,13176.183925391842,0
2020,9,weekly_w84_h3.5,z_cm,2065,13312.941447434392,1624,8063.4382958186025,0
2020,9,weekly_w28_h7,x_cm,2065,20130.803981762678,1624,13027.438396096757,0
2020,9,weekly_w28_h7,z_cm,2065,13348.117854396918,1624,8089.229137334519,0
2020,9,weekly_w84_h14_huber,x_cm,2065,19933.54498038582,1624,12850.69978667819,0
2020,9,weekly_w84_h14_huber,z_cm,2065,13242.986552054757,1624,8003.892501469645,0
2020,9,daily_w84_h3.5,x_cm,2065,20503.240386189158,1624,13265.257195329481,0
2020,9,daily_w84_h3.5,z_cm,2065,13146.133795225142,1624,7926.034478513181,0
2020,9,daily_w56_h7,x_cm,2065,20242.84281657203,1624,13079.420304406915,0
2020,9,daily_w56_h7,z_cm,2065,13185.858320679856,1624,7972.712215369933,0
2020,9,daily_w56_h14,x_cm,2065,20119.712606206194,1624,12991.377067485642,0
2020,9,daily_w56_h14,z_cm,2065,13231.949352948095,1624,8004.605088855598,0
2020,9,daily_w56_h28,x_cm,2065,20141.1733091213,1624,13012.98048365113,0
2020,9,daily_w56_h28,z_cm,2065,13273.564524580244,1624,8025.474931122256,0
2020,9,daily_w84_h7,x_cm,2065,20229.250626388664,1624,13069.053101062906,0
2020,9,daily_w84_h7,z_cm,2065,13180.83293856635,1624,7968.240337583866,0
2020,9,daily_w84_h14,x_cm,2065,20048.65953192633,1624,12929.732057376703,0
2020,9,daily_w84_h14,z_cm,2065,13188.074935421435,1624,7967.365467480291,0
2020,9,daily_w84_h28,x_cm,2065,20096.332530283034,1624,12955.13624063899,0
2020,9,daily_w84_h28,z_cm,2065,13165.464173098342,1624,7936.570413412464,0
2020,9,fortnightly_w84_h7,x_cm,2065,19838.75455736637,1624,12678.815065884039,0
2020,9,fortnightly_w84_h7,z_cm,2065,13285.488220177702,1624,8029.91676370266,0
2020,9,fortnightly_w84_h14,x_cm,2065,19839.74766356721,1624,12703.431756812492,0
2020,9,fortnightly_w84_h14,z_cm,2065,13187.483848130098,1624,7958.126475030836,0
2020,9,fortnightly_w84_h28,x_cm,2065,20082.2633523141,1624,12900.439041417749,0
2020,9,fortnightly_w84_h28,z_cm,2065,13116.736941682319,1624,7894.765472443629,0
2021,6,uncorrected,x_cm,2023,75112.17722603818,1506,51258.9314752432,0
2021,6,uncorrected,z_cm,2023,27518.69280007169,1506,17287.259666902188,0
2021,6,last_month,x_cm,2023,17460.30346180223,1506,10062.406259464135,0
2021,6,last_month,z_cm,2023,11479.508436075419,1506,6698.0211818527605,0
2021,6,season_to_date,x_cm,2023,17066.979521911904,1506,9888.268522677943,0
2021,6,season_to_date,z_cm,2023,11416.78525705048,1506,6638.181881210254,0
2021,6,ewma_w2_h0.25,x_cm,2023,17373.513387399813,1506,10009.983712039824,0
2021,6,ewma_w2_h0.25,z_cm,2023,11458.86743212305,1506,6681.702359876525,0
2021,6,ewma_w2_h0.5,x_cm,2023,17209.60710419173,1506,9917.330106460471,0
2021,6,ewma_w2_h0.5,z_cm,2023,11421.31981560369,1506,6651.312701862809,0
2021,6,ewma_w2_h1,x_cm,2023,17112.34918255151,1506,9872.809767426817,0
2021,6,ewma_w2_h1,z_cm,2023,11401.401798291761,1506,6633.987025424802,0
2021,6,ewma_w2_h2,x_cm,2023,17080.59073186634,1506,9866.15148786746,0
2021,6,ewma_w2_h2,z_cm,2023,11396.677243032522,1506,6628.8620408559755,0
2021,6,ewma_w2_h3,x_cm,2023,17074.339623775522,1506,9867.448923634567,0
2021,6,ewma_w2_h3,z_cm,2023,11396.336279142928,1506,6628.029534206363,0
2021,6,ewma_w3_h0.25,x_cm,2023,17373.513387399813,1506,10009.983712039824,0
2021,6,ewma_w3_h0.25,z_cm,2023,11458.86743212305,1506,6681.702359876525,0
2021,6,ewma_w3_h0.5,x_cm,2023,17209.60710419173,1506,9917.330106460471,0
2021,6,ewma_w3_h0.5,z_cm,2023,11421.31981560369,1506,6651.312701862809,0
2021,6,ewma_w3_h1,x_cm,2023,17112.34918255151,1506,9872.809767426817,0
2021,6,ewma_w3_h1,z_cm,2023,11401.401798291761,1506,6633.987025424802,0
2021,6,ewma_w3_h2,x_cm,2023,17080.59073186634,1506,9866.15148786746,0
2021,6,ewma_w3_h2,z_cm,2023,11396.677243032522,1506,6628.8620408559755,0
2021,6,ewma_w3_h3,x_cm,2023,17074.339623775522,1506,9867.448923634567,0
2021,6,ewma_w3_h3,z_cm,2023,11396.336279142928,1506,6628.029534206363,0
2021,6,ewma_w6_h0.25,x_cm,2023,17373.513387399813,1506,10009.983712039824,0
2021,6,ewma_w6_h0.25,z_cm,2023,11458.86743212305,1506,6681.702359876525,0
2021,6,ewma_w6_h0.5,x_cm,2023,17209.60710419173,1506,9917.330106460471,0
2021,6,ewma_w6_h0.5,z_cm,2023,11421.31981560369,1506,6651.312701862809,0
2021,6,ewma_w6_h1,x_cm,2023,17112.34918255151,1506,9872.809767426817,0
2021,6,ewma_w6_h1,z_cm,2023,11401.401798291761,1506,6633.987025424802,0
2021,6,ewma_w6_h2,x_cm,2023,17080.59073186634,1506,9866.15148786746,0
2021,6,ewma_w6_h2,z_cm,2023,11396.677243032522,1506,6628.8620408559755,0
2021,6,ewma_w6_h3,x_cm,2023,17074.339623775522,1506,9867.448923634567,0
2021,6,ewma_w6_h3,z_cm,2023,11396.336279142928,1506,6628.029534206363,0
2021,6,precision_h0.5_q0.25,x_cm,2023,17261.995890769944,1506,9941.279779144006,0
2021,6,precision_h0.5_q0.25,z_cm,2023,11425.08106451649,1506,6656.698183770501,0
2021,6,precision_h0.5_q1,x_cm,2023,17295.970835878725,1506,9963.648382923639,0
2021,6,precision_h0.5_q1,z_cm,2023,11439.780106967466,1506,6666.592241327651,0
2021,6,precision_h0.5_q2,x_cm,2023,17302.783722864137,1506,9968.32240658306,0
2021,6,precision_h0.5_q2,z_cm,2023,11442.102365714818,1506,6668.330065855274,0
2021,6,precision_h1_q0.25,x_cm,2023,17153.470577129585,1506,9880.440031782491,0
2021,6,precision_h1_q0.25,z_cm,2023,11402.557285193903,1506,6638.860883941103,0
2021,6,precision_h1_q1,x_cm,2023,17195.689249212053,1506,9907.803317735305,0
2021,6,precision_h1_q1,z_cm,2023,11417.518497749143,1506,6648.44169681783,0
2021,6,precision_h1_q2,x_cm,2023,17205.518862678255,1506,9914.506595067569,0
2021,6,precision_h1_q2,z_cm,2023,11420.251179185754,1506,6650.4933148109885,0
2021,6,precision_h2_q0.25,x_cm,2023,17100.010785092818,1506,9853.872005307492,0
2021,6,precision_h2_q0.25,z_cm,2023,11394.989417137205,1506,6632.301944976181,0
2021,6,precision_h2_q1,x_cm,2023,17142.425236603198,1506,9881.076652881282,0
2021,6,precision_h2_q1,z_cm,2023,11406.843992174003,1506,6639.36003636762,0
2021,6,precision_h2_q2,x_cm,2023,17153.346303984807,1506,9888.493162626739,0
2021,6,precision_h2_q2,z_cm,2023,11409.313782089464,1506,6641.221763058032,0
2021,6,ema_a0.5,x_cm,2023,17069.38388686385,1506,9875.881076974629,0
2021,6,ema_a0.5,z_cm,2023,11397.737972529725,1506,6627.869903877001,0
2021,6,ema_a0.75,x_cm,2023,17166.584791379762,1506,9895.741501544526,0
2021,6,ema_a0.75,z_cm,2023,11412.081084455227,1506,6643.520575365246,0
2021,6,ema_a0.9,x_cm,2023,17319.233861724453,1506,9978.123836294326,0
2021,6,ema_a0.9,z_cm,2023,11446.16738666398,1506,6671.558947057843,0
2021,6,kalman_q0.25,x_cm,2023,17210.178760140814,1506,9944.57011889584,0
2021,6,kalman_q0.25,z_cm,2023,11449.577732583231,1506,6672.025365108186,0
2021,6,kalman_q0.5,x_cm,2023,17223.225623213297,1506,9939.58584650411,0
2021,6,kalman_q0.5,z_cm,2023,11441.461924152261,1506,6663.8421435127575,0
2021,6,kalman_q1,x_cm,2023,17310.856515911666,1506,9979.582234613956,0
2021,6,kalman_q1,z_cm,2023,11457.299516109973,1506,6678.299841342682,0
2021,6,kalman_q2,x_cm,2023,17403.727973595553,1506,10030.111346133832,0
2021,6,kalman_q2,z_cm,2023,11472.020029870313,1506,6691.458075667492,0
2021,6,kalman_q4,x_cm,2023,17444.16769816477,1506,10053.106206678996,0
2021,6,kalman_q4,z_cm,2023,11477.467956846744,1506,6696.244274043465,0
2021,6,adaptive_q0.5,x_cm,2023,17223.225623213297,1506,9939.58584650411,0
2021,6,adaptive_q0.5,z_cm,2023,11441.461924152261,1506,6663.8421435127575,0
2021,6,adaptive_q1,x_cm,2023,17310.856515911666,1506,9979.582234613956,0
2021,6,adaptive_q1,z_cm,2023,11457.299516109973,1506,6678.299841342682,0
2021,6,adaptive_q2,x_cm,2023,17403.727973595553,1506,10030.111346133832,0
2021,6,adaptive_q2,z_cm,2023,11472.020029870313,1506,6691.458075667492,0
2021,6,trend_d0.25,x_cm,2023,17950.539898131243,1506,10375.875350733448,0
2021,6,trend_d0.25,z_cm,2023,11600.020027390288,1506,6791.371723339535,0
2021,6,trend_d0.5,x_cm,2023,18637.294100366806,1506,10836.148775352467,0
2021,6,trend_d0.5,z_cm,2023,11773.615858399846,1506,6923.572199825574,0
2021,6,monthly_w28_hflat,x_cm,2023,17329.838543529193,1506,9993.70582849248,0
2021,6,monthly_w28_hflat,z_cm,2023,11456.668055410399,1506,6680.739312206688,0
2021,6,monthly_w28_h14,x_cm,2023,17219.557465480746,1506,9940.096360559419,0
2021,6,monthly_w28_h14,z_cm,2023,11511.588812321537,1506,6720.155844257354,0
2021,6,monthly_w28_h28,x_cm,2023,17266.738273728915,1506,9960.759009002972,0
2021,6,monthly_w28_h28,z_cm,2023,11481.421581509034,1506,6698.436630998651,0
2021,6,monthly_w28_h28_huber,x_cm,2023,17239.093498240538,1506,9943.611448485435,0
2021,6,monthly_w28_h28_huber,z_cm,2023,11483.159301013748,1506,6698.449546016125,0
2021,6,monthly_w56_hflat,x_cm,2023,17057.790360352883,1506,9865.626213039859,0
2021,6,monthly_w56_hflat,z_cm,2023,11393.687524802719,1506,6631.811490492853,0
2021,6,monthly_w56_h14,x_cm,2023,17069.540983553597,1506,9853.32584034491,0
2021,6,monthly_w56_h14,z_cm,2023,11425.656996703325,1506,6658.540358919943,0
2021,6,monthly_w56_h28,x_cm,2023,17046.884626126535,1506,9844.68721415881,0
2021,6,monthly_w56_h28,z_cm,2023,11392.715509196889,1506,6631.766845680444,0
2021,6,monthly_w56_h28_huber,x_cm,2023,17016.651521281332,1506,9828.346341353415,0
2021,6,monthly_w56_h28_huber,z_cm,2023,11386.549175267515,1506,6627.912011214601,0
2021,6,monthly_w84_hflat,x_cm,2023,17066.979521911904,1506,9888.268522677945,0
2021,6,monthly_w84_hflat,z_cm,2023,11416.78525705048,1506,6638.181881210254,0
2021,6,monthly_w84_h14,x_cm,2023,17064.4570828266,1506,9853.026391522379,0
2021,6,monthly_w84_h14,z_cm,2023,11432.569373748029,1506,6661.544142244933,0
2021,6,monthly_w84_h28,x_cm,2023,17043.85045401988,1506,9850.457866968321,0
2021,6,monthly_w84_h28,z_cm,2023,11407.044244671455,1506,6637.307535423337,0
2021,6,monthly_w84_h28_huber,x_cm,2023,17016.97279262836,1506,9835.571526834232,0
2021,6,monthly_w84_h28_huber,z_cm,2023,11399.639851534548,1506,6632.2184794512705,0
2021,6,weekly_w28_hflat,x_cm,2023,17227.49477794678,1506,9898.716197673217,0
2021,6,weekly_w28_hflat,z_cm,2023,11469.63583799181,1506,6753.056337599634,0
2021,6,weekly_w28_h14,x_cm,2023,17249.004849637655,1506,9930.270336688704,0
2021,6,weekly_w28_h14,z_cm,2023,11510.740625633036,1506,6802.2908360195615,0
2021,6,weekly_w28_h28,x_cm,2023,17239.303879302177,1506,9912.263837870643,0
2021,6,weekly_w28_h28,z_cm,2023,11489.31426297214,1506,6776.599205095918,0
2021,6,weekly_w28_h28_huber,x_cm,2023,17312.29830336276,1506,9975.58101591952,0
2021,6,weekly_w28_h28_huber,z_cm,2023,11488.423918427954,1506,6777.251888520085,0
2021,6,weekly_w56_hflat,x_cm,2023,17181.61112051357,1506,9985.98024578283,0
2021,6,weekly_w56_hflat,z_cm,2023,11391.108839997885,1506,6623.781064972229,0
2021,6,weekly_w56_h14,x_cm,2023,17157.412702919344,1506,9924.070686661373,0
2021,6,weekly_w56_h14,z_cm,2023,11412.120074879776,1506,6698.364191921694,0
2021,6,weekly_w56_h28,x_cm,2023,17147.22812518815,1506,9940.804590594387,0
2021,6,weekly_w56_h28,z_cm,2023,11385.120345034122,1506,6650.09647416203,0
2021,6,weekly_w56_h28_huber,x_cm,2023,17161.987378928832,1506,9952.252298876476,0
2021,6,weekly_w56_h28_huber,z_cm,2023,11384.754475464171,1506,6651.383275264961,0
2021,6,weekly_w84_hflat,x_cm,2023,17039.780287686983,1506,9878.7188441339,0
2021,6,weekly_w84_hflat,z_cm,2023,11382.687039712768,1506,6630.79203739794,0
2021,6,weekly_w84_h14,x_cm,2023,17097.175173197767,1506,9881.285058743257,0
2021,6,weekly_w84_h14,z_cm,2023,11395.435795442625,1506,6684.621803437197,0
2021,6,weekly_w84_h28,x_cm,2023,17037.676026879923,1506,9859.137158837573,0
2021,6,weekly_w84_h28,z_cm,2023,11367.422778005575,1506,6639.02124688796,0
2021,6,weekly_w84_h28_huber,x_cm,2023,17045.39494540471,1506,9869.058829625956,0
2021,6,weekly_w84_h28_huber,z_cm,2023,11363.066004641556,1506,6635.899318855123,0
2021,6,weekly_w56_h7,x_cm,2023,17220.06387651925,1506,9955.23905158859,0
2021,6,weekly_w56_h7,z_cm,2023,11504.670420775794,1506,6807.315140553482,0
2021,6,weekly_w56_h10,x_cm,2023,17180.61560406228,1506,9928.366999267768,0
2021,6,weekly_w56_h10,z_cm,2023,11447.280184835632,1506,6743.1502637344765,0
2021,6,weekly_w56_h21,x_cm,2023,17146.92682505877,1506,9932.166534999616,0
2021,6,weekly_w56_h21,z_cm,2023,11391.055135518574,1506,6664.407794104651,0
2021,6,weekly_w84_h7,x_cm,2023,17210.202993981402,1506,9948.716353110052,0
2021,6,weekly_w84_h7,z_cm,2023,11499.946262014704,1506,6803.249150072871,0
2021,6,weekly_w84_h10,x_cm,2023,17149.43080121191,1506,9907.047444097565,0
2021,6,weekly_w84_h10,z_cm,2023,11435.826196606722,1506,6733.33353627603,0
2021,6,weekly_w84_h21,x_cm,2023,17053.979719473566,1506,9863.895792820844,0
2021,6,weekly_w84_h21,z_cm,2023,11372.534450787634,1506,6650.879879410626,0
2021,6,weekly_w112_h7,x_cm,2023,17210.18993752099,1506,9948.716353110052,0
2021,6,weekly_w112_h7,z_cm,2023,11499.949400289102,1506,6803.249150072871,0
2021,6,weekly_w112_h10,x_cm,2023,17149.320919535916,1506,9907.047444097565,0
2021,6,weekly_w112_h10,z_cm,2023,11435.891078497636,1506,6733.33353627603,0
2021,6,weekly_w112_h21,x_cm,2023,17052.638419047278,1506,9863.895792820844,0
2021,6,weekly_w112_h21,z_cm,2023,11373.538037228824,1506,6650.879879410626,0
2021,6,weekly_w112_h14,x_cm,2023,17096.727595626176,1506,9881.285058743257,0
2021,6,weekly_w112_h14,z_cm,2023,11395.754700969785,1506,6684.621803437197,0
2021,6,weekly_w84_h3.5,x_cm,2023,17384.380156585867,1506,10129.874001629754,0
2021,6,weekly_w84_h3.5,z_cm,2023,11672.865223299075,1506,6974.678179967381,0
2021,6,weekly_w28_h7,x_cm,2023,17264.981554649305,1506,9977.01522396725,0
2021,6,weekly_w28_h7,z_cm,2023,11559.784844429338,1506,6858.584448654376,0
2021,6,weekly_w84_h14_huber,x_cm,2023,17120.032412425484,1506,9906.40565911974,0
2021,6,weekly_w84_h14_huber,z_cm,2023,11394.354644624731,1506,6684.96718816785,0
2021,6,daily_w84_h3.5,x_cm,2023,17357.0930483622,1506,10181.52871993692,0
2021,6,daily_w84_h3.5,z_cm,2023,11695.749859051259,1506,6950.163150723239,0
2021,6,daily_w56_h7,x_cm,2023,17156.81150044243,1506,9947.57279175411,0
2021,6,daily_w56_h7,z_cm,2023,11483.587378128756,1506,6790.390976600081,0
2021,6,daily_w56_h14,x_cm,2023,17099.07586416835,1506,9892.939004401447,0
2021,6,daily_w56_h14,z_cm,2023,11393.957483084132,1506,6695.147589715656,0
2021,6,daily_w56_h28,x_cm,2023,17089.823328282597,1506,9901.412966861351,0
2021,6,daily_w56_h28,z_cm,2023,11364.470698407338,1506,6647.4351418847655,0
2021,6,daily_w84_h7,x_cm,2023,17150.39725319938,1506,9943.435229839613,0
2021,6,daily_w84_h7,z_cm,2023,11479.865921807947,1506,6786.9422072158995,0
2021,6,daily_w84_h14,x_cm,2023,17056.22223814385,1506,9864.590816785487,0
2021,6,daily_w84_h14,z_cm,2023,11379.588545304756,1506,6681.46367774059,0
2021,6,daily_w84_h28,x_cm,2023,17012.132503996574,1506,9846.43230904418,0
2021,6,daily_w84_h28,z_cm,2023,11351.961551652192,1506,6636.18374999874,0
2021,6,fortnightly_w84_h7,x_cm,2023,17402.05205999382,1506,10038.748418722686,0
2021,6,fortnightly_w84_h7,z_cm,2023,11455.465042307764,1506,6775.768782154759,0
2021,6,fortnightly_w84_h14,x_cm,2023,17193.90983092692,1506,9929.755034383921,0
2021,6,fortnightly_w84_h14,z_cm,2023,11362.918865887728,1506,6671.986714006595,0
2021,6,fortnightly_w84_h28,x_cm,2023,17091.777528286122,1506,9885.978845773385,0
2021,6,fortnightly_w84_h28,z_cm,2023,11354.980326685427,1506,6638.5239346009075,0
2021,7,uncorrected,x_cm,277,9132.288480937132,277,9132.288480937132,0
2021,7,uncorrected,z_cm,277,2186.5690438300994,277,2186.5690438300994,0
2021,7,last_month,x_cm,277,1964.773500049448,277,1964.773500049448,0
2021,7,last_month,z_cm,277,1170.135078810434,277,1170.135078810434,0
2021,7,season_to_date,x_cm,277,1993.8853616170595,277,1993.8853616170595,0
2021,7,season_to_date,z_cm,277,1198.4920330506939,277,1198.4920330506939,0
2021,7,ewma_w2_h0.25,x_cm,277,1967.6685633530894,277,1967.6685633530894,0
2021,7,ewma_w2_h0.25,z_cm,277,1172.0059413733009,277,1172.0059413733009,0
2021,7,ewma_w2_h0.5,x_cm,277,1976.7884356710078,277,1976.7884356710078,0
2021,7,ewma_w2_h0.5,z_cm,277,1178.7088648286144,277,1178.7088648286144,0
2021,7,ewma_w2_h1,x_cm,277,1988.2168415127935,277,1988.2168415127935,0
2021,7,ewma_w2_h1,z_cm,277,1187.9079171903081,277,1187.9079171903081,0
2021,7,ewma_w2_h2,x_cm,277,1996.4819355642458,277,1996.4819355642458,0
2021,7,ewma_w2_h2,z_cm,277,1194.8459214261204,277,1194.8459214261204,0
2021,7,ewma_w2_h3,x_cm,277,1999.609264090021,277,1999.609264090021,0
2021,7,ewma_w2_h3,z_cm,277,1197.5137301469722,277,1197.5137301469722,0
2021,7,ewma_w3_h0.25,x_cm,277,1967.7663957340458,277,1967.7663957340458,0
2021,7,ewma_w3_h0.25,z_cm,277,1171.9457192213072,277,1171.9457192213072,0
2021,7,ewma_w3_h0.5,x_cm,277,1977.1886656135175,277,1977.1886656135175,0
2021,7,ewma_w3_h0.5,z_cm,277,1178.1167316365586,277,1178.1167316365586,0
2021,7,ewma_w3_h1,x_cm,277,1987.179275567517,277,1987.179275567517,0
2021,7,ewma_w3_h1,z_cm,277,1186.1203552064194,277,1186.1203552064194,0
2021,7,ewma_w3_h2,x_cm,277,1993.1748937174423,277,1993.1748937174423,0
2021,7,ewma_w3_h2,z_cm,277,1191.5784321742303,277,1191.5784321742303,0
2021,7,ewma_w3_h3,x_cm,277,1995.2843352357836,277,1995.2843352357836,0
2021,7,ewma_w3_h3,z_cm,277,1193.5063734878843,277,1193.5063734878843,0
2021,7,ewma_w6_h0.25,x_cm,277,1967.7663957340458,277,1967.7663957340458,0
2021,7,ewma_w6_h0.25,z_cm,277,1171.9457192213072,277,1171.9457192213072,0
2021,7,ewma_w6_h0.5,x_cm,277,1977.1886656135175,277,1977.1886656135175,0
2021,7,ewma_w6_h0.5,z_cm,277,1178.1167316365586,277,1178.1167316365586,0
2021,7,ewma_w6_h1,x_cm,277,1987.179275567517,277,1987.179275567517,0
2021,7,ewma_w6_h1,z_cm,277,1186.1203552064194,277,1186.1203552064194,0
2021,7,ewma_w6_h2,x_cm,277,1993.1748937174423,277,1993.1748937174423,0
2021,7,ewma_w6_h2,z_cm,277,1191.5784321742303,277,1191.5784321742303,0
2021,7,ewma_w6_h3,x_cm,277,1995.2843352357836,277,1995.2843352357836,0
2021,7,ewma_w6_h3,z_cm,277,1193.5063734878843,277,1193.5063734878843,0
2021,7,precision_h0.5_q0.25,x_cm,277,1973.1116770920883,277,1973.1116770920883,0
2021,7,precision_h0.5_q0.25,z_cm,277,1174.1495921303008,277,1174.1495921303008,0
2021,7,precision_h0.5_q1,x_cm,277,1971.4059852378086,277,1971.4059852378086,0
2021,7,precision_h0.5_q1,z_cm,277,1173.9062852726565,277,1173.9062852726565,0
2021,7,precision_h0.5_q2,x_cm,277,1971.1535086224196,277,1971.1535086224196,0
2021,7,precision_h0.5_q2,z_cm,277,1173.8760033762746,277,1173.8760033762746,0
2021,7,precision_h1_q0.25,x_cm,277,1979.467036262682,277,1979.467036262682,0
2021,7,precision_h1_q0.25,z_cm,277,1178.2849696040166,277,1178.2849696040166,0
2021,7,precision_h1_q1,x_cm,277,1977.7534339648082,277,1977.7534339648082,0
2021,7,precision_h1_q1,z_cm,277,1178.0341293607075,277,1178.0341293607075,0
2021,7,precision_h1_q2,x_cm,277,1977.4976582153017,277,1977.4976582153017,0
2021,7,precision_h1_q2,z_cm,277,1177.9920039391027,277,1177.9920039391027,0
2021,7,precision_h2_q0.25,x_cm,277,1983.228389067264,277,1983.228389067264,0
2021,7,precision_h2_q0.25,z_cm,277,1181.6383682095543,277,1181.6383682095543,0
2021,7,precision_h2_q1,x_cm,277,1982.2537395853947,277,1982.2537395853947,0
2021,7,precision_h2_q1,z_cm,277,1181.4552690400167,277,1181.4552690400167,0
2021,7,precision_h2_q2,x_cm,277,1982.113766969754,277,1982.113766969754,0
2021,7,precision_h2_q2,z_cm,277,1181.4120150977533,277,1181.4120150977533,0
2021,7,ema_a0.5,x_cm,277,1989.3512135939545,277,1989.3512135939545,0
2021,7,ema_a0.5,z_cm,277,1185.9340364060654,277,1185.9340364060654,0
2021,7,ema_a0.75,x_cm,277,1977.401788461728,277,1977.401788461728,0
2021,7,ema_a0.75,z_cm,277,1177.9766706795785,277,1177.9766706795785,0
2021,7,ema_a0.9,x_cm,277,1969.698767046752,277,1969.698767046752,0
2021,7,ema_a0.9,z_cm,277,1173.103824238065,277,1173.103824238065,0
2021,7,kalman_q0.25,x_cm,277,1970.238262766372,277,1970.238262766372,0
2021,7,kalman_q0.25,z_cm,277,1174.2763544038921,277,1174.2763544038921,0
2021,7,kalman_q0.5,x_cm,277,1966.608593363902,277,1966.608593363902,0
2021,7,kalman_q0.5,z_cm,277,1174.4935563479462,277,1174.4935563479462,0
2021,7,kalman_q1,x_cm,277,1965.5062678767633,277,1965.5062678767633,0
2021,7,kalman_q1,z_cm,277,1172.9583837101563,277,1172.9583837101563,0
2021,7,kalman_q2,x_cm,277,1965.121981546707,277,1965.121981546707,0
2021,7,kalman_q2,z_cm,277,1171.1509037025894,277,1171.1509037025894,0
2021,7,kalman_q4,x_cm,277,1964.8863350969464,277,1964.8863350969464,0
2021,7,kalman_q4,z_cm,277,1170.41725290559,277,1170.41725290559,0
2021,7,adaptive_q0.5,x_cm,277,1966.608593363902,277,1966.608593363902,0
2021,7,adaptive_q0.5,z_cm,277,1174.4935563479462,277,1174.4935563479462,0
2021,7,adaptive_q1,x_cm,277,1965.5062678767633,277,1965.5062678767633,0
2021,7,adaptive_q1,z_cm,277,1172.9583837101563,277,1172.9583837101563,0
2021,7,adaptive_q2,x_cm,277,1965.121981546707,277,1965.121981546707,0
2021,7,adaptive_q2,z_cm,277,1171.1509037025894,277,1171.1509037025894,0
2021,7,trend_d0.25,x_cm,277,1958.4077789481385,277,1958.4077789481385,0
2021,7,trend_d0.25,z_cm,277,1168.234683672568,277,1168.234683672568,0
2021,7,trend_d0.5,x_cm,277,1961.6564449864277,277,1961.6564449864277,0
2021,7,trend_d0.5,z_cm,277,1176.1307745178788,277,1176.1307745178788,0
2021,7,monthly_w28_hflat,x_cm,277,1964.1756236553088,277,1964.1756236553088,0
2021,7,monthly_w28_hflat,z_cm,277,1178.9720032045566,277,1178.9720032045566,0
2021,7,monthly_w28_h14,x_cm,277,1971.4820605664172,277,1971.4820605664172,0
2021,7,monthly_w28_h14,z_cm,277,1174.706863840726,277,1174.706863840726,0
2021,7,monthly_w28_h28,x_cm,277,1967.6554421953101,277,1967.6554421953101,0
2021,7,monthly_w28_h28,z_cm,277,1176.6234975221741,277,1176.6234975221741,0
2021,7,monthly_w28_h28_huber,x_cm,277,1967.0869448226326,277,1967.0869448226326,0
2021,7,monthly_w28_h28_huber,z_cm,277,1178.4227321734797,277,1178.4227321734797,0
2021,7,monthly_w56_hflat,x_cm,277,2023.479374797814,277,2023.479374797814,0
2021,7,monthly_w56_hflat,z_cm,277,1202.901313733654,277,1202.901313733654,0
2021,7,monthly_w56_h14,x_cm,277,1986.8650142355432,277,1986.8650142355432,0
2021,7,monthly_w56_h14,z_cm,277,1173.359651336255,277,1173.359651336255,0
2021,7,monthly_w56_h28,x_cm,277,1999.4447506031856,277,1999.4447506031856,0
2021,7,monthly_w56_h28,z_cm,277,1184.2451396212714,277,1184.2451396212714,0
2021,7,monthly_w56_h28_huber,x_cm,277,1992.5853040500424,277,1992.5853040500424,0
2021,7,monthly_w56_h28_huber,z_cm,277,1188.7454508460828,277,1188.7454508460828,0
2021,7,monthly_w84_hflat,x_cm,277,1989.0959773949767,277,1989.0959773949767,0
2021,7,monthly_w84_hflat,z_cm,277,1197.0105678265822,277,1197.0105678265822,0
2021,7,monthly_w84_h14,x_cm,277,1981.5277894637097,277,1981.5277894637097,0
2021,7,monthly_w84_h14,z_cm,277,1172.767805250531,277,1172.767805250531,0
2021,7,monthly_w84_h28,x_cm,277,1984.5926627131712,277,1984.5926627131712,0
2021,7,monthly_w84_h28,z_cm,277,1182.6996599134868,277,1182.6996599134868,0
2021,7,monthly_w84_h28_huber,x_cm,277,1983.4070901718087,277,1983.4070901718087,0
2021,7,monthly_w84_h28_huber,z_cm,277,1188.9904261614026,277,1188.9904261614026,0
2021,7,weekly_w28_hflat,x_cm,277,1981.157859325962,277,1981.157859325962,0
2021,7,weekly_w28_hflat,z_cm,277,1186.6906083358474,277,1186.6906083358474,0
2021,7,weekly_w28_h14,x_cm,277,1987.9890719893638,277,1987.9890719893638,0
2021,7,weekly_w28_h14,z_cm,277,1182.9627406754862,277,1182.9627406754862,0
2021,7,weekly_w28_h28,x_cm,277,1983.9000525554247,277,1983.9000525554247,0
2021,7,weekly_w28_h28,z_cm,277,1184.6562877930937,277,1184.6562877930937,0
2021,7,weekly_w28_h28_huber,x_cm,277,1982.4195189970496,277,1982.4195189970496,0
2021,7,weekly_w28_h28_huber,z_cm,277,1186.3234377053745,277,1186.3234377053745,0
2021,7,weekly_w56_hflat,x_cm,277,2014.830114930086,277,2014.830114930086,0
2021,7,weekly_w56_hflat,z_cm,277,1217.89375089829,277,1217.89375089829,0
2021,7,weekly_w56_h14,x_cm,277,1989.5744210158146,277,1989.5744210158146,0
2021,7,weekly_w56_h14,z_cm,277,1186.657138283772,277,1186.657138283772,0
2021,7,weekly_w56_h28,x_cm,277,1998.0862375424383,277,1998.0862375424383,0
2021,7,weekly_w56_h28,z_cm,277,1198.4872554879207,277,1198.4872554879207,0
2021,7,weekly_w56_h28_huber,x_cm,277,1989.7260840045235,277,1989.7260840045235,0
2021,7,weekly_w56_h28_huber,z_cm,277,1201.4435171680025,277,1201.4435171680025,0
2021,7,weekly_w84_hflat,x_cm,277,1984.6277077018462,277,1984.6277077018462,0
2021,7,weekly_w84_hflat,z_cm,277,1201.2691297851404,277,1201.2691297851404,0
2021,7,weekly_w84_h14,x_cm,277,1983.4946222275291,277,1983.4946222275291,0
2021,7,weekly_w84_h14,z_cm,277,1184.6408580018738,277,1184.6408580018738,0
2021,7,weekly_w84_h28,x_cm,277,1983.5136889576709,277,1983.5136889576709,0
2021,7,weekly_w84_h28,z_cm,277,1192.4901070749095,277,1192.4901070749095,0
2021,7,weekly_w84_h28_huber,x_cm,277,1981.5154113010606,277,1981.5154113010606,0
2021,7,weekly_w84_h28_huber,z_cm,277,1197.6628630185755,277,1197.6628630185755,0
2021,7,weekly_w56_h7,x_cm,277,1993.6237591294444,277,1993.6237591294444,0
2021,7,weekly_w56_h7,z_cm,277,1178.8702676820092,277,1178.8702676820092,0
2021,7,weekly_w56_h10,x_cm,277,1988.5460667734117,277,1988.5460667734117,0
2021,7,weekly_w56_h10,z_cm,277,1181.910617996964,277,1181.910617996964,0
2021,7,weekly_w56_h21,x_cm,277,1994.2677402097324,277,1994.2677402097324,0
2021,7,weekly_w56_h21,z_cm,277,1193.6802169024754,277,1193.6802169024754,0
2021,7,weekly_w84_h7,x_cm,277,1992.726692649529,277,1992.726692649529,0
2021,7,weekly_w84_h7,z_cm,277,1178.711285541352,277,1178.711285541352,0
2021,7,weekly_w84_h10,x_cm,277,1985.6442059638402,277,1985.6442059638402,0
2021,7,weekly_w84_h10,z_cm,277,1181.0945935855013,277,1181.0945935855013,0
2021,7,weekly_w84_h21,x_cm,277,1983.2900980534037,277,1983.2900980534037,0
2021,7,weekly_w84_h21,z_cm,277,1189.5064763875698,277,1189.5064763875698,0
2021,7,weekly_w112_h7,x_cm,277,1992.7371967961558,277,1992.7371967961558,0
2021,7,weekly_w112_h7,z_cm,277,1178.6910526791637,277,1178.6910526791637,0
2021,7,weekly_w112_h10,x_cm,277,1985.7826121986218,277,1985.7826121986218,0
2021,7,weekly_w112_h10,z_cm,277,1181.0125041583146,277,1181.0125041583146,0
2021,7,weekly_w112_h21,x_cm,277,1984.769665423147,277,1984.769665423147,0
2021,7,weekly_w112_h21,z_cm,277,1189.5653661075748,277,1189.5653661075748,0
2021,7,weekly_w112_h14,x_cm,277,1984.0345038017301,277,1984.0345038017301,0
2021,7,weekly_w112_h14,z_cm,277,1184.5286489018063,277,1184.5286489018063,0
2021,7,weekly_w84_h3.5,x_cm,277,2032.69600779059,277,2032.69600779059,0
2021,7,weekly_w84_h3.5,z_cm,277,1170.5805011538441,277,1170.5805011538441,0
2021,7,weekly_w28_h7,x_cm,277,1999.672881621835,277,1999.672881621835,0
2021,7,weekly_w28_h7,z_cm,277,1179.9306820789266,277,1179.9306820789266,0
2021,7,weekly_w84_h14_huber,x_cm,277,1980.244976630211,277,1980.244976630211,0
2021,7,weekly_w84_h14_huber,z_cm,277,1188.4387488841244,277,1188.4387488841244,0
2021,7,daily_w84_h3.5,x_cm,277,2037.5163477065832,277,2037.5163477065832,0
2021,7,daily_w84_h3.5,z_cm,277,1189.9744749310776,277,1189.9744749310776,0
2021,7,daily_w56_h7,x_cm,277,1998.645254734084,277,1998.645254734084,0
2021,7,daily_w56_h7,z_cm,277,1175.3808460643909,277,1175.3808460643909,0
2021,7,daily_w56_h14,x_cm,277,1993.5648130813333,277,1993.5648130813333,0
2021,7,daily_w56_h14,z_cm,277,1175.8218461475487,277,1175.8218461475487,0
2021,7,daily_w56_h28,x_cm,277,2003.537999067062,277,2003.537999067062,0
2021,7,daily_w56_h28,z_cm,277,1184.4853232072396,277,1184.4853232072396,0
2021,7,daily_w84_h7,x_cm,277,1997.6495445379437,277,1997.6495445379437,0
2021,7,daily_w84_h7,z_cm,277,1175.1074434210623,277,1175.1074434210623,0
2021,7,daily_w84_h14,x_cm,277,1987.0729195399185,277,1987.0729195399185,0
2021,7,daily_w84_h14,z_cm,277,1175.7560447324581,277,1175.7560447324581,0
2021,7,daily_w84_h28,x_cm,277,1988.605428328802,277,1988.605428328802,0
2021,7,daily_w84_h28,z_cm,277,1186.2976751601407,277,1186.2976751601407,0
2021,7,fortnightly_w84_h7,x_cm,277,1972.7504960809524,277,1972.7504960809524,0
2021,7,fortnightly_w84_h7,z_cm,277,1185.0572489803494,277,1185.0572489803494,0
2021,7,fortnightly_w84_h14,x_cm,277,1971.6221383100906,277,1971.6221383100906,0
2021,7,fortnightly_w84_h14,z_cm,277,1192.8292103180002,277,1192.8292103180002,0
2021,7,fortnightly_w84_h28,x_cm,277,1978.22147900872,277,1978.22147900872,0
2021,7,fortnightly_w84_h28,z_cm,277,1200.1308719352076,277,1200.1308719352076,0
2021,9,uncorrected,x_cm,1982,78317.77546479666,1573,55674.783486441826,0
2021,9,uncorrected,z_cm,1982,26016.60328254648,1573,17646.03405573898,0
2021,9,last_month,x_cm,1982,16563.076290957175,1573,9374.56800244185,0
2021,9,last_month,z_cm,1982,10346.864729453908,1573,6651.2310937004295,0
2021,9,season_to_date,x_cm,1982,16558.287117641412,1573,9298.040168822226,0
2021,9,season_to_date,z_cm,1982,10297.32062787608,1573,6649.336345579224,0
2021,9,ewma_w2_h0.25,x_cm,1982,16563.076290957175,1573,9374.56800244185,0
2021,9,ewma_w2_h0.25,z_cm,1982,10346.864729453908,1573,6651.2310937004295,0
2021,9,ewma_w2_h0.5,x_cm,1982,16563.076290957175,1573,9374.56800244185,0
2021,9,ewma_w2_h0.5,z_cm,1982,10346.864729453908,1573,6651.2310937004295,0
2021,9,ewma_w2_h1,x_cm,1982,16563.076290957175,1573,9374.56800244185,0
2021,9,ewma_w2_h1,z_cm,1982,10346.864729453908,1573,6651.2310937004295,0
2021,9,ewma_w2_h2,x_cm,1982,16563.076290957175,1573,9374.56800244185,0
2021,9,ewma_w2_h2,z_cm,1982,10346.864729453908,1573,6651.2310937004295,0
2021,9,ewma_w2_h3,x_cm,1982,16563.076290957175,1573,9374.56800244185,0
2021,9,ewma_w2_h3,z_cm,1982,10346.864729453908,1573,6651.2310937004295,0
2021,9,ewma_w3_h0.25,x_cm,1982,16560.276602529622,1573,9372.09757829667,0
2021,9,ewma_w3_h0.25,z_cm,1982,10345.457221245353,1573,6650.305309635729,0
2021,9,ewma_w3_h0.5,x_cm,1982,16523.110010120086,1573,9338.870115761658,0
2021,9,ewma_w3_h0.5,z_cm,1982,10326.743092837398,1573,6638.049698407387,0
2021,9,ewma_w3_h1,x_cm,1982,16447.7988160597,1573,9267.605142647719,0
2021,9,ewma_w3_h1,z_cm,1982,10288.557323536195,1573,6613.529541012362,0
2021,9,ewma_w3_h2,x_cm,1982,16403.385495676823,1573,9218.978905897453,0
2021,9,ewma_w3_h2,z_cm,1982,10265.593561797827,1573,6599.595010724086,0
2021,9,ewma_w3_h3,x_cm,1982,16392.914560838337,1573,9204.652495294398,0
2021,9,ewma_w3_h3,z_cm,1982,10259.986830619404,1573,6596.5378278238995,0
2021,9,ewma_w6_h0.25,x_cm,1982,16559.915269122823,1573,9371.811029763689,0
2021,9,ewma_w6_h0.25,z_cm,1982,10345.3803850708,1573,6650.268903227836,0
2021,9,ewma_w6_h0.5,x_cm,1982,16503.377102017508,1573,9323.11008790827,0
2021,9,ewma_w6_h0.5,z_cm,1982,10323.061825637513,1573,6636.540051441485,0
2021,9,ewma_w6_h1,x_cm,1982,16381.786251867412,1573,9211.12348962297,0
2021,9,ewma_w6_h1,z_cm,1982,10280.184143718903,1573,6614.502591744629,0
2021,9,ewma_w6_h2,x_cm,1982,16381.838851680237,1573,9188.273304638018,0
2021,9,ewma_w6_h2,z_cm,1982,10270.04511476626,1573,6616.462119480142,0
2021,9,ewma_w6_h3,x_cm,1982,16414.39992517194,1573,9203.95896862357,0
2021,9,ewma_w6_h3,z_cm,1982,10272.815922980939,1573,6621.8535766085215,0
2021,9,precision_h0.5_q0.25,x_cm,1982,16497.916594342336,1573,9317.93756552034,0
2021,9,precision_h0.5_q0.25,z_cm,1982,10328.260103331337,1573,6639.02941093381,0
2021,9,precision_h0.5_q1,x_cm,1982,16535.626605084755,1573,9350.946035471163,0
2021,9,precision_h0.5_q1,z_cm,1982,10337.377404469928,1573,6645.218666850209,0
2021,9,precision_h0.5_q2,x_cm,1982,16540.921362617948,1573,9355.5284626353,0
2021,9,precision_h0.5_q2,z_cm,1982,10338.189476222291,1573,6645.758959540546,0
2021,9,precision_h1_q0.25,x_cm,1982,16369.156022090592,1573,9197.108078231815,0
2021,9,precision_h1_q0.25,z_cm,1982,10288.824609337908,1573,6615.3857854751805,0
2021,9,precision_h1_q1,x_cm,1982,16450.69531982077,1573,9277.124912850899,0
2021,9,precision_h1_q1,z_cm,1982,10311.435361169535,1573,6629.923462446004,0
2021,9,precision_h1_q2,x_cm,1982,16468.013018803456,1573,9292.833931745445,0
2021,9,precision_h1_q2,z_cm,1982,10313.909419967486,1573,6631.502280149125,0
2021,9,precision_h2_q0.25,x_cm,1982,16350.324418980974,1573,9156.33482320349,0
2021,9,precision_h2_q0.25,z_cm,1982,10267.30701863161,1573,6606.236843101785,0
2021,9,precision_h2_q1,x_cm,1982,16380.398189245614,1573,9210.658118185864,0
2021,9,precision_h2_q1,z_cm,1982,10288.741919185079,1573,6618.520925006349,0
2021,9,precision_h2_q2,x_cm,1982,16398.21307454764,1573,9229.380909415519,0
2021,9,precision_h2_q2,z_cm,1982,10291.70920566202,1573,6620.27689056137,0
2021,9,ema_a0.5,x_cm,1982,16382.654258185876,1573,9194.479339565452,0
2021,9,ema_a0.5,z_cm,1982,10268.888592004094,1573,6612.2487105616565,0
2021,9,ema_a0.75,x_cm,1982,16407.687338362826,1573,9233.984895312227,0
2021,9,ema_a0.75,z_cm,1982,10282.423434831537,1573,6612.7981179571325,0
2021,9,ema_a0.9,x_cm,1982,16492.501808000783,1573,9312.057249585258,0
2021,9,ema_a0.9,z_cm,1982,10314.670677615804,1573,6630.749847034403,0
2021,9,kalman_q0.25,x_cm,1982,16399.819694024834,1573,9167.570896627283,0
2021,9,kalman_q0.25,z_cm,1982,10291.057065110926,1573,6624.393402212939,0
2021,9,kalman_q0.5,x_cm,1982,16398.885983816173,1573,9205.771122552382,0
2021,9,kalman_q0.5,z_cm,1982,10319.676557705421,1573,6634.863929483894,0
2021,9,kalman_q1,x_cm,1982,16480.318854232995,1573,9295.916524747501,0
2021,9,kalman_q1,z_cm,1982,10338.16724268646,1573,6645.078477502855,0
2021,9,kalman_q2,x_cm,1982,16536.46193656439,1573,9349.832077287945,0
2021,9,kalman_q2,z_cm,1982,10344.516513761617,1573,6649.448747919014,0
2021,9,kalman_q4,x_cm,1982,16555.91684383734,1573,9367.95554476642,0
2021,9,kalman_q4,z_cm,1982,10346.261969809564,1573,6650.764307248249,0
2021,9,adaptive_q0.5,x_cm,1982,16398.885983816173,1573,9205.771122552382,0
2021,9,adaptive_q0.5,z_cm,1982,10319.676557705421,1573,6634.863929483894,0
2021,9,adaptive_q1,x_cm,1982,16480.318854232995,1573,9295.916524747501,0
2021,9,adaptive_q1,z_cm,1982,10338.16724268646,1573,6645.078477502855,0
2021,9,adaptive_q2,x_cm,1982,16536.46193656439,1573,9349.832077287945,0
2021,9,adaptive_q2,z_cm,1982,10344.516513761617,1573,6649.448747919014,0
2021,9,trend_d0.25,x_cm,1982,16664.77537337127,1573,9462.152862970692,0
2021,9,trend_d0.25,z_cm,1982,10397.847620169607,1573,6685.031916208137,0
2021,9,trend_d0.5,x_cm,1982,16789.282656249343,1573,9565.686241313,0
2021,9,trend_d0.5,z_cm,1982,10460.015712436947,1573,6726.707624929435,0
2021,9,monthly_w28_hflat,x_cm,1982,16563.076290957175,1573,9374.56800244185,0
2021,9,monthly_w28_hflat,z_cm,1982,10346.864729453908,1573,6651.2310937004295,0
2021,9,monthly_w28_h14,x_cm,1982,16476.77572739659,1573,9320.249456651767,0
2021,9,monthly_w28_h14,z_cm,1982,10385.03318960681,1573,6677.224516167,0
2021,9,monthly_w28_h28,x_cm,1982,16508.583955252194,1573,9339.51154655578,0
2021,9,monthly_w28_h28,z_cm,1982,10364.186448985634,1573,6663.036346608176,0
2021,9,monthly_w28_h28_huber,x_cm,1982,16486.82247792452,1573,9297.158533272413,0
2021,9,monthly_w28_h28_huber,z_cm,1982,10341.299233461676,1573,6642.323073637594,0
2021,9,monthly_w56_hflat,x_cm,1982,16625.638271829983,1573,9407.735491480184,0
2021,9,monthly_w56_hflat,z_cm,1982,10353.5126525468,1573,6657.77436759189,0
2021,9,monthly_w56_h14,x_cm,1982,16481.776784296602,1573,9322.012037532782,0
2021,9,monthly_w56_h14,z_cm,1982,10385.809099167533,1573,6678.0298182512415,0
2021,9,monthly_w56_h28,x_cm,1982,16526.87072225994,1573,9347.894719626333,0
2021,9,monthly_w56_h28,z_cm,1982,10366.460375155799,1573,6665.334863723428,0
2021,9,monthly_w56_h28_huber,x_cm,1982,16504.405703639713,1573,9305.334196944696,0
2021,9,monthly_w56_h28_huber,z_cm,1982,10342.956760557492,1573,6644.39482344014,0
2021,9,monthly_w84_hflat,x_cm,1982,16421.250997005758,1573,9217.106054122523,0
2021,9,monthly_w84_hflat,z_cm,1982,10288.19373329852,1573,6620.426898180289,0
2021,9,monthly_w84_h14,x_cm,1982,16473.30940003526,1573,9314.251288578474,0
2021,9,monthly_w84_h14,z_cm,1982,10349.637902690254,1573,6653.273273372675,0
2021,9,monthly_w84_h28,x_cm,1982,16467.409545960745,1573,9294.853574174846,0
2021,9,monthly_w84_h28,z_cm,1982,10284.102478389237,1573,6611.6887388319865,0
2021,9,monthly_w84_h28_huber,x_cm,1982,16476.740411060626,1573,9279.030847847784,0
2021,9,monthly_w84_h28_huber,z_cm,1982,10303.698148603959,1573,6617.482137174441,0
2021,9,weekly_w28_hflat,x_cm,1982,16607.48548633277,1573,9331.087615674223,0
2021,9,weekly_w28_hflat,z_cm,1982,10314.653578823509,1573,6661.7379792112815,0
2021,9,weekly_w28_h14,x_cm,1982,16594.066938126292,1573,9343.333980065028,0
2021,9,weekly_w28_h14,z_cm,1982,10312.337913984651,1573,6683.569504904076,0
2021,9,weekly_w28_h28,x_cm,1982,16592.001195448676,1573,9330.812015555337,0
2021,9,weekly_w28_h28,z_cm,1982,10309.737271142596,1573,6670.282727365077,0
2021,9,weekly_w28_h28_huber,x_cm,1982,16565.2055567875,1573,9293.150821296242,0
2021,9,weekly_w28_h28_huber,z_cm,1982,10312.323030407486,1573,6680.463436300668,0
2021,9,weekly_w56_hflat,x_cm,1982,16491.138658415417,1573,9311.222542313253,0
2021,9,weekly_w56_hflat,z_cm,1982,10292.225821388603,1573,6644.866679323912,0
2021,9,weekly_w56_h14,x_cm,1982,16498.028792891077,1573,9309.541138326571,0
2021,9,weekly_w56_h14,z_cm,1982,10302.007411103838,1573,6672.708059525306,0
2021,9,weekly_w56_h28,x_cm,1982,16478.558228151072,1573,9298.615221009579,0
2021,9,weekly_w56_h28,z_cm,1982,10295.096808723541,1573,6657.052337204386,0
2021,9,weekly_w56_h28_huber,x_cm,1982,16476.372014098823,1573,9270.969694296962,0
2021,9,weekly_w56_h28_huber,z_cm,1982,10295.069824139102,1573,6658.813452795472,0
2021,9,weekly_w84_hflat,x_cm,1982,16389.63367977021,1573,9221.181067169447,0
2021,9,weekly_w84_hflat,z_cm,1982,10294.548410089226,1573,6628.290672996155,0
2021,9,weekly_w84_h14,x_cm,1982,16487.04241141421,1573,9299.353490837355,0
2021,9,weekly_w84_h14,z_cm,1982,10285.762194521238,1573,6658.290741206665,0
2021,9,weekly_w84_h28,x_cm,1982,16441.96525692252,1573,9265.35556055176,0
2021,9,weekly_w84_h28,z_cm,1982,10265.260534857647,1573,6627.351116021744,0
2021,9,weekly_w84_h28_huber,x_cm,1982,16452.646572597623,1573,9252.063080209078,0
2021,9,weekly_w84_h28_huber,z_cm,1982,10273.454215830645,1573,6634.604501063829,0
2021,9,weekly_w56_h7,x_cm,1982,16591.51680360599,1573,9378.904447780471,0
2021,9,weekly_w56_h7,z_cm,1982,10333.965146104592,1573,6716.103704333759,0
2021,9,weekly_w56_h10,x_cm,1982,16529.30396821844,1573,9331.393648689758,0
2021,9,weekly_w56_h10,z_cm,1982,10311.670333522095,1573,6688.178304629637,0
2021,9,weekly_w56_h21,x_cm,1982,16482.074284451533,1573,9299.92033186641,0
2021,9,weekly_w56_h21,z_cm,1982,10296.848596291857,1573,6661.838534203341,0
2021,9,weekly_w84_h7,x_cm,1982,16590.460727214122,1573,9377.922059139819,0
2021,9,weekly_w84_h7,z_cm,1982,10332.482634516906,1573,6714.83069812659,0
2021,9,weekly_w84_h10,x_cm,1982,16525.13687750361,1573,9327.484981621092,0
2021,9,weekly_w84_h10,z_cm,1982,10305.000464869805,1573,6682.365595680083,0
2021,9,weekly_w84_h21,x_cm,1982,16457.341271905574,1573,9277.287283821786,0
2021,9,weekly_w84_h21,z_cm,1982,10269.79775912528,1573,6636.547672327806,0
2021,9,weekly_w112_h7,x_cm,1982,16590.18002304835,1573,9377.642699918855,0
2021,9,weekly_w112_h7,z_cm,1982,10332.419622045134,1573,6714.738333823143,0
2021,9,weekly_w112_h10,x_cm,1982,16522.60057036955,1573,9325.058874545426,0
2021,9,weekly_w112_h10,z_cm,1982,10304.577665325622,1573,6681.784983860101,0
2021,9,weekly_w112_h21,x_cm,1982,16420.72449331545,1573,9242.917084214825,0
2021,9,weekly_w112_h21,z_cm,1982,10267.798354616867,1573,6635.175298994083,0
2021,9,weekly_w112_h14,x_cm,1982,16475.497494868883,1573,9288.58812420096,0
2021,9,weekly_w112_h14,z_cm,1982,10284.419435879867,1573,6656.746680936638,0
2021,9,weekly_w84_h3.5,x_cm,1982,16822.886952700806,1573,9574.93257022381,0
2021,9,weekly_w84_h3.5,z_cm,1982,10460.24608402256,1573,6831.582721774904,0
2021,9,weekly_w28_h7,x_cm,1982,16643.2779257543,1573,9401.180168647064,0
2021,9,weekly_w28_h7,z_cm,1982,10340.27399583568,1573,6723.186808968856,0
2021,9,weekly_w84_h14_huber,x_cm,1982,16488.274929521456,1573,9277.934743341983,0
2021,9,weekly_w84_h14_huber,z_cm,1982,10292.851054558101,1573,6668.2922120513,0
2021,9,daily_w84_h3.5,x_cm,1982,16780.04810176825,1573,9475.18825205632,0
2021,9,daily_w84_h3.5,z_cm,1982,10455.628617337647,1573,6801.383199440261,0
2021,9,daily_w56_h7,x_cm,1982,16523.907391482826,1573,9293.124146372882,0
2021,9,daily_w56_h7,z_cm,1982,10337.500771166691,1573,6713.434573184488,0
2021,9,daily_w56_h14,x_cm,1982,16438.418142131904,1573,9245.099340340457,0
2021,9,daily_w56_h14,z_cm,1982,10307.570659756886,1573,6675.262237622718,0
2021,9,daily_w56_h28,x_cm,1982,16424.53821353249,1573,9244.485154449863,0
2021,9,daily_w56_h28,z_cm,1982,10301.372515482777,1573,6660.461813445004,0
2021,9,daily_w84_h7,x_cm,1982,16523.030136253663,1573,9292.371242722056,0
2021,9,daily_w84_h7,z_cm,1982,10336.588390992343,1573,6712.694705439782,0
2021,9,daily_w84_h14,x_cm,1982,16428.340082810195,1573,9236.721045953589,0
2021,9,daily_w84_h14,z_cm,1982,10296.510292389172,1573,6665.0471888355205,0
2021,9,daily_w84_h28,x_cm,1982,16388.3471309374,1573,9214.044851170142,0
2021,9,daily_w84_h28,z_cm,1982,10278.199246312632,1573,6635.449918981236,0
2021,9,fortnightly_w84_h7,x_cm,1982,17105.393742455293,1573,9713.187445559652,0
2021,9,fortnightly_w84_h7,z_cm,1982,10603.001605218984,1573,6835.454739951648,0
2021,9,fortnightly_w84_h14,x_cm,1982,16847.032918867466,1573,9527.288393552146,0
2021,9,fortnightly_w84_h14,z_cm,1982,10418.742457201748,1573,6710.253247726083,0
2021,9,fortnightly_w84_h28,x_cm,1982,16662.451982953044,1573,9384.183434167222,0
2021,9,fortnightly_w84_h28,z_cm,1982,10350.519255284318,1573,6658.2900992924915,0
2022,6,uncorrected,x_cm,1758,54645.219411584716,1376,38289.236850629444,0
2022,6,uncorrected,z_cm,1758,19539.11998576647,1376,12250.446712455474,0
2022,6,last_month,x_cm,1758,10443.85413656991,1376,6513.2204903407555,0
2022,6,last_month,z_cm,1758,7272.291775277679,1376,4398.709217411582,0
2022,6,season_to_date,x_cm,1758,10215.01547182602,1376,6314.352897662234,0
2022,6,season_to_date,z_cm,1758,7211.604678999232,1376,4352.79095639112,0
2022,6,ewma_w2_h0.25,x_cm,1758,10403.860344234428,1376,6480.552781934517,0
2022,6,ewma_w2_h0.25,z_cm,1758,7261.594436599957,1376,4390.601720128363,0
2022,6,ewma_w2_h0.5,x_cm,1758,10325.826635942383,1376,6415.099302711902,0
2022,6,ewma_w2_h0.5,z_cm,1758,7240.589612418338,1376,4374.560390093021,0
2022,6,ewma_w2_h1,x_cm,1758,10275.398458331707,1376,6370.067895791746,0
2022,6,ewma_w2_h1,z_cm,1758,7226.803856342078,1376,4363.839253228288,0
2022,6,ewma_w2_h2,x_cm,1758,10255.823910070638,1376,6350.697499747029,0
2022,6,ewma_w2_h2,z_cm,1758,7221.306238712288,1376,4359.432314209671,0
2022,6,ewma_w2_h3,x_cm,1758,10250.94233029351,1376,6345.340382643703,0
2022,6,ewma_w2_h3,z_cm,1758,7219.894444525326,1376,4358.264978497766,0
2022,6,ewma_w3_h0.25,x_cm,1758,10403.860344234428,1376,6480.552781934517,0
2022,6,ewma_w3_h0.25,z_cm,1758,7261.594436599957,1376,4390.601720128363,0
2022,6,ewma_w3_h0.5,x_cm,1758,10325.826635942383,1376,6415.099302711902,0
2022,6,ewma_w3_h0.5,z_cm,1758,7240.589612418338,1376,4374.560390093021,0
2022,6,ewma_w3_h1,x_cm,1758,10275.398458331707,1376,6370.067895791746,0
2022,6,ewma_w3_h1,z_cm,1758,7226.803856342078,1376,4363.839253228288,0
2022,6,ewma_w3_h2,x_cm,1758,10255.823910070638,1376,6350.697499747029,0
2022,6,ewma_w3_h2,z_cm,1758,7221.306238712288,1376,4359.432314209671,0
2022,6,ewma_w3_h3,x_cm,1758,10250.94233029351,1376,6345.340382643703,0
2022,6,ewma_w3_h3,z_cm,1758,7219.894444525326,1376,4358.264978497766,0
2022,6,ewma_w6_h0.25,x_cm,1758,10403.860344234428,1376,6480.552781934517,0
2022,6,ewma_w6_h0.25,z_cm,1758,7261.594436599957,1376,4390.601720128363,0
2022,6,ewma_w6_h0.5,x_cm,1758,10325.826635942383,1376,6415.099302711902,0
2022,6,ewma_w6_h0.5,z_cm,1758,7240.589612418338,1376,4374.560390093021,0
2022,6,ewma_w6_h1,x_cm,1758,10275.398458331707,1376,6370.067895791746,0
2022,6,ewma_w6_h1,z_cm,1758,7226.803856342078,1376,4363.839253228288,0
2022,6,ewma_w6_h2,x_cm,1758,10255.823910070638,1376,6350.697499747029,0
2022,6,ewma_w6_h2,z_cm,1758,7221.306238712288,1376,4359.432314209671,0
2022,6,ewma_w6_h3,x_cm,1758,10250.94233029351,1376,6345.340382643703,0
2022,6,ewma_w6_h3,z_cm,1758,7219.894444525326,1376,4358.264978497766,0
2022,6,precision_h0.5_q0.25,x_cm,1758,10305.305512445057,1376,6401.6731066115335,0
2022,6,precision_h0.5_q0.25,z_cm,1758,7250.018250569892,1376,4381.684543047806,0
2022,6,precision_h0.5_q1,x_cm,1758,10357.203336938739,1376,6442.782111396854,0
2022,6,precision_h0.5_q1,z_cm,1758,7252.729136010761,1376,4383.830904783936,0
2022,6,precision_h0.5_q2,x_cm,1758,10367.780263884053,1376,6450.9361732641155,0
2022,6,precision_h0.5_q2,z_cm,1758,7252.965903816017,1376,4384.029528602232,0
2022,6,precision_h1_q0.25,x_cm,1758,10251.839053253605,1376,6354.434431178648,0
2022,6,precision_h1_q0.25,z_cm,1758,7237.276446308353,1376,4371.829386235403,0
2022,6,precision_h1_q1,x_cm,1758,10306.311439165358,1376,6399.762746231896,0
2022,6,precision_h1_q1,z_cm,1758,7240.270784066779,1376,4374.27136238845,0
2022,6,precision_h1_q2,x_cm,1758,10320.085252937806,1376,6410.613297250406,0
2022,6,precision_h1_q2,z_cm,1758,7240.510949507063,1376,4374.487366393107,0
2022,6,precision_h2_q0.25,x_cm,1758,10232.893337658013,1376,6335.301811207228,0
2022,6,precision_h2_q0.25,z_cm,1758,7230.767881668652,1376,4366.723191051782,0
2022,6,precision_h2_q1,x_cm,1758,10279.855347698216,1376,6376.377208728714,0
2022,6,precision_h2_q1,z_cm,1758,7233.307340834115,1376,4368.874429303902,0
2022,6,precision_h2_q2,x_cm,1758,10293.848408619066,1376,6387.622002407261,0
2022,6,precision_h2_q2,z_cm,1758,7233.479482608611,1376,4369.048287173373,0
2022,6,ema_a0.5,x_cm,1758,10244.152161977003,1376,6336.709195078016,0
2022,6,ema_a0.5,z_cm,1758,7217.839307805467,1376,4356.488173663471,0
2022,6,ema_a0.75,x_cm,1758,10304.26699220016,1376,6396.301645288804,0
2022,6,ema_a0.75,z_cm,1758,7234.730983343179,1376,4370.035768642405,0
2022,6,ema_a0.9,x_cm,1758,10378.482601124422,1376,6459.573784939036,0
2022,6,ema_a0.9,z_cm,1758,7254.787164536263,1376,4385.424735449082,0
2022,6,kalman_q0.25,x_cm,1758,10239.215376489421,1376,6342.604353132199,0
2022,6,kalman_q0.25,z_cm,1758,7225.109345579254,1376,4362.621834476644,0
2022,6,kalman_q0.5,x_cm,1758,10244.910190798688,1376,6352.955760273946,0
2022,6,kalman_q0.5,z_cm,1758,7232.534965613564,1376,4369.075012575439,0
2022,6,kalman_q1,x_cm,1758,10308.072190636996,1376,6406.137808816735,0
2022,6,kalman_q1,z_cm,1758,7252.420563071448,1376,4384.200020134044,0
2022,6,kalman_q2,x_cm,1758,10389.311222539818,1376,6470.499588292299,0
2022,6,kalman_q2,z_cm,1758,7265.783473901733,1376,4394.006203035953,0
2022,6,kalman_q4,x_cm,1758,10427.955918834905,1376,6500.788828534327,0
2022,6,kalman_q4,z_cm,1758,7270.528236820719,1376,4397.439212874884,0
2022,6,adaptive_q0.5,x_cm,1758,10244.910190798688,1376,6352.955760273946,0
2022,6,adaptive_q0.5,z_cm,1758,7232.534965613564,1376,4369.075012575439,0
2022,6,adaptive_q1,x_cm,1758,10308.072190636996,1376,6406.137808816735,0
2022,6,adaptive_q1,z_cm,1758,7252.420563071448,1376,4384.200020134044,0
2022,6,adaptive_q2,x_cm,1758,10389.311222539818,1376,6470.499588292299,0
2022,6,adaptive_q2,z_cm,1758,7265.783473901733,1376,4394.006203035953,0
2022,6,trend_d0.25,x_cm,1758,10662.91359508625,1376,6687.465730233866,0
2022,6,trend_d0.25,z_cm,1758,7330.521683608963,1376,4442.508519971004,0
2022,6,trend_d0.5,x_cm,1758,10961.445367749177,1376,6919.037364968139,0
2022,6,trend_d0.5,z_cm,1758,7409.420708337035,1376,4501.433676320668,0
2022,6,monthly_w28_hflat,x_cm,1758,10545.662412502183,1376,6612.214070175392,0
2022,6,monthly_w28_hflat,z_cm,1758,7270.055717159127,1376,4399.8878038789035,0
2022,6,monthly_w28_h14,x_cm,1758,10673.370200335527,1376,6691.378258100517,0
2022,6,monthly_w28_h14,z_cm,1758,7245.978813347886,1376,4383.444414156061,0
2022,6,monthly_w28_h28,x_cm,1758,10609.538661927323,1376,6652.4073060792725,0
2022,6,monthly_w28_h28,z_cm,1758,7254.215539498827,1376,4388.927501553867,0
2022,6,monthly_w28_h28_huber,x_cm,1758,10674.419426567933,1376,6704.823932391622,0
2022,6,monthly_w28_h28_huber,z_cm,1758,7254.512839817676,1376,4387.161023731009,0
2022,6,monthly_w56_hflat,x_cm,1758,10202.051539356256,1376,6304.748409957299,0
2022,6,monthly_w56_hflat,z_cm,1758,7191.896462500803,1376,4341.581186793661,0
2022,6,monthly_w56_h14,x_cm,1758,10418.533681120776,1376,6483.644746772372,0
2022,6,monthly_w56_h14,z_cm,1758,7215.362513261905,1376,4359.464769445518,0
2022,6,monthly_w56_h28,x_cm,1758,10287.915831651484,1376,6380.329194605196,0
2022,6,monthly_w56_h28,z_cm,1758,7202.136148474279,1376,4349.275797954129,0
2022,6,monthly_w56_h28_huber,x_cm,1758,10322.907930796695,1376,6408.645061454525,0
2022,6,monthly_w56_h28_huber,z_cm,1758,7207.486833424551,1376,4351.017110865101,0
2022,6,monthly_w84_hflat,x_cm,1758,10215.01547182602,1376,6314.352897662234,0
2022,6,monthly_w84_hflat,z_cm,1758,7211.604678999232,1376,4352.79095639112,0
2022,6,monthly_w84_h14,x_cm,1758,10414.892066054788,1376,6480.181730516295,0
2022,6,monthly_w84_h14,z_cm,1758,7220.1524684237975,1376,4362.13623301999,0
2022,6,monthly_w84_h28,x_cm,1758,10289.174280944186,1376,6379.8698966303145,0
2022,6,monthly_w84_h28,z_cm,1758,7212.694279455458,1376,4355.216838151395,0
2022,6,monthly_w84_h28_huber,x_cm,1758,10311.731917902227,1376,6397.601476699203,0
2022,6,monthly_w84_h28_huber,z_cm,1758,7218.9378934773695,1376,4357.806956011591,0
2022,6,weekly_w28_hflat,x_cm,1758,10683.794791421113,1376,6676.549640693824,0
2022,6,weekly_w28_hflat,z_cm,1758,7177.3993959220425,1376,4383.596299725793,0
2022,6,weekly_w28_h14,x_cm,1758,10745.793542013806,1376,6740.29618720494,0
2022,6,weekly_w28_h14,z_cm,1758,7204.8584174414555,1376,4410.295239293027,0
2022,6,weekly_w28_h28,x_cm,1758,10712.841536459782,1376,6707.372656063151,0
2022,6,weekly_w28_h28,z_cm,1758,7190.646962075986,1376,4397.126954314379,0
2022,6,weekly_w28_h28_huber,x_cm,1758,10701.898574724175,1376,6715.202809524879,0
2022,6,weekly_w28_h28_huber,z_cm,1758,7206.017035387155,1376,4406.022110538537,0
2022,6,weekly_w56_hflat,x_cm,1758,10257.788373221163,1376,6364.023784555392,0
2022,6,weekly_w56_hflat,z_cm,1758,7215.9852167746885,1376,4363.2139637861055,0
2022,6,weekly_w56_h14,x_cm,1758,10439.481732705368,1376,6510.193629121973,0
2022,6,weekly_w56_h14,z_cm,1758,7194.048914392768,1376,4384.548246133239,0
2022,6,weekly_w56_h28,x_cm,1758,10332.449605389222,1376,6423.522386756515,0
2022,6,weekly_w56_h28,z_cm,1758,7195.718168623293,1376,4370.048033910521,0
2022,6,weekly_w56_h28_huber,x_cm,1758,10359.646445570965,1376,6452.951629774871,0
2022,6,weekly_w56_h28_huber,z_cm,1758,7205.572975524066,1376,4377.013960894497,0
2022,6,weekly_w84_hflat,x_cm,1758,10219.811104876193,1376,6317.917424559562,0
2022,6,weekly_w84_hflat,z_cm,1758,7198.816733509696,1376,4356.458582362765,0
2022,6,weekly_w84_h14,x_cm,1758,10416.850816214834,1376,6486.496637268923,0
2022,6,weekly_w84_h14,z_cm,1758,7189.296758443521,1376,4380.574904057935,0
2022,6,weekly_w84_h28,x_cm,1758,10295.919294779711,1376,6384.092494363676,0
2022,6,weekly_w84_h28,z_cm,1758,7187.219364167871,1376,4364.101594757062,0
2022,6,weekly_w84_h28_huber,x_cm,1758,10309.525686968827,1376,6400.721370474948,0
2022,6,weekly_w84_h28_huber,z_cm,1758,7195.078107003788,1376,4369.116992312771,0
2022,6,weekly_w56_h7,x_cm,1758,10655.21971884957,1376,6682.290842374422,0
2022,6,weekly_w56_h7,z_cm,1758,7225.93701605722,1376,4422.5678136919005,0
2022,6,weekly_w56_h10,x_cm,1758,10531.233034442663,1376,6584.244684151576,0
2022,6,weekly_w56_h10,z_cm,1758,7202.94895172655,1376,4399.278711887442,0
2022,6,weekly_w56_h21,x_cm,1758,10365.731256401123,1376,6450.436282178502,0
2022,6,weekly_w56_h21,z_cm,1758,7193.253940612312,1376,4374.187955608517,0
2022,6,weekly_w84_h7,x_cm,1758,10650.720431192105,1376,6677.778369453724,0
2022,6,weekly_w84_h7,z_cm,1758,7224.561784089243,1376,4421.509771685594,0
2022,6,weekly_w84_h10,x_cm,1758,10518.46135154611,1376,6571.078124463188,0
2022,6,weekly_w84_h10,z_cm,1758,7199.898694525006,1376,4396.765481761495,0
2022,6,weekly_w84_h21,x_cm,1758,10333.38721141279,1376,6416.000540147098,0
2022,6,weekly_w84_h21,z_cm,1758,7186.350201812064,1376,4368.859961128968,0
2022,6,weekly_w112_h7,x_cm,1758,10650.727421899788,1376,6677.785749562616,0
2022,6,weekly_w112_h7,z_cm,1758,7224.571645437134,1376,4421.508796865082,0
2022,6,weekly_w112_h10,x_cm,1758,10518.519214019296,1376,6571.112784851263,0
2022,6,weekly_w112_h10,z_cm,1758,7199.974033849335,1376,4396.760517424198,0
2022,6,weekly_w112_h21,x_cm,1758,10333.811299442843,1376,6415.9404929736575,0
2022,6,weekly_w112_h21,z_cm,1758,7186.853197080938,1376,4368.8395947274075,0
2022,6,weekly_w112_h14,x_cm,1758,10417.049411715674,1376,6486.551155988612,0
2022,6,weekly_w112_h14,z_cm,1758,7189.541153561097,1376,4380.56553980711,0
2022,6,weekly_w84_h3.5,x_cm,1758,10885.848559342314,1376,6826.450624921973,0
2022,6,weekly_w84_h3.5,z_cm,1758,7338.798240657756,1376,4499.657325146452,0
2022,6,weekly_w28_h7,x_cm,1758,10811.899582148244,1376,6799.050021662418,0
2022,6,weekly_w28_h7,z_cm,1758,7237.672025790087,1376,4436.238973203294,0
2022,6,weekly_w84_h14_huber,x_cm,1758,10434.292648716411,1376,6508.365386521875,0
2022,6,weekly_w84_h14_huber,z_cm,1758,7194.06260571104,1376,4384.134133050045,0
2022,6,daily_w84_h3.5,x_cm,1758,10483.034076940037,1376,6519.013436695902,0
2022,6,daily_w84_h3.5,z_cm,1758,7340.938743907409,1376,4513.497119739376,0
2022,6,daily_w56_h7,x_cm,1758,10368.639427632446,1376,6465.049232850863,0
2022,6,daily_w56_h7,z_cm,1758,7236.457212323066,1376,4445.02706000169,0
2022,6,daily_w56_h14,x_cm,1758,10285.601564330316,1376,6399.53816674011,0
2022,6,daily_w56_h14,z_cm,1758,7200.553821943734,1376,4406.216832100679,0
2022,6,daily_w56_h28,x_cm,1758,10243.936743033559,1376,6363.92217606243,0
2022,6,daily_w56_h28,z_cm,1758,7198.905253335386,1376,4391.839374508876,0
2022,6,daily_w84_h7,x_cm,1758,10364.334501578636,1376,6461.24176211715,0
2022,6,daily_w84_h7,z_cm,1758,7234.811787459485,1376,4443.304687048203,0
2022,6,daily_w84_h14,x_cm,1758,10260.196142303294,1376,6374.907578692926,0
2022,6,daily_w84_h14,z_cm,1758,7194.234188750961,1376,4397.512467653634,0
2022,6,daily_w84_h28,x_cm,1758,10198.632818698481,1376,6318.132395502175,0
2022,6,daily_w84_h28,z_cm,1758,7189.068956363733,1376,4375.995721120652,0
2022,6,fortnightly_w84_h7,x_cm,1758,10617.781924045812,1376,6656.772829432592,0
2022,6,fortnightly_w84_h7,z_cm,1758,7176.8078097641455,1376,4385.984265240386,0
2022,6,fortnightly_w84_h14,x_cm,1758,10386.509715550252,1376,6463.087047598739,0
2022,6,fortnightly_w84_h14,z_cm,1758,7162.5669447914715,1376,4357.728055689498,0
2022,6,fortnightly_w84_h28,x_cm,1758,10279.24655988524,1376,6370.62937832147,0
2022,6,fortnightly_w84_h28,z_cm,1758,7171.46004517288,1376,4349.064820624306,0
2022,7,uncorrected,x_cm,1447,39132.80168067585,866,20227.370028159465,0
2022,7,uncorrected,z_cm,1447,18074.92946471119,866,9828.398301969806,0
2022,7,last_month,x_cm,1447,7858.287428098565,866,3886.220609878261,0
2022,7,last_month,z_cm,1447,7053.876727158304,866,3340.487677890749,0
2022,7,season_to_date,x_cm,1447,7804.1246527182775,866,3874.9554433993976,0
2022,7,season_to_date,z_cm,1447,7130.431735731069,866,3389.629706596499,0
2022,7,ewma_w2_h0.25,x_cm,1447,7845.8834670806355,866,3879.4771202298243,0
2022,7,ewma_w2_h0.25,z_cm,1447,7044.857464649528,866,3335.4592071188,0
2022,7,ewma_w2_h0.5,x_cm,1447,7828.794951545482,866,3870.420210486754,0
2022,7,ewma_w2_h0.5,z_cm,1447,7029.0729675767525,866,3326.5691470851325,0
2022,7,ewma_w2_h1,x_cm,1447,7829.0941195317555,866,3871.1057694131596,0
2022,7,ewma_w2_h1,z_cm,1447,7021.763929718772,866,3322.2929586705777,0
2022,7,ewma_w2_h2,x_cm,1447,7837.056860439734,866,3875.8951609241935,0
2022,7,ewma_w2_h2,z_cm,1447,7020.927110778606,866,3321.6492541940197,0
2022,7,ewma_w2_h3,x_cm,1447,7841.227470277151,866,3878.3490313649872,0
2022,7,ewma_w2_h3,z_cm,1447,7021.275391760901,866,3321.771669378613,0
2022,7,ewma_w3_h0.25,x_cm,1447,7844.964085856449,866,3879.1348035431893,0
2022,7,ewma_w3_h0.25,z_cm,1447,7045.632292660803,866,3335.940691691112,0
2022,7,ewma_w3_h0.5,x_cm,1447,7818.934707447084,866,3867.1846999414092,0
2022,7,ewma_w3_h0.5,z_cm,1447,7041.306688227356,866,3334.0783389644916,0
2022,7,ewma_w3_h1,x_cm,1447,7803.4071237696735,866,3863.6806877919926,0
2022,7,ewma_w3_h1,z_cm,1447,7063.105057564472,866,3347.5588311860192,0
2022,7,ewma_w3_h2,x_cm,1447,7799.047528213479,866,3865.709026922334,0
2022,7,ewma_w3_h2,z_cm,1447,7089.796593807778,866,3363.708587143513,0
2022,7,ewma_w3_h3,x_cm,1447,7798.571607286482,866,3867.211888024726,0
2022,7,ewma_w3_h3,z_cm,1447,7101.38713496746,866,3370.695176120399,0
2022,7,ewma_w6_h0.25,x_cm,1447,7844.964085856449,866,3879.1348035431893,0
2022,7,ewma_w6_h0.25,z_cm,1447,7045.632292660803,866,3335.940691691112,0
2022,7,ewma_w6_h0.5,x_cm,1447,7818.934707447084,866,3867.1846999414092,0
2022,7,ewma_w6_h0.5,z_cm,1447,7041.306688227356,866,3334.0783389644916,0
2022,7,ewma_w6_h1,x_cm,1447,7803.4071237696735,866,3863.6806877919926,0
2022,7,ewma_w6_h1,z_cm,1447,7063.105057564472,866,3347.5588311860192,0
2022,7,ewma_w6_h2,x_cm,1447,7799.047528213479,866,3865.709026922334,0
2022,7,ewma_w6_h2,z_cm,1447,7089.796593807778,866,3363.708587143513,0
2022,7,ewma_w6_h3,x_cm,1447,7798.571607286482,866,3867.211888024726,0
2022,7,ewma_w6_h3,z_cm,1447,7101.38713496746,866,3370.695176120399,0
2022,7,precision_h0.5_q0.25,x_cm,1447,7802.634565006372,866,3857.400177119475,0
2022,7,precision_h0.5_q0.25,z_cm,1447,7042.752651513514,866,3335.2363676944074,0
2022,7,precision_h0.5_q1,x_cm,1447,7827.120591267828,866,3870.1649981060514,0
2022,7,precision_h0.5_q1,z_cm,1447,7042.234115614292,866,3334.343822489697,0
2022,7,precision_h0.5_q2,x_cm,1447,7831.527126194283,866,3872.525792490002,0
2022,7,precision_h0.5_q2,z_cm,1447,7042.232545629757,866,3334.259907736584,0
2022,7,precision_h1_q0.25,x_cm,1447,7775.872476819734,866,3847.434213251774,0
2022,7,precision_h1_q0.25,z_cm,1447,7053.520329144504,866,3342.4209552462066,0
2022,7,precision_h1_q1,x_cm,1447,7807.368372488589,866,3861.9308825608227,0
2022,7,precision_h1_q1,z_cm,1447,7046.195339453161,866,3337.242592797974,0
2022,7,precision_h1_q2,x_cm,1447,7813.643022539201,866,3865.0738197560268,0
2022,7,precision_h1_q2,z_cm,1447,7045.498140032689,866,3336.692335081805,0
2022,7,precision_h2_q0.25,x_cm,1447,7767.453789808833,866,3847.126917947621,0
2022,7,precision_h2_q0.25,z_cm,1447,7070.601635487481,866,3352.961803029689,0
2022,7,precision_h2_q1,x_cm,1447,7797.406827217479,866,3859.200424972449,0
2022,7,precision_h2_q1,z_cm,1447,7057.015611458524,866,3344.004397031822,0
2022,7,precision_h2_q2,x_cm,1447,7804.002136328035,866,3862.2969022433335,0
2022,7,precision_h2_q2,z_cm,1447,7055.589041011859,866,3342.9950479171216,0
2022,7,ema_a0.5,x_cm,1447,7793.200722895641,866,3863.1962020874835,0
2022,7,ema_a0.5,z_cm,1447,7097.142990107581,866,3368.202956353137,0
2022,7,ema_a0.75,x_cm,1447,7816.163379598014,866,3866.348753409069,0
2022,7,ema_a0.75,z_cm,1447,7045.249059423328,866,3336.4924643122445,0
2022,7,ema_a0.9,x_cm,1447,7838.037317176955,866,3875.6697121097695,0
2022,7,ema_a0.9,z_cm,1447,7042.772785711819,866,3334.42473095661,0
2022,7,kalman_q0.25,x_cm,1447,7783.286121299374,866,3871.274613091193,0
2022,7,kalman_q0.25,z_cm,1447,7075.745734253228,866,3353.532956433239,0
2022,7,kalman_q0.5,x_cm,1447,7779.998886745826,866,3862.2914416728363,0
2022,7,kalman_q0.5,z_cm,1447,7056.180252317203,866,3343.2690767667455,0
2022,7,kalman_q1,x_cm,1447,7806.248897025967,866,3866.191092592002,0
2022,7,kalman_q1,z_cm,1447,7054.67709945475,866,3342.2417378479977,0
2022,7,kalman_q2,x_cm,1447,7836.217094395797,866,3876.784442368742,0
2022,7,kalman_q2,z_cm,1447,7054.610143772987,866,3341.46341547458,0
2022,7,kalman_q4,x_cm,1447,7851.592427291466,866,3883.2625212218095,0
2022,7,kalman_q4,z_cm,1447,7054.1430904038625,866,3340.80510766479,0
2022,7,adaptive_q0.5,x_cm,1447,7779.998886745826,866,3862.2914416728363,0
2022,7,adaptive_q0.5,z_cm,1447,7056.180252317203,866,3343.2690767667455,0
2022,7,adaptive_q1,x_cm,1447,7806.248897025967,866,3866.191092592002,0
2022,7,adaptive_q1,z_cm,1447,7054.67709945475,866,3342.2417378479977,0
2022,7,adaptive_q2,x_cm,1447,7836.217094395797,866,3876.784442368742,0
2022,7,adaptive_q2,z_cm,1447,7054.610143772987,866,3341.46341547458,0
2022,7,trend_d0.25,x_cm,1447,7945.6788469385,866,3934.369604123278,0
2022,7,trend_d0.25,z_cm,1447,7108.236768851089,866,3370.5492602079025,0
2022,7,trend_d0.5,x_cm,1447,8089.21006927686,866,4014.072481707887,0
2022,7,trend_d0.5,z_cm,1447,7188.54719078371,866,3414.6813078696523,0
2022,7,monthly_w28_hflat,x_cm,1447,7888.036648178377,866,3901.035272948274,0
2022,7,monthly_w28_hflat,z_cm,1447,7007.187590813861,866,3313.016761978177,0
2022,7,monthly_w28_h14,x_cm,1447,7740.515755874837,866,3832.4527073673016,0
2022,7,monthly_w28_h14,z_cm,1447,6979.244923489214,866,3304.2026744223012,0
2022,7,monthly_w28_h28,x_cm,1447,7808.462705073838,866,3863.1448223545294,0
2022,7,monthly_w28_h28,z_cm,1447,6994.501686897515,866,3310.108673580664,0
2022,7,monthly_w28_h28_huber,x_cm,1447,7827.306617102593,866,3874.611942240531,0
2022,7,monthly_w28_h28_huber,z_cm,1447,7007.996050474727,866,3315.5747712278107,0
2022,7,monthly_w56_hflat,x_cm,1447,7873.786070929483,866,3897.233909310154,0
2022,7,monthly_w56_hflat,z_cm,1447,7006.581005712621,866,3323.4171319013135,0
2022,7,monthly_w56_h14,x_cm,1447,7730.7353919618545,866,3827.5549190959846,0
2022,7,monthly_w56_h14,z_cm,1447,6987.956220783559,866,3316.8266967539425,0
2022,7,monthly_w56_h28,x_cm,1447,7798.171357379068,866,3858.8169940972243,0
2022,7,monthly_w56_h28,z_cm,1447,6999.719113345225,866,3322.420125300613,0
2022,7,monthly_w56_h28_huber,x_cm,1447,7775.443611793537,866,3848.2457186272422,0
2022,7,monthly_w56_h28_huber,z_cm,1447,7027.153821524337,866,3337.871893962964,0
2022,7,monthly_w84_hflat,x_cm,1447,7706.539208428322,866,3829.4439364299596,0
2022,7,monthly_w84_hflat,z_cm,1447,7082.346024302602,866,3362.16725620857,0
2022,7,monthly_w84_h14,x_cm,1447,7711.524328722247,866,3821.1245922706157,0
2022,7,monthly_w84_h14,z_cm,1447,6992.002432519566,866,3317.3227336424566,0
2022,7,monthly_w84_h28,x_cm,1447,7733.038411028221,866,3834.2067792368007,0
2022,7,monthly_w84_h28,z_cm,1447,7025.438421624956,866,3333.4869598208925,0
2022,7,monthly_w84_h28_huber,x_cm,1447,7712.49641851765,866,3824.8476498398577,0
2022,7,monthly_w84_h28_huber,z_cm,1447,7058.946472572523,866,3352.065092512423,0
2022,7,weekly_w28_hflat,x_cm,1447,7692.631970423733,866,3952.9305285193755,93
2022,7,weekly_w28_hflat,z_cm,1447,6945.5425454411,866,3350.147502890204,93
2022,7,weekly_w28_h14,x_cm,1447,7690.6887249371175,866,3938.2018119115673,93
2022,7,weekly_w28_h14,z_cm,1447,6920.968095919126,866,3317.607508419621,93
2022,7,weekly_w28_h28,x_cm,1447,7688.2685738934615,866,3943.4100864536317,93
2022,7,weekly_w28_h28,z_cm,1447,6933.209242040162,866,3334.6241988035363,93
2022,7,weekly_w28_h28_huber,x_cm,1447,7697.063257426706,866,3946.6448791536714,93
2022,7,weekly_w28_h28_huber,z_cm,1447,6961.862568663688,866,3348.8130690843127,93
2022,7,weekly_w56_hflat,x_cm,1447,7734.189801058376,866,3891.3985643987107,0
2022,7,weekly_w56_hflat,z_cm,1447,6961.61085567294,866,3317.8520191149782,0
2022,7,weekly_w56_h14,x_cm,1447,7639.460927113314,866,3886.309564518121,0
2022,7,weekly_w56_h14,z_cm,1447,6923.876311079592,866,3300.9388938893185,0
2022,7,weekly_w56_h28,x_cm,1447,7671.049296960707,866,3886.629584573552,0
2022,7,weekly_w56_h28,z_cm,1447,6938.293181988484,866,3309.44309382776,0
2022,7,weekly_w56_h28_huber,x_cm,1447,7664.308697111514,866,3873.8464583900213,0
2022,7,weekly_w56_h28_huber,z_cm,1447,6957.346069402076,866,3322.1730089530492,0
2022,7,weekly_w84_hflat,x_cm,1447,7690.903947285157,866,3843.416800722273,0
2022,7,weekly_w84_hflat,z_cm,1447,7020.629475411152,866,3360.6675349626694,0
2022,7,weekly_w84_h14,x_cm,1447,7631.77174016824,866,3879.653719162744,0
2022,7,weekly_w84_h14,z_cm,1447,6928.841130426366,866,3304.893167189787,0
2022,7,weekly_w84_h28,x_cm,1447,7656.507469725532,866,3867.49288422145,0
2022,7,weekly_w84_h28,z_cm,1447,6960.025551567496,866,3325.1639586820224,0
2022,7,weekly_w84_h28_huber,x_cm,1447,7645.028163112374,866,3860.2596665463316,0
2022,7,weekly_w84_h28_huber,z_cm,1447,6987.467579251104,866,3343.478466775715,0
2022,7,weekly_w56_h7,x_cm,1447,7657.466330142538,866,3906.1526868215424,0
2022,7,weekly_w56_h7,z_cm,1447,6908.115861667184,866,3278.6302840422454,0
2022,7,weekly_w56_h10,x_cm,1447,7636.487682082674,866,3891.3825088194767,0
2022,7,weekly_w56_h10,z_cm,1447,6916.4300126756825,866,3292.950572968227,0
2022,7,weekly_w56_h21,x_cm,1447,7656.804759423049,866,3885.780871269065,0
2022,7,weekly_w56_h21,z_cm,1447,6932.635749090241,866,3306.716745576129,0
2022,7,weekly_w84_h7,x_cm,1447,7654.307795655661,866,3904.7927232711068,0
2022,7,weekly_w84_h7,z_cm,1447,6908.130831351178,866,3278.822429303209,0
2022,7,weekly_w84_h10,x_cm,1447,7630.61940398466,866,3888.033577786393,0
2022,7,weekly_w84_h10,z_cm,1447,6917.423960155529,866,3294.025500085031,0
2022,7,weekly_w84_h21,x_cm,1447,7645.92809167073,866,3872.4470289546484,0
2022,7,weekly_w84_h21,z_cm,1447,6946.681198035802,866,3317.038644960204,0
2022,7,weekly_w112_h7,x_cm,1447,7654.231357597528,866,3904.7768205104403,0
2022,7,weekly_w112_h7,z_cm,1447,6908.317425044827,866,3278.9001690285427,0
2022,7,weekly_w112_h10,x_cm,1447,7630.594204540326,866,3888.1910312943146,0
2022,7,weekly_w112_h10,z_cm,1447,6918.911618788887,866,3294.628301158412,0
2022,7,weekly_w112_h21,x_cm,1447,7651.08513461047,866,3876.922875700236,0
2022,7,weekly_w112_h21,z_cm,1447,6962.508370456762,866,3322.929974670984,0
2022,7,weekly_w112_h14,x_cm,1447,7632.890962533264,866,3880.828792739395,0
2022,7,weekly_w112_h14,z_cm,1447,6934.504759596933,866,3307.102016509273,0
2022,7,weekly_w84_h3.5,x_cm,1447,7768.109782715359,866,3962.027419514485,0
2022,7,weekly_w84_h3.5,z_cm,1447,6895.273548633821,866,3231.5174575445126,0
2022,7,weekly_w28_h7,x_cm,1447,7713.518941815301,866,3940.1022813203717,93
2022,7,weekly_w28_h7,z_cm,1447,6898.703125354086,866,3282.3079981728806,93
2022,7,weekly_w84_h14_huber,x_cm,1447,7629.190926921172,866,3878.2011381716247,0
2022,7,weekly_w84_h14_huber,z_cm,1447,6949.142096095797,866,3318.4457425467367,0
2022,7,daily_w84_h3.5,x_cm,1447,7703.305121794028,866,3831.1941489140463,0
2022,7,daily_w84_h3.5,z_cm,1447,6917.244166030895,866,3205.494183390864,0
2022,7,daily_w56_h7,x_cm,1447,7590.906031615791,866,3826.126528967338,0
2022,7,daily_w56_h7,z_cm,1447,6862.599386114036,866,3230.816467036954,0
2022,7,daily_w56_h14,x_cm,1447,7600.276926955537,866,3846.73503889305,0
2022,7,daily_w56_h14,z_cm,1447,6879.9338607732425,866,3267.1398236237083,0
2022,7,daily_w56_h28,x_cm,1447,7645.883699011859,866,3871.1117074173326,0
2022,7,daily_w56_h28,z_cm,1447,6905.028824265581,866,3289.704000601859,0
2022,7,daily_w84_h7,x_cm,1447,7588.691948390899,866,3824.616926546972,0
2022,7,daily_w84_h7,z_cm,1447,6862.381710835233,866,3230.752134964656,0
2022,7,daily_w84_h14,x_cm,1447,7592.354470994627,866,3837.790924139549,0
2022,7,daily_w84_h14,z_cm,1447,6883.804103270206,866,3267.762563019284,0
2022,7,daily_w84_h28,x_cm,1447,7628.230535603447,866,3844.1597012287957,0
2022,7,daily_w84_h28,z_cm,1447,6923.823215225063,866,3295.5544463105957,0
2022,7,fortnightly_w84_h7,x_cm,1447,7678.983102584524,866,3928.3783767220166,0
2022,7,fortnightly_w84_h7,z_cm,1447,6890.68712540127,866,3264.919716443384,0
2022,7,fortnightly_w84_h14,x_cm,1447,7660.9746368437245,866,3901.4181965517546,0
2022,7,fortnightly_w84_h14,z_cm,1447,6922.143639334805,866,3295.5050772817085,0
2022,7,fortnightly_w84_h28,x_cm,1447,7680.958562929548,866,3884.0961311101,0
2022,7,fortnightly_w84_h28,z_cm,1447,6967.687959195023,866,3325.4833113103996,0
2022,8,uncorrected,x_cm,1715,52760.97623738137,1327,37871.97120644788,0
2022,8,uncorrected,z_cm,1715,20025.34512218042,1327,12985.696981189516,0
2022,8,last_month,x_cm,1715,8782.170900287305,1327,5614.369667295203,0
2022,8,last_month,z_cm,1715,6880.505282929563,1327,4008.330425380744,0
2022,8,season_to_date,x_cm,1715,8616.386407206699,1327,5437.417265284889,0
2022,8,season_to_date,z_cm,1715,6873.646830242222,1327,4006.979732515054,0
2022,8,ewma_w2_h0.25,x_cm,1715,8732.861151093857,1327,5576.101905424057,0
2022,8,ewma_w2_h0.25,z_cm,1715,6867.72450555011,1327,4000.4888459707136,0
2022,8,ewma_w2_h0.5,x_cm,1715,8635.19680704001,1327,5497.78567224859,0
2022,8,ewma_w2_h0.5,z_cm,1715,6846.760768943416,1327,3988.9017918204618,0
2022,8,ewma_w2_h1,x_cm,1715,8569.764441002677,1327,5441.354557065641,0
2022,8,ewma_w2_h1,z_cm,1715,6839.548888764501,1327,3987.33423235203,0
2022,8,ewma_w2_h2,x_cm,1715,8542.762063842856,1327,5415.423364834622,0
2022,8,ewma_w2_h2,z_cm,1715,6841.132445169309,1327,3990.8214744082306,0
2022,8,ewma_w2_h3,x_cm,1715,8535.581564206366,1327,5407.835390847434,0
2022,8,ewma_w2_h3,z_cm,1715,6842.7477630516,1327,3992.831557785549,0
2022,8,ewma_w3_h0.25,x_cm,1715,8730.864212807683,1327,5574.582713929533,0
2022,8,ewma_w3_h0.25,z_cm,1715,6866.492580862243,1327,3999.586332072058,0
2022,8,ewma_w3_h0.5,x_cm,1715,8622.233104763029,1327,5487.266516203971,0
2022,8,ewma_w3_h0.5,z_cm,1715,6835.840885439435,1327,3980.7550498748033,0
2022,8,ewma_w3_h1,x_cm,1715,8563.053320218089,1327,5433.194659720597,0
2022,8,ewma_w3_h1,z_cm,1715,6819.131641052987,1327,3971.3615128992624,0
2022,8,ewma_w3_h2,x_cm,1715,8558.579364701432,1327,5422.275515591091,0
2022,8,ewma_w3_h2,z_cm,1715,6818.540685782558,1327,3971.975919992289,0
2022,8,ewma_w3_h3,x_cm,1715,8563.289579058346,1327,5422.9900045704235,0
2022,8,ewma_w3_h3,z_cm,1715,6820.254705332895,1327,3973.4187965183473,0
2022,8,ewma_w6_h0.25,x_cm,1715,8730.73582849543,1327,5574.469454029182,0
2022,8,ewma_w6_h0.25,z_cm,1715,6866.408040878932,1327,3999.522639481747,0
2022,8,ewma_w6_h0.5,x_cm,1715,8618.967791170344,1327,5483.845531170734,0
2022,8,ewma_w6_h0.5,z_cm,1715,6833.46526762742,1327,3978.8990473556523,0
2022,8,ewma_w6_h1,x_cm,1715,8559.512806759252,1327,5424.946484200929,0
2022,8,ewma_w6_h1,z_cm,1715,6816.610963836958,1327,3968.707573685859,0
2022,8,ewma_w6_h2,x_cm,1715,8564.221839990612,1327,5415.313716666371,0
2022,8,ewma_w6_h2,z_cm,1715,6825.593155608809,1327,3975.323756252671,0
2022,8,ewma_w6_h3,x_cm,1715,8574.288254414289,1327,5417.630176424553,0
2022,8,ewma_w6_h3,z_cm,1715,6833.6350196819985,1327,3980.9292190371916,0
2022,8,precision_h0.5_q0.25,x_cm,1715,8611.422990572137,1327,5482.383326023037,0
2022,8,precision_h0.5_q0.25,z_cm,1715,6844.866208640387,1327,3987.441344204064,0
2022,8,precision_h0.5_q1,x_cm,1715,8670.670689821618,1327,5527.477340691037,0
2022,8,precision_h0.5_q1,z_cm,1715,6850.50866557326,1327,3989.4760163565725,0
2022,8,precision_h0.5_q2,x_cm,1715,8680.173915329455,1327,5534.589426126952,0
2022,8,precision_h0.5_q2,z_cm,1715,6851.580029080129,1327,3990.0603178800643,0
2022,8,precision_h1_q0.25,x_cm,1715,8528.5934597249,1327,5411.840454860175,0
2022,8,precision_h1_q0.25,z_cm,1715,6824.268174831704,1327,3974.8585692454185,0
2022,8,precision_h1_q1,x_cm,1715,8594.734611469572,1327,5464.280872359223,0
2022,8,precision_h1_q1,z_cm,1715,6826.976448790383,1327,3974.3398131948443,0
2022,8,precision_h1_q2,x_cm,1715,8607.78472754949,1327,5474.208312182362,0
2022,8,precision_h1_q2,z_cm,1715,6828.088823486956,1327,3974.8872325125976,0
2022,8,precision_h2_q0.25,x_cm,1715,8508.323835638588,1327,5386.930608269095,0
2022,8,precision_h2_q0.25,z_cm,1715,6821.546327423935,1327,3973.2894198793074,0
2022,8,precision_h2_q1,x_cm,1715,8560.315237527077,1327,5431.14669488245,0
2022,8,precision_h2_q1,z_cm,1715,6816.353439974391,1327,3967.481561988815,0
2022,8,precision_h2_q2,x_cm,1715,8573.056811624241,1327,5441.085464579377,0
2022,8,precision_h2_q2,z_cm,1715,6816.749099531249,1327,3967.5294754470883,0
2022,8,ema_a0.5,x_cm,1715,8559.92279595117,1327,5420.181089219811,0
2022,8,ema_a0.5,z_cm,1715,6817.121411505726,1327,3968.3708010391424,0
2022,8,ema_a0.75,x_cm,1715,8617.933852841405,1327,5482.7490711365845,0
2022,8,ema_a0.75,z_cm,1715,6832.715984174282,1327,3978.312183484749,0
2022,8,ema_a0.9,x_cm,1715,8703.276414295866,1327,5552.852013562185,0
2022,8,ema_a0.9,z_cm,1715,6858.622595542678,1327,3994.64944620805,0
2022,8,kalman_q0.25,x_cm,1715,8434.794870521859,1327,5311.798735936135,0
2022,8,kalman_q0.25,z_cm,1715,6823.995792693015,1327,3980.1608276939933,0
2022,8,kalman_q0.5,x_cm,1715,8509.394141014738,1327,5381.398850195875,0
2022,8,kalman_q0.5,z_cm,1715,6825.312094648685,1327,3973.8805640291266,0
2022,8,kalman_q1,x_cm,1715,8633.584878575526,1327,5487.583031921431,0
2022,8,kalman_q1,z_cm,1715,6852.987185065713,1327,3989.648599005588,0
2022,8,kalman_q2,x_cm,1715,8726.632858834151,1327,5566.742083651173,0
2022,8,kalman_q2,z_cm,1715,6872.259512891823,1327,4002.5484019089677,0
2022,8,kalman_q4,x_cm,1715,8766.050719323612,1327,5600.514077282055,0
2022,8,kalman_q4,z_cm,1715,6878.408408868922,1327,4006.841702487923,0
2022,8,adaptive_q0.5,x_cm,1715,8509.394141014738,1327,5381.398850195875,0
2022,8,adaptive_q0.5,z_cm,1715,6825.312094648685,1327,3973.8805640291266,0
2022,8,adaptive_q1,x_cm,1715,8633.584878575526,1327,5487.583031921431,0
2022,8,adaptive_q1,z_cm,1715,6852.987185065713,1327,3989.648599005588,0
2022,8,adaptive_q2,x_cm,1715,8726.632858834151,1327,5566.742083651173,0
2022,8,adaptive_q2,z_cm,1715,6872.259512891823,1327,4002.5484019089677,0
2022,8,trend_d0.25,x_cm,1715,9048.281622669223,1327,5813.993892437787,0
2022,8,trend_d0.25,z_cm,1715,6961.374721060985,1327,4061.434151559607,0
2022,8,trend_d0.5,x_cm,1715,9405.940240409811,1327,6073.500596840726,0
2022,8,trend_d0.5,z_cm,1715,7085.231709913229,1327,4146.557804659036,0
2022,8,monthly_w28_hflat,x_cm,1715,8701.000928239144,1327,5541.110246566472,0
2022,8,monthly_w28_hflat,z_cm,1715,6933.79680859612,1327,4052.8643312843487,0
2022,8,monthly_w28_h14,x_cm,1715,8580.894720833596,1327,5428.552809115501,0
2022,8,monthly_w28_h14,z_cm,1715,6959.072961856225,1327,4068.411901616497,0
2022,8,monthly_w28_h28,x_cm,1715,8641.132659676077,1327,5487.037851392492,0
2022,8,monthly_w28_h28,z_cm,1715,6941.302288982033,1327,4056.967019062384,0
2022,8,monthly_w28_h28_huber,x_cm,1715,8619.829310981757,1327,5458.245315747934,0
2022,8,monthly_w28_h28_huber,z_cm,1715,6874.143597141559,1327,4005.1973610583586,0
2022,8,monthly_w56_hflat,x_cm,1715,8453.838841102312,1327,5347.735798589329,0
2022,8,monthly_w56_hflat,z_cm,1715,6890.806401541651,1327,4026.840089572489,0
2022,8,monthly_w56_h14,x_cm,1715,8545.522869975815,1327,5411.482174639779,0
2022,8,monthly_w56_h14,z_cm,1715,6889.424240434466,1327,4017.9403285014605,0
2022,8,monthly_w56_h28,x_cm,1715,8510.705782206915,1327,5391.870767859191,0
2022,8,monthly_w56_h28,z_cm,1715,6872.508687148531,1327,4009.2726378848947,0
2022,8,monthly_w56_h28_huber,x_cm,1715,8504.431016392746,1327,5377.365402178231,0
2022,8,monthly_w56_h28_huber,z_cm,1715,6859.446427306217,1327,4000.29514594344,0
2022,8,monthly_w84_hflat,x_cm,1715,8602.994151123345,1327,5458.251375698907,0
2022,8,monthly_w84_hflat,z_cm,1715,6819.584509114778,1327,3973.1084008228013,0
2022,8,monthly_w84_h14,x_cm,1715,8525.653578087124,1327,5399.8349584806865,0
2022,8,monthly_w84_h14,z_cm,1715,6856.513198086281,1327,3995.8772013647917,0
2022,8,monthly_w84_h28,x_cm,1715,8521.401664735095,1327,5403.47519432443,0
2022,8,monthly_w84_h28,z_cm,1715,6819.264023087728,1327,3972.8369367052137,0
2022,8,monthly_w84_h28_huber,x_cm,1715,8488.085829556916,1327,5372.2653512003,0
2022,8,monthly_w84_h28_huber,z_cm,1715,6819.4608346145105,1327,3973.0418478697907,0
2022,8,weekly_w28_hflat,x_cm,1715,8759.99987648665,1327,5391.754923012028,39
2022,8,weekly_w28_hflat,z_cm,1715,6878.189116552507,1327,3959.2314644835405,39
2022,8,weekly_w28_h14,x_cm,1715,8735.144808745172,1327,5368.031266110564,39
2022,8,weekly_w28_h14,z_cm,1715,6913.0640197298635,1327,3986.73381705076,39
2022,8,weekly_w28_h28,x_cm,1715,8749.755904200425,1327,5380.9482732807755,39
2022,8,weekly_w28_h28,z_cm,1715,6891.7418232366235,1327,3969.950324995638,39
2022,8,weekly_w28_h28_huber,x_cm,1715,8724.926467765436,1327,5373.087963456548,39
2022,8,weekly_w28_h28_huber,z_cm,1715,6883.623343390302,1327,3977.3887861576723,39
2022,8,weekly_w56_hflat,x_cm,1715,8527.273667769088,1327,5365.268887750615,0
2022,8,weekly_w56_hflat,z_cm,1715,6873.689295414617,1327,3976.294767243433,0
2022,8,weekly_w56_h14,x_cm,1715,8583.6598568472,1327,5328.366775060315,0
2022,8,weekly_w56_h14,z_cm,1715,6877.243148493822,1327,3972.698098884374,0
2022,8,weekly_w56_h28,x_cm,1715,8546.290539376929,1327,5339.2183990317,0
2022,8,weekly_w56_h28,z_cm,1715,6863.427957425962,1327,3966.8603771919456,0
2022,8,weekly_w56_h28_huber,x_cm,1715,8556.362835497159,1327,5336.5143492590705,0
2022,8,weekly_w56_h28_huber,z_cm,1715,6858.075591974158,1327,3964.6082559155243,0
2022,8,weekly_w84_hflat,x_cm,1715,8549.618077671164,1327,5377.8604419196145,0
2022,8,weekly_w84_hflat,z_cm,1715,6814.635318393595,1327,3977.741125211905,0
2022,8,weekly_w84_h14,x_cm,1715,8553.6447751833,1327,5313.359956539013,0
2022,8,weekly_w84_h14,z_cm,1715,6845.286908967522,1327,3964.5502083806437,0
2022,8,weekly_w84_h28,x_cm,1715,8514.910261528199,1327,5325.063350950288,0
2022,8,weekly_w84_h28,z_cm,1715,6811.604028648303,1327,3958.6654143155342,0
2022,8,weekly_w84_h28_huber,x_cm,1715,8511.390392470834,1327,5313.393217468068,0
2022,8,weekly_w84_h28_huber,z_cm,1715,6816.372129089753,1327,3964.842196544497,0
2022,8,weekly_w56_h7,x_cm,1715,8648.661739326399,1327,5330.773493526798,0
2022,8,weekly_w56_h7,z_cm,1715,6946.612192687362,1327,4014.9034011840786,0
2022,8,weekly_w56_h10,x_cm,1715,8614.21778286922,1327,5327.360475640739,0
2022,8,weekly_w56_h10,z_cm,1715,6901.644709331625,1327,3986.459109566395,0
2022,8,weekly_w56_h21,x_cm,1715,8557.647060056497,1327,5334.0334472346585,0
2022,8,weekly_w56_h21,z_cm,1715,6865.4440684545725,1327,3967.135965153711,0
2022,8,weekly_w84_h7,x_cm,1715,8642.41796002698,1327,5327.281516754485,0
2022,8,weekly_w84_h7,z_cm,1715,6941.300669278965,1327,4013.105119827314,0
2022,8,weekly_w84_h10,x_cm,1715,8595.91941248799,1327,5317.72057462542,0
2022,8,weekly_w84_h10,z_cm,1715,6884.301013503808,1327,3981.2988398850134,0
2022,8,weekly_w84_h21,x_cm,1715,8522.927927332863,1327,5317.670845191224,0
2022,8,weekly_w84_h21,z_cm,1715,6819.592403966917,1327,3958.0669951323207,0
2022,8,weekly_w112_h7,x_cm,1715,8641.946697692409,1327,5327.003702042957,0
2022,8,weekly_w112_h7,z_cm,1715,6940.988942227673,1327,4012.92270668952,0
2022,8,weekly_w112_h10,x_cm,1715,8592.759793581747,1327,5316.147826677163,0
2022,8,weekly_w112_h10,z_cm,1715,6882.294342804279,1327,3980.1079460057767,0
2022,8,weekly_w112_h21,x_cm,1715,8508.4091100466,1327,5315.142673261044,0
2022,8,weekly_w112_h21,z_cm,1715,6811.353577864026,1327,3952.395353334131,0
2022,8,weekly_w112_h14,x_cm,1715,8544.941505406732,1327,5310.032839198135,0
2022,8,weekly_w112_h14,z_cm,1715,6839.9766724365145,1327,3961.2551521583046,0
2022,8,weekly_w84_h3.5,x_cm,1715,8722.010415768771,1327,5360.713944835894,0
2022,8,weekly_w84_h3.5,z_cm,1715,7050.547286139426,1327,4098.303872838854,0
2022,8,weekly_w28_h7,x_cm,1715,8705.918385083443,1327,5344.356429218332,39
2022,8,weekly_w28_h7,z_cm,1715,6970.3285797402805,1327,4032.0466352403755,39
2022,8,weekly_w84_h14_huber,x_cm,1715,8562.834864764305,1327,5312.850246581538,0
2022,8,weekly_w84_h14_huber,z_cm,1715,6848.987978936062,1327,3971.9033476664613,0
2022,8,daily_w84_h3.5,x_cm,1715,8580.89494421554,1327,5315.483327657986,0
2022,8,daily_w84_h3.5,z_cm,1715,7058.325382942598,1327,4096.52985043314,0
2022,8,daily_w56_h7,x_cm,1715,8530.208681683387,1327,5277.94316431454,0
2022,8,daily_w56_h7,z_cm,1715,6944.206271437796,1327,4009.4348083626182,0
2022,8,daily_w56_h14,x_cm,1715,8515.426003194492,1327,5290.684566905234,0
2022,8,daily_w56_h14,z_cm,1715,6869.223771442197,1327,3961.760308693043,0
2022,8,daily_w56_h28,x_cm,1715,8498.517626309575,1327,5306.415338916833,0
2022,8,daily_w56_h28,z_cm,1715,6848.814164395972,1327,3952.9300395940736,0
2022,8,daily_w84_h7,x_cm,1715,8524.47509751017,1327,5274.993937565043,0
2022,8,daily_w84_h7,z_cm,1715,6938.9063363255655,1327,4006.852494273544,0
2022,8,daily_w84_h14,x_cm,1715,8479.273724809074,1327,5274.148112925439,0
2022,8,daily_w84_h14,z_cm,1715,6842.553710658079,1327,3954.0801414359416,0
2022,8,daily_w84_h28,x_cm,1715,8449.956026621887,1327,5287.482848965487,0
2022,8,daily_w84_h28,z_cm,1715,6811.1397082159565,1327,3950.496140567411,0
2022,8,fortnightly_w84_h7,x_cm,1715,8665.107902785254,1327,5351.633056233299,0
2022,8,fortnightly_w84_h7,z_cm,1715,6785.579906804247,1327,3914.4096750852364,0
2022,8,fortnightly_w84_h14,x_cm,1715,8559.23643252724,1327,5341.9107719691165,0
2022,8,fortnightly_w84_h14,z_cm,1715,6791.48534192136,1327,3926.6022330761025,0
2022,8,fortnightly_w84_h28,x_cm,1715,8523.444913587762,1327,5352.390751855082,0
2022,8,fortnightly_w84_h28,z_cm,1715,6797.011787304675,1327,3944.1411639811913,0
2022,9,uncorrected,x_cm,1820,60242.86851807968,1303,38088.29429638747,0
2022,9,uncorrected,z_cm,1820,23338.03191282493,1303,14514.544761359688,0
2022,9,last_month,x_cm,1820,10051.855541893463,1303,5451.986908520805,0
2022,9,last_month,z_cm,1820,8877.66146199709,1303,4879.2367553612075,0
2022,9,season_to_date,x_cm,1820,9796.337820673747,1303,5317.179051286419,0
2022,9,season_to_date,z_cm,1820,8774.582668022002,1303,4846.891527477654,0
2022,9,ewma_w2_h0.25,x_cm,1820,10019.107137016827,1303,5428.128284061175,0
2022,9,ewma_w2_h0.25,z_cm,1820,8861.968920389956,1303,4872.0718917120685,0
2022,9,ewma_w2_h0.5,x_cm,1820,9962.97792985252,1303,5388.20570134439,0
2022,9,ewma_w2_h0.5,z_cm,1820,8832.672638831009,1303,4860.69485407,0
2022,9,ewma_w2_h1,x_cm,1820,9939.090854896853,1303,5372.976375427476,0
2022,9,ewma_w2_h1,z_cm,1820,8815.848507745184,1303,4857.492549224903,0
2022,9,ewma_w2_h2,x_cm,1820,9938.387014051737,1303,5374.377193989494,0
2022,9,ewma_w2_h2,z_cm,1820,8810.776364963738,1303,4859.120436044352,0
2022,9,ewma_w2_h3,x_cm,1820,9940.59727324979,1303,5376.762600301107,0
2022,9,ewma_w2_h3,z_cm,1820,8809.91754153322,1303,4860.325789412064,0
2022,9,ewma_w3_h0.25,x_cm,1820,10015.88227183517,1303,5426.219448019287,0
2022,9,ewma_w3_h0.25,z_cm,1820,8860.203535554314,1303,4870.97594210471,0
2022,9,ewma_w3_h0.5,x_cm,1820,9928.349480873403,1303,5368.510118781092,0
2022,9,ewma_w3_h0.5,z_cm,1820,8814.757001069274,1303,4849.594323218181,0
2022,9,ewma_w3_h1,x_cm,1820,9851.954423833668,1303,5324.859560748627,0
2022,9,ewma_w3_h1,z_cm,1820,8776.689021982771,1303,4833.208757274377,0
2022,9,ewma_w3_h2,x_cm,1820,9813.597075489133,1303,5306.193775351136,0
2022,9,ewma_w3_h2,z_cm,1820,8762.667958751577,1303,4829.133283030017,0
2022,9,ewma_w3_h3,x_cm,1820,9802.26358514414,1303,5301.331676215036,0
2022,9,ewma_w3_h3,z_cm,1820,8760.246222418078,1303,4829.250879309469,0
2022,9,ewma_w6_h0.25,x_cm,1820,10015.656703102417,1303,5426.088807707054,0
2022,9,ewma_w6_h0.25,z_cm,1820,8860.10139022247,1303,4870.918526238127,0
2022,9,ewma_w6_h0.5,x_cm,1820,9919.128168467061,1303,5363.473698492431,0
2022,9,ewma_w6_h0.5,z_cm,1820,8809.727115948455,1303,4846.786221356109,0
2022,9,ewma_w6_h1,x_cm,1820,9820.626976604584,1303,5309.390962804098,0
2022,9,ewma_w6_h1,z_cm,1820,8754.864513977358,1303,4821.543347327171,0
2022,9,ewma_w6_h2,x_cm,1820,9782.944614956627,1303,5294.107366984341,0
2022,9,ewma_w6_h2,z_cm,1820,8733.84837619068,1303,4815.335613585298,0
2022,9,ewma_w6_h3,x_cm,1820,9779.388584174678,1303,5294.886238647685,0
2022,9,ewma_w6_h3,z_cm,1820,8733.059738798036,1303,4817.525207677965,0
2022,9,precision_h0.5_q0.25,x_cm,1820,9910.173133317263,1303,5364.010580827641,0
2022,9,precision_h0.5_q0.25,z_cm,1820,8832.798660396667,1303,4857.4851089151225,0
2022,9,precision_h0.5_q1,x_cm,1820,9965.400014018493,1303,5394.023895008377,0
2022,9,precision_h0.5_q1,z_cm,1820,8839.376562549158,1303,4860.683919401694,0
2022,9,precision_h0.5_q2,x_cm,1820,9973.489586689684,1303,5398.3669903573145,0
2022,9,precision_h0.5_q2,z_cm,1820,8839.921361894903,1303,4860.937630336635,0
2022,9,precision_h1_q0.25,x_cm,1820,9804.352383365316,1303,5304.161065517853,0
2022,9,precision_h1_q0.25,z_cm,1820,8783.602614843167,1303,4832.74922477256,0
2022,9,precision_h1_q1,x_cm,1820,9877.211957111575,1303,5341.350984052859,0
2022,9,precision_h1_q1,z_cm,1820,8797.470919831085,1303,4839.821065451279,0
2022,9,precision_h1_q2,x_cm,1820,9893.44901411347,1303,5349.577959183218,0
2022,9,precision_h1_q2,z_cm,1820,8798.729097217827,1303,4840.452412839357,0
2022,9,precision_h2_q0.25,x_cm,1820,9764.670068473333,1303,5284.9381792738,0
2022,9,precision_h2_q0.25,z_cm,1820,8752.247498885012,1303,4818.363527829653,0
2022,9,precision_h2_q1,x_cm,1820,9816.971513508222,1303,5308.747191139507,0
2022,9,precision_h2_q1,z_cm,1820,8765.145634423418,1303,4824.273139015479,0
2022,9,precision_h2_q2,x_cm,1820,9835.079337210185,1303,5317.246078096548,0
2022,9,precision_h2_q2,z_cm,1820,8766.515919827449,1303,4824.922098504383,0
2022,9,ema_a0.5,x_cm,1820,9814.570488442416,1303,5306.06532013384,0
2022,9,ema_a0.5,z_cm,1820,8748.935289300618,1303,4818.570245125487,0
2022,9,ema_a0.75,x_cm,1820,9918.70177205824,1303,5363.2317283278435,0
2022,9,ema_a0.75,z_cm,1820,8809.312251332547,1303,4846.552548301515,0
2022,9,ema_a0.9,x_cm,1820,9995.112864201867,1303,5411.961188633721,0
2022,9,ema_a0.9,z_cm,1820,8849.73835255743,1303,4865.974596951934,0
2022,9,kalman_q0.25,x_cm,1820,9794.150652690556,1303,5299.866546000419,0
2022,9,kalman_q0.25,z_cm,1820,8795.417868071214,1303,4842.257496133479,0
2022,9,kalman_q0.5,x_cm,1820,9894.036156113702,1303,5354.630687039088,0
2022,9,kalman_q0.5,z_cm,1820,8837.290742215948,1303,4861.743121994103,0
2022,9,kalman_q1,x_cm,1820,9983.41282259009,1303,5408.158558061607,0
2022,9,kalman_q1,z_cm,1820,8867.180485662531,1303,4875.857795907739,0
2022,9,kalman_q2,x_cm,1820,10029.172196076055,1303,5437.039270247573,0
2022,9,kalman_q2,z_cm,1820,8875.838492137847,1303,4879.153450208169,0
2022,9,kalman_q4,x_cm,1820,10045.52368359208,1303,5447.75260333662,0
2022,9,kalman_q4,z_cm,1820,8877.341660878712,1303,4879.334829861778,0
2022,9,adaptive_q0.5,x_cm,1820,9894.036156113702,1303,5354.630687039088,0
2022,9,adaptive_q0.5,z_cm,1820,8837.290742215948,1303,4861.743121994103,0
2022,9,adaptive_q1,x_cm,1820,9983.41282259009,1303,5408.158558061607,0
2022,9,adaptive_q1,z_cm,1820,8867.180485662531,1303,4875.857795907739,0
2022,9,adaptive_q2,x_cm,1820,10029.172196076055,1303,5437.039270247573,0
2022,9,adaptive_q2,z_cm,1820,8875.838492137847,1303,4879.153450208169,0
2022,9,trend_d0.25,x_cm,1820,10252.46936878219,1303,5600.794973374333,0
2022,9,trend_d0.25,z_cm,1820,8967.230048236455,1303,4925.597756264973,0
2022,9,trend_d0.5,x_cm,1820,10552.546319934863,1303,5826.360322542318,0
2022,9,trend_d0.5,z_cm,1820,9093.834809233336,1303,4997.718339712916,0
2022,9,monthly_w28_hflat,x_cm,1820,10074.20200638925,1303,5471.7805941821225,0
2022,9,monthly_w28_hflat,z_cm,1820,8892.890644955494,1303,4892.539173394186,0
2022,9,monthly_w28_h14,x_cm,1820,10089.793454333214,1303,5493.531021217745,0
2022,9,monthly_w28_h14,z_cm,1820,8916.547286739256,1303,4901.21237388963,0
2022,9,monthly_w28_h28,x_cm,1820,10085.219210394542,1303,5484.683168639171,0
2022,9,monthly_w28_h28,z_cm,1820,8904.085857327544,1303,4896.316815131306,0
2022,9,monthly_w28_h28_huber,x_cm,1820,10084.811672502468,1303,5489.880806965465,0
2022,9,monthly_w28_h28_huber,z_cm,1820,8922.610924871395,1303,4905.210608708544,0
2022,9,monthly_w56_hflat,x_cm,1820,9964.940512247327,1303,5384.444380425433,0
2022,9,monthly_w56_hflat,z_cm,1820,8805.93849091804,1303,4847.97763904674,0
2022,9,monthly_w56_h14,x_cm,1820,9999.534019281844,1303,5428.276656963686,0
2022,9,monthly_w56_h14,z_cm,1820,8857.253836356093,1303,4865.821013660172,0
2022,9,monthly_w56_h28,x_cm,1820,9976.689463916604,1303,5402.545790085629,0
2022,9,monthly_w56_h28,z_cm,1820,8824.440246322301,1303,4851.301883607562,0
2022,9,monthly_w56_h28_huber,x_cm,1820,9967.525016315944,1303,5400.412884549043,0
2022,9,monthly_w56_h28_huber,z_cm,1820,8843.192133449618,1303,4858.2962806120995,0
2022,9,monthly_w84_hflat,x_cm,1820,9855.77483530213,1303,5332.700746789933,0
2022,9,monthly_w84_hflat,z_cm,1820,8795.78913035558,1303,4853.900873482183,0
2022,9,monthly_w84_h14,x_cm,1820,9964.64395770168,1303,5404.524964927095,0
2022,9,monthly_w84_h14,z_cm,1820,8834.70208491887,1303,4854.775269006552,0
2022,9,monthly_w84_h28,x_cm,1820,9903.497938868584,1303,5358.665796090123,0
2022,9,monthly_w84_h28,z_cm,1820,8792.471012045982,1303,4838.540241639108,0
2022,9,monthly_w84_h28_huber,x_cm,1820,9897.624241518844,1303,5355.15462428488,0
2022,9,monthly_w84_h28_huber,z_cm,1820,8807.49512324497,1303,4842.61712635753,0
2022,9,weekly_w28_hflat,x_cm,1820,9982.044285356771,1303,5393.15386632226,0
2022,9,weekly_w28_hflat,z_cm,1820,8818.710195701049,1303,4859.65216122592,0
2022,9,weekly_w28_h14,x_cm,1820,10026.039323117297,1303,5420.819559994874,0
2022,9,weekly_w28_h14,z_cm,1820,8843.694448165661,1303,4872.210131941545,0
2022,9,weekly_w28_h28,x_cm,1820,10001.985201475243,1303,5405.81304597188,0
2022,9,weekly_w28_h28,z_cm,1820,8828.44613011614,1303,4864.200270898969,0
2022,9,weekly_w28_h28_huber,x_cm,1820,9990.245895584254,1303,5401.869087554519,0
2022,9,weekly_w28_h28_huber,z_cm,1820,8855.117111912896,1303,4875.927028766173,0
2022,9,weekly_w56_hflat,x_cm,1820,9903.627375227126,1303,5381.220988627272,0
2022,9,weekly_w56_hflat,z_cm,1820,8764.173826634864,1303,4824.769135109311,0
2022,9,weekly_w56_h14,x_cm,1820,9962.104966781006,1303,5396.02604471328,0
2022,9,weekly_w56_h14,z_cm,1820,8820.918323231477,1303,4850.710173851043,0
2022,9,weekly_w56_h28,x_cm,1820,9925.424036423678,1303,5383.815630295818,0
2022,9,weekly_w56_h28,z_cm,1820,8791.744610081667,1303,4835.855030343793,0
2022,9,weekly_w56_h28_huber,x_cm,1820,9926.138943520658,1303,5383.467609198514,0
2022,9,weekly_w56_h28_huber,z_cm,1820,8816.820205984255,1303,4844.872557385972,0
2022,9,weekly_w84_hflat,x_cm,1820,9848.024546458146,1303,5306.121391261972,0
2022,9,weekly_w84_hflat,z_cm,1820,8759.089304137982,1303,4835.1356686376475,0
2022,9,weekly_w84_h14,x_cm,1820,9939.099257101021,1303,5372.639691499717,0
2022,9,weekly_w84_h14,z_cm,1820,8804.666371889285,1303,4843.832400105237,0
2022,9,weekly_w84_h28,x_cm,1820,9878.514189126852,1303,5332.923659074518,0
2022,9,weekly_w84_h28,z_cm,1820,8770.393125876595,1303,4829.769378455674,0
2022,9,weekly_w84_h28_huber,x_cm,1820,9880.277539049332,1303,5334.1498091248,0
2022,9,weekly_w84_h28_huber,z_cm,1820,8789.545302817034,1303,4835.092033246401,0
2022,9,weekly_w56_h7,x_cm,1820,10049.723338755197,1303,5438.786125694538,0
2022,9,weekly_w56_h7,z_cm,1820,8879.227071982055,1303,4886.136196039368,0
2022,9,weekly_w56_h10,x_cm,1820,9996.317682480452,1303,5410.83218797,0
2022,9,weekly_w56_h10,z_cm,1820,8844.030980578907,1303,4864.1195882439315,0
2022,9,weekly_w56_h21,x_cm,1820,9936.466698820193,1303,5386.953607075901,0
2022,9,weekly_w56_h21,z_cm,1820,8801.467198073944,1303,4840.5032488380675,0
2022,9,weekly_w84_h7,x_cm,1820,10046.661031736981,1303,5435.770931139366,0
2022,9,weekly_w84_h7,z_cm,1820,8875.881890736444,1303,4884.5516797314285,0
2022,9,weekly_w84_h10,x_cm,1820,9985.606884625227,1303,5400.130491541148,0
2022,9,weekly_w84_h10,z_cm,1820,8834.528532969935,1303,4859.786194657623,0
2022,9,weekly_w84_h21,x_cm,1820,9897.82454175604,1303,5346.301632781288,0
2022,9,weekly_w84_h21,z_cm,1820,8780.495428359889,1303,4833.0510744806925,0
2022,9,weekly_w112_h7,x_cm,1820,10046.480219507594,1303,5435.655655107195,0
2022,9,weekly_w112_h7,z_cm,1820,8875.739063160203,1303,4884.472686705887,0
2022,9,weekly_w112_h10,x_cm,1820,9983.901346496597,1303,5399.054475355598,0
2022,9,weekly_w112_h10,z_cm,1820,8833.616431351536,1303,4859.26948659897,0
2022,9,weekly_w112_h21,x_cm,1820,9881.776849738515,1303,5337.431986587375,0
2022,9,weekly_w112_h21,z_cm,1820,8775.967168519148,1303,4830.226619891714,0
2022,9,weekly_w112_h14,x_cm,1820,9932.496183441235,1303,5368.616932048666,0
2022,9,weekly_w112_h14,z_cm,1820,8802.083963797326,1303,4842.329926299762,0
2022,9,weekly_w84_h3.5,x_cm,1820,10226.4665589738,1303,5560.886791436884,0
2022,9,weekly_w84_h3.5,z_cm,1820,9013.190017994584,1303,4970.8974928366915,0
2022,9,weekly_w28_h7,x_cm,1820,10084.658596220379,1303,5458.5205966133735,0
2022,9,weekly_w28_h7,z_cm,1820,8889.12133526406,1303,4898.059700763144,0
2022,9,weekly_w84_h14_huber,x_cm,1820,9936.711640723528,1303,5371.281765444719,0
2022,9,weekly_w84_h14_huber,z_cm,1820,8827.780789983854,1303,4852.499311264963,0
2022,9,daily_w84_h3.5,x_cm,1820,10184.649520026525,1303,5573.153940840518,0
2022,9,daily_w84_h3.5,z_cm,1820,8968.594877248524,1303,4956.098229670861,0
2022,9,daily_w56_h7,x_cm,1820,10004.573427473668,1303,5432.6911411014935,0
2022,9,daily_w56_h7,z_cm,1820,8851.36787684647,1303,4876.340205806773,0
2022,9,daily_w56_h14,x_cm,1820,9927.336503653538,1303,5382.120828765976,0
2022,9,daily_w56_h14,z_cm,1820,8812.333464586793,1303,4849.5892897303565,0
2022,9,daily_w56_h28,x_cm,1820,9900.405177958963,1303,5372.591273326092,0
2022,9,daily_w56_h28,z_cm,1820,8795.562726527205,1303,4838.911247201134,0
2022,9,daily_w84_h7,x_cm,1820,10001.597030091254,1303,5430.035655988802,0
2022,9,daily_w84_h7,z_cm,1820,8849.065654118032,1303,4875.810497566554,0
2022,9,daily_w84_h14,x_cm,1820,9907.12998180683,1303,5362.925049067604,0
2022,9,daily_w84_h14,z_cm,1820,8798.529417509955,1303,4846.369560718366,0
2022,9,daily_w84_h28,x_cm,1820,9859.614718057368,1303,5331.0040147429445,0
2022,9,daily_w84_h28,z_cm,1820,8773.107672806804,1303,4836.170143792834,0
2022,9,fortnightly_w84_h7,x_cm,1820,10035.88253871381,1303,5431.880264533733,0
2022,9,fortnightly_w84_h7,z_cm,1820,8817.471498115148,1303,4866.31171941669,0
2022,9,fortnightly_w84_h14,x_cm,1820,9911.240387911399,1303,5359.257816169959,0
2022,9,fortnightly_w84_h14,z_cm,1820,8778.592817897961,1303,4840.2895042193395,0
2022,9,fortnightly_w84_h28,x_cm,1820,9848.873875103924,1303,5316.377387605182,0
2022,9,fortnightly_w84_h28,z_cm,1820,8755.638288184888,1303,4828.270193436785,0
2023,6,uncorrected,x_cm,2047,72897.81515873133,1636,52925.35068662076,0
2023,6,uncorrected,z_cm,2047,20741.88712439726,1636,15513.407790726893,0
2023,6,last_month,x_cm,2047,11810.204180488494,1636,7762.234023258586,0
2023,6,last_month,z_cm,2047,8437.766208630032,1636,5873.19572605053,0
2023,6,season_to_date,x_cm,2047,11771.101377519928,1636,7610.776748817325,0
2023,6,season_to_date,z_cm,2047,8414.844911353548,1636,5862.781813499631,0
2023,6,ewma_w2_h0.25,x_cm,2047,11781.983313350594,1636,7729.887888588238,0
2023,6,ewma_w2_h0.25,z_cm,2047,8427.317045054915,1636,5866.510020225536,0
2023,6,ewma_w2_h0.5,x_cm,2047,11738.668258446716,1636,7670.007840839388,0
2023,6,ewma_w2_h0.5,z_cm,2047,8408.820747419088,1636,5855.2568782789995,0
2023,6,ewma_w2_h1,x_cm,2047,11729.408703554083,1636,7636.464597265451,0
2023,6,ewma_w2_h1,z_cm,2047,8399.883848653997,1636,5850.841478335808,0
2023,6,ewma_w2_h2,x_cm,2047,11738.773304275608,1636,7627.009315212041,0
2023,6,ewma_w2_h2,z_cm,2047,8398.50134704216,1636,5851.103878088414,0
2023,6,ewma_w2_h3,x_cm,2047,11744.716979405472,1636,7625.6439919351305,0
2023,6,ewma_w2_h3,z_cm,2047,8398.73754493346,1636,5851.719605241578,0
2023,6,ewma_w3_h0.25,x_cm,2047,11781.983313350594,1636,7729.887888588238,0
2023,6,ewma_w3_h0.25,z_cm,2047,8427.317045054915,1636,5866.510020225536,0
2023,6,ewma_w3_h0.5,x_cm,2047,11738.668258446716,1636,7670.007840839388,0
2023,6,ewma_w3_h0.5,z_cm,2047,8408.820747419088,1636,5855.2568782789995,0
2023,6,ewma_w3_h1,x_cm,2047,11729.408703554083,1636,7636.464597265451,0
2023,6,ewma_w3_h1,z_cm,2047,8399.883848653997,1636,5850.841478335808,0
2023,6,ewma_w3_h2,x_cm,2047,11738.773304275608,1636,7627.009315212041,0
2023,6,ewma_w3_h2,z_cm,2047,8398.50134704216,1636,5851.103878088414,0
2023,6,ewma_w3_h3,x_cm,2047,11744.716979405472,1636,7625.6439919351305,0
2023,6,ewma_w3_h3,z_cm,2047,8398.73754493346,1636,5851.719605241578,0
2023,6,ewma_w6_h0.25,x_cm,2047,11781.983313350594,1636,7729.887888588238,0
2023,6,ewma_w6_h0.25,z_cm,2047,8427.317045054915,1636,5866.510020225536,0
2023,6,ewma_w6_h0.5,x_cm,2047,11738.668258446716,1636,7670.007840839388,0
2023,6,ewma_w6_h0.5,z_cm,2047,8408.820747419088,1636,5855.2568782789995,0
2023,6,ewma_w6_h1,x_cm,2047,11729.408703554083,1636,7636.464597265451,0
2023,6,ewma_w6_h1,z_cm,2047,8399.883848653997,1636,5850.841478335808,0
2023,6,ewma_w6_h2,x_cm,2047,11738.773304275608,1636,7627.009315212041,0
2023,6,ewma_w6_h2,z_cm,2047,8398.50134704216,1636,5851.103878088414,0
2023,6,ewma_w6_h3,x_cm,2047,11744.716979405472,1636,7625.6439919351305,0
2023,6,ewma_w6_h3,z_cm,2047,8398.73754493346,1636,5851.719605241578,0
2023,6,precision_h0.5_q0.25,x_cm,2047,11755.76652479934,1636,7690.259376901233,0
2023,6,precision_h0.5_q0.25,z_cm,2047,8419.156351343205,1636,5861.346259066089,0
2023,6,precision_h0.5_q1,x_cm,2047,11760.696162112767,1636,7702.384516219612,0
2023,6,precision_h0.5_q1,z_cm,2047,8419.329042673011,1636,5861.511889617426,0
2023,6,precision_h0.5_q2,x_cm,2047,11761.583876913846,1636,7704.1363036449275,0
2023,6,precision_h0.5_q2,z_cm,2047,8419.368362030644,1636,5861.542079803188,0
2023,6,precision_h1_q0.25,x_cm,2047,11741.652933396224,1636,7656.538551307009,0
2023,6,precision_h1_q0.25,z_cm,2047,8409.237893979378,1636,5855.455756654726,0
2023,6,precision_h1_q1,x_cm,2047,11738.475013071054,1636,7667.416476132383,0
2023,6,precision_h1_q1,z_cm,2047,8408.823522057131,1636,5855.251233484066,0
2023,6,precision_h1_q2,x_cm,2047,11738.595762603301,1636,7669.293411595789,0
2023,6,precision_h1_q2,z_cm,2047,8408.820357936736,1636,5855.2547278778275,0
2023,6,precision_h2_q0.25,x_cm,2047,11743.789625507,1636,7643.066676996355,0
2023,6,precision_h2_q0.25,z_cm,2047,8404.81856731411,1636,5853.146974502339,0
2023,6,precision_h2_q1,x_cm,2047,11731.830481347302,1636,7649.77332796597,0
2023,6,precision_h2_q1,z_cm,2047,8403.767490855302,1636,5852.524723163955,0
2023,6,precision_h2_q2,x_cm,2047,11730.905667899055,1636,7651.255908827255,0
2023,6,precision_h2_q2,z_cm,2047,8403.708487127296,1636,5852.491451982331,0
2023,6,ema_a0.5,x_cm,2047,11761.06920221541,1636,7625.96903059175,0
2023,6,ema_a0.5,z_cm,2047,8400.367809995114,1636,5853.8090392993745,0
2023,6,ema_a0.75,x_cm,2047,11731.593013505553,1636,7654.809667183018,0
2023,6,ema_a0.75,z_cm,2047,8404.498153315722,1636,5852.893869059257,0
2023,6,ema_a0.9,x_cm,2047,11765.789231012182,1636,7709.834234490244,0
2023,6,ema_a0.9,z_cm,2047,8420.962461065064,1636,5862.528939986254,0
2023,6,kalman_q0.25,x_cm,2047,11774.897884003247,1636,7662.176497205812,0
2023,6,kalman_q0.25,z_cm,2047,8408.782774243631,1636,5851.7120153194355,0
2023,6,kalman_q0.5,x_cm,2047,11763.485429591541,1636,7682.515124440735,0
2023,6,kalman_q0.5,z_cm,2047,8415.065467501154,1636,5856.676047278701,0
2023,6,kalman_q1,x_cm,2047,11778.912986178968,1636,7721.01974232203,0
2023,6,kalman_q1,z_cm,2047,8427.602270914495,1636,5865.952866464986,0
2023,6,kalman_q2,x_cm,2047,11798.72307988273,1636,7748.354948310065,0
2023,6,kalman_q2,z_cm,2047,8434.64302354609,1636,5870.992610905598,0
2023,6,kalman_q4,x_cm,2047,11806.98870144226,1636,7758.436883213507,0
2023,6,kalman_q4,z_cm,2047,8436.938675844289,1636,5872.613888436087,0
2023,6,adaptive_q0.5,x_cm,2047,11763.485429591541,1636,7682.515124440735,0
2023,6,adaptive_q0.5,z_cm,2047,8415.065467501154,1636,5856.676047278701,0
2023,6,adaptive_q1,x_cm,2047,11778.912986178968,1636,7721.01974232203,0
2023,6,adaptive_q1,z_cm,2047,8427.602270914495,1636,5865.952866464986,0
2023,6,adaptive_q2,x_cm,2047,11798.72307988273,1636,7748.354948310065,0
2023,6,adaptive_q2,z_cm,2047,8434.64302354609,1636,5870.992610905598,0
2023,6,trend_d0.25,x_cm,2047,11996.902703164236,1636,7948.242098818451,0
2023,6,trend_d0.25,z_cm,2047,8500.171975938038,1636,5914.714610273188,0
2023,6,trend_d0.5,x_cm,2047,12291.688581532777,1636,8212.833893862613,0
2023,6,trend_d0.5,z_cm,2047,8591.715455239737,1636,5977.450521727235,0
2023,6,monthly_w28_hflat,x_cm,2047,11801.657211666188,1636,7762.037742245523,0
2023,6,monthly_w28_hflat,z_cm,2047,8462.020028261752,1636,5894.26830056095,0
2023,6,monthly_w28_h14,x_cm,2047,11826.746206380172,1636,7791.440925896022,0
2023,6,monthly_w28_h14,z_cm,2047,8424.48218067834,1636,5866.312096827366,0
2023,6,monthly_w28_h28,x_cm,2047,11810.081395602792,1636,7774.735948633766,0
2023,6,monthly_w28_h28,z_cm,2047,8442.56096411518,1636,5879.546829872421,0
2023,6,monthly_w28_h28_huber,x_cm,2047,11836.106095213374,1636,7799.188245561394,0
2023,6,monthly_w28_h28_huber,z_cm,2047,8426.244652899913,1636,5868.997136225674,0
2023,6,monthly_w56_hflat,x_cm,2047,11732.49725935641,1636,7579.9644678602845,0
2023,6,monthly_w56_hflat,z_cm,2047,8346.08743189814,1636,5812.73321833567,0
2023,6,monthly_w56_h14,x_cm,2047,11691.875071091592,1636,7637.5995407355,0
2023,6,monthly_w56_h14,z_cm,2047,8366.039746201663,1636,5826.623486940085,0
2023,6,monthly_w56_h28,x_cm,2047,11674.05312207111,1636,7584.65372974469,0
2023,6,monthly_w56_h28,z_cm,2047,8353.52044261888,1636,5818.039309047755,0
2023,6,monthly_w56_h28_huber,x_cm,2047,11681.303095006817,1636,7594.146808233218,0
2023,6,monthly_w56_h28_huber,z_cm,2047,8352.47328716268,1636,5819.664464507654,0
2023,6,monthly_w84_hflat,x_cm,2047,11771.101377519928,1636,7610.776748817325,0
2023,6,monthly_w84_hflat,z_cm,2047,8414.844911353548,1636,5862.781813499631,0
2023,6,monthly_w84_h14,x_cm,2047,11700.405400684653,1636,7643.5757237652815,0
2023,6,monthly_w84_h14,z_cm,2047,8375.008394549477,1636,5833.951116348895,0
2023,6,monthly_w84_h28,x_cm,2047,11696.387163436084,1636,7601.4297108384235,0
2023,6,monthly_w84_h28,z_cm,2047,8380.67535802949,1636,5838.84683192426,0
2023,6,monthly_w84_h28_huber,x_cm,2047,11702.734676655062,1636,7610.618619036475,0
2023,6,monthly_w84_h28_huber,z_cm,2047,8376.350363561387,1636,5837.378277941343,0
2023,6,weekly_w28_hflat,x_cm,2047,11675.05931507508,1636,7585.825660356674,0
2023,6,weekly_w28_hflat,z_cm,2047,8320.107533207376,1636,5750.806117814497,0
2023,6,weekly_w28_h14,x_cm,2047,11721.924243855563,1636,7618.415115032141,0
2023,6,weekly_w28_h14,z_cm,2047,8299.734472333039,1636,5731.673232596198,0
2023,6,weekly_w28_h28,x_cm,2047,11688.566508611333,1636,7596.137613779965,0
2023,6,weekly_w28_h28,z_cm,2047,8307.732916426146,1636,5739.722629603719,0
2023,6,weekly_w28_h28_huber,x_cm,2047,11717.578228788581,1636,7626.587494048066,0
2023,6,weekly_w28_h28_huber,z_cm,2047,8284.851942553105,1636,5724.368706666629,0
2023,6,weekly_w56_hflat,x_cm,2047,11581.030100548767,1636,7521.261516779395,0
2023,6,weekly_w56_hflat,z_cm,2047,8291.256503939876,1636,5783.753099299038,0
2023,6,weekly_w56_h14,x_cm,2047,11615.006389513652,1636,7549.561020094564,0
2023,6,weekly_w56_h14,z_cm,2047,8279.444014348708,1636,5741.223329911026,0
2023,6,weekly_w56_h28,x_cm,2047,11574.348385123563,1636,7520.699577510389,0
2023,6,weekly_w56_h28,z_cm,2047,8281.252088892521,1636,5758.387108607714,0
2023,6,weekly_w56_h28_huber,x_cm,2047,11580.383034409966,1636,7529.162227369354,0
2023,6,weekly_w56_h28_huber,z_cm,2047,8269.532814394533,1636,5749.317183541685,0
2023,6,weekly_w84_hflat,x_cm,2047,11724.511221588287,1636,7583.082422057308,0
2023,6,weekly_w84_hflat,z_cm,2047,8338.682275267482,1636,5799.668125879345,0
2023,6,weekly_w84_h14,x_cm,2047,11625.244616337397,1636,7550.8342454587655,0
2023,6,weekly_w84_h14,z_cm,2047,8281.38506530247,1636,5741.311023275932,0
2023,6,weekly_w84_h28,x_cm,2047,11625.70286039312,1636,7539.868002286993,0
2023,6,weekly_w84_h28,z_cm,2047,8295.130883565032,1636,5762.484166319503,0
2023,6,weekly_w84_h28_huber,x_cm,2047,11628.390692705027,1636,7546.702710209395,0
2023,6,weekly_w84_h28_huber,z_cm,2047,8284.774976858876,1636,5754.860109085934,0
2023,6,weekly_w56_h7,x_cm,2047,11780.226057823716,1636,7656.8163118193,0
2023,6,weekly_w56_h7,z_cm,2047,8288.393380973941,1636,5727.833436452272,0
2023,6,weekly_w56_h10,x_cm,2047,11671.899384728138,1636,7587.415251177954,0
2023,6,weekly_w56_h10,z_cm,2047,8281.59365733515,1636,5732.976588283902,0
2023,6,weekly_w56_h21,x_cm,2047,11583.266179256716,1636,7527.452990610858,0
2023,6,weekly_w56_h21,z_cm,2047,8279.896736524908,1636,5751.739738250857,0
2023,6,weekly_w84_h7,x_cm,2047,11778.542883216789,1636,7654.858424861026,0
2023,6,weekly_w84_h7,z_cm,2047,8287.836725459943,1636,5727.473074784757,0
2023,6,weekly_w84_h10,x_cm,2047,11672.238007669333,1636,7585.1320860739015,0
2023,6,weekly_w84_h10,z_cm,2047,8281.229721979895,1636,5732.463495254839,0
2023,6,weekly_w84_h21,x_cm,2047,11615.816838233673,1636,7538.245569337845,0
2023,6,weekly_w84_h21,z_cm,2047,8288.029583008461,1636,5753.855263363746,0
2023,6,weekly_w112_h7,x_cm,2047,11778.513980394702,1636,7654.849039870064,0
2023,6,weekly_w112_h7,z_cm,2047,8287.846502457583,1636,5727.495360094525,0
2023,6,weekly_w112_h10,x_cm,2047,11671.975607441946,1636,7584.998416558263,0
2023,6,weekly_w112_h10,z_cm,2047,8281.37477620118,1636,5732.669367642835,0
2023,6,weekly_w112_h21,x_cm,2047,11613.13895688201,1636,7536.353606215875,0
2023,6,weekly_w112_h21,z_cm,2047,8290.39112673296,1636,5756.354786791984,0
2023,6,weekly_w112_h14,x_cm,2047,11624.250138222073,1636,7550.218286250594,0
2023,6,weekly_w112_h14,z_cm,2047,8282.09567452678,1636,5742.150207329079,0
2023,6,weekly_w84_h3.5,x_cm,2047,12193.994844058441,1636,7900.877083649979,0
2023,6,weekly_w84_h3.5,z_cm,2047,8342.711128055134,1636,5751.491035901325,0
2023,6,weekly_w28_h7,x_cm,2047,11841.70694724696,1636,7693.938888081029,0
2023,6,weekly_w28_h7,z_cm,2047,8297.967347288788,1636,5726.228941071827,0
2023,6,weekly_w84_h14_huber,x_cm,2047,11636.847461936346,1636,7566.542036949797,0
2023,6,weekly_w84_h14_huber,z_cm,2047,8267.587647661858,1636,5731.792538219384,0
2023,6,daily_w84_h3.5,x_cm,2047,12035.04396299981,1636,7748.815613963501,0
2023,6,daily_w84_h3.5,z_cm,2047,8471.924930317384,1636,5815.996489922389,0
2023,6,daily_w56_h7,x_cm,2047,11775.861364343566,1636,7634.720827659283,0
2023,6,daily_w56_h7,z_cm,2047,8310.724010969454,1636,5733.165514371977,0
2023,6,daily_w56_h14,x_cm,2047,11644.959475960522,1636,7567.870299093386,0
2023,6,daily_w56_h14,z_cm,2047,8276.62784553053,1636,5732.701231463995,0
2023,6,daily_w56_h28,x_cm,2047,11592.873830005536,1636,7540.730482466332,0
2023,6,daily_w56_h28,z_cm,2047,8274.354715903472,1636,5747.9949616543745,0
2023,6,daily_w84_h7,x_cm,2047,11775.751145070948,1636,7633.412236748793,0
2023,6,daily_w84_h7,z_cm,2047,8309.768367257702,1636,5732.6871255937185,0
2023,6,daily_w84_h14,x_cm,2047,11659.883738223563,1636,7568.507184078986,0
2023,6,daily_w84_h14,z_cm,2047,8276.55933388802,1636,5732.673681620179,0
2023,6,daily_w84_h28,x_cm,2047,11650.791787289552,1636,7556.7120414391875,0
2023,6,daily_w84_h28,z_cm,2047,8284.449385848035,1636,5752.706616348328,0
2023,6,fortnightly_w84_h7,x_cm,2047,11633.150518636234,1636,7601.765514181323,0
2023,6,fortnightly_w84_h7,z_cm,2047,8331.696094469517,1636,5759.270542204067,0
2023,6,fortnightly_w84_h14,x_cm,2047,11570.319095904502,1636,7537.342961465727,0
2023,6,fortnightly_w84_h14,z_cm,2047,8307.845942343147,1636,5758.520116972766,0
2023,6,fortnightly_w84_h28,x_cm,2047,11611.618540765976,1636,7543.164813565498,0
2023,6,fortnightly_w84_h28,z_cm,2047,8316.323004151138,1636,5776.187688082864,0
2023,7,uncorrected,x_cm,1187,44404.604102832825,763,23427.327424451825,0
2023,7,uncorrected,z_cm,1187,16454.048212688595,763,9239.217531403037,0
2023,7,last_month,x_cm,1187,6051.595338928317,763,2822.098128498889,0
2023,7,last_month,z_cm,1187,4260.63677271564,763,2145.0765783051484,0
2023,7,season_to_date,x_cm,1187,6010.091325497842,763,2846.842657885319,0
2023,7,season_to_date,z_cm,1187,4364.306941088345,763,2182.7130366790875,0
2023,7,ewma_w2_h0.25,x_cm,1187,6031.55263903193,763,2812.342982417307,0
2023,7,ewma_w2_h0.25,z_cm,1187,4261.1599072669505,763,2143.28550701946,0
2023,7,ewma_w2_h0.5,x_cm,1187,5991.681547735756,763,2793.411749146422,0
2023,7,ewma_w2_h0.5,z_cm,1187,4267.679916393253,763,2142.000930759242,0
2023,7,ewma_w2_h1,x_cm,1187,5964.695835434941,763,2781.3411068488053,0
2023,7,ewma_w2_h1,z_cm,1187,4280.6620367573705,763,2144.694750176075,0
2023,7,ewma_w2_h2,x_cm,1187,5953.377171664904,763,2776.7687219672516,0
2023,7,ewma_w2_h2,z_cm,1187,4291.767388801173,763,2148.178262578626,0
2023,7,ewma_w2_h3,x_cm,1187,5950.319554726637,763,2775.659916933535,0
2023,7,ewma_w2_h3,z_cm,1187,4296.225951650178,763,2149.725798616804,0
2023,7,ewma_w3_h0.25,x_cm,1187,6031.028067288631,763,2812.381947790588,0
2023,7,ewma_w3_h0.25,z_cm,1187,4261.422770223877,763,2143.4003698720617,0
2023,7,ewma_w3_h0.5,x_cm,1187,5989.960638669273,763,2796.670769540642,0
2023,7,ewma_w3_h0.5,z_cm,1187,4272.832766083186,763,2144.601502834633,0
2023,7,ewma_w3_h1,x_cm,1187,5973.906609802498,763,2798.7272127748765,0
2023,7,ewma_w3_h1,z_cm,1187,4300.053834133608,763,2154.9885036759897,0
2023,7,ewma_w3_h2,x_cm,1187,5981.545056269173,763,2811.3586115750873,0
2023,7,ewma_w3_h2,z_cm,1187,4325.345266736958,763,2166.316847570074,0
2023,7,ewma_w3_h3,x_cm,1187,5987.965190637936,763,2818.0652963490516,0
2023,7,ewma_w3_h3,z_cm,1187,4335.657315434363,763,2171.133109558428,0
2023,7,ewma_w6_h0.25,x_cm,1187,6031.028067288631,763,2812.381947790588,0
2023,7,ewma_w6_h0.25,z_cm,1187,4261.422770223877,763,2143.4003698720617,0
2023,7,ewma_w6_h0.5,x_cm,1187,5989.960638669273,763,2796.670769540642,0
2023,7,ewma_w6_h0.5,z_cm,1187,4272.832766083186,763,2144.601502834633,0
2023,7,ewma_w6_h1,x_cm,1187,5973.906609802498,763,2798.7272127748765,0
2023,7,ewma_w6_h1,z_cm,1187,4300.053834133608,763,2154.9885036759897,0
2023,7,ewma_w6_h2,x_cm,1187,5981.545056269173,763,2811.3586115750873,0
2023,7,ewma_w6_h2,z_cm,1187,4325.345266736958,763,2166.316847570074,0
2023,7,ewma_w6_h3,x_cm,1187,5987.965190637936,763,2818.0652963490516,0
2023,7,ewma_w6_h3,z_cm,1187,4335.657315434363,763,2171.133109558428,0
2023,7,precision_h0.5_q0.25,x_cm,1187,6006.072181978809,763,2801.3423205033696,0
2023,7,precision_h0.5_q0.25,z_cm,1187,4268.017814927961,763,2142.814501301893,0
2023,7,precision_h0.5_q1,x_cm,1187,6012.464045471804,763,2804.5653524852646,0
2023,7,precision_h0.5_q1,z_cm,1187,4264.669356156106,763,2142.99473128553,0
2023,7,precision_h0.5_q2,x_cm,1187,6013.285820277399,763,2805.0272021662277,0
2023,7,precision_h0.5_q2,z_cm,1187,4264.387104827785,763,2143.0407344553514,0
2023,7,precision_h1_q0.25,x_cm,1187,5983.902184307362,763,2798.0706769062954,0
2023,7,precision_h1_q0.25,z_cm,1187,4286.599822321105,763,2148.659799326955,0
2023,7,precision_h1_q1,x_cm,1187,5988.780091390293,763,2797.733191838817,0
2023,7,precision_h1_q1,z_cm,1187,4275.940519597598,763,2145.7776262330385,0
2023,7,precision_h1_q2,x_cm,1187,5989.564962362076,763,2797.860989029534,0
2023,7,precision_h1_q2,z_cm,1187,4274.964063589417,763,2145.5716017474488,0
2023,7,precision_h2_q0.25,x_cm,1187,5980.28294565246,763,2803.945050102393,0
2023,7,precision_h2_q0.25,z_cm,1187,4305.19894237856,763,2156.2654631306486,0
2023,7,precision_h2_q1,x_cm,1187,5979.969734396774,763,2798.63210088488,0
2023,7,precision_h2_q1,z_cm,1187,4288.85074201915,763,2150.599995576114,0
2023,7,precision_h2_q2,x_cm,1187,5980.256585860413,763,2798.1805524815627,0
2023,7,precision_h2_q2,z_cm,1187,4287.235901131908,763,2150.1103751436144,0
2023,7,ema_a0.5,x_cm,1187,5992.602034947233,763,2817.774165540192,0
2023,7,ema_a0.5,z_cm,1187,4319.0578788411085,763,2164.89772236053,0
2023,7,ema_a0.75,x_cm,1187,5989.86311222123,763,2797.9171710477917,0
2023,7,ema_a0.75,z_cm,1187,4274.621978048906,763,2145.502250938506,0
2023,7,ema_a0.9,x_cm,1187,6020.287159350036,763,2807.726144393927,0
2023,7,ema_a0.9,z_cm,1187,4262.797212888455,763,2142.9912002048695,0
2023,7,kalman_q0.25,x_cm,1187,5985.865670706876,763,2799.944944259985,0
2023,7,kalman_q0.25,z_cm,1187,4318.995366427996,763,2158.435071067372,0
2023,7,kalman_q0.5,x_cm,1187,6003.596417473558,763,2795.473123601013,0
2023,7,kalman_q0.5,z_cm,1187,4281.457170280087,763,2144.042538749341,0
2023,7,kalman_q1,x_cm,1187,6029.591647201986,763,2806.247223966783,0
2023,7,kalman_q1,z_cm,1187,4264.716493211246,763,2141.697907522788,0
2023,7,kalman_q2,x_cm,1187,6044.316672874015,763,2816.383627062277,0
2023,7,kalman_q2,z_cm,1187,4261.163652434794,763,2143.584987139284,0
2023,7,kalman_q4,x_cm,1187,6049.592533423016,763,2820.4933858192935,0
2023,7,kalman_q4,z_cm,1187,4260.711337393875,763,2144.6393511224537,0
2023,7,adaptive_q0.5,x_cm,1187,6003.596417473558,763,2795.473123601013,0
2023,7,adaptive_q0.5,z_cm,1187,4281.457170280087,763,2144.042538749341,0
2023,7,adaptive_q1,x_cm,1187,6029.591647201986,763,2806.247223966783,0
2023,7,adaptive_q1,z_cm,1187,4264.716493211246,763,2141.697907522788,0
2023,7,adaptive_q2,x_cm,1187,6044.316672874015,763,2816.383627062277,0
2023,7,adaptive_q2,z_cm,1187,4261.163652434794,763,2143.584987139284,0
2023,7,trend_d0.25,x_cm,1187,6159.284516295016,763,2875.810554530917,0
2023,7,trend_d0.25,z_cm,1187,4272.808530334326,763,2160.930023370111,0
2023,7,trend_d0.5,x_cm,1187,6303.41473630172,763,2949.3612603867737,0
2023,7,trend_d0.5,z_cm,1187,4308.28660708157,763,2190.1266746934953,0
2023,7,monthly_w28_hflat,x_cm,1187,6037.353831064578,763,2811.343704459089,0
2023,7,monthly_w28_hflat,z_cm,1187,4261.029352947658,763,2147.4197051061064,0
2023,7,monthly_w28_h14,x_cm,1187,6021.280909626486,763,2787.5186168000437,0
2023,7,monthly_w28_h14,z_cm,1187,4304.184743450742,763,2166.273788740734,0
2023,7,monthly_w28_h28,x_cm,1187,6025.285913124318,763,2797.7103055536973,0
2023,7,monthly_w28_h28,z_cm,1187,4280.661511452967,763,2155.9842236231334,0
2023,7,monthly_w28_h28_huber,x_cm,1187,6033.2743747843415,763,2808.6278538008974,0
2023,7,monthly_w28_h28_huber,z_cm,1187,4293.061967538919,763,2165.8778824958245,0
2023,7,monthly_w56_hflat,x_cm,1187,5979.3721190406095,763,2774.8779002240226,0
2023,7,monthly_w56_hflat,z_cm,1187,4286.013571662279,763,2145.396250440485,0
2023,7,monthly_w56_h14,x_cm,1187,5976.292396177718,763,2768.9301571659253,0
2023,7,monthly_w56_h14,z_cm,1187,4291.783145146644,763,2153.877553522756,0
2023,7,monthly_w56_h28,x_cm,1187,5969.846441344178,763,2770.212367550213,0
2023,7,monthly_w56_h28,z_cm,1187,4277.926507589633,763,2144.3138627787534,0
2023,7,monthly_w56_h28_huber,x_cm,1187,5972.8294663476645,763,2772.750341941289,0
2023,7,monthly_w56_h28_huber,z_cm,1187,4291.755344686215,763,2151.064003587604,0
2023,7,monthly_w84_hflat,x_cm,1187,6018.0474499099255,763,2840.8454842426986,0
2023,7,monthly_w84_hflat,z_cm,1187,4341.707241644461,763,2172.8510235080057,0
2023,7,monthly_w84_h14,x_cm,1187,5962.812028355773,763,2770.9923581428993,0
2023,7,monthly_w84_h14,z_cm,1187,4296.859202756428,763,2156.3788160154854,0
2023,7,monthly_w84_h28,x_cm,1187,5960.89168030807,763,2788.1479284619145,0
2023,7,monthly_w84_h28,z_cm,1187,4298.867029476003,763,2154.6346034474464,0
2023,7,monthly_w84_h28_huber,x_cm,1187,5960.095914463509,763,2789.213042888163,0
2023,7,monthly_w84_h28_huber,z_cm,1187,4306.338118213191,763,2158.9712518694955,0
2023,7,weekly_w28_hflat,x_cm,1187,6046.562117321179,763,2830.0760200773325,125
2023,7,weekly_w28_hflat,z_cm,1187,4356.391202025294,763,2215.653156180483,125
2023,7,weekly_w28_h14,x_cm,1187,6025.1066676700575,763,2813.5243603144922,125
2023,7,weekly_w28_h14,z_cm,1187,4361.567516392208,763,2210.284468770551,125
2023,7,weekly_w28_h28,x_cm,1187,6033.39756126192,763,2820.7766017136555,125
2023,7,weekly_w28_h28,z_cm,1187,4357.527073002215,763,2212.1566384346324,125
2023,7,weekly_w28_h28_huber,x_cm,1187,6064.07602524245,763,2835.0689811519833,125
2023,7,weekly_w28_h28_huber,z_cm,1187,4384.1201306811745,763,2228.3296746316623,125
2023,7,weekly_w56_hflat,x_cm,1187,5937.934488866436,763,2771.333582063289,0
2023,7,weekly_w56_hflat,z_cm,1187,4253.9066689830925,763,2142.157560420261,0
2023,7,weekly_w56_h14,x_cm,1187,5942.026237605579,763,2774.7200843095925,0
2023,7,weekly_w56_h14,z_cm,1187,4256.758300665413,763,2145.887994231296,0
2023,7,weekly_w56_h28,x_cm,1187,5932.3428523569555,763,2771.679532922965,0
2023,7,weekly_w56_h28,z_cm,1187,4252.045034293353,763,2141.5962037535355,0
2023,7,weekly_w56_h28_huber,x_cm,1187,5933.9799846399,763,2770.6632796991216,0
2023,7,weekly_w56_h28_huber,z_cm,1187,4267.011921829682,763,2151.408299310143,0
2023,7,weekly_w84_hflat,x_cm,1187,5946.208510656772,763,2814.145255272676,0
2023,7,weekly_w84_hflat,z_cm,1187,4299.682743728867,763,2147.68242019855,0
2023,7,weekly_w84_h14,x_cm,1187,5934.1969223994765,763,2775.683016965383,0
2023,7,weekly_w84_h14,z_cm,1187,4254.463262232397,763,2140.875841249629,0
2023,7,weekly_w84_h28,x_cm,1187,5925.709199378561,763,2782.8400390016554,0
2023,7,weekly_w84_h28,z_cm,1187,4262.058527945707,763,2137.9079095645766,0
2023,7,weekly_w84_h28_huber,x_cm,1187,5926.01530282899,763,2782.74290241367,0
2023,7,weekly_w84_h28_huber,z_cm,1187,4275.355712254333,763,2145.6292564770165,0
2023,7,weekly_w56_h7,x_cm,1187,6004.117486723269,763,2788.8827560332948,0
2023,7,weekly_w56_h7,z_cm,1187,4279.343997488075,763,2163.2863732771066,0
2023,7,weekly_w56_h10,x_cm,1187,5961.007682039597,763,2779.1056746204868,0
2023,7,weekly_w56_h10,z_cm,1187,4264.004136182134,763,2151.7362956687457,0
2023,7,weekly_w56_h21,x_cm,1187,5933.774772250763,763,2772.394627473793,0
2023,7,weekly_w56_h21,z_cm,1187,4252.990950028242,763,2142.574723736519,0
2023,7,weekly_w84_h7,x_cm,1187,6001.070270748903,763,2788.0684503368648,0
2023,7,weekly_w84_h7,z_cm,1187,4277.3920690796,763,2161.6895696333195,0
2023,7,weekly_w84_h10,x_cm,1187,5954.954625652015,763,2778.2447439377343,0
2023,7,weekly_w84_h10,z_cm,1187,4260.518498472508,763,2148.089262577032,0
2023,7,weekly_w84_h21,x_cm,1187,5925.931914112565,763,2778.547572583162,0
2023,7,weekly_w84_h21,z_cm,1187,4256.800746977922,763,2137.767497975482,0
2023,7,weekly_w112_h7,x_cm,1187,6000.809547298431,763,2788.0131418251585,0
2023,7,weekly_w112_h7,z_cm,1187,4277.30323674857,763,2161.64168469507,0
2023,7,weekly_w112_h10,x_cm,1187,5953.956867672343,763,2778.070211280935,0
2023,7,weekly_w112_h10,z_cm,1187,4260.213458650991,763,2147.943154049737,0
2023,7,weekly_w112_h21,x_cm,1187,5928.855190428921,763,2780.524143008257,0
2023,7,weekly_w112_h21,z_cm,1187,4259.852918621264,763,2139.851757244819,0
2023,7,weekly_w112_h14,x_cm,1187,5933.228097134539,763,2775.7778428867914,0
2023,7,weekly_w112_h14,z_cm,1187,4254.543207493807,763,2141.0280130320666,0
2023,7,weekly_w84_h3.5,x_cm,1187,6192.124549206672,763,2842.205436637249,0
2023,7,weekly_w84_h3.5,z_cm,1187,4348.812165698197,763,2211.953651569899,0
2023,7,weekly_w28_h7,x_cm,1187,6028.852761987126,763,2807.9326303887124,125
2023,7,weekly_w28_h7,z_cm,1187,4376.909739601364,763,2212.7867556459605,125
2023,7,weekly_w84_h14_huber,x_cm,1187,5935.931801313638,763,2775.3681358794747,0
2023,7,weekly_w84_h14_huber,z_cm,1187,4273.804982124326,763,2152.0166182142407,0
2023,7,daily_w84_h3.5,x_cm,1187,6269.9574514146025,763,2833.6853453221433,0
2023,7,daily_w84_h3.5,z_cm,1187,4340.0236721924975,763,2221.948787947494,0
2023,7,daily_w56_h7,x_cm,1187,6049.692971206294,763,2781.4572057938603,0
2023,7,daily_w56_h7,z_cm,1187,4232.2351368531945,763,2155.639705131166,0
2023,7,daily_w56_h14,x_cm,1187,5967.716443158379,763,2768.4260300717224,0
2023,7,daily_w56_h14,z_cm,1187,4218.118039565908,763,2141.0753276495525,0
2023,7,daily_w56_h28,x_cm,1187,5944.16924292003,763,2765.6137516552176,0
2023,7,daily_w56_h28,z_cm,1187,4222.649613797146,763,2137.135996686992,0
2023,7,daily_w84_h7,x_cm,1187,6047.24227798901,763,2780.629694040027,0
2023,7,daily_w84_h7,z_cm,1187,4230.610577084022,763,2154.266242555582,0
2023,7,daily_w84_h14,x_cm,1187,5962.613168983093,763,2768.8356368460773,0
2023,7,daily_w84_h14,z_cm,1187,4216.563068680694,763,2136.6878541998276,0
2023,7,daily_w84_h28,x_cm,1187,5944.686887640276,763,2774.770066387316,0
2023,7,daily_w84_h28,z_cm,1187,4232.309817036633,763,2134.811538669691,0
2023,7,fortnightly_w84_h7,x_cm,1187,6078.605040982126,763,2820.4051235106294,0
2023,7,fortnightly_w84_h7,z_cm,1187,4273.493652561612,763,2171.861184658374,0
2023,7,fortnightly_w84_h14,x_cm,1187,5981.410111468921,763,2795.1258666312465,0
2023,7,fortnightly_w84_h14,z_cm,1187,4257.24931773727,763,2149.640867675506,0
2023,7,fortnightly_w84_h28,x_cm,1187,5958.277174306005,763,2798.1811321541886,0
2023,7,fortnightly_w84_h28,z_cm,1187,4268.455410932188,763,2146.119304795843,0
2023,8,uncorrected,x_cm,1853,55861.25432318068,1413,37613.967809003625,0
2023,8,uncorrected,z_cm,1853,26193.53951363126,1413,18300.260731941118,0
2023,8,last_month,x_cm,1853,12129.74564332961,1413,7833.435070903803,0
2023,8,last_month,z_cm,1853,7087.5906045222355,1413,4037.8126954834806,0
2023,8,season_to_date,x_cm,1853,12325.237102748786,1413,7988.075894629468,0
2023,8,season_to_date,z_cm,1853,7529.630791517951,1413,4380.810039722342,0
2023,8,ewma_w2_h0.25,x_cm,1853,12088.322796148886,1413,7806.4502611103435,0
2023,8,ewma_w2_h0.25,z_cm,1853,7084.927350891416,1413,4039.4015700789237,0
2023,8,ewma_w2_h0.5,x_cm,1853,12001.757142750736,1413,7749.667300612144,0
2023,8,ewma_w2_h0.5,z_cm,1853,7084.389741709494,1413,4047.461186590498,0
2023,8,ewma_w2_h1,x_cm,1853,11936.657036550465,1413,7706.384149223602,0
2023,8,ewma_w2_h1,z_cm,1853,7091.470776875514,1413,4060.5775322546897,0
2023,8,ewma_w2_h2,x_cm,1853,11905.05166889312,1413,7685.025532548654,0
2023,8,ewma_w2_h2,z_cm,1853,7099.358378322533,1413,4071.139540482472,0
2023,8,ewma_w2_h3,x_cm,1853,11895.405678206407,1413,7678.430025080901,0
2023,8,ewma_w2_h3,z_cm,1853,7102.756329203442,1413,4075.296804792826,0
2023,8,ewma_w3_h0.25,x_cm,1853,12089.574328274497,1413,7807.275053456734,0
2023,8,ewma_w3_h0.25,z_cm,1853,7085.743245096455,1413,4039.9551504283886,0
2023,8,ewma_w3_h0.5,x_cm,1853,12024.433712131859,1413,7764.725386514199,0
2023,8,ewma_w3_h0.5,z_cm,1853,7099.477221805571,1413,4057.6452111784893,0
2023,8,ewma_w3_h1,x_cm,1853,12019.668894336195,1413,7762.027703407682,0
2023,8,ewma_w3_h1,z_cm,1853,7150.24352634166,1413,4100.178659148905,0
2023,8,ewma_w3_h2,x_cm,1853,12048.865087885453,1413,7782.015908046791,0
2023,8,ewma_w3_h2,z_cm,1853,7205.497087657708,1413,4142.557177422732,0
2023,8,ewma_w3_h3,x_cm,1853,12064.87235588387,1413,7792.9657245041835,0
2023,8,ewma_w3_h3,z_cm,1853,7229.576278058188,1413,4160.573097539425,0
2023,8,ewma_w6_h0.25,x_cm,1853,12089.573744559471,1413,7807.281898212408,0
2023,8,ewma_w6_h0.25,z_cm,1853,7085.830328582143,1413,4040.0188486769875,0
2023,8,ewma_w6_h0.5,x_cm,1853,12027.153279991504,1413,7766.858781403239,0
2023,8,ewma_w6_h0.5,z_cm,1853,7105.347369543439,1413,4061.9241238600503,0
2023,8,ewma_w6_h1,x_cm,1853,12048.455467273383,1413,7783.248334510408,0
2023,8,ewma_w6_h1,z_cm,1853,7191.206467216709,1413,4130.137166373193,0
2023,8,ewma_w6_h2,x_cm,1853,12123.35204289286,1413,7836.66337433966,0
2023,8,ewma_w6_h2,z_cm,1853,7297.718605625982,1413,4210.214779056243,0
2023,8,ewma_w6_h3,x_cm,1853,12162.936056841236,1413,7864.952721206044,0
2023,8,ewma_w6_h3,z_cm,1853,7345.984922709275,1413,4246.07358487367,0
2023,8,precision_h0.5_q0.25,x_cm,1853,12022.890134600233,1413,7764.827783389861,0
2023,8,precision_h0.5_q0.25,z_cm,1853,7104.952724098523,1413,4059.7361813609377,0
2023,8,precision_h0.5_q1,x_cm,1853,12054.15995442084,1413,7784.511205906609,0
2023,8,precision_h0.5_q1,z_cm,1853,7091.32135438762,1413,4047.2982171017916,0
2023,8,precision_h0.5_q2,x_cm,1853,12059.579971077426,1413,7787.882479026418,0
2023,8,precision_h0.5_q2,z_cm,1853,7090.284808061027,1413,4046.288901717733,0
2023,8,precision_h1_q0.25,x_cm,1853,12035.250179840048,1413,7774.64782090134,0
2023,8,precision_h1_q0.25,z_cm,1853,7172.385564610037,1413,4114.129632413114,0
2023,8,precision_h1_q1,x_cm,1853,12033.491037325726,1413,7771.943002913492,0
2023,8,precision_h1_q1,z_cm,1853,7122.234027061251,1413,4074.4589151106393,0
2023,8,precision_h1_q2,x_cm,1853,12036.20889866475,1413,7773.383807892716,0
2023,8,precision_h1_q2,z_cm,1853,7117.97283251189,1413,4071.015692505737,0
2023,8,precision_h2_q0.25,x_cm,1853,12094.339941446788,1413,7816.291331091129,0
2023,8,precision_h2_q0.25,z_cm,1853,7255.577290237769,1413,4177.211027947591,0
2023,8,precision_h2_q1,x_cm,1853,12051.20275875413,1413,7785.222917153466,0
2023,8,precision_h2_q1,z_cm,1853,7170.188903000713,1413,4112.071823217053,0
2023,8,precision_h2_q2,x_cm,1853,12048.499875274487,1413,7782.91749996395,0
2023,8,precision_h2_q2,z_cm,1853,7162.20996650873,1413,4105.916015001534,0
2023,8,ema_a0.5,x_cm,1853,12080.614824747,1413,7806.877079249556,0
2023,8,ema_a0.5,z_cm,1853,7230.707837203334,1413,4159.044441773742,0
2023,8,ema_a0.75,x_cm,1853,12028.11205494935,1413,7767.606533648385,0
2023,8,ema_a0.75,z_cm,1853,7107.3122430834155,1413,4063.357010609111,0
2023,8,ema_a0.9,x_cm,1853,12070.481108283413,1413,7794.846556304278,0
2023,8,ema_a0.9,z_cm,1853,7086.677480797722,1413,4042.4878895766087,0
2023,8,kalman_q0.25,x_cm,1853,12159.546091829892,1413,7848.458580573693,0
2023,8,kalman_q0.25,z_cm,1853,7237.896545735437,1413,4156.586927152584,0
2023,8,kalman_q0.5,x_cm,1853,12049.805980446476,1413,7775.972921664618,0
2023,8,kalman_q0.5,z_cm,1853,7138.851890959131,1413,4079.125121177265,0
2023,8,kalman_q1,x_cm,1853,12048.940858817265,1413,7779.116703462078,0
2023,8,kalman_q1,z_cm,1853,7103.450682671073,1413,4050.560431757639,0
2023,8,kalman_q2,x_cm,1853,12095.643995724136,1413,7810.971370744326,0
2023,8,kalman_q2,z_cm,1853,7092.075615346923,1413,4041.4087516324503,0
2023,8,kalman_q4,x_cm,1853,12119.696590405449,1413,7826.8536184894365,0
2023,8,kalman_q4,z_cm,1853,7088.757114881879,1413,4038.7493270381983,0
2023,8,adaptive_q0.5,x_cm,1853,12049.805980446476,1413,7775.972921664618,0
2023,8,adaptive_q0.5,z_cm,1853,7138.851890959131,1413,4079.125121177265,0
2023,8,adaptive_q1,x_cm,1853,12048.940858817265,1413,7779.116703462078,0
2023,8,adaptive_q1,z_cm,1853,7103.450682671073,1413,4050.560431757639,0
2023,8,adaptive_q2,x_cm,1853,12095.643995724136,1413,7810.971370744326,0
2023,8,adaptive_q2,z_cm,1853,7092.075615346923,1413,4041.4087516324503,0
2023,8,trend_d0.25,x_cm,1853,12340.927219960631,1413,7969.942419183308,0
2023,8,trend_d0.25,z_cm,1853,7114.917009298651,1413,4042.671002819101,0
2023,8,trend_d0.5,x_cm,1853,12608.993186488786,1413,8141.7804734794,0
2023,8,trend_d0.5,z_cm,1853,7168.1604432533895,1413,4066.3281115096024,0
2023,8,monthly_w28_hflat,x_cm,1853,11727.795251098069,1413,7562.062482957761,0
2023,8,monthly_w28_hflat,z_cm,1853,7063.674479313857,1413,4012.9845071658438,0
2023,8,monthly_w28_h14,x_cm,1853,11868.306231942046,1413,7662.165825966528,0
2023,8,monthly_w28_h14,z_cm,1853,7056.983828901723,1413,4001.1713541162935,0
2023,8,monthly_w28_h28,x_cm,1853,11784.47082476913,1413,7603.884325826519,0
2023,8,monthly_w28_h28,z_cm,1853,7054.872292732312,1413,4002.816528491799,0
2023,8,monthly_w28_h28_huber,x_cm,1853,11864.359587930545,1413,7651.088595185342,0
2023,8,monthly_w28_h28_huber,z_cm,1853,7067.742037675577,1413,4005.737521635104,0
2023,8,monthly_w56_hflat,x_cm,1853,11756.164497160025,1413,7577.081904109175,0
2023,8,monthly_w56_hflat,z_cm,1853,7114.0646202210955,1413,4099.015718067572,0
2023,8,monthly_w56_h14,x_cm,1853,11951.694563765279,1413,7709.651629243801,0
2023,8,monthly_w56_h14,z_cm,1853,7029.967135614152,1413,4018.3799217212595,0
2023,8,monthly_w56_h28,x_cm,1853,11822.449680347441,1413,7622.10150273954,0
2023,8,monthly_w56_h28,z_cm,1853,7059.190348839205,1413,4051.1263761037085,0
2023,8,monthly_w56_h28_huber,x_cm,1853,11859.169801016029,1413,7636.855131471525,0
2023,8,monthly_w56_h28_huber,z_cm,1853,7117.155158333351,1413,4076.285877992118,0
2023,8,monthly_w84_hflat,x_cm,1853,11941.341391208724,1413,7709.34839405733,0
2023,8,monthly_w84_hflat,z_cm,1853,7275.486937329801,1413,4198.306275098712,0
2023,8,monthly_w84_h14,x_cm,1853,11967.72251838271,1413,7723.207973197459,0
2023,8,monthly_w84_h14,z_cm,1853,7048.19804311852,1413,4028.63705207429,0
2023,8,monthly_w84_h28,x_cm,1853,11894.159206836182,1413,7675.938569031465,0
2023,8,monthly_w84_h28,z_cm,1853,7122.35587775067,1413,4088.085877607824,0
2023,8,monthly_w84_h28_huber,x_cm,1853,11939.681552573027,1413,7697.167212426746,0
2023,8,monthly_w84_h28_huber,z_cm,1853,7167.722008900185,1413,4107.19749910775,0
2023,8,weekly_w28_hflat,x_cm,1853,10991.102658648575,1413,7130.186137353747,82
2023,8,weekly_w28_hflat,z_cm,1853,6991.228792862685,1413,3989.9515838205934,82
2023,8,weekly_w28_h14,x_cm,1853,10877.618965213058,1413,7063.9946455891,82
2023,8,weekly_w28_h14,z_cm,1853,6991.012595859811,1413,3966.044829673775,82
2023,8,weekly_w28_h28,x_cm,1853,10932.929157264758,1413,7096.053298974841,82
2023,8,weekly_w28_h28,z_cm,1853,6988.769147240528,1413,3976.900012072465,82
2023,8,weekly_w28_h28_huber,x_cm,1853,10913.612135357145,1413,7079.184920076825,82
2023,8,weekly_w28_h28_huber,z_cm,1853,6996.329670292889,1413,3974.7260460017974,82
2023,8,weekly_w56_hflat,x_cm,1853,11186.910044989865,1413,7222.288031099666,0
2023,8,weekly_w56_hflat,z_cm,1853,7078.539509091343,1413,4070.1335726991792,0
2023,8,weekly_w56_h14,x_cm,1853,10964.101639947567,1413,7100.289980697357,0
2023,8,weekly_w56_h14,z_cm,1853,6999.359033783983,1413,3982.947635181936,0
2023,8,weekly_w56_h28,x_cm,1853,11070.597000711743,1413,7161.347128550922,0
2023,8,weekly_w56_h28,z_cm,1853,7025.432207982393,1413,4018.2090238015808,0
2023,8,weekly_w56_h28_huber,x_cm,1853,11063.214065945835,1413,7151.5929737164115,0
2023,8,weekly_w56_h28_huber,z_cm,1853,7066.94015893454,1413,4034.1162710239714,0
2023,8,weekly_w84_hflat,x_cm,1853,11447.679110169765,1413,7413.674488232913,0
2023,8,weekly_w84_hflat,z_cm,1853,7144.202601499224,1413,4113.707861442394,0
2023,8,weekly_w84_h14,x_cm,1853,10988.06273528016,1413,7121.562061881529,0
2023,8,weekly_w84_h14,z_cm,1853,6998.167491492553,1413,3986.1535366075227,0
2023,8,weekly_w84_h28,x_cm,1853,11164.655116606276,1413,7235.357470410308,0
2023,8,weekly_w84_h28,z_cm,1853,7041.043704296171,1413,4032.7174313390415,0
2023,8,weekly_w84_h28_huber,x_cm,1853,11186.253325720176,1413,7244.777949949112,0
2023,8,weekly_w84_h28_huber,z_cm,1853,7079.787843712353,1413,4046.78050077106,0
2023,8,weekly_w56_h7,x_cm,1853,10763.770609973146,1413,6966.892963163102,0
2023,8,weekly_w56_h7,z_cm,1853,7016.565466278274,1413,3965.5197420275863,0
2023,8,weekly_w56_h10,x_cm,1853,10881.6213079745,1413,7047.805167801098,0
2023,8,weekly_w56_h10,z_cm,1853,6997.336763180792,1413,3968.26780132935,0
2023,8,weekly_w56_h21,x_cm,1853,11034.477529985697,1413,7141.467026709138,0
2023,8,weekly_w56_h21,z_cm,1853,7013.5870997007605,1413,4004.3624463711176,0
2023,8,weekly_w84_h7,x_cm,1853,10766.236165153241,1413,6969.389015990664,0
2023,8,weekly_w84_h7,z_cm,1853,7014.871161486442,1413,3965.1545369439573,0
2023,8,weekly_w84_h10,x_cm,1853,10889.699437422896,1413,7055.826858868176,0
2023,8,weekly_w84_h10,z_cm,1853,6994.4896660498125,1413,3968.838455810614,0
2023,8,weekly_w84_h21,x_cm,1853,11095.650237624704,1413,7191.243691945709,0
2023,8,weekly_w84_h21,z_cm,1853,7020.5605662305625,1413,4013.5018480159206,0
2023,8,weekly_w112_h7,x_cm,1853,10766.777594317084,1413,6969.852326029492,0
2023,8,weekly_w112_h7,z_cm,1853,7014.838068549656,1413,3965.1531691300547,0
2023,8,weekly_w112_h10,x_cm,1853,10894.176522941536,1413,7059.486759172305,0
2023,8,weekly_w112_h10,z_cm,1853,6994.743921808831,1413,3969.1197673507313,0
2023,8,weekly_w112_h21,x_cm,1853,11150.387100512382,1413,7230.742025376869,0
2023,8,weekly_w112_h21,z_cm,1853,7034.338658437033,1413,4023.190733925421,0
2023,8,weekly_w112_h14,x_cm,1853,11006.04224277164,1413,7135.419216455679,0
2023,8,weekly_w112_h14,z_cm,1853,7001.047677531411,1413,3988.2983368424707,0
2023,8,weekly_w84_h3.5,x_cm,1853,10475.1595073692,1413,6749.622060235236,0
2023,8,weekly_w84_h3.5,z_cm,1853,7157.999500675777,1413,4050.200849139952,0
2023,8,weekly_w28_h7,x_cm,1853,10773.180140183758,1413,7002.39093983131,82
2023,8,weekly_w28_h7,z_cm,1853,7007.777156019683,1413,3953.7503755195103,82
2023,8,weekly_w84_h14_huber,x_cm,1853,10987.743347319949,1413,7115.053065074604,0
2023,8,weekly_w84_h14_huber,z_cm,1853,7021.455615573419,1413,3991.9737359594665,0
2023,8,daily_w84_h3.5,x_cm,1853,10493.39129588387,1413,6695.533712103716,0
2023,8,daily_w84_h3.5,z_cm,1853,7058.707763354656,1413,3975.83223167892,0
2023,8,daily_w56_h7,x_cm,1853,10398.527027751017,1413,6634.8061906375115,0
2023,8,daily_w56_h7,z_cm,1853,6961.778433781674,1413,3944.093595372532,0
2023,8,daily_w56_h14,x_cm,1853,10503.038334138746,1413,6719.322202646863,0
2023,8,daily_w56_h14,z_cm,1853,6954.11453306023,1413,3966.761551270406,0
2023,8,daily_w56_h28,x_cm,1853,10646.096115090815,1413,6826.74357185581,0
2023,8,daily_w56_h28,z_cm,1853,6978.948412747963,1413,3996.533168274963,0
2023,8,daily_w84_h7,x_cm,1853,10398.123352057846,1413,6635.769777124298,0
2023,8,daily_w84_h7,z_cm,1853,6961.449385800532,1413,3944.4569844308176,0
2023,8,daily_w84_h14,x_cm,1853,10550.621230824308,1413,6763.434423238647,0
2023,8,daily_w84_h14,z_cm,1853,6960.912272080601,1413,3974.8842114663175,0
2023,8,daily_w84_h28,x_cm,1853,10825.224391548636,1413,6972.193259298079,0
2023,8,daily_w84_h28,z_cm,1853,7007.226077890673,1413,4021.535570727407,0
2023,8,fortnightly_w84_h7,x_cm,1853,10834.279618532339,1413,6928.0960014594,0
2023,8,fortnightly_w84_h7,z_cm,1853,7081.583438243621,1413,4066.290461674824,0
2023,8,fortnightly_w84_h14,x_cm,1853,11027.269756470956,1413,7073.724012942719,0
2023,8,fortnightly_w84_h14,z_cm,1853,7071.02629768976,1413,4066.512223537141,0
2023,8,fortnightly_w84_h28,x_cm,1853,11213.85036271507,1413,7218.773876686053,0
2023,8,fortnightly_w84_h28,z_cm,1853,7116.246034012336,1413,4097.429175052554,0
2023,9,uncorrected,x_cm,1695,56620.66031893644,1201,35690.166058886985,0
2023,9,uncorrected,z_cm,1695,18426.39689090792,1201,11148.38885948899,0
2023,9,last_month,x_cm,1695,9465.741337297746,1201,5498.115477976502,0
2023,9,last_month,z_cm,1695,7018.539746642478,1201,3909.165946662185,0
2023,9,season_to_date,x_cm,1695,10119.973007582528,1201,5819.191764383839,0
2023,9,season_to_date,z_cm,1695,7036.582784591545,1201,3986.783140211016,0
2023,9,ewma_w2_h0.25,x_cm,1695,9428.796161267805,1201,5456.419826136798,0
2023,9,ewma_w2_h0.25,z_cm,1695,7005.820837110512,1201,3902.1056075497218,0
2023,9,ewma_w2_h0.5,x_cm,1695,9411.3847987667,1201,5402.631493945453,0
2023,9,ewma_w2_h0.5,z_cm,1695,6982.13219475241,1201,3889.344672170708,0
2023,9,ewma_w2_h1,x_cm,1695,9487.31099710736,1201,5411.82559235133,0
2023,9,ewma_w2_h1,z_cm,1695,6968.6220294938885,1201,3882.716223837988,0
2023,9,ewma_w2_h2,x_cm,1695,9577.092466265636,1201,5445.801675372959,0
2023,9,ewma_w2_h2,z_cm,1695,6964.621876740447,1201,3881.2626925149802,0
2023,9,ewma_w2_h3,x_cm,1695,9616.275230118492,1201,5462.741430197572,0
2023,9,ewma_w2_h3,z_cm,1695,6963.9706975552,1201,3881.2118969086437,0
2023,9,ewma_w3_h0.25,x_cm,1695,9425.934970567683,1201,5453.840886719408,0
2023,9,ewma_w3_h0.25,z_cm,1695,7005.04688692019,1201,3901.8376137623195,0
2023,9,ewma_w3_h0.5,x_cm,1695,9401.906153068221,1201,5389.445465228729,0
2023,9,ewma_w3_h0.5,z_cm,1695,6976.160294818874,1201,3888.3582952791294,0
2023,9,ewma_w3_h1,x_cm,1695,9514.26747871393,1201,5415.147687538591,0
2023,9,ewma_w3_h1,z_cm,1695,6961.079462496549,1201,3886.146212777935,0
2023,9,ewma_w3_h2,x_cm,1695,9652.152536162943,1201,5478.844263061135,0
2023,9,ewma_w3_h2,z_cm,1695,6961.36758278165,1201,3892.094929454667,0
2023,9,ewma_w3_h3,x_cm,1695,9710.720214918532,1201,5508.798287847412,0
2023,9,ewma_w3_h3,z_cm,1695,6963.4147608262465,1201,3895.6126783661894,0
2023,9,ewma_w6_h0.25,x_cm,1695,9425.749909563097,1201,5453.681074061222,0
2023,9,ewma_w6_h0.25,z_cm,1695,7004.926197251541,1201,3901.7924753897123,0
2023,9,ewma_w6_h0.5,x_cm,1695,9401.390314653181,1201,5387.836748882462,0
2023,9,ewma_w6_h0.5,z_cm,1695,6971.016943074764,1201,3886.869169122885,0
2023,9,ewma_w6_h1,x_cm,1695,9563.305204402557,1201,5446.243939263664,0
2023,9,ewma_w6_h1,z_cm,1695,6945.303657486967,1201,3886.6935668042825,0
2023,9,ewma_w6_h2,x_cm,1695,9807.404760314923,1201,5588.024819465734,0
2023,9,ewma_w6_h2,z_cm,1695,6956.095522170448,1201,3910.132744467511,0
2023,9,ewma_w6_h3,x_cm,1695,9919.888108538671,1201,5659.254598417336,0
2023,9,ewma_w6_h3,z_cm,1695,6970.3909254225655,1201,3925.946960936612,0
2023,9,precision_h0.5_q0.25,x_cm,1695,9440.10343931978,1201,5416.722931368046,0
2023,9,precision_h0.5_q0.25,z_cm,1695,6980.562718129966,1201,3888.0158928123683,0
2023,9,precision_h0.5_q1,x_cm,1695,9399.876992210644,1201,5412.996294783266,0
2023,9,precision_h0.5_q1,z_cm,1695,6989.61304916508,1201,3894.1869601699327,0
2023,9,precision_h0.5_q2,x_cm,1695,9398.786144322257,1201,5415.997075971563,0
2023,9,precision_h0.5_q2,z_cm,1695,6990.553330264928,1201,3894.859900944045,0
2023,9,precision_h1_q0.25,x_cm,1695,9638.89784441274,1201,5496.615324275244,0
2023,9,precision_h1_q0.25,z_cm,1695,6946.473479515462,1201,3876.117633082996,0
2023,9,precision_h1_q1,x_cm,1695,9430.763830137277,1201,5394.945934770905,0
2023,9,precision_h1_q1,z_cm,1695,6961.774125500578,1201,3883.968560569637,0
2023,9,precision_h1_q2,x_cm,1695,9407.835020349014,1201,5386.384590973923,0
2023,9,precision_h1_q2,z_cm,1695,6963.505207509863,1201,3884.99737018802,0
2023,9,precision_h2_q0.25,x_cm,1695,9877.353118605804,1201,5629.474941940094,0
2023,9,precision_h2_q0.25,z_cm,1695,6932.086938760678,1201,3879.716138830653,0
2023,9,precision_h2_q1,x_cm,1695,9531.789807657598,1201,5436.211929065785,0
2023,9,precision_h2_q1,z_cm,1695,6944.472054281245,1201,3882.564907102289,0
2023,9,precision_h2_q2,x_cm,1695,9482.290768983072,1201,5411.178304837397,0
2023,9,precision_h2_q2,z_cm,1695,6946.275142116439,1201,3883.388580946922,0
2023,9,ema_a0.5,x_cm,1695,9571.806824984113,1201,5454.782695151874,0
2023,9,ema_a0.5,z_cm,1695,6943.161871281278,1201,3888.169831099141,0
2023,9,ema_a0.75,x_cm,1695,9400.976032000268,1201,5387.593041828165,0
2023,9,ema_a0.75,z_cm,1695,6970.665264641322,1201,3886.7532792625775,0
2023,9,ema_a0.9,x_cm,1695,9409.685548130841,1201,5432.533999309593,0
2023,9,ema_a0.9,z_cm,1695,6997.400016071415,1201,3897.96904798336,0
2023,9,kalman_q0.25,x_cm,1695,10145.15924618006,1201,5776.531125724874,0
2023,9,kalman_q0.25,z_cm,1695,6968.601174280002,1201,3891.174874986916,0
2023,9,kalman_q0.5,x_cm,1695,9761.330044741586,1201,5581.3485576732655,0
2023,9,kalman_q0.5,z_cm,1695,6989.433459935758,1201,3891.0304415314795,0
2023,9,kalman_q1,x_cm,1695,9493.818681098895,1201,5467.718538652407,0
2023,9,kalman_q1,z_cm,1695,7008.0964527067845,1201,3900.7665451588055,0
2023,9,kalman_q2,x_cm,1695,9448.545824826018,1201,5471.108671148487,0
2023,9,kalman_q2,z_cm,1695,7015.934264842843,1201,3906.772469776281,0
2023,9,kalman_q4,x_cm,1695,9458.139337078777,1201,5488.850097263679,0
2023,9,kalman_q4,z_cm,1695,7017.927096063171,1201,3908.5692664924777,0
2023,9,adaptive_q0.5,x_cm,1695,9761.330044741586,1201,5581.3485576732655,0
2023,9,adaptive_q0.5,z_cm,1695,6989.433459935758,1201,3891.0304415314795,0
2023,9,adaptive_q1,x_cm,1695,9493.818681098895,1201,5467.718538652407,0
2023,9,adaptive_q1,z_cm,1695,7008.0964527067845,1201,3900.7665451588055,0
2023,9,adaptive_q2,x_cm,1695,9448.545824826018,1201,5471.108671148487,0
2023,9,adaptive_q2,z_cm,1695,7015.934264842843,1201,3906.772469776281,0
2023,9,trend_d0.25,x_cm,1695,9791.278271169747,1201,5781.298765054931,0
2023,9,trend_d0.25,z_cm,1695,7091.289324508916,1201,3950.612680638696,0
2023,9,trend_d0.5,x_cm,1695,10390.184078938284,1201,6242.943653451652,0
2023,9,trend_d0.5,z_cm,1695,7194.305722379637,1201,4010.5817933509493,0
2023,9,monthly_w28_hflat,x_cm,1695,9488.05122770217,1201,5521.592731157027,0
2023,9,monthly_w28_hflat,z_cm,1695,7017.8564422481295,1201,3907.9763080743937,0
2023,9,monthly_w28_h14,x_cm,1695,9454.73852914623,1201,5500.390600108039,0
2023,9,monthly_w28_h14,z_cm,1695,7003.440203453731,1201,3898.8685301431324,0
2023,9,monthly_w28_h28,x_cm,1695,9468.381141938098,1201,5509.636838117531,0
2023,9,monthly_w28_h28,z_cm,1695,7007.567278409691,1201,3901.6227593927742,0
2023,9,monthly_w28_h28_huber,x_cm,1695,9508.789590954893,1201,5545.289657110439,0
2023,9,monthly_w28_h28_huber,z_cm,1695,7007.7576293536495,1201,3901.354069430391,0
2023,9,monthly_w56_hflat,x_cm,1695,9349.95666097017,1201,5323.174729848797,0
2023,9,monthly_w56_hflat,z_cm,1695,6978.230315804984,1201,3882.01724731283,0
2023,9,monthly_w56_h14,x_cm,1695,9341.457910276953,1201,5376.502013735641,0
2023,9,monthly_w56_h14,z_cm,1695,6989.483413881436,1201,3888.5471141930548,0
2023,9,monthly_w56_h28,x_cm,1695,9326.441891960803,1201,5341.1583722937885,0
2023,9,monthly_w56_h28,z_cm,1695,6983.386792131999,1201,3884.7538083305294,0
2023,9,monthly_w56_h28_huber,x_cm,1695,9366.532920878499,1201,5365.481824732289,0
2023,9,monthly_w56_h28_huber,z_cm,1695,6998.439915233024,1201,3893.588056967419,0
2023,9,monthly_w84_hflat,x_cm,1695,9618.775972680898,1201,5458.470346095764,0
2023,9,monthly_w84_hflat,z_cm,1695,7010.5775391948755,1201,3922.2674827366905,0
2023,9,monthly_w84_h14,x_cm,1695,9326.4987508091,1201,5350.634073300071,0
2023,9,monthly_w84_h14,z_cm,1695,6984.733343265563,1201,3888.6501887156764,0
2023,9,monthly_w84_h28,x_cm,1695,9376.299091053354,1201,5343.183904177513,0
2023,9,monthly_w84_h28,z_cm,1695,6982.737875275223,1201,3892.570196991863,0
2023,9,monthly_w84_h28_huber,x_cm,1695,9416.233079260655,1201,5366.1243480138655,0
2023,9,monthly_w84_h28_huber,z_cm,1695,6998.385236340502,1201,3904.5782195107035,0
2023,9,weekly_w28_hflat,x_cm,1695,9385.77694940061,1201,5312.380649270315,0
2023,9,weekly_w28_hflat,z_cm,1695,6966.437632910371,1201,3868.3697781106675,0
2023,9,weekly_w28_h14,x_cm,1695,9369.568916547161,1201,5301.920888984876,0
2023,9,weekly_w28_h14,z_cm,1695,6973.611934006232,1201,3870.7764398292798,0
2023,9,weekly_w28_h28,x_cm,1695,9370.967606164504,1201,5302.76275858965,0
2023,9,weekly_w28_h28,z_cm,1695,6966.346750184857,1201,3867.7772169795007,0
2023,9,weekly_w28_h28_huber,x_cm,1695,9378.035149357715,1201,5297.540877602307,0
2023,9,weekly_w28_h28_huber,z_cm,1695,6979.461798781911,1201,3872.764181376059,0
2023,9,weekly_w56_hflat,x_cm,1695,9373.915355207846,1201,5322.165866447305,0
2023,9,weekly_w56_hflat,z_cm,1695,7009.453935800178,1201,3890.5368730027053,0
2023,9,weekly_w56_h14,x_cm,1695,9327.8401593544,1201,5294.866374169431,0
2023,9,weekly_w56_h14,z_cm,1695,6972.963920979428,1201,3877.5448096061973,0
2023,9,weekly_w56_h28,x_cm,1695,9332.6906837672,1201,5301.385265129923,0
2023,9,weekly_w56_h28,z_cm,1695,6986.011343472119,1201,3882.629625746221,0
2023,9,weekly_w56_h28_huber,x_cm,1695,9353.508544682167,1201,5305.721151210868,0
2023,9,weekly_w56_h28_huber,z_cm,1695,6996.563102201414,1201,3886.1046898975183,0
2023,9,weekly_w84_hflat,x_cm,1695,9576.455697011344,1201,5401.849465057019,0
2023,9,weekly_w84_hflat,z_cm,1695,6979.905696976916,1201,3884.2461420810987,0
2023,9,weekly_w84_h14,x_cm,1695,9314.495164181755,1201,5274.599733337338,0
2023,9,weekly_w84_h14,z_cm,1695,6962.545505289869,1201,3872.19033093309,0
2023,9,weekly_w84_h28,x_cm,1695,9364.15281467151,1201,5292.776862270997,0
2023,9,weekly_w84_h28,z_cm,1695,6965.861859904471,1201,3873.6311545813714,0
2023,9,weekly_w84_h28_huber,x_cm,1695,9391.207095188205,1201,5302.383181901145,0
2023,9,weekly_w84_h28_huber,z_cm,1695,6981.130957857658,1201,3881.5285181442514,0
2023,9,weekly_w56_h7,x_cm,1695,9376.959139645609,1201,5312.932418571746,0
2023,9,weekly_w56_h7,z_cm,1695,6987.905046551569,1201,3883.6541157085676,0
2023,9,weekly_w56_h10,x_cm,1695,9341.479450083123,1201,5298.095402954046,0
2023,9,weekly_w56_h10,z_cm,1695,6972.085506361881,1201,3876.876650968953,0
2023,9,weekly_w56_h21,x_cm,1695,9327.629257798288,1201,5297.7461347008575,0
2023,9,weekly_w56_h21,z_cm,1695,6980.321293907316,1201,3880.524618911297,0
2023,9,weekly_w84_h7,x_cm,1695,9371.313903887887,1201,5308.345767557114,0
2023,9,weekly_w84_h7,z_cm,1695,6985.660800914471,1201,3882.4957774623563,0
2023,9,weekly_w84_h10,x_cm,1695,9328.12011280319,1201,5284.810348707617,0
2023,9,weekly_w84_h10,z_cm,1695,6966.36292909587,1201,3873.897871884342,0
2023,9,weekly_w84_h21,x_cm,1695,9334.306812166564,1201,5279.959328529044,0
2023,9,weekly_w84_h21,z_cm,1695,6963.839828474924,1201,3872.6032821778235,0
2023,9,weekly_w112_h7,x_cm,1695,9370.902240699568,1201,5307.950728521598,0
2023,9,weekly_w112_h7,z_cm,1695,6985.455987792559,1201,3882.4286224636253,0
2023,9,weekly_w112_h10,x_cm,1695,9325.264928446533,1201,5282.091825471256,0
2023,9,weekly_w112_h10,z_cm,1695,6965.439101377155,1201,3873.84731135485,0
2023,9,weekly_w112_h21,x_cm,1695,9330.075561083033,1201,5273.444566124694,0
2023,9,weekly_w112_h21,z_cm,1695,6959.96321197206,1201,3876.243026122128,0
2023,9,weekly_w112_h14,x_cm,1695,9307.668315223105,1201,5267.740590695798,0
2023,9,weekly_w112_h14,z_cm,1695,6960.312584254272,1201,3872.8826417944206,0
2023,9,weekly_w84_h3.5,x_cm,1695,9531.40844606024,1201,5400.44577744743,0
2023,9,weekly_w84_h3.5,z_cm,1695,7133.291959041173,1201,3961.4365802552234,0
2023,9,weekly_w28_h7,x_cm,1695,9402.058637802624,1201,5322.438094217858,0
2023,9,weekly_w28_h7,z_cm,1695,7012.277829356448,1201,3889.7840936464904,0
2023,9,weekly_w84_h14_huber,x_cm,1695,9337.261916244914,1201,5279.339455741599,0
2023,9,weekly_w84_h14_huber,z_cm,1695,6974.669768455335,1201,3876.841125493383,0
2023,9,daily_w84_h3.5,x_cm,1695,9540.533780183312,1201,5398.513319807131,0
2023,9,daily_w84_h3.5,z_cm,1695,7201.111684805144,1201,3931.4227969741933,0
2023,9,daily_w56_h7,x_cm,1695,9276.920822805692,1201,5234.186467149814,0
2023,9,daily_w56_h7,z_cm,1695,7040.654342925485,1201,3874.014781318915,0
2023,9,daily_w56_h14,x_cm,1695,9225.811064226367,1201,5229.912708327538,0
2023,9,daily_w56_h14,z_cm,1695,6995.389725892419,1201,3863.9442838404802,0
2023,9,daily_w56_h28,x_cm,1695,9255.85654099776,1201,5263.219107613677,0
2023,9,daily_w56_h28,z_cm,1695,6992.0504710844525,1201,3867.096858832188,0
2023,9,daily_w84_h7,x_cm,1695,9275.259159731297,1201,5231.86313342117,0
2023,9,daily_w84_h7,z_cm,1695,7039.509817869428,1201,3873.4848109470768,0
2023,9,daily_w84_h14,x_cm,1695,9227.90332942837,1201,5218.033458043985,0
2023,9,daily_w84_h14,z_cm,1695,6989.379984605341,1201,3861.8530612523905,0
2023,9,daily_w84_h28,x_cm,1695,9304.73892189464,1201,5260.306971747463,0
2023,9,daily_w84_h28,z_cm,1695,6980.683086781878,1201,3865.0797926494115,0
2023,9,fortnightly_w84_h7,x_cm,1695,9489.24893037403,1201,5433.140363891737,0
2023,9,fortnightly_w84_h7,z_cm,1695,6958.179432302387,1201,3867.5544759444188,0
2023,9,fortnightly_w84_h14,x_cm,1695,9430.327526092247,1201,5377.941851191105,0
2023,9,fortnightly_w84_h14,z_cm,1695,6961.065628633176,1201,3874.094181297766,0
2023,9,fortnightly_w84_h28,x_cm,1695,9438.198736299135,1201,5357.1553315836945,0
2023,9,fortnightly_w84_h28,z_cm,1695,6966.996642849057,1201,3878.893523677299,0
2024,5,uncorrected,x_cm,2122,72907.0779325201,1603,48120.5966487973,0
2024,5,uncorrected,z_cm,2122,32297.200285344876,1603,20563.212400392607,0
2024,5,last_month,x_cm,2122,16570.917700353653,1603,10793.666224112134,0
2024,5,last_month,z_cm,2122,13771.400831133613,1603,8676.44178680022,0
2024,5,season_to_date,x_cm,2122,15852.134249582365,1603,10230.315650385293,0
2024,5,season_to_date,z_cm,2122,13645.677357043387,1603,8598.152658435672,0
2024,5,ewma_w2_h0.25,x_cm,2122,16358.341600266813,1603,10637.89827198106,0
2024,5,ewma_w2_h0.25,z_cm,2122,13744.070202563213,1603,8659.881248984278,0
2024,5,ewma_w2_h0.5,x_cm,2122,15984.92343910208,1603,10354.341472881806,0
2024,5,ewma_w2_h0.5,z_cm,2122,13688.223808811343,1603,8626.359157003393,0
2024,5,ewma_w2_h1,x_cm,2122,15809.538018984607,1603,10203.575607456085,0
2024,5,ewma_w2_h1,z_cm,2122,13648.115141327078,1603,8602.766512992113,0
2024,5,ewma_w2_h2,x_cm,2122,15787.06986105278,1603,10167.52192815979,0
2024,5,ewma_w2_h2,z_cm,2122,13629.766145085749,1603,8592.273831979643,0
2024,5,ewma_w2_h3,x_cm,2122,15794.16659755807,1603,10164.786935505163,0
2024,5,ewma_w2_h3,z_cm,2122,13624.416089762182,1603,8589.285460605573,0
2024,5,ewma_w3_h0.25,x_cm,2122,16358.341600266813,1603,10637.89827198106,0
2024,5,ewma_w3_h0.25,z_cm,2122,13744.070202563213,1603,8659.881248984278,0
2024,5,ewma_w3_h0.5,x_cm,2122,15984.92343910208,1603,10354.341472881806,0
2024,5,ewma_w3_h0.5,z_cm,2122,13688.223808811343,1603,8626.359157003393,0
2024,5,ewma_w3_h1,x_cm,2122,15809.538018984607,1603,10203.575607456085,0
2024,5,ewma_w3_h1,z_cm,2122,13648.115141327078,1603,8602.766512992113,0
2024,5,ewma_w3_h2,x_cm,2122,15787.06986105278,1603,10167.52192815979,0
2024,5,ewma_w3_h2,z_cm,2122,13629.766145085749,1603,8592.273831979643,0
2024,5,ewma_w3_h3,x_cm,2122,15794.16659755807,1603,10164.786935505163,0
2024,5,ewma_w3_h3,z_cm,2122,13624.416089762182,1603,8589.285460605573,0
2024,5,ewma_w6_h0.25,x_cm,2122,16358.341600266813,1603,10637.89827198106,0
2024,5,ewma_w6_h0.25,z_cm,2122,13744.070202563213,1603,8659.881248984278,0
2024,5,ewma_w6_h0.5,x_cm,2122,15984.92343910208,1603,10354.341472881806,0
2024,5,ewma_w6_h0.5,z_cm,2122,13688.223808811343,1603,8626.359157003393,0
2024,5,ewma_w6_h1,x_cm,2122,15809.538018984607,1603,10203.575607456085,0
2024,5,ewma_w6_h1,z_cm,2122,13648.115141327078,1603,8602.766512992113,0
2024,5,ewma_w6_h2,x_cm,2122,15787.06986105278,1603,10167.52192815979,0
2024,5,ewma_w6_h2,z_cm,2122,13629.766145085749,1603,8592.273831979643,0
2024,5,ewma_w6_h3,x_cm,2122,15794.16659755807,1603,10164.786935505163,0
2024,5,ewma_w6_h3,z_cm,2122,13624.416089762182,1603,8589.285460605573,0
2024,5,precision_h0.5_q0.25,x_cm,2122,16375.253946671577,1603,10662.59669727923,0
2024,5,precision_h0.5_q0.25,z_cm,2122,13726.339464489776,1603,8649.14959061002,0
2024,5,precision_h0.5_q1,x_cm,2122,16283.559995964559,1603,10587.998584388744,0
2024,5,precision_h0.5_q1,z_cm,2122,13722.61870497698,1603,8646.9234529809,0
2024,5,precision_h0.5_q2,x_cm,2122,16229.557726485835,1603,10544.154575277926,0
2024,5,precision_h0.5_q2,z_cm,2122,13722.013718872073,1603,8646.574140390854,0
2024,5,precision_h1_q0.25,x_cm,2122,16229.661433572117,1603,10562.439805953014,0
2024,5,precision_h1_q0.25,z_cm,2122,13694.87085272406,1603,8630.278995606095,0
2024,5,precision_h1_q1,x_cm,2122,16093.479952061773,1603,10447.732781731907,0
2024,5,precision_h1_q1,z_cm,2122,13689.415910732881,1603,8627.034960762025,0
2024,5,precision_h1_q2,x_cm,2122,16023.094283657014,1603,10387.593481114909,0
2024,5,precision_h1_q2,z_cm,2122,13688.5528544216,1603,8626.544428819458,0
2024,5,precision_h2_q0.25,x_cm,2122,16136.515001040663,1603,10496.64813801572,0
2024,5,precision_h2_q0.25,z_cm,2122,13675.67480957401,1603,8618.883513949173,0
2024,5,precision_h2_q1,x_cm,2122,15986.35703394753,1603,10365.738961651326,0
2024,5,precision_h2_q1,z_cm,2122,13669.59000112068,1603,8615.283549661937,0
2024,5,precision_h2_q2,x_cm,2122,15917.344101835213,1603,10303.350373237234,0
2024,5,precision_h2_q2,z_cm,2122,13668.64696899958,1603,8614.754961641182,0
2024,5,ema_a0.5,x_cm,2122,15832.49334214428,1603,10175.00024049274,0
2024,5,ema_a0.5,z_cm,2122,13615.239822793645,1603,8584.295955812937,0
2024,5,ema_a0.75,x_cm,2122,15898.971648365818,1603,10284.480776278928,0
2024,5,ema_a0.75,z_cm,2122,13671.74468218625,1603,8616.593561512916,0
2024,5,ema_a0.9,x_cm,2122,16229.483150066562,1603,10542.027455533209,0
2024,5,ema_a0.9,z_cm,2122,13726.360216808098,1603,8649.19642233482,0
2024,5,kalman_q0.25,x_cm,2122,16207.383852835794,1603,10544.762033814155,0
2024,5,kalman_q0.25,z_cm,2122,13681.816859718954,1603,8608.691351262469,0
2024,5,kalman_q0.5,x_cm,2122,16191.99907878456,1603,10527.100857302266,0
2024,5,kalman_q0.5,z_cm,2122,13736.168575493492,1603,8649.88921578367,0
2024,5,kalman_q1,x_cm,2122,16283.850965002099,1603,10585.008542272786,0
2024,5,kalman_q1,z_cm,2122,13766.06241738631,1603,8671.61602894114,0
2024,5,kalman_q2,x_cm,2122,16433.212953854443,1603,10691.472554769953,0
2024,5,kalman_q2,z_cm,2122,13771.542905865963,1603,8676.004854706276,0
2024,5,kalman_q4,x_cm,2122,16526.124542957008,1603,10760.192122072365,0
2024,5,kalman_q4,z_cm,2122,13771.629018817244,1603,8676.43030341395,0
2024,5,adaptive_q0.5,x_cm,2122,16191.99907878456,1603,10527.100857302266,0
2024,5,adaptive_q0.5,z_cm,2122,13736.168575493492,1603,8649.88921578367,0
2024,5,adaptive_q1,x_cm,2122,16283.850965002099,1603,10585.008542272786,0
2024,5,adaptive_q1,z_cm,2122,13766.06241738631,1603,8671.61602894114,0
2024,5,adaptive_q2,x_cm,2122,16433.212953854443,1603,10691.472554769953,0
2024,5,adaptive_q2,z_cm,2122,13771.542905865963,1603,8676.004854706276,0
2024,5,trend_d0.25,x_cm,2122,17417.4894730761,1603,11383.773472963856,0
2024,5,trend_d0.25,z_cm,2122,13914.208269635728,1603,8763.840631674844,0
2024,5,trend_d0.5,x_cm,2122,18588.766981410867,1603,12186.403428742728,0
2024,5,trend_d0.5,z_cm,2122,14100.166997692597,1603,8878.790096136785,0
2024,5,monthly_w28_hflat,x_cm,2122,16489.655275692952,1603,10735.715073012718,0
2024,5,monthly_w28_hflat,z_cm,2122,13770.015545984355,1603,8669.363706795775,0
2024,5,monthly_w28_h14,x_cm,2122,16588.591652637857,1603,10810.113549175214,0
2024,5,monthly_w28_h14,z_cm,2122,13764.744985390253,1603,8649.312459887713,0
2024,5,monthly_w28_h28,x_cm,2122,16536.528796135677,1603,10772.695773353164,0
2024,5,monthly_w28_h28,z_cm,2122,13765.83623412457,1603,8658.450408076471,0
2024,5,monthly_w28_h28_huber,x_cm,2122,16508.322268585023,1603,10755.847780245993,0
2024,5,monthly_w28_h28_huber,z_cm,2122,13776.132033410444,1603,8667.761208572821,0
2024,5,monthly_w56_hflat,x_cm,2122,15852.134249582363,1603,10230.315650385293,0
2024,5,monthly_w56_hflat,z_cm,2122,13645.677357043387,1603,8598.152658435672,0
2024,5,monthly_w56_h14,x_cm,2122,16276.505577856178,1603,10570.370317238589,0
2024,5,monthly_w56_h14,z_cm,2122,13706.259237831158,1603,8618.974024484414,0
2024,5,monthly_w56_h28,x_cm,2122,16039.846617508643,1603,10389.001142851112,0
2024,5,monthly_w56_h28,z_cm,2122,13675.990583116669,1603,8609.692931220838,0
2024,5,monthly_w56_h28_huber,x_cm,2122,16092.012357369098,1603,10441.299271914075,0
2024,5,monthly_w56_h28_huber,z_cm,2122,13696.570096302616,1603,8623.930454360248,0
2024,5,monthly_w84_hflat,x_cm,2122,15852.134249582363,1603,10230.315650385293,0
2024,5,monthly_w84_hflat,z_cm,2122,13645.677357043387,1603,8598.152658435672,0
2024,5,monthly_w84_h14,x_cm,2122,16276.505577856178,1603,10570.370317238589,0
2024,5,monthly_w84_h14,z_cm,2122,13706.259237831158,1603,8618.974024484414,0
2024,5,monthly_w84_h28,x_cm,2122,16039.846617508643,1603,10389.001142851112,0
2024,5,monthly_w84_h28,z_cm,2122,13675.990583116669,1603,8609.692931220838,0
2024,5,monthly_w84_h28_huber,x_cm,2122,16092.012357369098,1603,10441.299271914075,0
2024,5,monthly_w84_h28_huber,z_cm,2122,13696.570096302616,1603,8623.930454360248,0
2024,5,weekly_w28_hflat,x_cm,2122,16024.017914038352,1603,10217.950998628006,0
2024,5,weekly_w28_hflat,z_cm,2122,13705.010895264928,1603,8659.337130983278,0
2024,5,weekly_w28_h14,x_cm,2122,15942.212397573978,1603,10052.409704832295,0
2024,5,weekly_w28_h14,z_cm,2122,13776.358001908762,1603,8691.980256865922,0
2024,5,weekly_w28_h28,x_cm,2122,15968.301622879955,1603,10126.449260891182,0
2024,5,weekly_w28_h28,z_cm,2122,13734.53249239739,1603,8672.30117473942,0
2024,5,weekly_w28_h28_huber,x_cm,2122,15968.683141376448,1603,10196.940099304155,0
2024,5,weekly_w28_h28_huber,z_cm,2122,13744.67220098557,1603,8680.563655626509,0
2024,5,weekly_w56_hflat,x_cm,2122,16507.320396282437,1603,10784.840477658856,0
2024,5,weekly_w56_hflat,z_cm,2122,13605.509504098094,1603,8607.902255194524,0
2024,5,weekly_w56_h14,x_cm,2122,16129.172973972181,1603,10330.366830600246,0
2024,5,weekly_w56_h14,z_cm,2122,13642.182079968168,1603,8610.333862557338,0
2024,5,weekly_w56_h28,x_cm,2122,16275.108403521417,1603,10530.897308890248,0
2024,5,weekly_w56_h28,z_cm,2122,13608.75794214454,1603,8599.068718370141,0
2024,5,weekly_w56_h28_huber,x_cm,2122,16282.945151097516,1603,10566.458761602045,0
2024,5,weekly_w56_h28_huber,z_cm,2122,13637.055543388557,1603,8615.570190259301,0
2024,5,weekly_w84_hflat,x_cm,2122,15825.955305379497,1603,10204.924866185414,0
2024,5,weekly_w84_hflat,z_cm,2122,13593.335859226396,1603,8576.511582827952,0
2024,5,weekly_w84_h14,x_cm,2122,15972.434905701,1603,10207.958218630652,0
2024,5,weekly_w84_h14,z_cm,2122,13636.650089734092,1603,8600.599611932705,0
2024,5,weekly_w84_h28,x_cm,2122,15913.235105428746,1603,10236.659154672523,0
2024,5,weekly_w84_h28,z_cm,2122,13601.812335284087,1603,8581.591507355413,0
2024,5,weekly_w84_h28_huber,x_cm,2122,15975.558920409716,1603,10318.039359848959,0
2024,5,weekly_w84_h28_huber,z_cm,2122,13626.22965378936,1603,8597.338174556215,0
2024,5,weekly_w56_h7,x_cm,2122,16030.666434283976,1603,10071.321636126653,0
2024,5,weekly_w56_h7,z_cm,2122,13784.018109084496,1603,8682.842385126683,0
2024,5,weekly_w56_h10,x_cm,2122,16064.514521435405,1603,10205.15998301976,0
2024,5,weekly_w56_h10,z_cm,2122,13689.820217491153,1603,8633.321646411605,0
2024,5,weekly_w56_h21,x_cm,2122,16217.512984346991,1603,10458.457486211482,0
2024,5,weekly_w56_h21,z_cm,2122,13616.380591989711,1603,8600.457284503878,0
2024,5,weekly_w84_h7,x_cm,2122,16009.87408112863,1603,10056.181480502333,0
2024,5,weekly_w84_h7,z_cm,2122,13782.03200071216,1603,8680.562277836238,0
2024,5,weekly_w84_h10,x_cm,2122,15991.717207671882,1603,10150.07485807665,0
2024,5,weekly_w84_h10,z_cm,2122,13685.70509653011,1603,8627.560537516358,0
2024,5,weekly_w84_h21,x_cm,2122,15938.507406736402,1603,10234.632992170766,0
2024,5,weekly_w84_h21,z_cm,2122,13609.959414803212,1603,8586.020317621718,0
2024,5,weekly_w112_h7,x_cm,2122,16009.87408112863,1603,10056.181480502333,0
2024,5,weekly_w112_h7,z_cm,2122,13782.03200071216,1603,8680.562277836238,0
2024,5,weekly_w112_h10,x_cm,2122,15991.717207671882,1603,10150.07485807665,0
2024,5,weekly_w112_h10,z_cm,2122,13685.70509653011,1603,8627.560537516358,0
2024,5,weekly_w112_h21,x_cm,2122,15938.507406736402,1603,10234.632992170766,0
2024,5,weekly_w112_h21,z_cm,2122,13609.959414803212,1603,8586.020317621718,0
2024,5,weekly_w112_h14,x_cm,2122,15972.434905701,1603,10207.958218630652,0
2024,5,weekly_w112_h14,z_cm,2122,13636.650089734092,1603,8600.599611932705,0
2024,5,weekly_w84_h3.5,x_cm,2122,16145.77151729828,1603,9927.61857003678,0
2024,5,weekly_w84_h3.5,z_cm,2122,14131.962259186435,1603,8874.126795185843,0
2024,5,weekly_w28_h7,x_cm,2122,15964.818592648395,1603,9957.774509311614,0
2024,5,weekly_w28_h7,z_cm,2122,13885.839746708065,1603,8745.571156184938,0
2024,5,weekly_w84_h14_huber,x_cm,2122,16015.224953895016,1603,10285.543933294253,0
2024,5,weekly_w84_h14_huber,z_cm,2122,13659.671003971784,1603,8615.808587230504,0
2024,5,daily_w84_h3.5,x_cm,2122,16053.622493909097,1603,9753.861156766481,0
2024,5,daily_w84_h3.5,z_cm,2122,14449.868929351192,1603,8951.55220625084,0
2024,5,daily_w56_h7,x_cm,2122,15909.499681438938,1603,9888.317391901766,0
2024,5,daily_w56_h7,z_cm,2122,13954.406610629285,1603,8724.245892617262,0
2024,5,daily_w56_h14,x_cm,2122,16037.319923421112,1603,10196.921347590309,0
2024,5,daily_w56_h14,z_cm,2122,13726.747612594983,1603,8627.396820560327,0
2024,5,daily_w56_h28,x_cm,2122,16200.572033281233,1603,10425.444468959422,0
2024,5,daily_w56_h28,z_cm,2122,13661.711438696551,1603,8609.338377402488,0
2024,5,daily_w84_h7,x_cm,2122,15893.343226597106,1603,9879.163960028865,0
2024,5,daily_w84_h7,z_cm,2122,13948.885523583129,1603,8720.382021045629,0
2024,5,daily_w84_h14,x_cm,2122,15903.745631302374,1603,10104.711528392687,0
2024,5,daily_w84_h14,z_cm,2122,13704.22316835809,1603,8609.337164655424,0
2024,5,daily_w84_h28,x_cm,2122,15876.860635348077,1603,10181.07356931844,0
2024,5,daily_w84_h28,z_cm,2122,13627.124920934246,1603,8577.631307774387,0
2024,5,fortnightly_w84_h7,x_cm,2122,16604.467137385644,1603,10529.67218333381,0
2024,5,fortnightly_w84_h7,z_cm,2122,13830.2274750027,1603,8733.776990724728,0
2024,5,fortnightly_w84_h14,x_cm,2122,16175.568545378523,1603,10385.392740001358,0
2024,5,fortnightly_w84_h14,z_cm,2122,13672.215946928744,1603,8647.478267544468,0
2024,5,fortnightly_w84_h28,x_cm,2122,15977.835622816656,1603,10305.083293879266,0
2024,5,fortnightly_w84_h28,z_cm,2122,13627.716674726056,1603,8618.548754427866,0
2024,6,uncorrected,x_cm,2111,76071.53015264327,1697,57713.71112683709,0
2024,6,uncorrected,z_cm,2111,43624.800544852034,1697,31106.8007672255,0
2024,6,last_month,x_cm,2111,15339.232941646638,1697,11007.33334214972,0
2024,6,last_month,z_cm,2111,15449.265763956835,1697,10518.516907611625,0
2024,6,season_to_date,x_cm,2111,15128.04110549295,1697,10789.49540216802,0
2024,6,season_to_date,z_cm,2111,15254.770832872871,1697,10397.270003442147,0
2024,6,ewma_w2_h0.25,x_cm,2111,15285.260722123541,1697,10973.78211778772,0
2024,6,ewma_w2_h0.25,z_cm,2111,15406.497802824024,1697,10487.86822548616,0
2024,6,ewma_w2_h0.5,x_cm,2111,15194.126646318346,1697,10922.004341828357,0
2024,6,ewma_w2_h0.5,z_cm,2111,15318.285044582793,1697,10425.61584033308,0
2024,6,ewma_w2_h1,x_cm,2111,15157.832381641507,1697,10910.365356675256,0
2024,6,ewma_w2_h1,z_cm,2111,15253.679002418434,1697,10381.475840213749,0
2024,6,ewma_w2_h2,x_cm,2111,15159.378631878282,1697,10920.943633927562,0
2024,6,ewma_w2_h2,z_cm,2111,15223.343566001528,1697,10361.637038410488,0
2024,6,ewma_w2_h3,x_cm,2111,15164.11754343565,1697,10927.785093313116,0
2024,6,ewma_w2_h3,z_cm,2111,15214.314479024328,1697,10355.936339292564,0
2024,6,ewma_w3_h0.25,x_cm,2111,15283.701789922463,1697,10970.686716258704,0
2024,6,ewma_w3_h0.25,z_cm,2111,15405.786015671012,1697,10487.514740157323,0
2024,6,ewma_w3_h0.5,x_cm,2111,15172.475135956392,1697,10880.653862348401,0
2024,6,ewma_w3_h0.5,z_cm,2111,15316.646015625243,1697,10426.540491381633,0
2024,6,ewma_w3_h1,x_cm,2111,15101.98217975034,1697,10792.965160099588,0
2024,6,ewma_w3_h1,z_cm,2111,15266.522739879123,1697,10396.768995211101,0
2024,6,ewma_w3_h2,x_cm,2111,15095.192866763522,1697,10752.7104038414,0
2024,6,ewma_w3_h2,z_cm,2111,15257.834395519583,1697,10395.531750033766,0
2024,6,ewma_w3_h3,x_cm,2111,15103.941492811527,1697,10744.658717793754,0
2024,6,ewma_w3_h3,z_cm,2111,15258.954639451877,1697,10398.214175577674,0
2024,6,ewma_w6_h0.25,x_cm,2111,15283.701789922463,1697,10970.686716258704,0
2024,6,ewma_w6_h0.25,z_cm,2111,15405.786015671012,1697,10487.514740157323,0
2024,6,ewma_w6_h0.5,x_cm,2111,15172.475135956392,1697,10880.653862348401,0
2024,6,ewma_w6_h0.5,z_cm,2111,15316.646015625243,1697,10426.540491381633,0
2024,6,ewma_w6_h1,x_cm,2111,15101.98217975034,1697,10792.965160099588,0
2024,6,ewma_w6_h1,z_cm,2111,15266.522739879123,1697,10396.768995211101,0
2024,6,ewma_w6_h2,x_cm,2111,15095.192866763522,1697,10752.7104038414,0
2024,6,ewma_w6_h2,z_cm,2111,15257.834395519583,1697,10395.531750033766,0
2024,6,ewma_w6_h3,x_cm,2111,15103.941492811527,1697,10744.658717793754,0
2024,6,ewma_w6_h3,z_cm,2111,15258.954639451877,1697,10398.214175577674,0
2024,6,precision_h0.5_q0.25,x_cm,2111,15192.817063841137,1697,10984.084893063413,0
2024,6,precision_h0.5_q0.25,z_cm,2111,15114.571122623433,1697,10267.755120659476,0
2024,6,precision_h0.5_q1,x_cm,2111,15214.957341261434,1697,10939.231175023544,0
2024,6,precision_h0.5_q1,z_cm,2111,15318.270306244185,1697,10422.84239846221,0
2024,6,precision_h0.5_q2,x_cm,2111,15229.94612434453,1697,10935.18063914798,0
2024,6,precision_h0.5_q2,z_cm,2111,15354.846800868028,1697,10451.052523765487,0
2024,6,precision_h1_q0.25,x_cm,2111,15156.389486044802,1697,10963.717159984031,0
2024,6,precision_h1_q0.25,z_cm,2111,15059.479203299248,1697,10233.560777051034,0
2024,6,precision_h1_q1,x_cm,2111,15142.190180754254,1697,10879.807418105485,0
2024,6,precision_h1_q1,z_cm,2111,15244.03325564523,1697,10371.3684650821,0
2024,6,precision_h1_q2,x_cm,2111,15158.679024612338,1697,10871.308823349762,0
2024,6,precision_h1_q2,z_cm,2111,15294.739548121144,1697,10410.328365177877,0
2024,6,precision_h2_q0.25,x_cm,2111,15127.364567154062,1697,10932.444433644008,0
2024,6,precision_h2_q0.25,z_cm,2111,15064.457712639534,1697,10242.86402272017,0
2024,6,precision_h2_q1,x_cm,2111,15100.556208933944,1697,10833.718423405404,0
2024,6,precision_h2_q1,z_cm,2111,15212.86356921804,1697,10351.803847053521,0
2024,6,precision_h2_q2,x_cm,2111,15119.724131686604,1697,10825.20928812095,0
2024,6,precision_h2_q2,z_cm,2111,15265.806507998674,1697,10392.364450765188,0
2024,6,ema_a0.5,x_cm,2111,15140.389460115664,1697,10765.751601069896,0
2024,6,ema_a0.5,z_cm,2111,15282.613936879316,1697,10412.784315314064,0
2024,6,ema_a0.75,x_cm,2111,15167.472017133801,1697,10869.0936527874,0
2024,6,ema_a0.75,z_cm,2111,15316.280388197461,1697,10426.929062136642,0
2024,6,ema_a0.9,x_cm,2111,15255.290992046073,1697,10949.81730674831,0
2024,6,ema_a0.9,z_cm,2111,15383.086304856199,1697,10471.622807899217,0
2024,6,kalman_q0.25,x_cm,2111,15193.212051833834,1697,11010.808281617585,0
2024,6,kalman_q0.25,z_cm,2111,15062.441998530201,1697,10247.43930782415,0
2024,6,kalman_q0.5,x_cm,2111,15221.32803890454,1697,11035.189397418053,0
2024,6,kalman_q0.5,z_cm,2111,15082.917631197424,1697,10249.529654895408,0
2024,6,kalman_q1,x_cm,2111,15240.506364867279,1697,11025.66204108044,0
2024,6,kalman_q1,z_cm,2111,15224.522375067278,1697,10350.225038758133,0
2024,6,kalman_q2,x_cm,2111,15270.164830211763,1697,11000.823206263594,0
2024,6,kalman_q2,z_cm,2111,15362.896708148755,1697,10453.722503734223,0
2024,6,kalman_q4,x_cm,2111,15311.930123857672,1697,11001.588137577333,0
2024,6,kalman_q4,z_cm,2111,15424.389011929223,1697,10499.89252286913,0
2024,6,adaptive_q0.5,x_cm,2111,15221.32803890454,1697,11035.189397418053,0
2024,6,adaptive_q0.5,z_cm,2111,15082.917631197424,1697,10249.529654895408,0
2024,6,adaptive_q1,x_cm,2111,15240.506364867279,1697,11025.66204108044,0
2024,6,adaptive_q1,z_cm,2111,15224.522375067278,1697,10350.225038758133,0
2024,6,adaptive_q2,x_cm,2111,15270.164830211763,1697,11000.823206263594,0
2024,6,adaptive_q2,z_cm,2111,15362.896708148755,1697,10453.722503734223,0
2024,6,trend_d0.25,x_cm,2111,15673.612826710247,1697,11228.526099424951,0
2024,6,trend_d0.25,z_cm,2111,15670.487582889578,1697,10679.68441744033,0
2024,6,trend_d0.5,x_cm,2111,16177.989396110795,1697,11576.976086559658,0
2024,6,trend_d0.5,z_cm,2111,15955.5937570614,1697,10890.89767808071,0
2024,6,monthly_w28_hflat,x_cm,2111,15164.54065332119,1697,10850.46136214745,0
2024,6,monthly_w28_hflat,z_cm,2111,15469.733743711618,1697,10498.506318400632,0
2024,6,monthly_w28_h14,x_cm,2111,14940.22415310087,1697,10627.651448215442,0
2024,6,monthly_w28_h14,z_cm,2111,15615.295733461624,1697,10590.740647079529,0
2024,6,monthly_w28_h28,x_cm,2111,15063.560446392476,1697,10745.340834225459,0
2024,6,monthly_w28_h28,z_cm,2111,15524.843329704847,1697,10531.196153112203,0
2024,6,monthly_w28_h28_huber,x_cm,2111,14991.020351145184,1697,10749.408689760514,0
2024,6,monthly_w28_h28_huber,z_cm,2111,15422.163210614588,1697,10452.133346113218,0
2024,6,monthly_w56_hflat,x_cm,2111,15352.777570282196,1697,11092.341687208012,0
2024,6,monthly_w56_hflat,z_cm,2111,15211.973115283883,1697,10361.188706154615,0
2024,6,monthly_w56_h14,x_cm,2111,14941.00721938521,1697,10696.106881889085,0
2024,6,monthly_w56_h14,z_cm,2111,15414.701833371211,1697,10477.47193073585,0
2024,6,monthly_w56_h28,x_cm,2111,15134.70540279071,1697,10888.368887303022,0
2024,6,monthly_w56_h28,z_cm,2111,15283.110556910075,1697,10397.895007155192,0
2024,6,monthly_w56_h28_huber,x_cm,2111,15175.429322213062,1697,10974.675021595514,0
2024,6,monthly_w56_h28_huber,z_cm,2111,15154.006757936759,1697,10297.395826109641,0
2024,6,monthly_w84_hflat,x_cm,2111,15128.041105492948,1697,10789.49540216802,0
2024,6,monthly_w84_hflat,z_cm,2111,15254.770832872871,1697,10397.270003442149,0
2024,6,monthly_w84_h14,x_cm,2111,14905.119687778491,1697,10659.261292779327,0
2024,6,monthly_w84_h14,z_cm,2111,15415.673458882888,1697,10480.04766422217,0
2024,6,monthly_w84_h28,x_cm,2111,15039.950841586262,1697,10772.565863441489,0
2024,6,monthly_w84_h28,z_cm,2111,15297.370325096037,1697,10411.788367834637,0
2024,6,monthly_w84_h28_huber,x_cm,2111,15056.184174930564,1697,10840.75632587409,0
2024,6,monthly_w84_h28_huber,z_cm,2111,15179.065690538167,1697,10319.167237671158,0
2024,6,weekly_w28_hflat,x_cm,2111,14167.697672665687,1697,9929.539963582727,0
2024,6,weekly_w28_hflat,z_cm,2111,15699.596213120822,1697,10535.199174732552,0
2024,6,weekly_w28_h14,x_cm,2111,13869.714121572018,1697,9673.546888833149,0
2024,6,weekly_w28_h14,z_cm,2111,15837.83737742452,1697,10616.93604337273,0
2024,6,weekly_w28_h28,x_cm,2111,14014.996924514728,1697,9797.403155747284,0
2024,6,weekly_w28_h28,z_cm,2111,15757.88625097305,1697,10567.334715933252,0
2024,6,weekly_w28_h28_huber,x_cm,2111,13945.93899920139,1697,9748.213011067002,0
2024,6,weekly_w28_h28_huber,z_cm,2111,15726.118402620115,1697,10539.815165230724,0
2024,6,weekly_w56_hflat,x_cm,2111,14609.668582626593,1697,10466.525361679269,0
2024,6,weekly_w56_hflat,z_cm,2111,15146.527402076816,1697,10300.664638101234,0
2024,6,weekly_w56_h14,x_cm,2111,13916.305181233922,1697,9849.853364864826,0
2024,6,weekly_w56_h14,z_cm,2111,15398.665935189514,1697,10384.68801386113,0
2024,6,weekly_w56_h28,x_cm,2111,14215.83559644455,1697,10130.225559050145,0
2024,6,weekly_w56_h28,z_cm,2111,15238.319077022936,1697,10315.19533685306,0
2024,6,weekly_w56_h28_huber,x_cm,2111,14214.289431190657,1697,10156.738709778743,0
2024,6,weekly_w56_h28_huber,z_cm,2111,15156.130676231318,1697,10249.35932130043,0
2024,6,weekly_w84_hflat,x_cm,2111,14821.671114405533,1697,10624.762020389786,0
2024,6,weekly_w84_hflat,z_cm,2111,15292.550510584995,1697,10393.636742260354,0
2024,6,weekly_w84_h14,x_cm,2111,13936.113578601053,1697,9887.155560678373,0
2024,6,weekly_w84_h14,z_cm,2111,15386.071450212805,1697,10381.156174174612,0
2024,6,weekly_w84_h28,x_cm,2111,14302.094665661229,1697,10223.814882951785,0
2024,6,weekly_w84_h28,z_cm,2111,15267.616922171404,1697,10340.112443548736,0
2024,6,weekly_w84_h28_huber,x_cm,2111,14290.206409649454,1697,10247.944292076805,0
2024,6,weekly_w84_h28_huber,z_cm,2111,15188.108289598542,1697,10278.432420046027,0
2024,6,weekly_w56_h7,x_cm,2111,13604.475775671774,1697,9513.15357826192,0
2024,6,weekly_w56_h7,z_cm,2111,15810.804269038945,1697,10614.081848354392,0
2024,6,weekly_w56_h10,x_cm,2111,13753.418870637697,1697,9681.771370824463,0
2024,6,weekly_w56_h10,z_cm,2111,15556.502659203445,1697,10467.5369493539,0
2024,6,weekly_w56_h21,x_cm,2111,14103.611352459791,1697,10028.548854719782,0
2024,6,weekly_w56_h21,z_cm,2111,15285.47192931518,1697,10333.02131148154,0
2024,6,weekly_w84_h7,x_cm,2111,13603.149951425477,1697,9516.54516108179,0
2024,6,weekly_w84_h7,z_cm,2111,15802.71007940468,1697,10609.537848783726,0
2024,6,weekly_w84_h10,x_cm,2111,13756.024476188262,1697,9696.801209131736,0
2024,6,weekly_w84_h10,z_cm,2111,15541.23567682499,1697,10460.157660539942,0
2024,6,weekly_w84_h21,x_cm,2111,14160.514243561867,1697,10099.983095613861,0
2024,6,weekly_w84_h21,z_cm,2111,15293.491624664639,1697,10344.223769418893,0
2024,6,weekly_w112_h7,x_cm,2111,13602.84983811595,1697,9516.34673087089,0
2024,6,weekly_w112_h7,z_cm,2111,15802.089500462218,1697,10609.147193077017,0
2024,6,weekly_w112_h10,x_cm,2111,13754.355943358474,1697,9695.45380278287,0
2024,6,weekly_w112_h10,z_cm,2111,15537.240675773775,1697,10457.701536379334,0
2024,6,weekly_w112_h21,x_cm,2111,14144.779247113824,1697,10081.948805983378,0
2024,6,weekly_w112_h21,z_cm,2111,15265.667754793903,1697,10327.397799232094,0
2024,6,weekly_w112_h14,x_cm,2111,13930.726772744012,1697,9881.761009622587,0
2024,6,weekly_w112_h14,z_cm,2111,15373.876719102922,1697,10373.750155351609,0
2024,6,weekly_w84_h3.5,x_cm,2111,13563.882240533538,1697,9391.690344309782,0
2024,6,weekly_w84_h3.5,z_cm,2111,16635.533559407035,1697,11101.458853788181,0
2024,6,weekly_w28_h7,x_cm,2111,13644.444345214777,1697,9483.01557472402,0
2024,6,weekly_w28_h7,z_cm,2111,16058.929472815169,1697,10759.924761149037,0
2024,6,weekly_w84_h14_huber,x_cm,2111,13898.176634760977,1697,9873.99339491258,0
2024,6,weekly_w84_h14_huber,z_cm,2111,15318.827315031958,1697,10326.421129289884,0
2024,6,daily_w84_h3.5,x_cm,2111,13015.392764088709,1697,9081.564839735776,0
2024,6,daily_w84_h3.5,z_cm,2111,15012.412028142262,1697,10089.471814717412,0
2024,6,daily_w56_h7,x_cm,2111,13035.995945253537,1697,9135.708364837083,0
2024,6,daily_w56_h7,z_cm,2111,14960.798979941224,1697,10087.149738215863,0
2024,6,daily_w56_h14,x_cm,2111,13388.183058101578,1697,9484.501538760771,0
2024,6,daily_w56_h14,z_cm,2111,14901.111080745892,1697,10062.683500336607,0
2024,6,daily_w56_h28,x_cm,2111,13753.621084791132,1697,9808.660250029498,0
2024,6,daily_w56_h28,z_cm,2111,14892.03657000931,1697,10070.565151196959,0
2024,6,daily_w84_h7,x_cm,2111,13038.820044396154,1697,9139.968960776052,0
2024,6,daily_w84_h7,z_cm,2111,14955.087095089048,1697,10085.083272065696,0
2024,6,daily_w84_h14,x_cm,2111,13449.301541340574,1697,9541.767482165436,0
2024,6,daily_w84_h14,z_cm,2111,14895.553168507427,1697,10072.643632252977,0
2024,6,daily_w84_h28,x_cm,2111,13948.356650710626,1697,9965.660794538988,0
2024,6,daily_w84_h28,z_cm,2111,14935.291460759045,1697,10130.316144478944,0
2024,6,fortnightly_w84_h7,x_cm,2111,14083.832003317708,1697,9860.439782893875,0
2024,6,fortnightly_w84_h7,z_cm,2111,15187.699444260754,1697,10364.009802503859,0
2024,6,fortnightly_w84_h14,x_cm,2111,14269.662793630894,1697,10157.523945301715,0
2024,6,fortnightly_w84_h14,z_cm,2111,15044.124854555823,1697,10232.911841002988,0
2024,6,fortnightly_w84_h28,x_cm,2111,14536.075861479458,1697,10413.896426122672,0
2024,6,fortnightly_w84_h28,z_cm,2111,15055.231236956257,1697,10232.048669524615,0
2024,7,uncorrected,x_cm,1599,48342.92524682997,1106,28713.64234296819,0
2024,7,uncorrected,z_cm,1599,27025.91548640971,1106,17759.534986282815,0
2024,7,last_month,x_cm,1599,11334.41691874421,1106,6022.568862395265,0
2024,7,last_month,z_cm,1599,11185.933102086336,1106,6568.662145874561,0
2024,7,season_to_date,x_cm,1599,11061.25458134515,1106,5871.86907580532,0
2024,7,season_to_date,z_cm,1599,10936.66296043482,1106,6612.129079302575,0
2024,7,ewma_w2_h0.25,x_cm,1599,11164.022500050552,1106,5892.749083199333,0
2024,7,ewma_w2_h0.25,z_cm,1599,11105.404779561872,1106,6534.128832469507,0
2024,7,ewma_w2_h0.5,x_cm,1599,10860.27530217744,1106,5660.358044813644,0
2024,7,ewma_w2_h0.5,z_cm,1599,10960.22778587545,1106,6482.162677890738,0
2024,7,ewma_w2_h1,x_cm,1599,10709.772550286467,1106,5543.51373481824,0
2024,7,ewma_w2_h1,z_cm,1599,10885.456340469023,1106,6473.156973224409,0
2024,7,ewma_w2_h2,x_cm,1599,10683.029413017235,1106,5521.219739529934,0
2024,7,ewma_w2_h2,z_cm,1599,10869.609271679537,1106,6486.663313185389,0
2024,7,ewma_w2_h3,x_cm,1599,10685.180331997288,1106,5522.081158226453,0
2024,7,ewma_w2_h3,z_cm,1599,10869.326225042052,1106,6494.765670793793,0
2024,7,ewma_w3_h0.25,x_cm,1599,11159.059896705645,1106,5888.4389846483755,0
2024,7,ewma_w3_h0.25,z_cm,1599,11102.334787678992,1106,6533.352660001058,0
2024,7,ewma_w3_h0.5,x_cm,1599,10855.3768873707,1106,5649.65395922408,0
2024,7,ewma_w3_h0.5,z_cm,1599,10945.328143385857,1106,6485.301275179936,0
2024,7,ewma_w3_h1,x_cm,1599,10834.708091590734,1106,5617.071458242183,0
2024,7,ewma_w3_h1,z_cm,1599,10895.80935917762,1106,6509.567038532663,0
2024,7,ewma_w3_h2,x_cm,1599,10987.10926664282,1106,5717.4907692740235,0
2024,7,ewma_w3_h2,z_cm,1599,10924.680559007087,1106,6561.143087729663,0
2024,7,ewma_w3_h3,x_cm,1599,11070.006683789336,1106,5774.12641376065,0
2024,7,ewma_w3_h3,z_cm,1599,10944.861200207255,1106,6584.937582246485,0
2024,7,ewma_w6_h0.25,x_cm,1599,11158.242340543342,1106,5887.926086393792,0
2024,7,ewma_w6_h0.25,z_cm,1599,11102.209660477787,1106,6533.29748420611,0
2024,7,ewma_w6_h0.5,x_cm,1599,10820.436185241479,1106,5629.861553290603,0
2024,7,ewma_w6_h0.5,z_cm,1599,10941.894070206705,1106,6484.07731814172,0
2024,7,ewma_w6_h1,x_cm,1599,10656.974822392942,1106,5527.673883734394,0
2024,7,ewma_w6_h1,z_cm,1599,10885.77500833966,1106,6506.976193699376,0
2024,7,ewma_w6_h2,x_cm,1599,10625.246452154286,1106,5545.222199261923,0
2024,7,ewma_w6_h2,z_cm,1599,10907.201722099362,1106,6556.179850349924,0
2024,7,ewma_w6_h3,x_cm,1599,10620.932956292872,1106,5563.008383876161,0
2024,7,ewma_w6_h3,z_cm,1599,10922.738573409717,1106,6577.901025017662,0
2024,7,precision_h0.5_q0.25,x_cm,1599,11122.971540793587,1106,5810.134835790462,0
2024,7,precision_h0.5_q0.25,z_cm,1599,10968.001848417765,1106,6494.331822538017,0
2024,7,precision_h0.5_q1,x_cm,1599,11038.34416272334,1106,5783.685368907205,0
2024,7,precision_h0.5_q1,z_cm,1599,11020.575274082552,1106,6504.587037899832,0
2024,7,precision_h0.5_q2,x_cm,1599,11016.979089205293,1106,5775.944371024651,0
2024,7,precision_h0.5_q2,z_cm,1599,11028.025054163676,1106,6506.590960984895,0
2024,7,precision_h1_q0.25,x_cm,1599,11031.839126634786,1106,5709.787763347731,0
2024,7,precision_h1_q0.25,z_cm,1599,10875.776406024486,1106,6496.320742096609,0
2024,7,precision_h1_q1,x_cm,1599,10850.562115271016,1106,5635.800036653087,0
2024,7,precision_h1_q1,z_cm,1599,10920.108889060299,1106,6482.652881333588,0
2024,7,precision_h1_q2,x_cm,1599,10807.706120992985,1106,5618.097344401448,0
2024,7,precision_h1_q2,z_cm,1599,10930.758954336432,1106,6483.826488605022,0
2024,7,precision_h2_q0.25,x_cm,1599,11020.139175035098,1106,5694.189234370547,0
2024,7,precision_h2_q0.25,z_cm,1599,10883.31276353518,1106,6538.652596291949,0
2024,7,precision_h2_q1,x_cm,1599,10756.757147232705,1106,5572.387265435957,0
2024,7,precision_h2_q1,z_cm,1599,10883.396771910166,1106,6490.6762255477515,0
2024,7,precision_h2_q2,x_cm,1599,10696.990972360403,1106,5545.666577692664,0
2024,7,precision_h2_q2,z_cm,1599,10892.377860970577,1106,6489.162303187213,0
2024,7,ema_a0.5,x_cm,1599,10480.67591663781,1106,5454.528797480052,0
2024,7,ema_a0.5,z_cm,1599,10843.553631602199,1106,6500.965672194163,0
2024,7,ema_a0.75,x_cm,1599,10794.18272791161,1106,5616.344622571842,0
2024,7,ema_a0.75,z_cm,1599,10930.939964819048,1106,6480.375661265939,0
2024,7,ema_a0.9,x_cm,1599,11067.50603871705,1106,5818.646473335853,0
2024,7,ema_a0.9,z_cm,1599,11058.643689362383,1106,6516.625771191541,0
2024,7,kalman_q0.25,x_cm,1599,11248.234712480595,1106,5818.831905322671,0
2024,7,kalman_q0.25,z_cm,1599,10851.143830643057,1106,6460.623343373525,0
2024,7,kalman_q0.5,x_cm,1599,11113.471565598553,1106,5752.748882920509,0
2024,7,kalman_q0.5,z_cm,1599,10876.44027747072,1106,6416.648114316563,0
2024,7,kalman_q1,x_cm,1599,11151.997645736796,1106,5841.872306863057,0
2024,7,kalman_q1,z_cm,1599,11014.60364067905,1106,6472.618681793516,0
2024,7,kalman_q2,x_cm,1599,11254.307100935119,1106,5951.620437679971,0
2024,7,kalman_q2,z_cm,1599,11125.527434913121,1106,6533.318305500416,0
2024,7,kalman_q4,x_cm,1599,11309.330247332296,1106,6001.502329598006,0
2024,7,kalman_q4,z_cm,1599,11169.05563319152,1106,6558.6391131342,0
2024,7,adaptive_q0.5,x_cm,1599,11167.892938212859,1106,5851.052127083239,0
2024,7,adaptive_q0.5,z_cm,1599,11028.236289426219,1106,6482.724111234847,0
2024,7,adaptive_q1,x_cm,1599,11151.997645736796,1106,5841.872306863057,0
2024,7,adaptive_q1,z_cm,1599,11014.60364067905,1106,6472.618681793516,0
2024,7,adaptive_q2,x_cm,1599,11254.307100935119,1106,5951.620437679971,0
2024,7,adaptive_q2,z_cm,1599,11125.527434913121,1106,6533.318305500416,0
2024,7,trend_d0.25,x_cm,1599,12346.247826685074,1106,6790.800979365411,0
2024,7,trend_d0.25,z_cm,1599,11659.67724727078,1106,6799.958643140384,0
2024,7,trend_d0.5,x_cm,1599,13823.80527599527,1106,7909.55375743902,0
2024,7,trend_d0.5,z_cm,1599,12346.32417014505,1106,7168.113098501811,0
2024,7,monthly_w28_hflat,x_cm,1599,11068.074870560933,1106,5873.023907520766,0
2024,7,monthly_w28_hflat,z_cm,1599,11184.025365169846,1106,6584.584952935769,0
2024,7,monthly_w28_h14,x_cm,1599,11185.652652824727,1106,5938.445253332603,0
2024,7,monthly_w28_h14,z_cm,1599,11169.78883058818,1106,6633.591006060956,0
2024,7,monthly_w28_h28,x_cm,1599,11128.055829576613,1106,5906.438653801706,0
2024,7,monthly_w28_h28,z_cm,1599,11149.995833159854,1106,6590.71140726274,0
2024,7,monthly_w28_h28_huber,x_cm,1599,11178.048642346002,1106,5932.759744787023,0
2024,7,monthly_w28_h28_huber,z_cm,1599,11153.521635966927,1106,6595.409420574807,0
2024,7,monthly_w56_hflat,x_cm,1599,10536.399636855389,1106,5448.702201112143,0
2024,7,monthly_w56_hflat,z_cm,1599,10867.932424415143,1106,6483.644713201569,0
2024,7,monthly_w56_h14,x_cm,1599,10865.097955491887,1106,5665.33745914902,0
2024,7,monthly_w56_h14,z_cm,1599,10983.944519826262,1106,6536.91187526439,0
2024,7,monthly_w56_h28,x_cm,1599,10654.342401209007,1106,5516.761609132894,0
2024,7,monthly_w56_h28,z_cm,1599,10885.758391553796,1106,6475.496958650854,0
2024,7,monthly_w56_h28_huber,x_cm,1599,10764.540784426383,1106,5573.826699825496,0
2024,7,monthly_w56_h28_huber,z_cm,1599,10866.36611305904,1106,6460.323313849905,0
2024,7,monthly_w84_hflat,x_cm,1599,11371.493353294594,1106,5956.61523027027,0
2024,7,monthly_w84_hflat,z_cm,1599,10897.53751048461,1106,6563.758400468119,0
2024,7,monthly_w84_h14,x_cm,1599,10890.290363638638,1106,5661.870597245824,0
2024,7,monthly_w84_h14,z_cm,1599,10943.545137248308,1106,6524.8048443323905,0
2024,7,monthly_w84_h28,x_cm,1599,10887.220740214012,1106,5636.783924278161,0
2024,7,monthly_w84_h28,z_cm,1599,10839.28086260143,1106,6479.567994675887,0
2024,7,monthly_w84_h28_huber,x_cm,1599,11032.438002768344,1106,5708.145450651007,0
2024,7,monthly_w84_h28_huber,z_cm,1599,10807.540117044085,1106,6459.92460417849,0
2024,7,weekly_w28_hflat,x_cm,1599,10020.586628358284,1106,5590.897511983312,44
2024,7,weekly_w28_hflat,z_cm,1599,10974.234925671357,1106,6683.287498288938,44
2024,7,weekly_w28_h14,x_cm,1599,9960.460053730145,1106,5559.144093664386,44
2024,7,weekly_w28_h14,z_cm,1599,10808.657667275595,1106,6541.679033378482,44
2024,7,weekly_w28_h28,x_cm,1599,9985.090409270644,1106,5572.605404701242,44
2024,7,weekly_w28_h28,z_cm,1599,10879.292019048396,1106,6605.144080428337,44
2024,7,weekly_w28_h28_huber,x_cm,1599,10030.570979959251,1106,5596.413380908676,44
2024,7,weekly_w28_h28_huber,z_cm,1599,10884.373943213484,1106,6608.665450057559,44
2024,7,weekly_w56_hflat,x_cm,1599,10665.406423823268,1106,5507.611053050496,0
2024,7,weekly_w56_hflat,z_cm,1599,10718.546588052046,1106,6342.4312447211705,0
2024,7,weekly_w56_h14,x_cm,1599,10205.924524853413,1106,5492.141723361316,0
2024,7,weekly_w56_h14,z_cm,1599,10557.450470633743,1106,6285.289666626891,0
2024,7,weekly_w56_h28,x_cm,1599,10397.191464966876,1106,5487.423666397932,0
2024,7,weekly_w56_h28,z_cm,1599,10612.862945546414,1106,6300.581177545136,0
2024,7,weekly_w56_h28_huber,x_cm,1599,10402.531529523694,1106,5518.062634159869,0
2024,7,weekly_w56_h28_huber,z_cm,1599,10580.958959920761,1106,6279.838963031237,0
2024,7,weekly_w84_hflat,x_cm,1599,10792.202889581888,1106,5749.740306596988,0
2024,7,weekly_w84_hflat,z_cm,1599,10762.324748568863,1106,6462.100276295947,0
2024,7,weekly_w84_h14,x_cm,1599,10164.402505306702,1106,5462.754551677499,0
2024,7,weekly_w84_h14,z_cm,1599,10528.302837666786,1106,6283.018204708507,0
2024,7,weekly_w84_h28,x_cm,1599,10367.169382673022,1106,5501.007524195722,0
2024,7,weekly_w84_h28,z_cm,1599,10590.964366855977,1106,6327.53770969821,0
2024,7,weekly_w84_h28_huber,x_cm,1599,10440.354450564348,1106,5557.325887055615,0
2024,7,weekly_w84_h28_huber,z_cm,1599,10565.596568608404,1106,6310.137964548145,0
2024,7,weekly_w56_h7,x_cm,1599,10009.41862688734,1106,5507.481125054177,0
2024,7,weekly_w56_h7,z_cm,1599,10554.974416060573,1106,6303.735740743125,0
2024,7,weekly_w56_h10,x_cm,1599,10101.753746585582,1106,5498.755187151382,0
2024,7,weekly_w56_h10,z_cm,1599,10541.359834474273,1106,6286.499692435978,0
2024,7,weekly_w56_h21,x_cm,1599,10325.056173468765,1106,5487.610682714152,0
2024,7,weekly_w56_h21,z_cm,1599,10589.383037376068,1106,6292.936594895211,0
2024,7,weekly_w84_h7,x_cm,1599,10001.103958505413,1106,5499.272998150404,0
2024,7,weekly_w84_h7,z_cm,1599,10546.368422916474,1106,6300.436919551093,0
2024,7,weekly_w84_h10,x_cm,1599,10076.944697137158,1106,5477.259900216524,0
2024,7,weekly_w84_h10,z_cm,1599,10521.194085544597,1106,6281.0628542576815,0
2024,7,weekly_w84_h21,x_cm,1599,10281.60384275774,1106,5473.676909872507,0
2024,7,weekly_w84_h21,z_cm,1599,10560.516131470355,1106,6304.941923255639,0
2024,7,weekly_w112_h7,x_cm,1599,10000.790654467297,1106,5498.865386177509,0
2024,7,weekly_w112_h7,z_cm,1599,10545.65686529117,1106,6300.163355350803,0
2024,7,weekly_w112_h10,x_cm,1599,10076.41582072474,1106,5475.1606878200255,0
2024,7,weekly_w112_h10,z_cm,1599,10517.564103854234,1106,6280.056096612444,0
2024,7,weekly_w112_h21,x_cm,1599,10320.61283450279,1106,5482.740683424932,0
2024,7,weekly_w112_h21,z_cm,1599,10551.94735719225,1106,6310.492561529499,0
2024,7,weekly_w112_h14,x_cm,1599,10169.9613816647,1106,5459.97873378682,0
2024,7,weekly_w112_h14,z_cm,1599,10520.202832103405,1106,6282.303502647979,0
2024,7,weekly_w84_h3.5,x_cm,1599,10057.600527776262,1106,5606.246423410376,0
2024,7,weekly_w84_h3.5,z_cm,1599,10856.594580107434,1106,6471.321221672594,0
2024,7,weekly_w28_h7,x_cm,1599,9947.797896607033,1106,5550.106121039306,44
2024,7,weekly_w28_h7,z_cm,1599,10750.179429285967,1106,6467.53043791991,44
2024,7,weekly_w84_h14_huber,x_cm,1599,10206.60787210219,1106,5502.478730786001,0
2024,7,weekly_w84_h14_huber,z_cm,1599,10505.562263441032,1106,6270.855611473902,0
2024,7,daily_w84_h3.5,x_cm,1599,9680.844018364027,1106,5337.0378614660385,0
2024,7,daily_w84_h3.5,z_cm,1599,10487.02085479734,1106,6179.356655531834,0
2024,7,daily_w56_h7,x_cm,1599,9712.856166709207,1106,5332.086175938237,0
2024,7,daily_w56_h7,z_cm,1599,10396.678440004209,1106,6149.719106449389,0
2024,7,daily_w56_h14,x_cm,1599,9942.548428775273,1106,5356.688701174921,0
2024,7,daily_w56_h14,z_cm,1599,10489.410311368432,1106,6208.276562431031,0
2024,7,daily_w56_h28,x_cm,1599,10170.207461104683,1106,5383.504765611393,0
2024,7,daily_w56_h28,z_cm,1599,10584.70502788245,1106,6254.443928064186,0
2024,7,daily_w84_h7,x_cm,1599,9708.174396753016,1106,5325.43650957335,0
2024,7,daily_w84_h7,z_cm,1599,10388.700731274104,1106,6148.057757696077,0
2024,7,daily_w84_h14,x_cm,1599,9929.474706004745,1106,5337.343974444589,0
2024,7,daily_w84_h14,z_cm,1599,10453.67291555564,1106,6208.9558669048865,0
2024,7,daily_w84_h28,x_cm,1599,10188.009704983515,1106,5405.258971579402,0
2024,7,daily_w84_h28,z_cm,1599,10543.199633310145,1106,6281.21954418672,0
2024,7,fortnightly_w84_h7,x_cm,1599,10115.901836646468,1106,5547.29028846444,0
2024,7,fortnightly_w84_h7,z_cm,1599,10938.372038554218,1106,6617.597904353418,0
2024,7,fortnightly_w84_h14,x_cm,1599,10234.44352266547,1106,5425.842639376049,0
2024,7,fortnightly_w84_h14,z_cm,1599,10685.774457313493,1106,6397.410613898943,0
2024,7,fortnightly_w84_h28,x_cm,1599,10488.479532146037,1106,5498.02958989778,0
2024,7,fortnightly_w84_h28,z_cm,1599,10678.80126500587,1106,6391.5003709452285,0
2024,8,uncorrected,x_cm,1728,63764.19966872498,1287,42242.45914104426,0
2024,8,uncorrected,z_cm,1728,33881.82063137744,1287,22059.12753348958,0
2024,8,last_month,x_cm,1728,14002.801424076135,1287,8236.280508196196,0
2024,8,last_month,z_cm,1728,14811.829939408117,1287,8834.397876222953,0
2024,8,season_to_date,x_cm,1728,16677.57641492055,1287,10083.771024284584,0
2024,8,season_to_date,z_cm,1728,17306.77250843074,1287,10619.705007575805,0
2024,8,ewma_w2_h0.25,x_cm,1728,14250.417821071389,1287,8390.697816313477,0
2024,8,ewma_w2_h0.25,z_cm,1728,14894.106921974031,1287,8894.642844670927,0
2024,8,ewma_w2_h0.5,x_cm,1728,14910.534376578316,1287,8803.132412191031,0
2024,8,ewma_w2_h0.5,z_cm,1728,15123.008921678782,1287,9060.572123331447,0
2024,8,ewma_w2_h1,x_cm,1728,15619.322312154898,1287,9246.88201103327,0
2024,8,ewma_w2_h1,z_cm,1728,15379.946123404727,1287,9244.947827380756,0
2024,8,ewma_w2_h2,x_cm,1728,16089.673084481527,1287,9541.730733072847,0
2024,8,ewma_w2_h2,z_cm,1728,15555.095081059251,1287,9369.88585308482,0
2024,8,ewma_w2_h3,x_cm,1728,16261.329339565822,1287,9649.398276977983,0
2024,8,ewma_w2_h3,z_cm,1728,15619.773008230522,1287,9415.903725091863,0
2024,8,ewma_w3_h0.25,x_cm,1728,14254.950669537302,1287,8393.326317678493,0
2024,8,ewma_w3_h0.25,z_cm,1728,14902.80797848328,1287,8900.573046902717,0
2024,8,ewma_w3_h0.5,x_cm,1728,14948.33677458394,1287,8824.408060948492,0
2024,8,ewma_w3_h0.5,z_cm,1728,15234.33901009892,1287,9137.082460468348,0
2024,8,ewma_w3_h1,x_cm,1728,15666.061684870083,1287,9270.721931160168,0
2024,8,ewma_w3_h1,z_cm,1728,15710.647574191757,1287,9474.69800091137,0
2024,8,ewma_w3_h2,x_cm,1728,16096.494090419032,1287,9539.742548442864,0
2024,8,ewma_w3_h2,z_cm,1728,16077.905781973604,1287,9735.738889425633,0
2024,8,ewma_w3_h3,x_cm,1728,16241.699827418914,1287,9630.98941280442,0
2024,8,ewma_w3_h3,z_cm,1728,16219.179619507817,1287,9836.415907646628,0
2024,8,ewma_w6_h0.25,x_cm,1728,14255.298237378778,1287,8393.63068255944,0
2024,8,ewma_w6_h0.25,z_cm,1728,14903.474450297663,1287,8901.037693433454,0
2024,8,ewma_w6_h0.5,x_cm,1728,14958.800048407476,1287,8835.840843943504,0
2024,8,ewma_w6_h0.5,z_cm,1728,15272.582189031025,1287,9163.72235570458,0
2024,8,ewma_w6_h1,x_cm,1728,15664.605347459896,1287,9301.01671345166,0
2024,8,ewma_w6_h1,z_cm,1728,15945.541646445876,1287,9639.178698147518,0
2024,8,ewma_w6_h2,x_cm,1728,15986.029143381727,1287,9537.538045963865,0
2024,8,ewma_w6_h2,z_cm,1728,16560.074212857733,1287,10074.772329441395,0
2024,8,ewma_w6_h3,x_cm,1728,16051.420920620392,1287,9594.354059600792,0
2024,8,ewma_w6_h3,z_cm,1728,16802.500654189134,1287,10247.054770694167,0
2024,8,precision_h0.5_q0.25,x_cm,1728,15034.285565504604,1287,8884.773344353394,0
2024,8,precision_h0.5_q0.25,z_cm,1728,15186.990775584549,1287,9111.1453238892,0
2024,8,precision_h0.5_q1,x_cm,1728,14597.7385803049,1287,8609.162086081722,0
2024,8,precision_h0.5_q1,z_cm,1728,15055.173129911085,1287,9010.872451769566,0
2024,8,precision_h0.5_q2,x_cm,1728,14532.746313039706,1287,8567.705233217857,0
2024,8,precision_h0.5_q2,z_cm,1728,15035.457508897176,1287,8995.621074799528,0
2024,8,precision_h1_q0.25,x_cm,1728,15864.457154324618,1287,9424.38374173486,0
2024,8,precision_h1_q0.25,z_cm,1728,15787.65590507832,1287,9539.71121358048,0
2024,8,precision_h1_q1,x_cm,1728,15136.367399862178,1287,8955.515385895913,0
2024,8,precision_h1_q1,z_cm,1728,15420.731172026968,1287,9270.534151276519,0
2024,8,precision_h1_q2,x_cm,1728,15021.697160933743,1287,8880.703698792866,0
2024,8,precision_h1_q2,z_cm,1728,15371.70763130971,1287,9233.531452252577,0
2024,8,precision_h2_q0.25,x_cm,1728,16392.441560759427,1287,9787.787125564737,0
2024,8,precision_h2_q0.25,z_cm,1728,16354.43277858845,1287,9939.656791005451,0
2024,8,precision_h2_q1,x_cm,1728,15507.127442081857,1287,9205.424973936011,0
2024,8,precision_h2_q1,z_cm,1728,15809.390840161268,1287,9544.91989641004,0
2024,8,precision_h2_q2,x_cm,1728,15361.919434771518,1287,9108.429393028135,0
2024,8,precision_h2_q2,z_cm,1728,15734.340489724196,1287,9489.095888315605,0
2024,8,ema_a0.5,x_cm,1728,15530.049801103798,1287,9215.368367793611,0
2024,8,ema_a0.5,z_cm,1728,15986.648506096415,1287,9669.724380802643,0
2024,8,ema_a0.75,x_cm,1728,14953.779020086258,1287,8832.588581414127,0
2024,8,ema_a0.75,z_cm,1728,15273.605469771082,1287,9164.623988174131,0
2024,8,ema_a0.9,x_cm,1728,14403.761434598528,1287,8486.2723413969,0
2024,8,ema_a0.9,z_cm,1728,14966.238657893336,1287,8946.138623281691,0
2024,8,kalman_q0.25,x_cm,1728,16535.15860423482,1287,9910.178113225424,0
2024,8,kalman_q0.25,z_cm,1728,16661.726673212794,1287,10149.809383425567,0
2024,8,kalman_q0.5,x_cm,1728,15598.156740315706,1287,9232.763796964762,0
2024,8,kalman_q0.5,z_cm,1728,15866.115351723234,1287,9591.925573428654,0
2024,8,kalman_q1,x_cm,1728,14696.103724381699,1287,8642.877049764284,0
2024,8,kalman_q1,z_cm,1728,15293.709460193753,1287,9185.523115422693,0
2024,8,kalman_q2,x_cm,1728,14222.540750418255,1287,8360.272826811171,0
2024,8,kalman_q2,z_cm,1728,14977.699238493464,1287,8956.398857674456,0
2024,8,kalman_q4,x_cm,1728,14062.124325859379,1287,8269.275338628735,0
2024,8,kalman_q4,z_cm,1728,14858.274976827506,1287,8868.683264316953,0
2024,8,adaptive_q0.5,x_cm,1728,15619.38738655003,1287,9224.345293672885,0
2024,8,adaptive_q0.5,z_cm,1728,15723.801837115907,1287,9495.776811155218,0
2024,8,adaptive_q1,x_cm,1728,14696.103724381699,1287,8642.877049764284,0
2024,8,adaptive_q1,z_cm,1728,15293.709460193753,1287,9185.523115422693,0
2024,8,adaptive_q2,x_cm,1728,14222.540750418255,1287,8360.272826811171,0
2024,8,adaptive_q2,z_cm,1728,14977.699238493464,1287,8956.398857674456,0
2024,8,trend_d0.25,x_cm,1728,13130.45533802919,1287,7694.394212280781,0
2024,8,trend_d0.25,z_cm,1728,14548.113970856837,1287,8636.712026216563,0
2024,8,trend_d0.5,x_cm,1728,12549.576034849782,1287,7337.7063431188435,0
2024,8,trend_d0.5,z_cm,1728,14423.573290402288,1287,8533.506130520436,0
2024,8,monthly_w28_hflat,x_cm,1728,13700.003595288757,1287,8094.340740054926,0
2024,8,monthly_w28_hflat,z_cm,1728,14372.93479390749,1287,8544.916280658552,0
2024,8,monthly_w28_h14,x_cm,1728,13562.402685837429,1287,8017.665442256184,0
2024,8,monthly_w28_h14,z_cm,1728,14105.25483250907,1287,8345.461292724423,0
2024,8,monthly_w28_h28,x_cm,1728,13619.772099903053,1287,8050.114716589653,0
2024,8,monthly_w28_h28,z_cm,1728,14230.585602031902,1287,8439.427825939285,0
2024,8,monthly_w28_h28_huber,x_cm,1728,13652.256370535466,1287,8066.857512492051,0
2024,8,monthly_w28_h28_huber,z_cm,1728,14273.72337342911,1287,8462.679947222125,0
2024,8,monthly_w56_hflat,x_cm,1728,16374.790332889366,1287,9809.581029819941,0
2024,8,monthly_w56_hflat,z_cm,1728,15480.135009990208,1287,9316.744812661858,0
2024,8,monthly_w56_h14,x_cm,1728,14529.842397825036,1287,8647.47110843771,0
2024,8,monthly_w56_h14,z_cm,1728,14611.942129541487,1287,8702.722411962326,0
2024,8,monthly_w56_h28,x_cm,1728,15340.435942299177,1287,9161.79828286266,0
2024,8,monthly_w56_h28,z_cm,1728,15009.249146191629,1287,8985.130094497337,0
2024,8,monthly_w56_h28_huber,x_cm,1728,15375.105889181701,1287,9186.474505950064,0
2024,8,monthly_w56_h28_huber,z_cm,1728,15101.293730049583,1287,9048.139021210878,0
2024,8,monthly_w84_hflat,x_cm,1728,16665.458282401152,1287,9931.713455715804,0
2024,8,monthly_w84_hflat,z_cm,1728,16276.276484184687,1287,9898.106899919429,0
2024,8,monthly_w84_h14,x_cm,1728,14707.905179474656,1287,8744.116101511243,0
2024,8,monthly_w84_h14,z_cm,1728,14756.85594561846,1287,8809.289730002842,0
2024,8,monthly_w84_h28,x_cm,1728,15679.132002675193,1287,9337.153554662706,0
2024,8,monthly_w84_h28,z_cm,1728,15402.944288428065,1287,9271.923383193413,0
2024,8,monthly_w84_h28_huber,x_cm,1728,15705.075407121376,1287,9362.560611903991,0
2024,8,monthly_w84_h28_huber,z_cm,1728,15433.51074722582,1287,9293.589903907445,0
2024,8,weekly_w28_hflat,x_cm,1728,13146.44086501771,1287,7837.662089192904,0
2024,8,weekly_w28_hflat,z_cm,1728,14094.906730859295,1287,8253.17212408021,0
2024,8,weekly_w28_h14,x_cm,1728,13048.5986972588,1287,7738.376252615905,0
2024,8,weekly_w28_h14,z_cm,1728,13881.253454736147,1287,8156.6076699361065,0
2024,8,weekly_w28_h28,x_cm,1728,13084.547907967511,1287,7781.223094715198,0
2024,8,weekly_w28_h28,z_cm,1728,13983.299766065214,1287,8201.75324575717,0
2024,8,weekly_w28_h28_huber,x_cm,1728,13114.964892621354,1287,7792.278430550269,0
2024,8,weekly_w28_h28_huber,z_cm,1728,14084.904408995935,1287,8251.208284034064,0
2024,8,weekly_w56_hflat,x_cm,1728,14629.306394221685,1287,8793.497166911848,0
2024,8,weekly_w56_hflat,z_cm,1728,14964.998597979586,1287,8897.840367736986,0
2024,8,weekly_w56_h14,x_cm,1728,13447.388481280077,1287,8007.305551819756,0
2024,8,weekly_w56_h14,z_cm,1728,14149.810521526322,1287,8341.073592551398,0
2024,8,weekly_w56_h28,x_cm,1728,13928.861576660049,1287,8329.133176714553,0
2024,8,weekly_w56_h28,z_cm,1728,14490.733239486188,1287,8568.501203274214,0
2024,8,weekly_w56_h28_huber,x_cm,1728,13946.466003773477,1287,8347.90540616729,0
2024,8,weekly_w56_h28_huber,z_cm,1728,14602.008908177973,1287,8618.859486802507,0
2024,8,weekly_w84_hflat,x_cm,1728,15945.775917891935,1287,9628.522492023028,0
2024,8,weekly_w84_hflat,z_cm,1728,15565.304193206903,1287,9396.10328171033,0
2024,8,weekly_w84_h14,x_cm,1728,13680.4764845045,1287,8170.371614763819,0
2024,8,weekly_w84_h14,z_cm,1728,14263.40236714542,1287,8438.605726874575,0
2024,8,weekly_w84_h28,x_cm,1728,14564.968383092739,1287,8752.81685539819,0
2024,8,weekly_w84_h28,z_cm,1728,14789.656226009181,1287,8822.237806334047,0
2024,8,weekly_w84_h28_huber,x_cm,1728,14570.111609759097,1287,8767.575726254723,0
2024,8,weekly_w84_h28_huber,z_cm,1728,14851.914567255524,1287,8846.030963308542,0
2024,8,weekly_w56_h7,x_cm,1728,13045.165325587068,1287,7721.015709821053,0
2024,8,weekly_w56_h7,z_cm,1728,13775.291286773667,1287,8120.3963025028215,0
2024,8,weekly_w56_h10,x_cm,1728,13215.561057458606,1287,7848.387806993724,0
2024,8,weekly_w56_h10,z_cm,1728,13960.794759322624,1287,8223.132445959154,0
2024,8,weekly_w56_h21,x_cm,1728,13742.520933666216,1287,8205.09353470162,0
2024,8,weekly_w56_h21,z_cm,1728,14362.516844188227,1287,8481.582296028188,0
2024,8,weekly_w84_h7,x_cm,1728,13066.616597786804,1287,7737.492489725363,0
2024,8,weekly_w84_h7,z_cm,1728,13786.562337170259,1287,8129.9231456163525,0
2024,8,weekly_w84_h10,x_cm,1728,13308.72564392466,1287,7916.054849174157,0
2024,8,weekly_w84_h10,z_cm,1728,14007.62954447795,1287,8263.235987853963,0
2024,8,weekly_w84_h21,x_cm,1728,14208.744561326374,1287,8520.83793964217,0
2024,8,weekly_w84_h21,z_cm,1728,14584.161107379285,1287,8670.799540539605,0
2024,8,weekly_w112_h7,x_cm,1728,13067.524403322099,1287,7738.068891159615,0
2024,8,weekly_w112_h7,z_cm,1728,13787.122030910994,1287,8130.399556227549,0
2024,8,weekly_w112_h10,x_cm,1728,13317.48032926962,1287,7921.569929302363,0
2024,8,weekly_w112_h10,z_cm,1728,14014.77574019011,1287,8269.281623555642,0
2024,8,weekly_w112_h21,x_cm,1728,14316.511400671237,1287,8587.570094310799,0
2024,8,weekly_w112_h21,z_cm,1728,14702.006869575045,1287,8765.908751206112,0
2024,8,weekly_w112_h14,x_cm,1728,13717.16797680496,1287,8193.316663062003,0
2024,8,weekly_w112_h14,z_cm,1728,14298.381190998398,1287,8467.595472488572,0
2024,8,weekly_w84_h3.5,x_cm,1728,13019.82234028805,1287,7627.131472787136,0
2024,8,weekly_w84_h3.5,z_cm,1728,13538.230513077819,1287,8027.238887901015,0
2024,8,weekly_w28_h7,x_cm,1728,13040.799565168185,1287,7687.78378619777,0
2024,8,weekly_w28_h7,z_cm,1728,13717.72392329021,1287,8090.527686436098,0
2024,8,weekly_w84_h14_huber,x_cm,1728,13669.673369091583,1287,8167.8744908614335,0
2024,8,weekly_w84_h14_huber,z_cm,1728,14321.233132216006,1287,8458.474477267344,0
2024,8,daily_w84_h3.5,x_cm,1728,12508.036306294749,1287,7272.999952990733,0
2024,8,daily_w84_h3.5,z_cm,1728,13225.182714677634,1287,7831.268274353531,0
2024,8,daily_w56_h7,x_cm,1728,12608.864672408661,1287,7394.866902954289,0
2024,8,daily_w56_h7,z_cm,1728,13406.552934979514,1287,7905.6080287471095,0
2024,8,daily_w56_h14,x_cm,1728,12984.375751122712,1287,7663.42210372584,0
2024,8,daily_w56_h14,z_cm,1728,13814.865222902652,1287,8142.046801498203,0
2024,8,daily_w56_h28,x_cm,1728,13416.32680465186,1287,7951.730944895508,0
2024,8,daily_w56_h28,z_cm,1728,14192.984778947735,1287,8380.71038033221,0
2024,8,daily_w84_h7,x_cm,1728,12628.666199436953,1287,7410.452928204104,0
2024,8,daily_w84_h7,z_cm,1728,13414.041967916315,1287,7912.538427882188,0
2024,8,daily_w84_h14,x_cm,1728,13228.568332666215,1287,7837.825071677268,0
2024,8,daily_w84_h14,z_cm,1728,13914.180801246708,1287,8228.547814720047,0
2024,8,daily_w84_h28,x_cm,1728,14128.41274069392,1287,8438.363469903117,0
2024,8,daily_w84_h28,z_cm,1728,14475.585533811976,1287,8621.054490417531,0
2024,8,fortnightly_w84_h7,x_cm,1728,13525.658485149594,1287,7999.799971252654,0
2024,8,fortnightly_w84_h7,z_cm,1728,14439.961525126304,1287,8417.464554961243,0
2024,8,fortnightly_w84_h14,x_cm,1728,14242.508324625094,1287,8524.753504825989,0
2024,8,fortnightly_w84_h14,z_cm,1728,14763.853763333569,1287,8693.3529815987,0
2024,8,fortnightly_w84_h28,x_cm,1728,15105.201096679222,1287,9100.292289124985,0
2024,8,fortnightly_w84_h28,z_cm,1728,15148.60355449897,1287,9025.086287295566,0
2024,9,uncorrected,x_cm,1649,55419.71346065657,1199,40073.28275484913,0
2024,9,uncorrected,z_cm,1649,34474.83543955657,1199,22342.793900689918,0
2024,9,last_month,x_cm,1649,14962.374341634313,1199,9264.613133642513,0
2024,9,last_month,z_cm,1649,16702.277662676475,1199,9326.853546463739,0
2024,9,season_to_date,x_cm,1649,16673.114235768433,1199,10644.993841994285,0
2024,9,season_to_date,z_cm,1649,20219.104461857714,1199,12203.945425494294,0
2024,9,ewma_w2_h0.25,x_cm,1649,14891.426619128708,1199,9218.16332539217,0
2024,9,ewma_w2_h0.25,z_cm,1649,16729.57716530533,1199,9361.37541759943,0
2024,9,ewma_w2_h0.5,x_cm,1649,14744.89119171982,1199,9125.26593248206,0
2024,9,ewma_w2_h0.5,z_cm,1649,16828.98011683627,1199,9468.373458245154,0
2024,9,ewma_w2_h1,x_cm,1649,14637.269537358086,1199,9061.617474036397,0
2024,9,ewma_w2_h1,z_cm,1649,16966.784574125093,1199,9600.726950232856,0
2024,9,ewma_w2_h2,x_cm,1649,14586.552764151103,1199,9034.41052150555,0
2024,9,ewma_w2_h2,z_cm,1649,17071.168864795414,1199,9695.828913349767,0
2024,9,ewma_w2_h3,x_cm,1649,14571.415087594629,1199,9026.929233137775,0
2024,9,ewma_w2_h3,z_cm,1649,17111.371451295367,1199,9731.721194411459,0
2024,9,ewma_w3_h0.25,x_cm,1649,14885.390194539468,1199,9214.575447518091,0
2024,9,ewma_w3_h0.25,z_cm,1649,16734.234565736642,1199,9365.787590063726,0
2024,9,ewma_w3_h0.5,x_cm,1649,14705.614225271453,1199,9108.322840770663,0
2024,9,ewma_w3_h0.5,z_cm,1649,16907.506373396718,1199,9536.53996384784,0
2024,9,ewma_w3_h1,x_cm,1649,14642.395566631469,1199,9104.069597847396,0
2024,9,ewma_w3_h1,z_cm,1649,17250.13855258574,1199,9833.28976886977,0
2024,9,ewma_w3_h2,x_cm,1649,14715.535291016991,1199,9193.281299714468,0
2024,9,ewma_w3_h2,z_cm,1649,17560.55756763531,1199,10087.235613625195,0
2024,9,ewma_w3_h3,x_cm,1649,14767.064851212119,1199,9245.245193659219,0
2024,9,ewma_w3_h3,z_cm,1649,17687.159174917095,1199,10188.585069646742,0
2024,9,ewma_w6_h0.25,x_cm,1649,14885.385073108551,1199,9214.57353180792,0
2024,9,ewma_w6_h0.25,z_cm,1649,16734.944748834463,1199,9366.408973112313,0
2024,9,ewma_w6_h0.5,x_cm,1649,14720.897248454148,1199,9119.958633887902,0
2024,9,ewma_w6_h0.5,z_cm,1649,16959.93719894875,1199,9580.73900998192,0
2024,9,ewma_w6_h1,x_cm,1649,14881.738428465607,1199,9280.610729604688,0
2024,9,ewma_w6_h1,z_cm,1649,17694.594600341934,1199,10196.177184709182,0
2024,9,ewma_w6_h2,x_cm,1649,15440.684486551801,1199,9715.95853558473,0
2024,9,ewma_w6_h2,z_cm,1649,18705.80814753895,1199,11009.420563686606,0
2024,9,ewma_w6_h3,x_cm,1649,15744.657295489575,1199,9942.894087799148,0
2024,9,ewma_w6_h3,z_cm,1649,19187.795147837038,1199,11392.947102821874,0
2024,9,precision_h0.5_q0.25,x_cm,1649,14736.520669039144,1199,9126.157483727908,0
2024,9,precision_h0.5_q0.25,z_cm,1649,16984.365322185608,1199,9600.504167572426,0
2024,9,precision_h0.5_q1,x_cm,1649,14795.91965122674,1199,9160.176776333203,0
2024,9,precision_h0.5_q1,z_cm,1649,16835.987298863816,1199,9465.06059049531,0
2024,9,precision_h0.5_q2,x_cm,1649,14806.478234665086,1199,9166.171333278664,0
2024,9,precision_h0.5_q2,z_cm,1649,16810.06519189517,1199,9441.316848267414,0
2024,9,precision_h1_q0.25,x_cm,1649,14742.995567498376,1199,9170.49860095963,0
2024,9,precision_h1_q0.25,z_cm,1649,17681.433260294034,1199,10176.528608618111,0
2024,9,precision_h1_q1,x_cm,1649,14730.22329400372,1199,9136.844692082908,0
2024,9,precision_h1_q1,z_cm,1649,17174.503500661733,1199,9761.234979934365,0
2024,9,precision_h1_q2,x_cm,1649,14736.710953214577,1199,9137.576280742684,0
2024,9,precision_h1_q2,z_cm,1649,17091.567358258642,1199,9691.536357160767,0
2024,9,precision_h2_q0.25,x_cm,1649,15076.855942391947,1199,9449.983874319121,0
2024,9,precision_h2_q0.25,z_cm,1649,18604.81733364531,1199,10910.317675881746,0
2024,9,precision_h2_q1,x_cm,1649,14858.496403878724,1199,9253.653291412811,0
2024,9,precision_h2_q1,z_cm,1649,17692.870048309906,1199,10188.929998393354,0
2024,9,precision_h2_q2,x_cm,1649,14842.022745569353,1199,9235.809970176091,0
2024,9,precision_h2_q2,z_cm,1649,17539.012130865434,1199,10064.817648326356,0
2024,9,ema_a0.5,x_cm,1649,14992.386327979673,1199,9366.007186313029,0
2024,9,ema_a0.5,z_cm,1649,17738.043969982667,1199,10232.326421990518,0
2024,9,ema_a0.75,x_cm,1649,14768.954039639604,1199,9159.39232814871,0
2024,9,ema_a0.75,z_cm,1649,16944.67832305453,1199,9570.422369688586,0
2024,9,ema_a0.9,x_cm,1649,14859.782433457398,1199,9201.799930684356,0
2024,9,ema_a0.9,z_cm,1649,16756.989731629685,1199,9392.459594160986,0
2024,9,kalman_q0.25,x_cm,1649,14975.487267266248,1199,9403.894025446336,0
2024,9,kalman_q0.25,z_cm,1649,18753.372206082113,1199,11035.403974333545,0
2024,9,kalman_q0.5,x_cm,1649,14608.608474501892,1199,9077.585964631051,0
2024,9,kalman_q0.5,z_cm,1649,17602.457937469855,1199,10129.33429116894,0
2024,9,kalman_q1,x_cm,1649,14723.111851510885,1199,9117.24593851656,0
2024,9,kalman_q1,z_cm,1649,17008.933336640708,1199,9626.131365793659,0
2024,9,kalman_q2,x_cm,1649,14873.967084048305,1199,9208.075167112664,0
2024,9,kalman_q2,z_cm,1649,16785.745403810288,1199,9414.884167244365,0
2024,9,kalman_q4,x_cm,1649,14937.368834434928,1199,9248.440714461194,0
2024,9,kalman_q4,z_cm,1649,16723.27162588533,1199,9349.86815754011,0
2024,9,adaptive_q0.5,x_cm,1649,14574.113415939122,1199,9054.928855654749,0
2024,9,adaptive_q0.5,z_cm,1649,17531.119651625497,1199,10074.493023560539,0
2024,9,adaptive_q1,x_cm,1649,14723.111851510885,1199,9117.24593851656,0
2024,9,adaptive_q1,z_cm,1649,17008.933336640708,1199,9626.131365793659,0
2024,9,adaptive_q2,x_cm,1649,14873.967084048305,1199,9208.075167112664,0
2024,9,adaptive_q2,z_cm,1649,16785.745403810288,1199,9414.884167244365,0
2024,9,trend_d0.25,x_cm,1649,15309.005091820954,1199,9496.599047227897,0
2024,9,trend_d0.25,z_cm,1649,16684.42719312768,1199,9249.705787147717,0
2024,9,trend_d0.5,x_cm,1649,15761.201097501307,1199,9811.31014807432,0
2024,9,trend_d0.5,z_cm,1649,16816.314435939716,1199,9279.044233292161,0
2024,9,monthly_w28_hflat,x_cm,1649,15016.450621604772,1199,9350.669480270186,0
2024,9,monthly_w28_hflat,z_cm,1649,16451.635543874883,1199,9147.403366758976,0
2024,9,monthly_w28_h14,x_cm,1649,15218.265521948731,1199,9462.175574738632,0
2024,9,monthly_w28_h14,z_cm,1649,16596.126589188054,1199,9215.59040238224,0
2024,9,monthly_w28_h28,x_cm,1649,15106.206524611558,1199,9401.072133211645,0
2024,9,monthly_w28_h28,z_cm,1649,16493.48170160999,1199,9160.929624150824,0
2024,9,monthly_w28_h28_huber,x_cm,1649,15166.569043007003,1199,9433.164453511907,0
2024,9,monthly_w28_h28_huber,z_cm,1649,16433.931862560785,1199,9127.792245747267,0
2024,9,monthly_w56_hflat,x_cm,1649,14882.552095271229,1199,9265.002422938436,0
2024,9,monthly_w56_hflat,z_cm,1649,16894.61665263439,1199,9564.920599994448,0
2024,9,monthly_w56_h14,x_cm,1649,15124.034080018771,1199,9383.526668876999,0
2024,9,monthly_w56_h14,z_cm,1649,16712.14797643027,1199,9338.46331359606,0
2024,9,monthly_w56_h28,x_cm,1649,14969.746230176113,1199,9297.465900528277,0
2024,9,monthly_w56_h28,z_cm,1649,16743.738560426966,1199,9406.4637245999,0
2024,9,monthly_w56_h28_huber,x_cm,1649,15003.690359616849,1199,9321.28001324922,0
2024,9,monthly_w56_h28_huber,z_cm,1649,16676.272126215154,1199,9366.67830932775,0
2024,9,monthly_w84_hflat,x_cm,1649,14897.154837082122,1199,9370.744042147693,0
2024,9,monthly_w84_hflat,z_cm,1649,17858.54248350187,1199,10295.200122922593,0
2024,9,monthly_w84_h14,x_cm,1649,15036.43941083162,1199,9329.920803302644,0
2024,9,monthly_w84_h14,z_cm,1649,16815.088806696112,1199,9421.57619623941,0
2024,9,monthly_w84_h28,x_cm,1649,14831.911329496053,1199,9232.393097185646,0
2024,9,monthly_w84_h28,z_cm,1649,17110.328761721757,1199,9690.416252804165,0
2024,9,monthly_w84_h28_huber,x_cm,1649,14845.013841770888,1199,9238.387922099872,0
2024,9,monthly_w84_h28_huber,z_cm,1649,17038.609982941838,1199,9647.57537905858,0
2024,9,weekly_w28_hflat,x_cm,1649,16417.913902719658,1199,10104.366156443142,15
2024,9,weekly_w28_hflat,z_cm,1649,16059.338396445344,1199,8778.513415601801,15
2024,9,weekly_w28_h14,x_cm,1649,16232.10235787552,1199,9985.571871012784,15
2024,9,weekly_w28_h14,z_cm,1649,15928.919185229928,1199,8755.87524541275,15
2024,9,weekly_w28_h28,x_cm,1649,16308.45448595561,1199,10035.118161622344,15
2024,9,weekly_w28_h28,z_cm,1649,15979.913618354385,1199,8758.563398929939,15
2024,9,weekly_w28_h28_huber,x_cm,1649,16509.850237855928,1199,10164.70388624848,15
2024,9,weekly_w28_h28_huber,z_cm,1649,15953.32308846543,1199,8768.417050722497,15
2024,9,weekly_w56_hflat,x_cm,1649,15062.955318097485,1199,9304.627809392057,0
2024,9,weekly_w56_hflat,z_cm,1649,16651.13913755038,1199,9208.61914165267,0
2024,9,weekly_w56_h14,x_cm,1649,15556.76070327314,1199,9581.99905867238,0
2024,9,weekly_w56_h14,z_cm,1649,16099.257472267796,1199,8868.839777677027,0
2024,9,weekly_w56_h28,x_cm,1649,15310.902132092746,1199,9446.40215388805,0
2024,9,weekly_w56_h28,z_cm,1649,16330.566169857875,1199,9000.335486289374,0
2024,9,weekly_w56_h28_huber,x_cm,1649,15400.133763695176,1199,9499.92312873716,0
2024,9,weekly_w56_h28_huber,z_cm,1649,16323.104724015257,1199,9001.49247570679,0
2024,9,weekly_w84_hflat,x_cm,1649,14774.299111379836,1199,9152.113671058181,0
2024,9,weekly_w84_hflat,z_cm,1649,17049.596231352043,1199,9688.595054016154,0
2024,9,weekly_w84_h14,x_cm,1649,15416.106323368524,1199,9498.858826749609,0
2024,9,weekly_w84_h14,z_cm,1649,16135.454821675405,1199,8922.445074486734,0
2024,9,weekly_w84_h28,x_cm,1649,15043.936573293444,1199,9287.442728330818,0
2024,9,weekly_w84_h28,z_cm,1649,16470.14166765182,1199,9185.397419664449,0
2024,9,weekly_w84_h28_huber,x_cm,1649,15100.818017062373,1199,9321.838025860576,0
2024,9,weekly_w84_h28_huber,z_cm,1649,16433.830212371387,1199,9171.895067260382,0
2024,9,weekly_w56_h7,x_cm,1649,15914.396147050906,1199,9771.016435433516,0
2024,9,weekly_w56_h7,z_cm,1649,15926.634013765084,1199,8816.768572702438,0
2024,9,weekly_w56_h10,x_cm,1649,15721.303447964083,1199,9669.708555576966,0
2024,9,weekly_w56_h10,z_cm,1649,15988.552419651172,1199,8819.662539230229,0
2024,9,weekly_w56_h21,x_cm,1649,15396.104145161793,1199,9494.005102406532,0
2024,9,weekly_w56_h21,z_cm,1649,16242.047399672729,1199,8947.365027688184,0
2024,9,weekly_w84_h7,x_cm,1649,15895.989411493372,1199,9760.683280149058,0
2024,9,weekly_w84_h7,z_cm,1649,15926.697139039064,1199,8818.397279141485,0
2024,9,weekly_w84_h10,x_cm,1649,15654.131143055001,1199,9630.852679835089,0
2024,9,weekly_w84_h10,z_cm,1649,15998.0793909665,1199,8836.09104681019,0
2024,9,weekly_w84_h21,x_cm,1649,15170.218460857039,1199,9359.133124872218,0
2024,9,weekly_w84_h21,z_cm,1649,16333.948588678297,1199,9073.426755622862,0
2024,9,weekly_w112_h7,x_cm,1649,15895.230627964302,1199,9760.502362468906,0
2024,9,weekly_w112_h7,z_cm,1649,15927.63080864554,1199,8819.05051728026,0
2024,9,weekly_w112_h10,x_cm,1649,15647.738235629342,1199,9628.921029519843,0
2024,9,weekly_w112_h10,z_cm,1649,16007.84070074767,1199,8843.314502903082,0
2024,9,weekly_w112_h21,x_cm,1649,15140.530816384031,1199,9361.685970305265,0
2024,9,weekly_w112_h21,z_cm,1649,16472.443689165484,1199,9179.995020245547,0
2024,9,weekly_w112_h14,x_cm,1649,15396.196201468158,1199,9493.710760896975,0
2024,9,weekly_w112_h14,z_cm,1649,16178.76739928039,1199,8955.387928138709,0
2024,9,weekly_w84_h3.5,x_cm,1649,16531.83705693855,1199,10116.017332100371,0
2024,9,weekly_w84_h3.5,z_cm,1649,16158.171162519144,1199,9081.613598777174,0
2024,9,weekly_w28_h7,x_cm,1649,16200.62445979252,1199,9959.810552487903,15
2024,9,weekly_w28_h7,z_cm,1649,15919.93518520924,1199,8804.819269724514,15
2024,9,weekly_w84_h14_huber,x_cm,1649,15527.430788266993,1199,9566.763885687644,0
2024,9,weekly_w84_h14_huber,z_cm,1649,16103.983510237333,1199,8919.05052701345,0
2024,9,daily_w84_h3.5,x_cm,1649,15047.775721552644,1199,9104.440133924603,0
2024,9,daily_w84_h3.5,z_cm,1649,16301.948712187415,1199,9073.493042590317,0
2024,9,daily_w56_h7,x_cm,1649,14767.59490121622,1199,9086.21002771283,0
2024,9,daily_w56_h7,z_cm,1649,15920.149276114069,1199,8787.695444665187,0
2024,9,daily_w56_h14,x_cm,1649,14804.298548216871,1199,9159.337232728885,0
2024,9,daily_w56_h14,z_cm,1649,15962.369859376606,1199,8794.013654451937,0
2024,9,daily_w56_h28,x_cm,1649,14818.60957802289,1199,9180.987242513484,0
2024,9,daily_w56_h28,z_cm,1649,16123.938402238542,1199,8895.675561889502,0
2024,9,daily_w84_h7,x_cm,1649,14760.860920994231,1199,9081.809380305334,0
2024,9,daily_w84_h7,z_cm,1649,15921.647071671072,1199,8789.353542745164,0
2024,9,daily_w84_h14,x_cm,1649,14756.433627916465,1199,9122.229109320524,0
2024,9,daily_w84_h14,z_cm,1649,16016.774499671863,1199,8848.339845657722,0
2024,9,daily_w84_h28,x_cm,1649,14721.395712782452,1199,9101.478024126465,0
2024,9,daily_w84_h28,z_cm,1649,16316.456955948152,1199,9084.998171685791,0
2024,9,fortnightly_w84_h7,x_cm,1649,15864.055714296077,1199,9712.798141451014,0
2024,9,fortnightly_w84_h7,z_cm,1649,15915.845494189985,1199,8800.240428111352,0
2024,9,fortnightly_w84_h14,x_cm,1649,15250.70725901772,1199,9395.010161920709,0
2024,9,fortnightly_w84_h14,z_cm,1649,16232.436978109134,1199,8979.278463947976,0
2024,9,fortnightly_w84_h28,x_cm,1649,14907.34236273644,1199,9219.346506233658,0
2024,9,fortnightly_w84_h28,z_cm,1649,16597.89327854348,1199,9264.577303374115,0
2025,5,uncorrected,x_cm,1929,105124.85482283084,1430,71183.35644729613,0
2025,5,uncorrected,z_cm,1929,51879.13355530074,1430,31652.425784207167,0
2025,5,last_month,x_cm,1929,34335.922391490676,1430,21913.545984481283,0
2025,5,last_month,z_cm,1929,32599.0255143953,1430,17795.075362614713,0
2025,5,season_to_date,x_cm,1929,36104.48617281501,1430,23048.89449143404,0
2025,5,season_to_date,z_cm,1929,33115.72513933702,1430,18534.84356202564,0
2025,5,ewma_w2_h0.25,x_cm,1929,34497.74385118021,1430,22014.440414177967,0
2025,5,ewma_w2_h0.25,z_cm,1929,32647.877344801353,1430,17879.68484009037,0
2025,5,ewma_w2_h0.5,x_cm,1929,34999.594981009446,1430,22335.688689179915,0
2025,5,ewma_w2_h0.5,z_cm,1929,32981.767891986754,1430,18225.659464021777,0
2025,5,ewma_w2_h1,x_cm,1929,35620.668712148305,1430,22741.629005590883,0
2025,5,ewma_w2_h1,z_cm,1929,33577.94657163894,1430,18737.669413647513,0
2025,5,ewma_w2_h2,x_cm,1929,36067.046074150276,1430,23036.411171597167,0
2025,5,ewma_w2_h2,z_cm,1929,34072.52723491704,1430,19135.94861315448,0
2025,5,ewma_w2_h3,x_cm,1929,36235.52886576211,1430,23148.130091681916,0
2025,5,ewma_w2_h3,z_cm,1929,34269.14370867239,1430,19290.831768080967,0
2025,5,ewma_w3_h0.25,x_cm,1929,34497.74385118021,1430,22014.440414177967,0
2025,5,ewma_w3_h0.25,z_cm,1929,32647.877344801353,1430,17879.68484009037,0
2025,5,ewma_w3_h0.5,x_cm,1929,34999.594981009446,1430,22335.688689179915,0
2025,5,ewma_w3_h0.5,z_cm,1929,32981.767891986754,1430,18225.659464021777,0
2025,5,ewma_w3_h1,x_cm,1929,35620.668712148305,1430,22741.629005590883,0
2025,5,ewma_w3_h1,z_cm,1929,33577.94657163894,1430,18737.669413647513,0
2025,5,ewma_w3_h2,x_cm,1929,36067.046074150276,1430,23036.411171597167,0
2025,5,ewma_w3_h2,z_cm,1929,34072.52723491704,1430,19135.94861315448,0
2025,5,ewma_w3_h3,x_cm,1929,36235.52886576211,1430,23148.130091681916,0
2025,5,ewma_w3_h3,z_cm,1929,34269.14370867239,1430,19290.831768080967,0
2025,5,ewma_w6_h0.25,x_cm,1929,34497.74385118021,1430,22014.440414177967,0
2025,5,ewma_w6_h0.25,z_cm,1929,32647.877344801353,1430,17879.68484009037,0
2025,5,ewma_w6_h0.5,x_cm,1929,34999.594981009446,1430,22335.688689179915,0
2025,5,ewma_w6_h0.5,z_cm,1929,32981.767891986754,1430,18225.659464021777,0
2025,5,ewma_w6_h1,x_cm,1929,35620.668712148305,1430,22741.629005590883,0
2025,5,ewma_w6_h1,z_cm,1929,33577.94657163894,1430,18737.669413647513,0
2025,5,ewma_w6_h2,x_cm,1929,36067.046074150276,1430,23036.411171597167,0
2025,5,ewma_w6_h2,z_cm,1929,34072.52723491704,1430,19135.94861315448,0
2025,5,ewma_w6_h3,x_cm,1929,36235.52886576211,1430,23148.130091681916,0
2025,5,ewma_w6_h3,z_cm,1929,34269.14370867239,1430,19290.831768080967,0
2025,5,precision_h0.5_q0.25,x_cm,1929,36111.85308940396,1430,23105.964990195032,0
2025,5,precision_h0.5_q0.25,z_cm,1929,33011.33884826548,1430,18152.795670481515,0
2025,5,precision_h0.5_q1,x_cm,1929,35335.330489145286,1430,22575.766358441597,0
2025,5,precision_h0.5_q1,z_cm,1929,32845.4937318123,1430,18046.57560731722,0
2025,5,precision_h0.5_q2,x_cm,1929,34912.23662521306,1430,22288.14195244972,0
2025,5,precision_h0.5_q2,z_cm,1929,32769.853679991626,1430,18001.923509078326,0
2025,5,precision_h1_q0.25,x_cm,1929,37028.871482884046,1430,23728.378212809002,0
2025,5,precision_h1_q0.25,z_cm,1929,33348.54122171963,1430,18443.854756233148,0
2025,5,precision_h1_q1,x_cm,1929,36013.17479424051,1430,23026.51074707121,0
2025,5,precision_h1_q1,z_cm,1929,33107.453593470265,1430,18290.29896417226,0
2025,5,precision_h1_q2,x_cm,1929,35392.46571689889,1430,22602.37254010165,0
2025,5,precision_h1_q2,z_cm,1929,33013.38597999938,1430,18237.816776847176,0
2025,5,precision_h2_q0.25,x_cm,1929,37517.06750494958,1430,24061.20951896513,0
2025,5,precision_h2_q0.25,z_cm,1929,33586.593045624555,1430,18648.338904965545,0
2025,5,precision_h2_q1,x_cm,1929,36436.64933901449,1430,23308.70780623213,0
2025,5,precision_h2_q1,z_cm,1929,33325.32965594609,1430,18482.959609822916,0
2025,5,precision_h2_q2,x_cm,1929,35734.426182187446,1430,22827.16642143004,0
2025,5,precision_h2_q2,z_cm,1929,33239.3076625602,1430,18438.747363540257,0
2025,5,ema_a0.5,x_cm,1929,36597.964381464,1430,23389.130228542956,0
2025,5,ema_a0.5,z_cm,1929,34706.81415261929,1430,19630.75496795334,0
2025,5,ema_a0.75,x_cm,1929,35215.751504737185,1430,22476.243322214163,0
2025,5,ema_a0.75,z_cm,1929,33173.3645442384,1430,18396.57376869196,0
2025,5,ema_a0.9,x_cm,1929,34627.56798517164,1430,22096.60217134293,0
2025,5,ema_a0.9,z_cm,1929,32713.667856908,1430,17959.75278986351,0
2025,5,kalman_q0.25,x_cm,1929,38623.322045039866,1430,24923.28531661674,0
2025,5,kalman_q0.25,z_cm,1929,33727.97123188719,1430,18771.56230236549,0
2025,5,kalman_q0.5,x_cm,1929,38375.123712603716,1430,24722.757744258997,0
2025,5,kalman_q0.5,z_cm,1929,33706.27024836818,1430,18705.029949966076,0
2025,5,kalman_q1,x_cm,1929,37672.63674004338,1430,24186.838579814725,0
2025,5,kalman_q1,z_cm,1929,33592.44781919579,1430,18543.832405380774,0
2025,5,kalman_q2,x_cm,1929,36364.76465322115,1430,23268.141253623668,0
2025,5,kalman_q2,z_cm,1929,33244.44417024162,1430,18251.564176542634,0
2025,5,kalman_q4,x_cm,1929,35134.44216826165,1430,22442.29073777368,0
2025,5,kalman_q4,z_cm,1929,32858.06680130183,1430,17974.155672892004,0
2025,5,adaptive_q0.5,x_cm,1929,38375.123712603716,1430,24722.757744258997,0
2025,5,adaptive_q0.5,z_cm,1929,33706.27024836818,1430,18705.029949966076,0
2025,5,adaptive_q1,x_cm,1929,37672.63674004338,1430,24186.838579814725,0
2025,5,adaptive_q1,z_cm,1929,33592.44781919579,1430,18543.832405380774,0
2025,5,adaptive_q2,x_cm,1929,36364.76465322115,1430,23268.141253623668,0
2025,5,adaptive_q2,z_cm,1929,33244.44417024162,1430,18251.564176542634,0
2025,5,trend_d0.25,x_cm,1929,33958.477041724516,1430,21701.038215344317,0
2025,5,trend_d0.25,z_cm,1929,32761.13876820569,1430,17737.494709477753,0
2025,5,trend_d0.5,x_cm,1929,34083.4154554387,1430,21838.720014803268,0
2025,5,trend_d0.5,z_cm,1929,33416.885016627704,1430,18004.11380025858,0
2025,5,monthly_w28_hflat,x_cm,1929,33675.85899305238,1430,21502.107963412524,0
2025,5,monthly_w28_hflat,z_cm,1929,32418.54331493333,1430,17683.17972386595,0
2025,5,monthly_w28_h14,x_cm,1929,30600.946307931925,1430,19458.43372895643,0
2025,5,monthly_w28_h14,z_cm,1929,31292.13811017721,1430,16834.8697065492,0
2025,5,monthly_w28_h28,x_cm,1929,32140.21104253633,1430,20482.879260405243,0
2025,5,monthly_w28_h28,z_cm,1929,31825.526667763916,1430,17238.564684636927,0
2025,5,monthly_w28_h28_huber,x_cm,1929,33899.42741077424,1430,21652.98827664221,0
2025,5,monthly_w28_h28_huber,z_cm,1929,32145.27915238526,1430,17446.915231882143,0
2025,5,monthly_w56_hflat,x_cm,1929,36104.486172815006,1430,23048.894491434035,0
2025,5,monthly_w56_hflat,z_cm,1929,33115.725139337024,1430,18534.843562025642,0
2025,5,monthly_w56_h14,x_cm,1929,31864.37992745312,1430,20263.0446734477,0
2025,5,monthly_w56_h14,z_cm,1929,31484.90275384154,1430,17101.247219454024,0
2025,5,monthly_w56_h28,x_cm,1929,34026.20693654769,1430,21682.455930409153,0
2025,5,monthly_w56_h28,z_cm,1929,32174.688528500454,1430,17711.452195407554,0
2025,5,monthly_w56_h28_huber,x_cm,1929,36147.787022330755,1430,23077.49280386677,0
2025,5,monthly_w56_h28_huber,z_cm,1929,32583.069982948677,1430,17922.005405119082,0
2025,5,monthly_w84_hflat,x_cm,1929,36104.486172815006,1430,23048.894491434035,0
2025,5,monthly_w84_hflat,z_cm,1929,33115.725139337024,1430,18534.843562025642,0
2025,5,monthly_w84_h14,x_cm,1929,31864.37992745312,1430,20263.0446734477,0
2025,5,monthly_w84_h14,z_cm,1929,31484.90275384154,1430,17101.247219454024,0
2025,5,monthly_w84_h28,x_cm,1929,34026.20693654769,1430,21682.455930409153,0
2025,5,monthly_w84_h28,z_cm,1929,32174.688528500454,1430,17711.452195407554,0
2025,5,monthly_w84_h28_huber,x_cm,1929,36147.787022330755,1430,23077.49280386677,0
2025,5,monthly_w84_h28_huber,z_cm,1929,32583.069982948677,1430,17922.005405119082,0
2025,5,weekly_w28_hflat,x_cm,1929,33223.32306288879,1430,18549.69946228491,0
2025,5,weekly_w28_hflat,z_cm,1929,33164.3168030512,1430,17309.172541568074,0
2025,5,weekly_w28_h14,x_cm,1929,30013.023904762897,1430,16658.516211497867,0
2025,5,weekly_w28_h14,z_cm,1929,32218.48265620041,1430,16807.367177103806,0
2025,5,weekly_w28_h28,x_cm,1929,31588.504188473704,1430,17580.628886043047,0
2025,5,weekly_w28_h28,z_cm,1929,32680.261699139817,1430,17050.7203525961,0
2025,5,weekly_w28_h28_huber,x_cm,1929,32588.60574584173,1430,18126.989446400486,0
2025,5,weekly_w28_h28_huber,z_cm,1929,32744.70338553367,1430,17104.48489383649,0
2025,5,weekly_w56_hflat,x_cm,1929,32749.18752296696,1430,20226.306602466197,0
2025,5,weekly_w56_hflat,z_cm,1929,33417.15997621034,1430,17938.193759877555,0
2025,5,weekly_w56_h14,x_cm,1929,29330.221086112055,1430,17078.932876700936,0
2025,5,weekly_w56_h14,z_cm,1929,32096.419929104923,1430,16953.256617133,0
2025,5,weekly_w56_h28,x_cm,1929,30867.244688236213,1430,18496.55925679818,0
2025,5,weekly_w56_h28,z_cm,1929,32671.64445226064,1430,17375.227604946976,0
2025,5,weekly_w56_h28_huber,x_cm,1929,32129.384899043496,1430,19072.819316186222,0
2025,5,weekly_w56_h28_huber,z_cm,1929,32938.16536817641,1430,17475.94195740782,0
2025,5,weekly_w84_hflat,x_cm,1929,33347.09197135706,1430,20817.544711442893,0
2025,5,weekly_w84_hflat,z_cm,1929,33089.60829664352,1430,18134.430271185858,0
2025,5,weekly_w84_h14,x_cm,1929,29425.797042355043,1430,17193.246585323104,0
2025,5,weekly_w84_h14,z_cm,1929,31984.305682572467,1430,16896.45469669267,0
2025,5,weekly_w84_h28,x_cm,1929,31067.486007763426,1430,18783.30300999021,0
2025,5,weekly_w84_h28,z_cm,1929,32412.980380675308,1430,17362.781415144767,0
2025,5,weekly_w84_h28_huber,x_cm,1929,32298.87940851825,1430,19405.727074979273,0
2025,5,weekly_w84_h28_huber,z_cm,1929,32645.926776961354,1430,17431.678126328654,0
2025,5,weekly_w56_h7,x_cm,1929,26919.050567762606,1430,15133.529176402926,0
2025,5,weekly_w56_h7,z_cm,1929,31303.99545078881,1430,16423.858740043728,0
2025,5,weekly_w56_h10,x_cm,1929,28277.754091005627,1430,16171.63143880085,0
2025,5,weekly_w56_h10,z_cm,1929,31727.918694452732,1430,16698.096319244352,0
2025,5,weekly_w56_h21,x_cm,1929,30320.90764959133,1430,17987.254978075427,0
2025,5,weekly_w56_h21,z_cm,1929,32463.525658677827,1430,17220.208168244746,0
2025,5,weekly_w84_h7,x_cm,1929,27036.4003415563,1430,15167.669693561122,0
2025,5,weekly_w84_h7,z_cm,1929,31327.854833879046,1430,16384.964634012355,0
2025,5,weekly_w84_h10,x_cm,1929,28375.10658870397,1430,16230.151602193273,0
2025,5,weekly_w84_h10,z_cm,1929,31695.271446207844,1430,16644.917226245154,0
2025,5,weekly_w84_h21,x_cm,1929,30461.930744181947,1430,18199.779453705545,0
2025,5,weekly_w84_h21,z_cm,1929,32255.694418509884,1430,17181.789495506608,0
2025,5,weekly_w112_h7,x_cm,1929,27036.4003415563,1430,15167.669693561122,0
2025,5,weekly_w112_h7,z_cm,1929,31327.854833879046,1430,16384.964634012355,0
2025,5,weekly_w112_h10,x_cm,1929,28375.10658870397,1430,16230.151602193273,0
2025,5,weekly_w112_h10,z_cm,1929,31695.271446207844,1430,16644.917226245154,0
2025,5,weekly_w112_h21,x_cm,1929,30461.930744181947,1430,18199.779453705545,0
2025,5,weekly_w112_h21,z_cm,1929,32255.694418509884,1430,17181.789495506608,0
2025,5,weekly_w112_h14,x_cm,1929,29425.797042355043,1430,17193.246585323104,0
2025,5,weekly_w112_h14,z_cm,1929,31984.305682572467,1430,16896.45469669267,0
2025,5,weekly_w84_h3.5,x_cm,1929,24530.995492763992,1430,13664.828388419555,0
2025,5,weekly_w84_h3.5,z_cm,1929,30872.971586445063,1430,16096.326278830107,0
2025,5,weekly_w28_h7,x_cm,1929,27328.303546010113,1430,15127.348297202214,0
2025,5,weekly_w28_h7,z_cm,1929,31462.644051956562,1430,16412.118968389637,0
2025,5,weekly_w84_h14_huber,x_cm,1929,30373.816954700844,1430,17600.132166878524,0
2025,5,weekly_w84_h14_huber,z_cm,1929,32121.926195598073,1430,16933.4969020021,0
2025,5,daily_w84_h3.5,x_cm,1929,23073.791268593915,1430,13123.856429539877,0
2025,5,daily_w84_h3.5,z_cm,1929,27718.853532153997,1430,15646.79436885734,0
2025,5,daily_w56_h7,x_cm,1929,24847.037243133862,1430,14179.790953459486,0
2025,5,daily_w56_h7,z_cm,1929,28932.3583508072,1430,15948.849439584883,0
2025,5,daily_w56_h14,x_cm,1929,27221.531676785627,1430,15858.163484461958,0
2025,5,daily_w56_h14,z_cm,1929,30337.78041280121,1430,16473.636477982975,0
2025,5,daily_w56_h28,x_cm,1929,28901.86028576605,1430,17250.209538158826,0
2025,5,daily_w56_h28,z_cm,1929,31302.564459764086,1430,16907.03165998889,0
2025,5,daily_w84_h7,x_cm,1929,24977.090001568282,1430,14235.659148125826,0
2025,5,daily_w84_h7,z_cm,1929,28928.489325976134,1430,15961.675739024946,0
2025,5,daily_w84_h14,x_cm,1929,27483.64439383767,1430,16060.370135150535,0
2025,5,daily_w84_h14,z_cm,1929,30306.736421205707,1430,16491.1440924872,0
2025,5,daily_w84_h28,x_cm,1929,29488.123338302885,1430,17752.17655515596,0
2025,5,daily_w84_h28,z_cm,1929,31215.97621376293,1430,16990.78994183329,0
2025,5,fortnightly_w84_h7,x_cm,1929,27900.413257477227,1430,15773.177351614031,0
2025,5,fortnightly_w84_h7,z_cm,1929,32252.149374914414,1430,16789.67027328234,0
2025,5,fortnightly_w84_h14,x_cm,1929,30378.218511883842,1430,18032.84820885608,0
2025,5,fortnightly_w84_h14,z_cm,1929,32683.246879776496,1430,17303.25100082065,0
2025,5,fortnightly_w84_h28,x_cm,1929,31971.125347205547,1430,19610.19631628319,0
2025,5,fortnightly_w84_h28,z_cm,1929,32983.735703458675,1430,17743.755860245707,0
2025,6,uncorrected,x_cm,1592,73963.68082223019,1179,51066.71104151876,0
2025,6,uncorrected,z_cm,1592,73863.8738238663,1179,49497.07306649065,0
2025,6,last_month,x_cm,1592,17628.15473234139,1179,11394.039787815793,0
2025,6,last_month,z_cm,1592,25437.934871540885,1179,16981.56489493067,0
2025,6,season_to_date,x_cm,1592,16793.3616355386,1179,11204.665877441868,0
2025,6,season_to_date,z_cm,1592,25854.518405021205,1179,16901.74908082943,0
2025,6,ewma_w2_h0.25,x_cm,1592,17178.334407642345,1179,11123.145630661846,0
2025,6,ewma_w2_h0.25,z_cm,1592,25368.78492825624,1179,16928.865651734613,0
2025,6,ewma_w2_h0.5,x_cm,1592,16435.395479697087,1179,10702.920140224647,0
2025,6,ewma_w2_h0.5,z_cm,1592,25309.131119762314,1179,16868.84630562814,0
2025,6,ewma_w2_h1,x_cm,1592,16170.102966142747,1179,10604.085585760984,0
2025,6,ewma_w2_h1,z_cm,1592,25390.595557615223,1179,16898.311712629147,0
2025,6,ewma_w2_h2,x_cm,1592,16215.737698522795,1179,10685.21537662204,0
2025,6,ewma_w2_h2,z_cm,1592,25505.243173819596,1179,16956.965717573086,0
2025,6,ewma_w2_h3,x_cm,1592,16268.498282059518,1179,10738.720063767,0
2025,6,ewma_w2_h3,z_cm,1592,25556.95236102808,1179,16984.740164695755,0
2025,6,ewma_w3_h0.25,x_cm,1592,17150.063003794487,1179,11107.64187785313,0
2025,6,ewma_w3_h0.25,z_cm,1592,25349.982666044052,1179,16909.89098456852,0
2025,6,ewma_w3_h0.5,x_cm,1592,16270.403454663261,1179,10630.410528616583,0
2025,6,ewma_w3_h0.5,z_cm,1592,25125.8325974657,1179,16667.113216704747,0
2025,6,ewma_w3_h1,x_cm,1592,16167.146502524629,1179,10693.08893446282,0
2025,6,ewma_w3_h1,z_cm,1592,25018.130910588276,1179,16426.10505915056,0
2025,6,ewma_w3_h2,x_cm,1592,16596.344001296784,1179,11059.913967453598,0
2025,6,ewma_w3_h2,z_cm,1592,25083.07596041973,1179,16335.8557323321,0
2025,6,ewma_w3_h3,x_cm,1592,16838.177928902624,1179,11247.581542793354,0
2025,6,ewma_w3_h3,z_cm,1592,25138.487685391585,1179,16322.304368113682,0
2025,6,ewma_w6_h0.25,x_cm,1592,17150.063003794487,1179,11107.64187785313,0
2025,6,ewma_w6_h0.25,z_cm,1592,25349.982666044052,1179,16909.89098456852,0
2025,6,ewma_w6_h0.5,x_cm,1592,16270.403454663261,1179,10630.410528616583,0
2025,6,ewma_w6_h0.5,z_cm,1592,25125.8325974657,1179,16667.113216704747,0
2025,6,ewma_w6_h1,x_cm,1592,16167.146502524629,1179,10693.08893446282,0
2025,6,ewma_w6_h1,z_cm,1592,25018.130910588276,1179,16426.10505915056,0
2025,6,ewma_w6_h2,x_cm,1592,16596.344001296784,1179,11059.913967453598,0
2025,6,ewma_w6_h2,z_cm,1592,25083.07596041973,1179,16335.8557323321,0
2025,6,ewma_w6_h3,x_cm,1592,16838.177928902624,1179,11247.581542793354,0
2025,6,ewma_w6_h3,z_cm,1592,25138.487685391585,1179,16322.304368113682,0
2025,6,precision_h0.5_q0.25,x_cm,1592,16789.068619728743,1179,10827.899765296677,0
2025,6,precision_h0.5_q0.25,z_cm,1592,25757.443052761355,1179,17152.04943916154,0
2025,6,precision_h0.5_q1,x_cm,1592,16804.591394724142,1179,10872.695924001917,0
2025,6,precision_h0.5_q1,z_cm,1592,25312.501180431645,1179,16844.67509508341,0
2025,6,precision_h0.5_q2,x_cm,1592,16770.642174341232,1179,10874.632620493056,0
2025,6,precision_h0.5_q2,z_cm,1592,25252.4122582365,1179,16808.95369158263,0
2025,6,precision_h1_q0.25,x_cm,1592,16149.341734747573,1179,10440.869064392467,0
2025,6,precision_h1_q0.25,z_cm,1592,25546.43207701043,1179,16906.75596112177,0
2025,6,precision_h1_q1,x_cm,1592,16210.272712160062,1179,10534.5516388123,0
2025,6,precision_h1_q1,z_cm,1592,25137.058825955322,1179,16627.095405771797,0
2025,6,precision_h1_q2,x_cm,1592,16220.381518330683,1179,10579.272103501899,0
2025,6,precision_h1_q2,z_cm,1592,25079.518591751294,1179,16600.877580316956,0
2025,6,precision_h2_q0.25,x_cm,1592,15889.264236602283,1179,10319.477962888868,0
2025,6,precision_h2_q0.25,z_cm,1592,25310.11018637132,1179,16666.718222035022,0
2025,6,precision_h2_q1,x_cm,1592,15976.210194394687,1179,10436.098783638628,0
2025,6,precision_h2_q1,z_cm,1592,25023.26052198769,1179,16462.05499406115,0
2025,6,precision_h2_q2,x_cm,1592,16037.209395956843,1179,10518.756197006027,0
2025,6,precision_h2_q2,z_cm,1592,24988.697459535262,1179,16452.98779238662,0
2025,6,ema_a0.5,x_cm,1592,16375.375779206319,1179,10892.46019747698,0
2025,6,ema_a0.5,z_cm,1592,25007.271447049763,1179,16274.26814205626,0
2025,6,ema_a0.75,x_cm,1592,16215.010593693496,1179,10604.568455993209,0
2025,6,ema_a0.75,z_cm,1592,25093.303855262442,1179,16626.46593484736,0
2025,6,ema_a0.9,x_cm,1592,16897.66066517499,1179,10961.117273948024,0
2025,6,ema_a0.9,z_cm,1592,25296.17856558579,1179,16860.052196059813,0
2025,6,kalman_q0.25,x_cm,1592,16332.07173421064,1179,10771.064909376812,0
2025,6,kalman_q0.25,z_cm,1592,25756.441646887346,1179,16966.642847464485,0
2025,6,kalman_q0.5,x_cm,1592,15905.583519347078,1179,10419.11548669541,0
2025,6,kalman_q0.5,z_cm,1592,25597.051224315997,1179,16918.023547174802,0
2025,6,kalman_q1,x_cm,1592,16341.115472577125,1179,10625.523086804296,0
2025,6,kalman_q1,z_cm,1592,25460.674515553867,1179,16942.435684779717,0
2025,6,kalman_q2,x_cm,1592,17115.101928249496,1179,11087.408774193758,0
2025,6,kalman_q2,z_cm,1592,25327.850832355485,1179,16911.824575063074,0
2025,6,kalman_q4,x_cm,1592,17469.03883821571,1179,11299.80059025203,0
2025,6,kalman_q4,z_cm,1592,25333.949310659613,1179,16916.65939095031,0
2025,6,adaptive_q0.5,x_cm,1592,16156.425247407777,1179,10526.82206563585,0
2025,6,adaptive_q0.5,z_cm,1592,24875.865014360337,1179,16493.88229704147,0
2025,6,adaptive_q1,x_cm,1592,16995.87674051903,1179,11016.937488791093,0
2025,6,adaptive_q1,z_cm,1592,25036.30651446724,1179,16694.06994163536,0
2025,6,adaptive_q2,x_cm,1592,17115.101928249496,1179,11087.408774193758,0
2025,6,adaptive_q2,z_cm,1592,25327.850832355485,1179,16911.824575063074,0
2025,6,trend_d0.25,x_cm,1592,19507.188254670553,1179,12628.913420234527,0
2025,6,trend_d0.25,z_cm,1592,26022.502750705586,1179,17387.260062478115,0
2025,6,trend_d0.5,x_cm,1592,22078.451635855105,1179,14338.973698359841,0
2025,6,trend_d0.5,z_cm,1592,27077.696395916362,1179,18087.17404215809,0
2025,6,monthly_w28_hflat,x_cm,1592,16942.95440671886,1179,10940.809161673315,0
2025,6,monthly_w28_hflat,z_cm,1592,25331.318602365263,1179,16811.022748324205,0
2025,6,monthly_w28_h14,x_cm,1592,15855.586955594641,1179,10235.669397631336,0
2025,6,monthly_w28_h14,z_cm,1592,23435.33733789122,1179,15217.228131796493,0
2025,6,monthly_w28_h28,x_cm,1592,16357.894774183169,1179,10560.850165583672,0
2025,6,monthly_w28_h28,z_cm,1592,24286.960394332273,1179,15938.224460723526,0
2025,6,monthly_w28_h28_huber,x_cm,1592,16328.42404004465,1179,10558.434753100024,0
2025,6,monthly_w28_h28_huber,z_cm,1592,24014.167661935597,1179,15874.808031353328,0
2025,6,monthly_w56_hflat,x_cm,1592,15771.468602163524,1179,10288.373657868055,0
2025,6,monthly_w56_hflat,z_cm,1592,26452.719467393705,1179,17655.439092546687,0
2025,6,monthly_w56_h14,x_cm,1592,15662.432070844627,1179,10141.370921046766,0
2025,6,monthly_w56_h14,z_cm,1592,24113.79931193111,1179,15824.733858380601,0
2025,6,monthly_w56_h28,x_cm,1592,15720.524089394037,1179,10201.567317966375,0
2025,6,monthly_w56_h28,z_cm,1592,25269.96756891036,1179,16759.373382771922,0
2025,6,monthly_w56_h28_huber,x_cm,1592,15840.228435686133,1179,10259.8133160108,0
2025,6,monthly_w56_h28_huber,z_cm,1592,25872.038078113947,1179,17294.824130914156,0
2025,6,monthly_w84_hflat,x_cm,1592,16809.529298256897,1179,11208.76951241016,0
2025,6,monthly_w84_hflat,z_cm,1592,25677.116751257185,1179,16802.508227165876,0
2025,6,monthly_w84_h14,x_cm,1592,15634.79368547809,1179,10158.696755237317,0
2025,6,monthly_w84_h14,z_cm,1592,24063.07804644625,1179,15766.008893164537,0
2025,6,monthly_w84_h28,x_cm,1592,15833.230209833016,1179,10378.538974171483,0
2025,6,monthly_w84_h28,z_cm,1592,25011.491951483382,1179,16474.168153905543,0
2025,6,monthly_w84_h28_huber,x_cm,1592,15885.83808950601,1179,10381.893656452936,0
2025,6,monthly_w84_h28_huber,z_cm,1592,25500.042428116707,1179,16920.891148221395,0
2025,6,weekly_w28_hflat,x_cm,1592,14626.083303448922,1179,9423.43814064615,0
2025,6,weekly_w28_hflat,z_cm,1592,20765.83538040766,1179,13473.344591905265,0
2025,6,weekly_w28_h14,x_cm,1592,14189.021670668975,1179,9092.065340379697,0
2025,6,weekly_w28_h14,z_cm,1592,19904.387470206402,1179,12822.883640205699,0
2025,6,weekly_w28_h28,x_cm,1592,14393.936861727307,1179,9247.273707793978,0
2025,6,weekly_w28_h28,z_cm,1592,20299.456354092203,1179,13122.096591343712,0
2025,6,weekly_w28_h28_huber,x_cm,1592,14315.293906739673,1179,9203.193901077291,0
2025,6,weekly_w28_h28_huber,z_cm,1592,20157.111355471876,1179,13041.334885347558,0
2025,6,weekly_w56_hflat,x_cm,1592,15820.863752951185,1179,10210.065077178802,0
2025,6,weekly_w56_hflat,z_cm,1592,23391.06103687728,1179,15733.002479330673,0
2025,6,weekly_w56_h14,x_cm,1592,14561.375086750058,1179,9393.092289966571,0
2025,6,weekly_w56_h14,z_cm,1592,20774.255453393038,1179,13678.07522227024,0
2025,6,weekly_w56_h28,x_cm,1592,15050.683988082223,1179,9725.828972378647,0
2025,6,weekly_w56_h28,z_cm,1592,21886.894142400626,1179,14580.53967261856,0
2025,6,weekly_w56_h28_huber,x_cm,1592,14988.43767853798,1179,9680.131554944954,0
2025,6,weekly_w56_h28_huber,z_cm,1592,21947.046245480386,1179,14690.830986072999,0
2025,6,weekly_w84_hflat,x_cm,1592,15578.406558741724,1179,10307.182998820199,0
2025,6,weekly_w84_hflat,z_cm,1592,23795.748020821447,1179,15902.12104211291,0
2025,6,weekly_w84_h14,x_cm,1592,14370.895368239611,1179,9315.2104393124,0
2025,6,weekly_w84_h14,z_cm,1592,20865.531575109842,1179,13815.84101180829,0
2025,6,weekly_w84_h28,x_cm,1592,14665.571103399714,1179,9577.995380776945,0
2025,6,weekly_w84_h28,z_cm,1592,22112.443131392814,1179,14789.908610978095,0
2025,6,weekly_w84_h28_huber,x_cm,1592,14655.858392656963,1179,9548.168136914439,0
2025,6,weekly_w84_h28_huber,z_cm,1592,22302.177275543007,1179,14986.12388745733,0
2025,6,weekly_w56_h7,x_cm,1592,13993.309402219276,1179,8969.63652738963,0
2025,6,weekly_w56_h7,z_cm,1592,19571.62255738472,1179,12646.227261408098,0
2025,6,weekly_w56_h10,x_cm,1592,14288.66873569836,1179,9194.231613522687,0
2025,6,weekly_w56_h10,z_cm,1592,20157.667812466905,1179,13156.85146147498,0
2025,6,weekly_w56_h21,x_cm,1592,14863.317377952017,1179,9601.667493840057,0
2025,6,weekly_w56_h21,z_cm,1592,21470.207535586786,1179,14248.003396900616,0
2025,6,weekly_w84_h7,x_cm,1592,14002.02672837233,1179,8989.436926080674,0
2025,6,weekly_w84_h7,z_cm,1592,19583.812024217474,1179,12686.863123213432,0
2025,6,weekly_w84_h10,x_cm,1592,14219.722608187389,1179,9176.746717052956,0
2025,6,weekly_w84_h10,z_cm,1592,20203.209442434814,1179,13245.552515907537,0
2025,6,weekly_w84_h21,x_cm,1592,14535.03644637825,1179,9465.081247039456,0
2025,6,weekly_w84_h21,z_cm,1592,21638.743059854023,1179,14435.692037246257,0
2025,6,weekly_w112_h7,x_cm,1592,14001.61598386601,1179,8989.233229750433,0
2025,6,weekly_w112_h7,z_cm,1592,19584.051147743994,1179,12687.04223263264,0
2025,6,weekly_w112_h10,x_cm,1592,14217.59832433217,1179,9176.172920631368,0
2025,6,weekly_w112_h10,z_cm,1592,20205.875120896104,1179,13246.885429124786,0
2025,6,weekly_w112_h21,x_cm,1592,14551.657150388917,1179,9490.545515846403,0
2025,6,weekly_w112_h21,z_cm,1592,21681.429443068875,1179,14444.339809537203,0
2025,6,weekly_w112_h14,x_cm,1592,14368.936949825169,1179,9318.050248814332,0
2025,6,weekly_w112_h14,z_cm,1592,20878.32456299465,1179,13820.063847449612,0
2025,6,weekly_w84_h3.5,x_cm,1592,13525.8057829895,1179,8623.252364009359,0
2025,6,weekly_w84_h3.5,z_cm,1592,19019.78705240463,1179,12126.152617332344,0
2025,6,weekly_w28_h7,x_cm,1592,13863.34939001323,1179,8848.933501321786,0
2025,6,weekly_w28_h7,z_cm,1592,19357.449113311497,1179,12402.425809463624,0
2025,6,weekly_w84_h14_huber,x_cm,1592,14365.57749598015,1179,9292.954145891334,0
2025,6,weekly_w84_h14_huber,z_cm,1592,20842.566902624938,1179,13832.569008659359,0
2025,6,daily_w84_h3.5,x_cm,1592,12788.827143304814,1179,7978.782912902391,0
2025,6,daily_w84_h3.5,z_cm,1592,16966.58340013845,1179,10588.985614320889,0
2025,6,daily_w56_h7,x_cm,1592,13210.726746547285,1179,8386.771633729499,0
2025,6,daily_w56_h7,z_cm,1592,17759.34910515565,1179,11305.625552428768,0
2025,6,daily_w56_h14,x_cm,1592,13916.537695718416,1179,8919.098401034866,0
2025,6,daily_w56_h14,z_cm,1592,19304.419178352033,1179,12602.03092327355,0
2025,6,daily_w56_h28,x_cm,1592,14527.315511569173,1179,9342.454396138131,0
2025,6,daily_w56_h28,z_cm,1592,20708.357291305278,1179,13738.691592451361,0
2025,6,daily_w84_h7,x_cm,1592,13136.573357067777,1179,8312.291999204765,0
2025,6,daily_w84_h7,z_cm,1592,17759.271105204134,1179,11318.312246054915,0
2025,6,daily_w84_h14,x_cm,1592,13744.132185375245,1179,8830.186697948706,0
2025,6,daily_w84_h14,z_cm,1592,19410.15891468931,1179,12732.976536679304,0
2025,6,daily_w84_h28,x_cm,1592,14233.438951088265,1179,9238.975350659317,0
2025,6,daily_w84_h28,z_cm,1592,20992.305783024785,1179,13973.422912457183,0
2025,6,fortnightly_w84_h7,x_cm,1592,15245.680661208218,1179,9689.425919395664,0
2025,6,fortnightly_w84_h7,z_cm,1592,21348.848072980814,1179,14381.753925019551,0
2025,6,fortnightly_w84_h14,x_cm,1592,15145.887944812152,1179,9731.105231120302,0
2025,6,fortnightly_w84_h14,z_cm,1592,22383.398912306548,1179,15135.277304101575,0
2025,6,fortnightly_w84_h28,x_cm,1592,15208.643977327472,1179,9874.524880677982,0
2025,6,fortnightly_w84_h28,z_cm,1592,23317.67247912025,1179,15757.796428584326,0
2025,7,uncorrected,x_cm,1611,68165.02463509869,1026,41549.93565443446,0
2025,7,uncorrected,z_cm,1611,49631.69408757013,1026,30980.034592281976,0
2025,7,last_month,x_cm,1611,12789.585722293947,1026,7340.041362193104,0
2025,7,last_month,z_cm,1611,17101.448096736207,1026,9153.757501245318,0
2025,7,season_to_date,x_cm,1611,18928.6515942298,1026,11151.008976931329,0
2025,7,season_to_date,z_cm,1611,19310.963526978132,1026,11294.129115240676,0
2025,7,ewma_w2_h0.25,x_cm,1611,12963.457708384823,1026,7418.059808488701,0
2025,7,ewma_w2_h0.25,z_cm,1611,17103.758258503512,1026,9213.565415892808,0
2025,7,ewma_w2_h0.5,x_cm,1611,13571.777199029504,1026,7713.824062334084,0
2025,7,ewma_w2_h0.5,z_cm,1611,17376.39583412494,1026,9531.525612502672,0
2025,7,ewma_w2_h1,x_cm,1611,14393.92839726542,1026,8133.83102043838,0
2025,7,ewma_w2_h1,z_cm,1611,17980.11878733393,1026,10057.922911188143,0
2025,7,ewma_w2_h2,x_cm,1611,15009.863873740902,1026,8455.197613296135,0
2025,7,ewma_w2_h2,z_cm,1611,18510.23095118793,1026,10484.264141724836,0
2025,7,ewma_w2_h3,x_cm,1611,15246.11103490556,1026,8579.428142590343,0
2025,7,ewma_w2_h3,z_cm,1611,18724.786486666984,1026,10652.404161571741,0
2025,7,ewma_w3_h0.25,x_cm,1611,12981.089052871721,1026,7430.410541816416,0
2025,7,ewma_w3_h0.25,z_cm,1611,17102.896840187226,1026,9216.431245607582,0
2025,7,ewma_w3_h0.5,x_cm,1611,13833.950339751467,1026,7897.927860507408,0
2025,7,ewma_w3_h0.5,z_cm,1611,17477.857173294207,1026,9632.846116484641,0
2025,7,ewma_w3_h1,x_cm,1611,15264.959702435674,1026,8749.472849832053,0
2025,7,ewma_w3_h1,z_cm,1611,18536.037895639107,1026,10496.89630914299,0
2025,7,ewma_w3_h2,x_cm,1611,16463.60322312949,1026,9488.11480299334,0
2025,7,ewma_w3_h2,z_cm,1611,19564.34888300983,1026,11263.761512242849,0
2025,7,ewma_w3_h3,x_cm,1611,16940.498970911805,1026,9785.812529145354,0
2025,7,ewma_w3_h3,z_cm,1611,19986.81538928044,1026,11569.237871885765,0
2025,7,ewma_w6_h0.25,x_cm,1611,12981.996409332804,1026,7431.096736999173,0
2025,7,ewma_w6_h0.25,z_cm,1611,17102.627863577953,1026,9216.519996880947,0
2025,7,ewma_w6_h0.5,x_cm,1611,13863.71973616059,1026,7924.512694886424,0
2025,7,ewma_w6_h0.5,z_cm,1611,17467.153130360286,1026,9637.392555166069,0
2025,7,ewma_w6_h1,x_cm,1611,15365.107705038805,1026,8863.855136488244,0
2025,7,ewma_w6_h1,z_cm,1611,18435.302971377623,1026,10476.687829871775,0
2025,7,ewma_w6_h2,x_cm,1611,16815.848690147162,1026,9806.625615455778,0
2025,7,ewma_w6_h2,z_cm,1611,19281.35923820769,1026,11132.8754121984,0
2025,7,ewma_w6_h3,x_cm,1611,17531.997684922477,1026,10266.517964813687,0
2025,7,ewma_w6_h3,z_cm,1611,19615.622119695974,1026,11371.89600427941,0
2025,7,precision_h0.5_q0.25,x_cm,1611,13538.181523073104,1026,7718.156681201604,0
2025,7,precision_h0.5_q0.25,z_cm,1611,17219.21452186341,1026,9370.386813793219,0
2025,7,precision_h0.5_q1,x_cm,1611,13315.043052014826,1026,7606.455068949734,0
2025,7,precision_h0.5_q1,z_cm,1611,17180.96911768674,1026,9334.359432962674,0
2025,7,precision_h0.5_q2,x_cm,1611,13275.762041940932,1026,7589.182985442352,0
2025,7,precision_h0.5_q2,z_cm,1611,17173.686510858297,1026,9329.931218238673,0
2025,7,precision_h1_q0.25,x_cm,1611,14482.236975537402,1026,8246.708756342725,0
2025,7,precision_h1_q0.25,z_cm,1611,17879.373403805395,1026,9948.633566604381,0
2025,7,precision_h1_q1,x_cm,1611,14059.707477778687,1026,8036.007466820005,0
2025,7,precision_h1_q1,z_cm,1611,17559.32681056363,1026,9719.734661324328,0
2025,7,precision_h1_q2,x_cm,1611,14001.192145475536,1026,8015.301812586411,0
2025,7,precision_h1_q2,z_cm,1611,17515.744371455316,1026,9689.896820470662,0
2025,7,precision_h2_q0.25,x_cm,1611,15247.635500322398,1026,8708.683439737859,0
2025,7,precision_h2_q0.25,z_cm,1611,18721.099582801395,1026,10591.535997200479,0
2025,7,precision_h2_q1,x_cm,1611,14764.416393964188,1026,8472.435065077812,0
2025,7,precision_h2_q1,z_cm,1611,18053.501802531122,1026,10147.423533012305,0
2025,7,precision_h2_q2,x_cm,1611,14718.059828043775,1026,8464.503752342516,0
2025,7,precision_h2_q2,z_cm,1611,17954.998776280656,1026,10082.845578818971,0
2025,7,ema_a0.5,x_cm,1611,16951.952946106467,1026,9913.97358088208,0
2025,7,ema_a0.5,z_cm,1611,17981.949193124114,1026,10245.403982559383,0
2025,7,ema_a0.75,x_cm,1611,14192.786251009347,1026,8187.523794600062,0
2025,7,ema_a0.75,z_cm,1611,17065.30788776372,1026,9446.43206916796,0
2025,7,ema_a0.9,x_cm,1611,13203.349039938257,1026,7578.084463288782,0
2025,7,ema_a0.9,z_cm,1611,16983.53498733363,1026,9209.144446815182,0
2025,7,kalman_q0.25,x_cm,1611,15305.1253452821,1026,8785.456095177622,0
2025,7,kalman_q0.25,z_cm,1611,16944.362359296603,1026,9698.798714193083,0
2025,7,kalman_q0.5,x_cm,1611,13655.113258081128,1026,7810.572327005586,0
2025,7,kalman_q0.5,z_cm,1611,16829.553815259693,1026,9401.798194968173,0
2025,7,kalman_q1,x_cm,1611,13032.765307852103,1026,7450.978840760399,0
2025,7,kalman_q1,z_cm,1611,16939.491860792565,1026,9267.08096779494,0
2025,7,kalman_q2,x_cm,1611,12859.660132485731,1026,7367.089196250199,0
2025,7,kalman_q2,z_cm,1611,17027.858082987197,1026,9193.181934251656,0
2025,7,kalman_q4,x_cm,1611,12807.35520810669,1026,7346.25937203483,0
2025,7,kalman_q4,z_cm,1611,17076.954829839262,1026,9164.768358020254,0
2025,7,adaptive_q0.5,x_cm,1611,13026.54548530808,1026,7450.369389181265,0
2025,7,adaptive_q0.5,z_cm,1611,16918.845071629665,1026,9245.926844472493,0
2025,7,adaptive_q1,x_cm,1611,13073.59642058967,1026,7467.490845254581,0
2025,7,adaptive_q1,z_cm,1611,17006.623293514647,1026,9282.9532661817,0
2025,7,adaptive_q2,x_cm,1611,12859.660132485731,1026,7367.089196250199,0
2025,7,adaptive_q2,z_cm,1611,17027.858082987197,1026,9193.181934251656,0
2025,7,trend_d0.25,x_cm,1611,12380.496583263852,1026,7143.13803259626,0
2025,7,trend_d0.25,z_cm,1611,17522.9427969242,1026,9260.675326531858,0
2025,7,trend_d0.5,x_cm,1611,12324.837753730597,1026,7146.715822590462,0
2025,7,trend_d0.5,z_cm,1611,18347.550353571005,1026,9607.112245056705,0
2025,7,monthly_w28_hflat,x_cm,1611,12741.647651672763,1026,7295.858609660986,0
2025,7,monthly_w28_hflat,z_cm,1611,17095.42933357878,1026,9170.320519050192,0
2025,7,monthly_w28_h14,x_cm,1611,12671.79296921254,1026,7295.023029093921,0
2025,7,monthly_w28_h14,z_cm,1611,17113.298683690336,1026,9131.208893057623,0
2025,7,monthly_w28_h28,x_cm,1611,12693.983979440842,1026,7289.964378461861,0
2025,7,monthly_w28_h28,z_cm,1611,17085.742565169865,1026,9142.605454719545,0
2025,7,monthly_w28_h28_huber,x_cm,1611,12660.550093457914,1026,7268.8492101079655,0
2025,7,monthly_w28_h28_huber,z_cm,1611,17123.513507556494,1026,9161.460620412927,0
2025,7,monthly_w56_hflat,x_cm,1611,15708.244689679857,1026,8930.660060226332,0
2025,7,monthly_w56_hflat,z_cm,1611,17642.287650717823,1026,10117.402959872265,0
2025,7,monthly_w56_h14,x_cm,1611,13525.665728300974,1026,7759.8024573243565,0
2025,7,monthly_w56_h14,z_cm,1611,16878.884752796872,1026,9205.369258690203,0
2025,7,monthly_w56_h28,x_cm,1611,14412.58793468643,1026,8233.711467542895,0
2025,7,monthly_w56_h28,z_cm,1611,17019.15451230731,1026,9486.585664765522,0
2025,7,monthly_w56_h28_huber,x_cm,1611,14200.656679885047,1026,8113.249288265458,0
2025,7,monthly_w56_h28_huber,z_cm,1611,16969.466509920436,1026,9406.15243474705,0
2025,7,monthly_w84_hflat,x_cm,1611,16951.01689113963,1026,9789.427967335207,0
2025,7,monthly_w84_hflat,z_cm,1611,19051.59205384389,1026,11205.953787005794,0
2025,7,monthly_w84_h14,x_cm,1611,13744.335419382835,1026,7877.38062844462,0
2025,7,monthly_w84_h14,z_cm,1611,16866.143363273874,1026,9283.851719455415,0
2025,7,monthly_w84_h28,x_cm,1611,15049.096063364466,1026,8618.67435301872,0
2025,7,monthly_w84_h28,z_cm,1611,17366.914919581995,1026,9875.893322020816,0
2025,7,monthly_w84_h28_huber,x_cm,1611,14792.86511419766,1026,8445.711182568597,0
2025,7,monthly_w84_h28_huber,z_cm,1611,17310.688696340887,1026,9817.336256116267,0
2025,7,weekly_w28_hflat,x_cm,1611,12520.485685464344,1026,6840.353963271835,0
2025,7,weekly_w28_hflat,z_cm,1611,18567.39822046755,1026,10260.083221718565,0
2025,7,weekly_w28_h14,x_cm,1611,12286.581626603693,1026,6742.214571813172,0
2025,7,weekly_w28_h14,z_cm,1611,18406.966629007085,1026,10169.911974828028,0
2025,7,weekly_w28_h28,x_cm,1611,12393.531225886867,1026,6784.910192600026,0
2025,7,weekly_w28_h28,z_cm,1611,18460.62246556671,1026,10207.329112377833,0
2025,7,weekly_w28_h28_huber,x_cm,1611,12338.320961230846,1026,6771.9289502781685,0
2025,7,weekly_w28_h28_huber,z_cm,1611,18456.57420423457,1026,10226.618196587235,0
2025,7,weekly_w56_hflat,x_cm,1611,14256.336608692643,1026,7973.466920920824,0
2025,7,weekly_w56_hflat,z_cm,1611,18331.874181572384,1026,9664.399357200145,0
2025,7,weekly_w56_h14,x_cm,1611,12781.82205347214,1026,7095.142864899552,0
2025,7,weekly_w56_h14,z_cm,1611,17821.597953754874,1026,9651.055293351224,0
2025,7,weekly_w56_h28,x_cm,1611,13394.040923259903,1026,7460.980567308019,0
2025,7,weekly_w56_h28,z_cm,1611,17932.399401718576,1026,9591.260829870147,0
2025,7,weekly_w56_h28_huber,x_cm,1611,13248.96369572195,1026,7364.246032717043,0
2025,7,weekly_w56_h28_huber,z_cm,1611,17960.027690909512,1026,9630.27399494022,0
2025,7,weekly_w84_hflat,x_cm,1611,15844.53758633789,1026,9069.033689395168,0
2025,7,weekly_w84_hflat,z_cm,1611,19203.044527874692,1026,11041.033531654666,0
2025,7,weekly_w84_h14,x_cm,1611,12910.35898817243,1026,7244.652657568611,0
2025,7,weekly_w84_h14,z_cm,1611,17645.061200089414,1026,9689.89114511259,0
2025,7,weekly_w84_h28,x_cm,1611,13965.197639119577,1026,7937.694509224278,0
2025,7,weekly_w84_h28,z_cm,1611,17936.30778809868,1026,9988.532455292014,0
2025,7,weekly_w84_h28_huber,x_cm,1611,13773.030912635855,1026,7800.940257915981,0
2025,7,weekly_w84_h28_huber,z_cm,1611,17909.941050247187,1026,9905.703608942662,0
2025,7,weekly_w56_h7,x_cm,1611,12210.18003890281,1026,6761.303815608701,0
2025,7,weekly_w56_h7,z_cm,1611,18039.891408754374,1026,9866.66027503724,0
2025,7,weekly_w56_h10,x_cm,1611,12469.064100174815,1026,6909.444148652166,0
2025,7,weekly_w56_h10,z_cm,1611,17866.314193459748,1026,9736.181608713634,0
2025,7,weekly_w56_h21,x_cm,1611,13160.474278009991,1026,7321.476112204153,0
2025,7,weekly_w56_h21,z_cm,1611,17868.355896671397,1026,9601.031564233048,0
2025,7,weekly_w84_h7,x_cm,1611,12207.068326901408,1026,6768.496303628995,0
2025,7,weekly_w84_h7,z_cm,1611,17992.563267841848,1026,9851.490307190503,0
2025,7,weekly_w84_h10,x_cm,1611,12493.58668630099,1026,6958.330675842064,0
2025,7,weekly_w84_h10,z_cm,1611,17738.266087575525,1026,9717.470141826836,0
2025,7,weekly_w84_h21,x_cm,1611,13527.432658122143,1026,7656.5916385280325,0
2025,7,weekly_w84_h21,z_cm,1611,17756.14336579064,1026,9822.449237863886,0
2025,7,weekly_w112_h7,x_cm,1611,12207.415050307665,1026,6769.209929303415,0
2025,7,weekly_w112_h7,z_cm,1611,17987.895793376716,1026,9849.738630167012,0
2025,7,weekly_w112_h10,x_cm,1611,12502.85833391541,1026,6968.847088370854,0
2025,7,weekly_w112_h10,z_cm,1611,17706.320317084042,1026,9707.19908475734,0
2025,7,weekly_w112_h21,x_cm,1611,13744.542042517767,1026,7841.144668000035,0
2025,7,weekly_w112_h21,z_cm,1611,17590.33652079408,1026,9810.516989600708,0
2025,7,weekly_w112_h14,x_cm,1611,12967.745742066862,1026,7298.554232436536,0
2025,7,weekly_w112_h14,z_cm,1611,17553.82219875595,1026,9668.57607544389,0
2025,7,weekly_w84_h3.5,x_cm,1611,12044.871945171948,1026,6701.41466936408,0
2025,7,weekly_w84_h3.5,z_cm,1611,18748.58910791105,1026,10166.297789110828,0
2025,7,weekly_w28_h7,x_cm,1611,12140.709873368993,1026,6695.638381771791,0
2025,7,weekly_w28_h7,z_cm,1611,18443.00577656664,1026,10142.271491947236,0
2025,7,weekly_w84_h14_huber,x_cm,1611,12780.845878929867,1026,7155.60989223289,0
2025,7,weekly_w84_h14_huber,z_cm,1611,17678.714271423007,1026,9684.262002825457,0
2025,7,daily_w84_h3.5,x_cm,1611,11702.813792449917,1026,6513.236708805488,0
2025,7,daily_w84_h3.5,z_cm,1611,17333.772516058634,1026,9150.788885588687,0
2025,7,daily_w56_h7,x_cm,1611,11944.184183127843,1026,6571.920919626766,0
2025,7,daily_w56_h7,z_cm,1611,16978.669939396925,1026,9262.906796522715,0
2025,7,daily_w56_h14,x_cm,1611,12491.049842239812,1026,6859.896258952651,0
2025,7,daily_w56_h14,z_cm,1611,17060.553371676753,1026,9281.12707025844,0
2025,7,daily_w56_h28,x_cm,1611,13039.932732306079,1026,7185.335964058475,0
2025,7,daily_w56_h28,z_cm,1611,17319.652012359,1026,9307.59274789303,0
2025,7,daily_w84_h7,x_cm,1611,11950.540653111062,1026,6579.11690735063,0
2025,7,daily_w84_h7,z_cm,1611,16961.585686765626,1026,9261.67672965909,0
2025,7,daily_w84_h14,x_cm,1611,12676.80160976639,1026,7026.545594727755,0
2025,7,daily_w84_h14,z_cm,1611,17017.704836153764,1026,9357.303158872102,0
2025,7,daily_w84_h28,x_cm,1611,13723.569900291182,1026,7727.893510228923,0
2025,7,daily_w84_h28,z_cm,1611,17507.487382820535,1026,9724.393810657046,0
2025,7,fortnightly_w84_h7,x_cm,1611,12890.810086025522,1026,6987.017911975172,0
2025,7,fortnightly_w84_h7,z_cm,1611,18467.983634411466,1026,9768.226756198783,0
2025,7,fortnightly_w84_h14,x_cm,1611,13672.899718037526,1026,7588.185905550363,0
2025,7,fortnightly_w84_h14,z_cm,1611,18091.75785371886,1026,9775.156987436263,0
2025,7,fortnightly_w84_h28,x_cm,1611,14741.677976447538,1026,8315.980895871558,0
2025,7,fortnightly_w84_h28,z_cm,1611,18356.364697638182,1026,10192.121150754672,0
2025,8,uncorrected,x_cm,2144,88513.61664854496,1445,51580.16688763537,0
2025,8,uncorrected,z_cm,2144,67928.60644675956,1445,37850.14432601592,0
2025,8,last_month,x_cm,2144,19112.881131018887,1445,10824.71952478623,0
2025,8,last_month,z_cm,2144,21646.684230802304,1445,11289.360845141824,0
2025,8,season_to_date,x_cm,2144,20706.753511024945,1445,12022.32083159133,0
2025,8,season_to_date,z_cm,2144,22714.184954237644,1445,11636.745316478697,0
2025,8,ewma_w2_h0.25,x_cm,2144,18940.69642978727,1445,10735.065403432927,0
2025,8,ewma_w2_h0.25,z_cm,2144,21725.717640592888,1445,11344.263184292788,0
2025,8,ewma_w2_h0.5,x_cm,2144,18608.345758582902,1445,10569.25471322822,0
2025,8,ewma_w2_h0.5,z_cm,2144,21966.925337546723,1445,11507.456472016993,0
2025,8,ewma_w2_h1,x_cm,2144,18399.3198065678,1445,10476.639877535354,0
2025,8,ewma_w2_h1,z_cm,2144,22261.52753174299,1445,11702.323043077502,0
2025,8,ewma_w2_h2,x_cm,2144,18322.161345264787,1445,10450.747178659707,0
2025,8,ewma_w2_h2,z_cm,2144,22471.851860604733,1445,11839.81397859515,0
2025,8,ewma_w2_h3,x_cm,2144,18304.027037033655,1445,10447.09033456105,0
2025,8,ewma_w2_h3,z_cm,2144,22551.02536482577,1445,11891.323732462992,0
2025,8,ewma_w3_h0.25,x_cm,2144,18931.52152073003,1445,10728.674598867969,0
2025,8,ewma_w3_h0.25,z_cm,2144,21702.847847719517,1445,11331.153474140852,0
2025,8,ewma_w3_h0.5,x_cm,2144,18601.491932435518,1445,10551.845593838281,0
2025,8,ewma_w3_h0.5,z_cm,2144,21679.01191079396,1445,11338.937637527211,0
2025,8,ewma_w3_h1,x_cm,2144,18771.408539549706,1445,10654.846979840398,0
2025,8,ewma_w3_h1,z_cm,2144,21498.214027474838,1445,11239.606775506707,0
2025,8,ewma_w3_h2,x_cm,2144,19324.093729909546,1445,10975.76102626732,0
2025,8,ewma_w3_h2,z_cm,2144,21420.335350090467,1445,11179.84467704163,0
2025,8,ewma_w3_h3,x_cm,2144,19620.976262621487,1445,11148.10582724883,0
2025,8,ewma_w3_h3,z_cm,2144,21420.707168028883,1445,11170.343177471757,0
2025,8,ewma_w6_h0.25,x_cm,2144,18930.790411871174,1445,10728.396980206677,0
2025,8,ewma_w6_h0.25,z_cm,2144,21701.456789270876,1445,11330.252200244926,0
2025,8,ewma_w6_h0.5,x_cm,2144,18576.397556545246,1445,10547.512298718475,0
2025,8,ewma_w6_h0.5,z_cm,2144,21623.343150980145,1445,11299.427867651139,0
2025,8,ewma_w6_h1,x_cm,2144,18690.89430571574,1445,10676.77937800746,0
2025,8,ewma_w6_h1,z_cm,2144,21459.402228050312,1445,11160.02356428156,0
2025,8,ewma_w6_h2,x_cm,2144,19164.408710957803,1445,11019.58748559614,0
2025,8,ewma_w6_h2,z_cm,2144,21895.95932738263,1445,11320.854030610279,0
2025,8,ewma_w6_h3,x_cm,2144,19457.25409050008,1445,11214.5410304424,0
2025,8,ewma_w6_h3,z_cm,2144,22270.91491614106,1445,11491.939095165424,0
2025,8,precision_h0.5_q0.25,x_cm,2144,18797.616859870883,1445,10634.043648837229,0
2025,8,precision_h0.5_q0.25,z_cm,2144,21738.23754889241,1445,11377.256551938195,0
2025,8,precision_h0.5_q1,x_cm,2144,18778.956948719315,1445,10638.39971382823,0
2025,8,precision_h0.5_q1,z_cm,2144,21697.16817153658,1445,11338.394275374432,0
2025,8,precision_h0.5_q2,x_cm,2144,18767.68446963073,1445,10638.69984164759,0
2025,8,precision_h0.5_q2,z_cm,2144,21682.399542634306,1445,11327.03563914138,0
2025,8,precision_h1_q0.25,x_cm,2144,18828.736797850725,1445,10671.345616950026,0
2025,8,precision_h1_q0.25,z_cm,2144,21670.714444013673,1445,11307.05801851135,0
2025,8,precision_h1_q1,x_cm,2144,18623.846935313835,1445,10567.486381577948,0
2025,8,precision_h1_q1,z_cm,2144,21556.295948920666,1445,11249.794233853647,0
2025,8,precision_h1_q2,x_cm,2144,18567.96872705365,1445,10546.951785985906,0
2025,8,precision_h1_q2,z_cm,2144,21526.643309851046,1445,11232.896977955485,0
2025,8,precision_h2_q0.25,x_cm,2144,19024.440296140085,1445,10836.28742474988,0
2025,8,precision_h2_q0.25,z_cm,2144,21814.47828215098,1445,11317.32229644595,0
2025,8,precision_h2_q1,x_cm,2144,18642.74847621767,1445,10619.032224766259,0
2025,8,precision_h2_q1,z_cm,2144,21520.75565743851,1445,11190.64967276883,0
2025,8,precision_h2_q2,x_cm,2144,18553.628093159132,1445,10578.979016117084,0
2025,8,precision_h2_q2,z_cm,2144,21451.83457882764,1445,11158.442896728142,0
2025,8,ema_a0.5,x_cm,2144,17861.23164430554,1445,10342.37891892529,0
2025,8,ema_a0.5,z_cm,2144,21618.09819336221,1445,11214.925353377024,0
2025,8,ema_a0.75,x_cm,2144,18170.482338959726,1445,10344.946276639734,0
2025,8,ema_a0.75,z_cm,2144,21626.84907421894,1445,11299.671374986894,0
2025,8,ema_a0.9,x_cm,2144,18761.371515417788,1445,10639.65692004039,0
2025,8,ema_a0.9,z_cm,2144,21712.39786820333,1445,11341.490964118457,0
2025,8,kalman_q0.25,x_cm,2144,18190.700828356843,1445,10365.881830105525,0
2025,8,kalman_q0.25,z_cm,2144,21350.00036134049,1445,11012.803712117207,0
2025,8,kalman_q0.5,x_cm,2144,18796.581145403325,1445,10618.50959360203,0
2025,8,kalman_q0.5,z_cm,2144,21730.367745840565,1445,11326.843968024186,0
2025,8,kalman_q1,x_cm,2144,19173.297219029173,1445,10816.719684513866,0
2025,8,kalman_q1,z_cm,2144,21764.698500769922,1445,11386.624205502052,0
2025,8,kalman_q2,x_cm,2144,19148.31728544786,1445,10826.302304338817,0
2025,8,kalman_q2,z_cm,2144,21689.920094246256,1445,11331.053375080348,0
2025,8,kalman_q4,x_cm,2144,19122.090582028104,1445,10824.576169957909,0
2025,8,kalman_q4,z_cm,2144,21658.928278049294,1445,11301.769358008169,0
2025,8,adaptive_q0.5,x_cm,2144,19051.2450225496,1445,10744.546545745969,0
2025,8,adaptive_q0.5,z_cm,2144,22024.640121654713,1445,11544.552290793525,0
2025,8,adaptive_q1,x_cm,2144,19218.41737753235,1445,10836.143859503465,0
2025,8,adaptive_q1,z_cm,2144,21778.857019175994,1445,11400.255111177488,0
2025,8,adaptive_q2,x_cm,2144,19148.31728544786,1445,10826.302304338817,0
2025,8,adaptive_q2,z_cm,2144,21689.920094246256,1445,11331.053375080348,0
2025,8,trend_d0.25,x_cm,2144,20065.826617933024,1445,11340.665791769776,0
2025,8,trend_d0.25,z_cm,2144,21451.687783799884,1445,11141.96094919293,0
2025,8,trend_d0.5,x_cm,2144,21376.759141989798,1445,12075.045392916061,0
2025,8,trend_d0.5,z_cm,2144,21484.807932828655,1445,11133.693983960773,0
2025,8,monthly_w28_hflat,x_cm,2144,19201.106778495014,1445,10826.657066701959,0
2025,8,monthly_w28_hflat,z_cm,2144,22023.485880921206,1445,11451.027784284579,0
2025,8,monthly_w28_h14,x_cm,2144,19278.40846838929,1445,10832.82910860113,0
2025,8,monthly_w28_h14,z_cm,2144,22244.887306707813,1445,11574.638845135527,0
2025,8,monthly_w28_h28,x_cm,2144,19220.305990219204,1445,10819.755158050997,0
2025,8,monthly_w28_h28,z_cm,2144,22103.572498339876,1445,11491.907587832615,0
2025,8,monthly_w28_h28_huber,x_cm,2144,19266.47273863227,1445,10836.472284684147,0
2025,8,monthly_w28_h28_huber,z_cm,2144,22057.714528204786,1445,11480.521895263322,0
2025,8,monthly_w56_hflat,x_cm,2144,18444.472627704883,1445,10514.13927824574,0
2025,8,monthly_w56_hflat,z_cm,2144,22670.31656927237,1445,11967.32441816738,0
2025,8,monthly_w56_h14,x_cm,2144,18893.59275681874,1445,10670.175664190787,0
2025,8,monthly_w56_h14,z_cm,2144,22140.487491404867,1445,11561.324104075511,0
2025,8,monthly_w56_h28,x_cm,2144,18639.500821638212,1445,10572.123839283035,0
2025,8,monthly_w56_h28,z_cm,2144,22278.09382443279,1445,11683.120042101422,0
2025,8,monthly_w56_h28_huber,x_cm,2144,18657.704618794218,1445,10578.979726609312,0
2025,8,monthly_w56_h28_huber,z_cm,2144,22313.034513035935,1445,11711.05884134453,0
2025,8,monthly_w84_hflat,x_cm,2144,19479.587136798913,1445,11129.414378802332,0
2025,8,monthly_w84_hflat,z_cm,2144,21743.455802336233,1445,11341.012179771595,0
2025,8,monthly_w84_h14,x_cm,2144,18718.54631625628,1445,10571.327039760094,0
2025,8,monthly_w84_h14,z_cm,2144,22019.666455235987,1445,11496.57993506793,0
2025,8,monthly_w84_h28,x_cm,2144,18540.279339330187,1445,10516.042177892512,0
2025,8,monthly_w84_h28,z_cm,2144,21851.330370405514,1445,11431.873608958907,0
2025,8,monthly_w84_h28_huber,x_cm,2144,18497.786263974238,1445,10490.04791532893,0
2025,8,monthly_w84_h28_huber,z_cm,2144,21982.564079452564,1445,11513.957081776869,0
2025,8,weekly_w28_hflat,x_cm,2144,18779.000847735624,1445,10571.028479552599,43
2025,8,weekly_w28_hflat,z_cm,2144,22390.047095826532,1445,11388.127679460471,43
2025,8,weekly_w28_h14,x_cm,2144,18718.697804871088,1445,10567.609487941076,43
2025,8,weekly_w28_h14,z_cm,2144,22514.628405406598,1445,11408.274195533873,43
2025,8,weekly_w28_h28,x_cm,2144,18738.308258755926,1445,10564.28862227472,43
2025,8,weekly_w28_h28,z_cm,2144,22398.585058577584,1445,11363.722525066154,43
2025,8,weekly_w28_h28_huber,x_cm,2144,18823.004830585414,1445,10600.52295489399,43
2025,8,weekly_w28_h28_huber,z_cm,2144,22358.405938884072,1445,11328.402627834028,43
2025,8,weekly_w56_hflat,x_cm,2144,18506.773338259867,1445,10595.756542846906,0
2025,8,weekly_w56_hflat,z_cm,2144,22046.444607461803,1445,11360.305591927965,0
2025,8,weekly_w56_h14,x_cm,2144,18377.03039164486,1445,10439.54538674026,0
2025,8,weekly_w56_h14,z_cm,2144,22003.900842048977,1445,11184.184072829215,0
2025,8,weekly_w56_h28,x_cm,2144,18396.35209701782,1445,10481.118071763874,0
2025,8,weekly_w56_h28,z_cm,2144,21954.319927765253,1445,11215.048839175774,0
2025,8,weekly_w56_h28_huber,x_cm,2144,18441.388958232055,1445,10502.296729649053,0
2025,8,weekly_w56_h28_huber,z_cm,2144,21953.885969564126,1445,11200.10007558334,0
2025,8,weekly_w84_hflat,x_cm,2144,18311.010760343095,1445,10710.904044090465,0
2025,8,weekly_w84_hflat,z_cm,2144,21590.427522237987,1445,11365.248568873923,0
2025,8,weekly_w84_h14,x_cm,2144,18168.6303288572,1445,10385.754696621087,0
2025,8,weekly_w84_h14,z_cm,2144,21811.47678165109,1445,11117.044450353169,0
2025,8,weekly_w84_h28,x_cm,2144,18044.356501985618,1445,10421.827493623603,0
2025,8,weekly_w84_h28,z_cm,2144,21588.85410379846,1445,11133.300965776294,0
2025,8,weekly_w84_h28_huber,x_cm,2144,18074.980062291575,1445,10420.520385450214,0
2025,8,weekly_w84_h28_huber,z_cm,2144,21668.967369857,1445,11160.085118128545,0
2025,8,weekly_w56_h7,x_cm,2144,18455.04322958074,1445,10483.386258008708,0
2025,8,weekly_w56_h7,z_cm,2144,22525.792532041916,1445,11422.664173986203,0
2025,8,weekly_w56_h10,x_cm,2144,18397.760903365364,1445,10443.140705519803,0
2025,8,weekly_w56_h10,z_cm,2144,22150.423679606825,1445,11237.790451609855,0
2025,8,weekly_w56_h21,x_cm,2144,18381.958134739863,1445,10460.171547506397,0
2025,8,weekly_w56_h21,z_cm,2144,21954.15774822513,1445,11191.885323752798,0
2025,8,weekly_w84_h7,x_cm,2144,18425.614287600645,1445,10473.551852149145,0
2025,8,weekly_w84_h7,z_cm,2144,22492.906720966992,1445,11407.390387871294,0
2025,8,weekly_w84_h10,x_cm,2144,18295.914183378074,1445,10413.966465642872,0
2025,8,weekly_w84_h10,z_cm,2144,22051.760747388642,1445,11197.12790054202,0
2025,8,weekly_w84_h21,x_cm,2144,18065.577829706257,1445,10392.633687351024,0
2025,8,weekly_w84_h21,z_cm,2144,21648.55657188646,1445,11108.525934386835,0
2025,8,weekly_w112_h7,x_cm,2144,18423.57316281977,1445,10472.797624247642,0
2025,8,weekly_w112_h7,z_cm,2144,22486.920795242277,1445,11404.470851220553,0
2025,8,weekly_w112_h10,x_cm,2144,18280.02326323081,1445,10407.225824138059,0
2025,8,weekly_w112_h10,z_cm,2144,22011.429850179135,1445,11177.28067524606,0
2025,8,weekly_w112_h21,x_cm,2144,18007.256969959668,1445,10361.180236054788,0
2025,8,weekly_w112_h21,z_cm,2144,21342.627233398474,1445,10941.649836763178,0
2025,8,weekly_w112_h14,x_cm,2144,18121.82913373018,1445,10363.546546249152,0
2025,8,weekly_w112_h14,z_cm,2144,21680.165211785912,1445,11049.980044319323,0
2025,8,weekly_w84_h3.5,x_cm,2144,18737.189631714136,1445,10685.972531504338,0
2025,8,weekly_w84_h3.5,z_cm,2144,24424.79555242905,1445,12471.084015919187,0
2025,8,weekly_w28_h7,x_cm,2144,18744.17674006478,1445,10603.897666005858,43
2025,8,weekly_w28_h7,z_cm,2144,23021.357153993362,1445,11678.329424187485,43
2025,8,weekly_w84_h14_huber,x_cm,2144,18234.11551893573,1445,10408.453027076495,0
2025,8,weekly_w84_h14_huber,z_cm,2144,21875.003943447333,1445,11135.492867201963,0
2025,8,daily_w84_h3.5,x_cm,2144,18251.564277226564,1445,10374.712364850777,0
2025,8,daily_w84_h3.5,z_cm,2144,21175.490707956957,1445,10902.60766284151,0
2025,8,daily_w56_h7,x_cm,2144,18125.87714224829,1445,10330.690554660003,0
2025,8,daily_w56_h7,z_cm,2144,20931.93239409291,1445,10696.495174348795,0
2025,8,daily_w56_h14,x_cm,2144,18127.240954907247,1445,10321.87163735907,0
2025,8,daily_w56_h14,z_cm,2144,21096.154085044767,1445,10759.839322428643,0
2025,8,daily_w56_h28,x_cm,2144,18179.77837568697,1445,10360.551561971508,0
2025,8,daily_w56_h28,z_cm,2144,21343.931796329525,1445,10901.748272228251,0
2025,8,daily_w84_h7,x_cm,2144,18108.84104248089,1445,10327.877254727393,0
2025,8,daily_w84_h7,z_cm,2144,20920.845664416476,1445,10690.731104558708,0
2025,8,daily_w84_h14,x_cm,2144,17974.99997815201,1445,10287.783336366281,0
2025,8,daily_w84_h14,z_cm,2144,21012.617655608818,1445,10741.245325387375,0
2025,8,daily_w84_h28,x_cm,2144,17889.863585162995,1445,10310.385227918314,0
2025,8,daily_w84_h28,z_cm,2144,21163.0846494383,1445,10909.667362556993,0
2025,8,fortnightly_w84_h7,x_cm,2144,18501.731867391984,1445,10535.534404538956,0
2025,8,fortnightly_w84_h7,z_cm,2144,22538.31688156851,1445,11628.580228039822,0
2025,8,fortnightly_w84_h14,x_cm,2144,18106.29821459875,1445,10417.341514334963,0
2025,8,fortnightly_w84_h14,z_cm,2144,21916.902367244555,1445,11336.976112116641,0
2025,8,fortnightly_w84_h28,x_cm,2144,18092.634236865662,1445,10507.12426426796,0
2025,8,fortnightly_w84_h28,z_cm,2144,21636.08668851373,1445,11270.747787264434,0
2025,9,uncorrected,x_cm,1488,59945.77388478161,1010,41272.066461953276,0
2025,9,uncorrected,z_cm,1488,41309.63531805411,1010,24720.388625374486,0
2025,9,last_month,x_cm,1488,11007.518741243608,1010,6003.40447962641,0
2025,9,last_month,z_cm,1488,18138.186369180206,1010,10197.418621139244,0
2025,9,season_to_date,x_cm,1488,10900.473266146902,1010,5858.4550044554035,0
2025,9,season_to_date,z_cm,1488,17634.545911160116,1010,9846.881620381804,0
2025,9,ewma_w2_h0.25,x_cm,1488,11025.205106064908,1010,6005.033458666869,0
2025,9,ewma_w2_h0.25,z_cm,1488,18021.590716953546,1010,10129.720222867967,0
2025,9,ewma_w2_h0.5,x_cm,1488,11102.613649067254,1010,6031.414188687402,0
2025,9,ewma_w2_h0.5,z_cm,1488,17790.801307599108,1010,9999.06478629167,0
2025,9,ewma_w2_h1,x_cm,1488,11221.041878943279,1010,6085.458630422353,0
2025,9,ewma_w2_h1,z_cm,1488,17636.4041046767,1010,9916.917065622078,0
2025,9,ewma_w2_h2,x_cm,1488,11314.33345672691,1010,6132.030768346841,0
2025,9,ewma_w2_h2,z_cm,1488,17572.838344404918,1010,9886.611835128457,0
2025,9,ewma_w2_h3,x_cm,1488,11350.775240101788,1010,6150.77153418882,0
2025,9,ewma_w2_h3,z_cm,1488,17555.9742327712,1010,9879.494632881686,0
2025,9,ewma_w3_h0.25,x_cm,1488,11017.395018930143,1010,5999.9293051681225,0
2025,9,ewma_w3_h0.25,z_cm,1488,18015.216228627745,1010,10126.598130761959,0
2025,9,ewma_w3_h0.5,x_cm,1488,11007.451794082017,1010,5970.117299932583,0
2025,9,ewma_w3_h0.5,z_cm,1488,17748.053507357265,1010,9983.078332318784,0
2025,9,ewma_w3_h1,x_cm,1488,10951.578611910285,1010,5914.665459217098,0
2025,9,ewma_w3_h1,z_cm,1488,17615.55363035838,1010,9934.076179987715,0
2025,9,ewma_w3_h2,x_cm,1488,10900.836885897228,1010,5872.860995311227,0
2025,9,ewma_w3_h2,z_cm,1488,17633.83108298238,1010,9970.178784827664,0
2025,9,ewma_w3_h3,x_cm,1488,10881.470432140444,1010,5857.850616952805,0
2025,9,ewma_w3_h3,z_cm,1488,17661.064789808894,1010,9996.248404585913,0
2025,9,ewma_w6_h0.25,x_cm,1488,11017.044225715379,1010,5999.657455678282,0
2025,9,ewma_w6_h0.25,z_cm,1488,18015.167738781187,1010,10126.552212944338,0
2025,9,ewma_w6_h0.5,x_cm,1488,10981.8771234546,1010,5952.265844873293,0
2025,9,ewma_w6_h0.5,z_cm,1488,17738.774200185955,1010,9974.665337078117,0
2025,9,ewma_w6_h1,x_cm,1488,10790.57307264973,1010,5817.048207970593,0
2025,9,ewma_w6_h1,z_cm,1488,17499.423659506683,1010,9830.86399912472,0
2025,9,ewma_w6_h2,x_cm,1488,10645.372706240238,1010,5747.209230241579,0
2025,9,ewma_w6_h2,z_cm,1488,17369.48591223756,1010,9717.797860679355,0
2025,9,ewma_w6_h3,x_cm,1488,10636.378863448788,1010,5756.940916526435,0
2025,9,ewma_w6_h3,z_cm,1488,17362.47518477078,1010,9691.754575277302,0
2025,9,precision_h0.5_q0.25,x_cm,1488,10933.337208088511,1010,5914.701250077667,0
2025,9,precision_h0.5_q0.25,z_cm,1488,18085.264745061297,1010,10189.950601718629,0
2025,9,precision_h0.5_q1,x_cm,1488,10992.206645246366,1010,5970.895131920741,0
2025,9,precision_h0.5_q1,z_cm,1488,17946.976907336517,1010,10094.937707091824,0
2025,9,precision_h0.5_q2,x_cm,1488,10999.93606157961,1010,5978.356784652709,0
2025,9,precision_h0.5_q2,z_cm,1488,17914.140800322602,1010,10072.081230447255,0
2025,9,precision_h1_q0.25,x_cm,1488,10874.53951974112,1010,5855.020140626438,0
2025,9,precision_h1_q0.25,z_cm,1488,18032.371741444935,1010,10163.271659945287,0
2025,9,precision_h1_q1,x_cm,1488,10905.458764321855,1010,5897.333384913132,0
2025,9,precision_h1_q1,z_cm,1488,17791.751921547926,1010,10009.48111090151,0
2025,9,precision_h1_q2,x_cm,1488,10905.908869382487,1010,5901.859302495166,0
2025,9,precision_h1_q2,z_cm,1488,17731.109468774026,1010,9968.98320209949,0
2025,9,precision_h2_q0.25,x_cm,1488,10817.918623974707,1010,5815.858118884725,0
2025,9,precision_h2_q0.25,z_cm,1488,17871.90408545297,1010,10032.668276205091,0
2025,9,precision_h2_q1,x_cm,1488,10771.068421964412,1010,5805.4417563340885,0
2025,9,precision_h2_q1,z_cm,1488,17649.236439370063,1010,9912.622416745244,0
2025,9,precision_h2_q2,x_cm,1488,10750.932768701692,1010,5798.11964674535,0
2025,9,precision_h2_q2,z_cm,1488,17580.93690533151,1010,9870.134098755876,0
2025,9,ema_a0.5,x_cm,1488,10394.103762417035,1010,5548.789142125065,0
2025,9,ema_a0.5,z_cm,1488,17472.252294482172,1010,9798.36751804455,0
2025,9,ema_a0.75,x_cm,1488,10933.76846597905,1010,5920.369989644182,0
2025,9,ema_a0.75,z_cm,1488,17739.950011748766,1010,9974.762727529898,0
2025,9,ema_a0.9,x_cm,1488,11015.539188650466,1010,5993.1182344221415,0
2025,9,ema_a0.9,z_cm,1488,17949.046356101422,1010,10089.315384471009,0
2025,9,kalman_q0.25,x_cm,1488,10634.435252716263,1010,5703.724840422192,0
2025,9,kalman_q0.25,z_cm,1488,17500.98448348416,1010,9804.929993825901,0
2025,9,kalman_q0.5,x_cm,1488,10875.723606106192,1010,5868.8848350141225,0
2025,9,kalman_q0.5,z_cm,1488,17692.581118292488,1010,9938.14660868531,0
2025,9,kalman_q1,x_cm,1488,10968.695960348703,1010,5957.959526357101,0
2025,9,kalman_q1,z_cm,1488,17886.208234422007,1010,10050.513748982277,0
2025,9,kalman_q2,x_cm,1488,10999.711311011437,1010,5992.631328388829,0
2025,9,kalman_q2,z_cm,1488,18046.42290993873,1010,10143.331178480752,0
2025,9,kalman_q4,x_cm,1488,11006.133696083652,1010,6001.057233697704,0
2025,9,kalman_q4,z_cm,1488,18112.661795281638,1010,10182.355737293929,0
2025,9,adaptive_q0.5,x_cm,1488,10919.894846427613,1010,5894.646497111766,0
2025,9,adaptive_q0.5,z_cm,1488,17708.697178349907,1010,9960.165666160781,0
2025,9,adaptive_q1,x_cm,1488,10968.092214807508,1010,5957.225844821033,0
2025,9,adaptive_q1,z_cm,1488,17885.962198559937,1010,10051.040489522054,0
2025,9,adaptive_q2,x_cm,1488,10999.711311011437,1010,5992.631328388829,0
2025,9,adaptive_q2,z_cm,1488,18046.42290993873,1010,10143.331178480752,0
2025,9,trend_d0.25,x_cm,1488,11027.948906385329,1010,6057.925952401336,0
2025,9,trend_d0.25,z_cm,1488,18767.81206767735,1010,10572.146593059091,0
2025,9,trend_d0.5,x_cm,1488,11203.155515884024,1010,6211.929213066447,0
2025,9,trend_d0.5,z_cm,1488,19614.54262341979,1010,11087.747540934917,0
2025,9,monthly_w28_hflat,x_cm,1488,11195.320588856663,1010,6088.468772461758,0
2025,9,monthly_w28_hflat,z_cm,1488,17956.574325233276,1010,10024.631776358834,0
2025,9,monthly_w28_h14,x_cm,1488,11099.612311980385,1010,6003.406025857908,0
2025,9,monthly_w28_h14,z_cm,1488,17919.569774425127,1010,10007.177217760931,0
2025,9,monthly_w28_h28,x_cm,1488,11130.76106360956,1010,6035.573435829585,0
2025,9,monthly_w28_h28,z_cm,1488,17934.219937803973,1010,10013.397003929827,0
2025,9,monthly_w28_h28_huber,x_cm,1488,11182.433299006947,1010,6066.140579408784,0
2025,9,monthly_w28_h28_huber,z_cm,1488,17832.345889243406,1010,9934.043411304167,0
2025,9,monthly_w56_hflat,x_cm,1488,11132.459340108297,1010,6022.577127200617,0
2025,9,monthly_w56_hflat,z_cm,1488,17267.103444657394,1010,9652.696929007143,0
2025,9,monthly_w56_h14,x_cm,1488,10955.716662999677,1010,5914.88540590543,0
2025,9,monthly_w56_h14,z_cm,1488,17705.64722092737,1010,9899.665669008227,0
2025,9,monthly_w56_h28,x_cm,1488,11006.129765148264,1010,5949.641004897783,0
2025,9,monthly_w56_h28,z_cm,1488,17530.379068180122,1010,9801.618977723967,0
2025,9,monthly_w56_h28_huber,x_cm,1488,11012.064144305556,1010,5950.223448315378,0
2025,9,monthly_w56_h28_huber,z_cm,1488,17445.49213827943,1010,9729.621058951161,0
2025,9,monthly_w84_hflat,x_cm,1488,10877.111732126987,1010,5846.317511198518,0
2025,9,monthly_w84_hflat,z_cm,1488,17818.288115196283,1010,10118.11451273238,0
2025,9,monthly_w84_h14,x_cm,1488,10918.448766079167,1010,5886.700956093793,0
2025,9,monthly_w84_h14,z_cm,1488,17737.660761981177,1010,9941.351966550917,0
2025,9,monthly_w84_h28,x_cm,1488,10896.127544972398,1010,5870.322602566217,0
2025,9,monthly_w84_h28,z_cm,1488,17681.12978784519,1010,9953.604095138506,0
2025,9,monthly_w84_h28_huber,x_cm,1488,10898.34650313489,1010,5867.933967098167,0
2025,9,monthly_w84_h28_huber,z_cm,1488,17591.34300415557,1010,9883.658764367508,0
2025,9,weekly_w28_hflat,x_cm,1488,10934.043458548786,1010,5885.170688920194,16
2025,9,weekly_w28_hflat,z_cm,1488,17122.001594943184,1010,9617.860265463001,16
2025,9,weekly_w28_h14,x_cm,1488,10972.451041258952,1010,5919.129587579639,16
2025,9,weekly_w28_h14,z_cm,1488,17064.814096743983,1010,9509.2543820701,16
2025,9,weekly_w28_h28,x_cm,1488,10932.32073346284,1010,5888.931121322519,16
2025,9,weekly_w28_h28,z_cm,1488,17081.255419003995,1010,9557.085601264534,16
2025,9,weekly_w28_h28_huber,x_cm,1488,10982.792531416471,1010,5933.977772167625,16
2025,9,weekly_w28_h28_huber,z_cm,1488,17163.66044837478,1010,9581.81352816413,16
2025,9,weekly_w56_hflat,x_cm,1488,10977.005154780261,1010,5911.368326848634,0
2025,9,weekly_w56_hflat,z_cm,1488,17295.3802344164,1010,9719.894694409482,0
2025,9,weekly_w56_h14,x_cm,1488,10769.24715458478,1010,5805.670027460867,0
2025,9,weekly_w56_h14,z_cm,1488,17137.18315680368,1010,9630.203282042718,0
2025,9,weekly_w56_h28,x_cm,1488,10822.350910104846,1010,5831.120898763969,0
2025,9,weekly_w56_h28,z_cm,1488,17205.49855242666,1010,9684.403753752096,0
2025,9,weekly_w56_h28_huber,x_cm,1488,10823.500799448706,1010,5828.703481785879,0
2025,9,weekly_w56_h28_huber,z_cm,1488,17191.609794194366,1010,9644.766162993874,0
2025,9,weekly_w84_hflat,x_cm,1488,10912.461243593412,1010,5859.866290989066,0
2025,9,weekly_w84_hflat,z_cm,1488,17425.696614656983,1010,9927.12912468019,0
2025,9,weekly_w84_h14,x_cm,1488,10732.075160204204,1010,5778.763143878107,0
2025,9,weekly_w84_h14,z_cm,1488,17150.965192039224,1010,9653.248641694374,0
2025,9,weekly_w84_h28,x_cm,1488,10763.468552668179,1010,5785.751892298628,0
2025,9,weekly_w84_h28,z_cm,1488,17242.925397776955,1010,9751.879752927773,0
2025,9,weekly_w84_h28_huber,x_cm,1488,10754.729591033843,1010,5775.777143773007,0
2025,9,weekly_w84_h28_huber,z_cm,1488,17210.460913292773,1010,9704.915303787277,0
2025,9,weekly_w56_h7,x_cm,1488,10922.394636843508,1010,5914.500793235837,0
2025,9,weekly_w56_h7,z_cm,1488,17100.313649522715,1010,9523.150500338857,0
2025,9,weekly_w56_h10,x_cm,1488,10794.377260714653,1010,5826.102233590127,0
2025,9,weekly_w56_h10,z_cm,1488,17105.742649115447,1010,9582.489358575489,0
2025,9,weekly_w56_h21,x_cm,1488,10793.489158817592,1010,5816.221881335899,0
2025,9,weekly_w56_h21,z_cm,1488,17179.619848353137,1010,9667.886083279156,0
2025,9,weekly_w84_h7,x_cm,1488,10913.004474901647,1010,5908.2618483174065,0
2025,9,weekly_w84_h7,z_cm,1488,17102.492023710787,1010,9526.482666965174,0
2025,9,weekly_w84_h10,x_cm,1488,10772.048419168095,1010,5810.509700011741,0
2025,9,weekly_w84_h10,z_cm,1488,17112.896588534903,1010,9593.270333833723,0
2025,9,weekly_w84_h21,x_cm,1488,10741.333046990127,1010,5776.958791420766,0
2025,9,weekly_w84_h21,z_cm,1488,17205.402130365175,1010,9714.263322235047,0
2025,9,weekly_w112_h7,x_cm,1488,10912.033644342913,1010,5907.558948970933,0
2025,9,weekly_w112_h7,z_cm,1488,17102.188144096635,1010,9526.602498107077,0
2025,9,weekly_w112_h10,x_cm,1488,10764.373485549426,1010,5805.070800667838,0
2025,9,weekly_w112_h10,z_cm,1488,17111.22711405237,1010,9594.350472715218,0
2025,9,weekly_w112_h21,x_cm,1488,10661.183545308928,1010,5721.2854893752365,0
2025,9,weekly_w112_h21,z_cm,1488,17209.05698641918,1010,9731.52715806029,0
2025,9,weekly_w112_h14,x_cm,1488,10703.041014432267,1010,5758.400786562946,0
2025,9,weekly_w112_h14,z_cm,1488,17147.720029613367,1010,9657.85690265834,0
2025,9,weekly_w84_h3.5,x_cm,1488,11657.890623802416,1010,6401.578919863246,0
2025,9,weekly_w84_h3.5,z_cm,1488,17336.0108414971,1010,9556.53756384092,0
2025,9,weekly_w28_h7,x_cm,1488,11168.697794320622,1010,6053.496201250366,16
2025,9,weekly_w28_h7,z_cm,1488,17104.40604155571,1010,9464.97540690986,16
2025,9,weekly_w84_h14_huber,x_cm,1488,10727.175367049636,1010,5776.332755885964,0
2025,9,weekly_w84_h14_huber,z_cm,1488,17130.826147266664,1010,9611.941289122304,0
2025,9,daily_w84_h3.5,x_cm,1488,10691.687056513883,1010,5860.000145148684,0
2025,9,daily_w84_h3.5,z_cm,1488,16090.605514708783,1010,8792.06827224957,0
2025,9,daily_w56_h7,x_cm,1488,10386.191418373055,1010,5649.7967284976785,0
2025,9,daily_w56_h7,z_cm,1488,16062.771420973297,1010,8817.041698543415,0
2025,9,daily_w56_h14,x_cm,1488,10452.056161949617,1010,5665.363940834381,0
2025,9,daily_w56_h14,z_cm,1488,16433.654497281943,1010,9121.263674111477,0
2025,9,daily_w56_h28,x_cm,1488,10582.470831884355,1010,5729.280936055118,0
2025,9,daily_w56_h28,z_cm,1488,16724.065726691424,1010,9325.486058029335,0
2025,9,daily_w84_h7,x_cm,1488,10381.032165491557,1010,5646.234114770737,0
2025,9,daily_w84_h7,z_cm,1488,16060.669979552033,1010,8817.58487392935,0
2025,9,daily_w84_h14,x_cm,1488,10435.73845615772,1010,5648.999231912756,0
2025,9,daily_w84_h14,z_cm,1488,16449.583522360947,1010,9144.259660123531,0
2025,9,daily_w84_h28,x_cm,1488,10568.014860402422,1010,5702.708227902778,0
2025,9,daily_w84_h28,z_cm,1488,16774.451011399007,1010,9398.70934213605,0
2025,9,fortnightly_w84_h7,x_cm,1488,10623.574073864242,1010,5732.24540855387,0
2025,9,fortnightly_w84_h7,z_cm,1488,17492.340414806364,1010,9782.477525349628,0
2025,9,fortnightly_w84_h14,x_cm,1488,10643.291263692949,1010,5731.590642275527,0
2025,9,fortnightly_w84_h14,z_cm,1488,17335.427716837396,1010,9782.71216688705,0
2025,9,fortnightly_w84_h28,x_cm,1488,10730.266114056727,1010,5774.61310039875,0
2025,9,fortnightly_w84_h28,z_cm,1488,17302.20243826431,1010,9807.988138111832,0
