season,cutoff,window,half,robust,train_rows,latest_training_date,supported_parks,iterations
2020,2020-07-01,28,,False,1981,2020-06-30,9,1
2020,2020-07-01,28,14.0,False,1981,2020-06-30,9,1
2020,2020-07-01,28,28.0,False,1981,2020-06-30,9,1
2020,2020-07-01,28,28.0,True,1981,2020-06-30,9,15
2020,2020-07-01,56,,False,4017,2020-06-30,9,1
2020,2020-07-01,56,14.0,False,4017,2020-06-30,9,1
2020,2020-07-01,56,28.0,False,4017,2020-06-30,9,1
2020,2020-07-01,56,28.0,True,4017,2020-06-30,9,15
2020,2020-07-01,84,,False,4388,2020-06-30,9,1
2020,2020-07-01,84,14.0,False,4388,2020-06-30,9,1
2020,2020-07-01,84,28.0,False,4388,2020-06-30,9,1
2020,2020-07-01,84,28.0,True,4388,2020-06-30,9,15
2020,2020-06-29,28,,False,1994,2020-06-28,9,1
2020,2020-07-06,28,,False,1979,2020-07-05,9,1
2020,2020-07-13,28,,False,1894,2020-07-11,9,1
2020,2020-07-20,28,,False,1930,2020-07-19,9,1
2020,2020-07-27,28,,False,1796,2020-07-26,9,1
2020,2020-06-29,28,14.0,False,1994,2020-06-28,9,1
2020,2020-07-06,28,14.0,False,1979,2020-07-05,9,1
2020,2020-07-13,28,14.0,False,1894,2020-07-11,9,1
2020,2020-07-20,28,14.0,False,1930,2020-07-19,9,1
2020,2020-07-27,28,14.0,False,1796,2020-07-26,9,1
2020,2020-06-29,28,28.0,False,1994,2020-06-28,9,1
2020,2020-07-06,28,28.0,False,1979,2020-07-05,9,1
2020,2020-07-13,28,28.0,False,1894,2020-07-11,9,1
2020,2020-07-20,28,28.0,False,1930,2020-07-19,9,1
2020,2020-07-27,28,28.0,False,1796,2020-07-26,9,1
2020,2020-06-29,28,28.0,True,1994,2020-06-28,9,15
2020,2020-07-06,28,28.0,True,1979,2020-07-05,9,15
2020,2020-07-13,28,28.0,True,1894,2020-07-11,9,15
2020,2020-07-20,28,28.0,True,1930,2020-07-19,9,15
2020,2020-07-27,28,28.0,True,1796,2020-07-26,9,15
2020,2020-06-29,56,,False,4029,2020-06-28,9,1
2020,2020-07-06,56,,False,4017,2020-07-05,9,1
2020,2020-07-13,56,,False,3942,2020-07-11,9,1
2020,2020-07-20,56,,False,3956,2020-07-19,9,1
2020,2020-07-27,56,,False,3790,2020-07-26,9,1
2020,2020-06-29,56,14.0,False,4029,2020-06-28,9,1
2020,2020-07-06,56,14.0,False,4017,2020-07-05,9,1
2020,2020-07-13,56,14.0,False,3942,2020-07-11,9,1
2020,2020-07-20,56,14.0,False,3956,2020-07-19,9,1
2020,2020-07-27,56,14.0,False,3790,2020-07-26,9,1
2020,2020-06-29,56,28.0,False,4029,2020-06-28,9,1
2020,2020-07-06,56,28.0,False,4017,2020-07-05,9,1
2020,2020-07-13,56,28.0,False,3942,2020-07-11,9,1
2020,2020-07-20,56,28.0,False,3956,2020-07-19,9,1
2020,2020-07-27,56,28.0,False,3790,2020-07-26,9,1
2020,2020-06-29,56,28.0,True,4029,2020-06-28,9,15
2020,2020-07-06,56,28.0,True,4017,2020-07-05,9,15
2020,2020-07-13,56,28.0,True,3942,2020-07-11,9,15
2020,2020-07-20,56,28.0,True,3956,2020-07-19,9,15
2020,2020-07-27,56,28.0,True,3790,2020-07-26,9,15
2020,2020-06-29,84,,False,4315,2020-06-28,9,1
2020,2020-07-06,84,,False,4788,2020-07-05,9,1
2020,2020-07-13,84,,False,5226,2020-07-11,9,1
2020,2020-07-20,84,,False,5603,2020-07-19,9,1
2020,2020-07-27,84,,False,5825,2020-07-26,9,1
2020,2020-06-29,84,14.0,False,4315,2020-06-28,9,1
2020,2020-07-06,84,14.0,False,4788,2020-07-05,9,1
2020,2020-07-13,84,14.0,False,5226,2020-07-11,9,1
2020,2020-07-20,84,14.0,False,5603,2020-07-19,9,1
2020,2020-07-27,84,14.0,False,5825,2020-07-26,9,1
2020,2020-06-29,84,28.0,False,4315,2020-06-28,9,1
2020,2020-07-06,84,28.0,False,4788,2020-07-05,9,1
2020,2020-07-13,84,28.0,False,5226,2020-07-11,9,1
2020,2020-07-20,84,28.0,False,5603,2020-07-19,9,1
2020,2020-07-27,84,28.0,False,5825,2020-07-26,9,1
2020,2020-06-29,84,28.0,True,4315,2020-06-28,9,15
2020,2020-07-06,84,28.0,True,4788,2020-07-05,9,15
2020,2020-07-13,84,28.0,True,5226,2020-07-11,9,15
2020,2020-07-20,84,28.0,True,5603,2020-07-19,9,15
2020,2020-07-27,84,28.0,True,5825,2020-07-26,9,15
2020,2020-06-29,56,7.0,False,4029,2020-06-28,9,1
2020,2020-07-06,56,7.0,False,4017,2020-07-05,9,1
2020,2020-07-13,56,7.0,False,3942,2020-07-11,9,1
2020,2020-07-20,56,7.0,False,3956,2020-07-19,9,1
2020,2020-07-27,56,7.0,False,3790,2020-07-26,9,1
2020,2020-06-29,56,10.0,False,4029,2020-06-28,9,1
2020,2020-07-06,56,10.0,False,4017,2020-07-05,9,1
2020,2020-07-13,56,10.0,False,3942,2020-07-11,9,1
2020,2020-07-20,56,10.0,False,3956,2020-07-19,9,1
2020,2020-07-27,56,10.0,False,3790,2020-07-26,9,1
2020,2020-06-29,56,21.0,False,4029,2020-06-28,9,1
2020,2020-07-06,56,21.0,False,4017,2020-07-05,9,1
2020,2020-07-13,56,21.0,False,3942,2020-07-11,9,1
2020,2020-07-20,56,21.0,False,3956,2020-07-19,9,1
2020,2020-07-27,56,21.0,False,3790,2020-07-26,9,1
2020,2020-06-29,84,7.0,False,4315,2020-06-28,9,1
2020,2020-07-06,84,7.0,False,4788,2020-07-05,9,1
2020,2020-07-13,84,7.0,False,5226,2020-07-11,9,1
2020,2020-07-20,84,7.0,False,5603,2020-07-19,9,1
2020,2020-07-27,84,7.0,False,5825,2020-07-26,9,1
2020,2020-06-29,84,10.0,False,4315,2020-06-28,9,1
2020,2020-07-06,84,10.0,False,4788,2020-07-05,9,1
2020,2020-07-13,84,10.0,False,5226,2020-07-11,9,1
2020,2020-07-20,84,10.0,False,5603,2020-07-19,9,1
2020,2020-07-27,84,10.0,False,5825,2020-07-26,9,1
2020,2020-06-29,84,21.0,False,4315,2020-06-28,9,1
2020,2020-07-06,84,21.0,False,4788,2020-07-05,9,1
2020,2020-07-13,84,21.0,False,5226,2020-07-11,9,1
2020,2020-07-20,84,21.0,False,5603,2020-07-19,9,1
2020,2020-07-27,84,21.0,False,5825,2020-07-26,9,1
2020,2020-06-29,112,7.0,False,4315,2020-06-28,9,1
2020,2020-07-06,112,7.0,False,4788,2020-07-05,9,1
2020,2020-07-13,112,7.0,False,5226,2020-07-11,9,1
2020,2020-07-20,112,7.0,False,5774,2020-07-19,9,1
2020,2020-07-27,112,7.0,False,6111,2020-07-26,9,1
2020,2020-06-29,112,10.0,False,4315,2020-06-28,9,1
2020,2020-07-06,112,10.0,False,4788,2020-07-05,9,1
2020,2020-07-13,112,10.0,False,5226,2020-07-11,9,1
2020,2020-07-20,112,10.0,False,5774,2020-07-19,9,1
2020,2020-07-27,112,10.0,False,6111,2020-07-26,9,1
2020,2020-06-29,112,21.0,False,4315,2020-06-28,9,1
2020,2020-07-06,112,21.0,False,4788,2020-07-05,9,1
2020,2020-07-13,112,21.0,False,5226,2020-07-11,9,1
2020,2020-07-20,112,21.0,False,5774,2020-07-19,9,1
2020,2020-07-27,112,21.0,False,6111,2020-07-26,9,1
2020,2020-06-29,112,14.0,False,4315,2020-06-28,9,1
2020,2020-07-06,112,14.0,False,4788,2020-07-05,9,1
2020,2020-07-13,112,14.0,False,5226,2020-07-11,9,1
2020,2020-07-20,112,14.0,False,5774,2020-07-19,9,1
2020,2020-07-27,112,14.0,False,6111,2020-07-26,9,1
2020,2020-06-29,84,3.5,False,4315,2020-06-28,9,1
2020,2020-07-06,84,3.5,False,4788,2020-07-05,9,1
2020,2020-07-13,84,3.5,False,5226,2020-07-11,9,1
2020,2020-07-20,84,3.5,False,5603,2020-07-19,9,1
2020,2020-07-27,84,3.5,False,5825,2020-07-26,9,1
2020,2020-06-29,28,7.0,False,1994,2020-06-28,9,1
2020,2020-07-06,28,7.0,False,1979,2020-07-05,9,1
2020,2020-07-13,28,7.0,False,1894,2020-07-11,9,1
2020,2020-07-20,28,7.0,False,1930,2020-07-19,9,1
2020,2020-07-27,28,7.0,False,1796,2020-07-26,9,1
2020,2020-06-29,84,14.0,True,4315,2020-06-28,9,15
2020,2020-07-06,84,14.0,True,4788,2020-07-05,9,15
2020,2020-07-13,84,14.0,True,5226,2020-07-11,9,15
2020,2020-07-20,84,14.0,True,5603,2020-07-19,9,15
2020,2020-07-27,84,14.0,True,5825,2020-07-26,9,15
2020,2020-07-01,84,3.5,False,4388,2020-06-30,9,1
2020,2020-07-02,84,3.5,False,4467,2020-07-01,9,1
2020,2020-07-03,84,3.5,False,4555,2020-07-02,9,1
2020,2020-07-04,84,3.5,False,4631,2020-07-03,9,1
2020,2020-07-05,84,3.5,False,4719,2020-07-04,9,1
2020,2020-07-07,84,3.5,False,4788,2020-07-05,9,1
2020,2020-07-08,84,3.5,False,4881,2020-07-07,9,1
2020,2020-07-09,84,3.5,False,4958,2020-07-08,9,1
2020,2020-07-10,84,3.5,False,5040,2020-07-09,9,1
2020,2020-07-11,84,3.5,False,5133,2020-07-10,9,1
2020,2020-07-14,84,3.5,False,5259,2020-07-13,9,1
2020,2020-07-15,84,3.5,False,5332,2020-07-14,9,1
2020,2020-07-16,84,3.5,False,5382,2020-07-15,9,1
2020,2020-07-17,84,3.5,False,5433,2020-07-16,9,1
2020,2020-07-18,84,3.5,False,5500,2020-07-17,9,1
2020,2020-07-19,84,3.5,False,5529,2020-07-18,9,1
2020,2020-07-21,84,3.5,False,5525,2020-07-19,9,1
2020,2020-07-22,84,3.5,False,5622,2020-07-21,9,1
2020,2020-07-24,84,3.5,False,5603,2020-07-22,9,1
2020,2020-07-25,84,3.5,False,5673,2020-07-24,9,1
2020,2020-07-26,84,3.5,False,5739,2020-07-25,9,1
2020,2020-07-28,84,3.5,False,5843,2020-07-27,9,1
2020,2020-07-29,84,3.5,False,5824,2020-07-28,9,1
2020,2020-07-30,84,3.5,False,5784,2020-07-29,9,1
2020,2020-07-31,84,3.5,False,5767,2020-07-30,9,1
2020,2020-07-01,56,7.0,False,4017,2020-06-30,9,1
2020,2020-07-02,56,7.0,False,4010,2020-07-01,9,1
2020,2020-07-03,56,7.0,False,4013,2020-07-02,9,1
2020,2020-07-04,56,7.0,False,3997,2020-07-03,9,1
2020,2020-07-05,56,7.0,False,4049,2020-07-04,9,1
2020,2020-07-07,56,7.0,False,4017,2020-07-05,9,1
2020,2020-07-08,56,7.0,False,4022,2020-07-07,9,1
2020,2020-07-09,56,7.0,False,4021,2020-07-08,9,1
2020,2020-07-10,56,7.0,False,4029,2020-07-09,9,1
2020,2020-07-11,56,7.0,False,4047,2020-07-10,9,1
2020,2020-07-14,56,7.0,False,3975,2020-07-13,9,1
2020,2020-07-15,56,7.0,False,3947,2020-07-14,9,1
2020,2020-07-16,56,7.0,False,3960,2020-07-15,9,1
2020,2020-07-17,56,7.0,False,3964,2020-07-16,9,1
2020,2020-07-18,56,7.0,False,3971,2020-07-17,9,1
2020,2020-07-19,56,7.0,False,3966,2020-07-18,9,1
2020,2020-07-21,56,7.0,False,3956,2020-07-19,9,1
2020,2020-07-22,56,7.0,False,3981,2020-07-21,9,1
2020,2020-07-24,56,7.0,False,3831,2020-07-22,9,1
2020,2020-07-25,56,7.0,False,3819,2020-07-24,9,1
2020,2020-07-26,56,7.0,False,3806,2020-07-25,9,1
2020,2020-07-28,56,7.0,False,3808,2020-07-27,9,1
2020,2020-07-29,56,7.0,False,3788,2020-07-28,9,1
2020,2020-07-30,56,7.0,False,3751,2020-07-29,9,1
2020,2020-07-31,56,7.0,False,3733,2020-07-30,9,1
2020,2020-07-02,56,14.0,False,4010,2020-07-01,9,1
2020,2020-07-03,56,14.0,False,4013,2020-07-02,9,1
2020,2020-07-04,56,14.0,False,3997,2020-07-03,9,1
2020,2020-07-05,56,14.0,False,4049,2020-07-04,9,1
2020,2020-07-07,56,14.0,False,4017,2020-07-05,9,1
2020,2020-07-08,56,14.0,False,4022,2020-07-07,9,1
2020,2020-07-09,56,14.0,False,4021,2020-07-08,9,1
2020,2020-07-10,56,14.0,False,4029,2020-07-09,9,1
2020,2020-07-11,56,14.0,False,4047,2020-07-10,9,1
2020,2020-07-14,56,14.0,False,3975,2020-07-13,9,1
2020,2020-07-15,56,14.0,False,3947,2020-07-14,9,1
2020,2020-07-16,56,14.0,False,3960,2020-07-15,9,1
2020,2020-07-17,56,14.0,False,3964,2020-07-16,9,1
2020,2020-07-18,56,14.0,False,3971,2020-07-17,9,1
2020,2020-07-19,56,14.0,False,3966,2020-07-18,9,1
2020,2020-07-21,56,14.0,False,3956,2020-07-19,9,1
2020,2020-07-22,56,14.0,False,3981,2020-07-21,9,1
2020,2020-07-24,56,14.0,False,3831,2020-07-22,9,1
2020,2020-07-25,56,14.0,False,3819,2020-07-24,9,1
2020,2020-07-26,56,14.0,False,3806,2020-07-25,9,1
2020,2020-07-28,56,14.0,False,3808,2020-07-27,9,1
2020,2020-07-29,56,14.0,False,3788,2020-07-28,9,1
2020,2020-07-30,56,14.0,False,3751,2020-07-29,9,1
2020,2020-07-31,56,14.0,False,3733,2020-07-30,9,1
2020,2020-07-02,56,28.0,False,4010,2020-07-01,9,1
2020,2020-07-03,56,28.0,False,4013,2020-07-02,9,1
2020,2020-07-04,56,28.0,False,3997,2020-07-03,9,1
2020,2020-07-05,56,28.0,False,4049,2020-07-04,9,1
2020,2020-07-07,56,28.0,False,4017,2020-07-05,9,1
2020,2020-07-08,56,28.0,False,4022,2020-07-07,9,1
2020,2020-07-09,56,28.0,False,4021,2020-07-08,9,1
2020,2020-07-10,56,28.0,False,4029,2020-07-09,9,1
2020,2020-07-11,56,28.0,False,4047,2020-07-10,9,1
2020,2020-07-14,56,28.0,False,3975,2020-07-13,9,1
2020,2020-07-15,56,28.0,False,3947,2020-07-14,9,1
2020,2020-07-16,56,28.0,False,3960,2020-07-15,9,1
2020,2020-07-17,56,28.0,False,3964,2020-07-16,9,1
2020,2020-07-18,56,28.0,False,3971,2020-07-17,9,1
2020,2020-07-19,56,28.0,False,3966,2020-07-18,9,1
2020,2020-07-21,56,28.0,False,3956,2020-07-19,9,1
2020,2020-07-22,56,28.0,False,3981,2020-07-21,9,1
2020,2020-07-24,56,28.0,False,3831,2020-07-22,9,1
2020,2020-07-25,56,28.0,False,3819,2020-07-24,9,1
2020,2020-07-26,56,28.0,False,3806,2020-07-25,9,1
2020,2020-07-28,56,28.0,False,3808,2020-07-27,9,1
2020,2020-07-29,56,28.0,False,3788,2020-07-28,9,1
2020,2020-07-30,56,28.0,False,3751,2020-07-29,9,1
2020,2020-07-31,56,28.0,False,3733,2020-07-30,9,1
2020,2020-07-01,84,7.0,False,4388,2020-06-30,9,1
2020,2020-07-02,84,7.0,False,4467,2020-07-01,9,1
2020,2020-07-03,84,7.0,False,4555,2020-07-02,9,1
2020,2020-07-04,84,7.0,False,4631,2020-07-03,9,1
2020,2020-07-05,84,7.0,False,4719,2020-07-04,9,1
2020,2020-07-07,84,7.0,False,4788,2020-07-05,9,1
2020,2020-07-08,84,7.0,False,4881,2020-07-07,9,1
2020,2020-07-09,84,7.0,False,4958,2020-07-08,9,1
2020,2020-07-10,84,7.0,False,5040,2020-07-09,9,1
2020,2020-07-11,84,7.0,False,5133,2020-07-10,9,1
2020,2020-07-14,84,7.0,False,5259,2020-07-13,9,1
2020,2020-07-15,84,7.0,False,5332,2020-07-14,9,1
2020,2020-07-16,84,7.0,False,5382,2020-07-15,9,1
2020,2020-07-17,84,7.0,False,5433,2020-07-16,9,1
2020,2020-07-18,84,7.0,False,5500,2020-07-17,9,1
2020,2020-07-19,84,7.0,False,5529,2020-07-18,9,1
2020,2020-07-21,84,7.0,False,5525,2020-07-19,9,1
2020,2020-07-22,84,7.0,False,5622,2020-07-21,9,1
2020,2020-07-24,84,7.0,False,5603,2020-07-22,9,1
2020,2020-07-25,84,7.0,False,5673,2020-07-24,9,1
2020,2020-07-26,84,7.0,False,5739,2020-07-25,9,1
2020,2020-07-28,84,7.0,False,5843,2020-07-27,9,1
2020,2020-07-29,84,7.0,False,5824,2020-07-28,9,1
2020,2020-07-30,84,7.0,False,5784,2020-07-29,9,1
2020,2020-07-31,84,7.0,False,5767,2020-07-30,9,1
2020,2020-07-02,84,14.0,False,4467,2020-07-01,9,1
2020,2020-07-03,84,14.0,False,4555,2020-07-02,9,1
2020,2020-07-04,84,14.0,False,4631,2020-07-03,9,1
2020,2020-07-05,84,14.0,False,4719,2020-07-04,9,1
2020,2020-07-07,84,14.0,False,4788,2020-07-05,9,1
2020,2020-07-08,84,14.0,False,4881,2020-07-07,9,1
2020,2020-07-09,84,14.0,False,4958,2020-07-08,9,1
2020,2020-07-10,84,14.0,False,5040,2020-07-09,9,1
2020,2020-07-11,84,14.0,False,5133,2020-07-10,9,1
2020,2020-07-14,84,14.0,False,5259,2020-07-13,9,1
2020,2020-07-15,84,14.0,False,5332,2020-07-14,9,1
2020,2020-07-16,84,14.0,False,5382,2020-07-15,9,1
2020,2020-07-17,84,14.0,False,5433,2020-07-16,9,1
2020,2020-07-18,84,14.0,False,5500,2020-07-17,9,1
2020,2020-07-19,84,14.0,False,5529,2020-07-18,9,1
2020,2020-07-21,84,14.0,False,5525,2020-07-19,9,1
2020,2020-07-22,84,14.0,False,5622,2020-07-21,9,1
2020,2020-07-24,84,14.0,False,5603,2020-07-22,9,1
2020,2020-07-25,84,14.0,False,5673,2020-07-24,9,1
2020,2020-07-26,84,14.0,False,5739,2020-07-25,9,1
2020,2020-07-28,84,14.0,False,5843,2020-07-27,9,1
2020,2020-07-29,84,14.0,False,5824,2020-07-28,9,1
2020,2020-07-30,84,14.0,False,5784,2020-07-29,9,1
2020,2020-07-31,84,14.0,False,5767,2020-07-30,9,1
2020,2020-07-02,84,28.0,False,4467,2020-07-01,9,1
2020,2020-07-03,84,28.0,False,4555,2020-07-02,9,1
2020,2020-07-04,84,28.0,False,4631,2020-07-03,9,1
2020,2020-07-05,84,28.0,False,4719,2020-07-04,9,1
2020,2020-07-07,84,28.0,False,4788,2020-07-05,9,1
2020,2020-07-08,84,28.0,False,4881,2020-07-07,9,1
2020,2020-07-09,84,28.0,False,4958,2020-07-08,9,1
2020,2020-07-10,84,28.0,False,5040,2020-07-09,9,1
2020,2020-07-11,84,28.0,False,5133,2020-07-10,9,1
2020,2020-07-14,84,28.0,False,5259,2020-07-13,9,1
2020,2020-07-15,84,28.0,False,5332,2020-07-14,9,1
2020,2020-07-16,84,28.0,False,5382,2020-07-15,9,1
2020,2020-07-17,84,28.0,False,5433,2020-07-16,9,1
2020,2020-07-18,84,28.0,False,5500,2020-07-17,9,1
2020,2020-07-19,84,28.0,False,5529,2020-07-18,9,1
2020,2020-07-21,84,28.0,False,5525,2020-07-19,9,1
2020,2020-07-22,84,28.0,False,5622,2020-07-21,9,1
2020,2020-07-24,84,28.0,False,5603,2020-07-22,9,1
2020,2020-07-25,84,28.0,False,5673,2020-07-24,9,1
2020,2020-07-26,84,28.0,False,5739,2020-07-25,9,1
2020,2020-07-28,84,28.0,False,5843,2020-07-27,9,1
2020,2020-07-29,84,28.0,False,5824,2020-07-28,9,1
2020,2020-07-30,84,28.0,False,5784,2020-07-29,9,1
2020,2020-07-31,84,28.0,False,5767,2020-07-30,9,1
2020,2020-08-01,28,,False,1762,2020-07-31,9,1
2020,2020-08-01,28,14.0,False,1762,2020-07-31,9,1
2020,2020-08-01,28,28.0,False,1762,2020-07-31,9,1
2020,2020-08-01,28,28.0,True,1762,2020-07-31,9,15
2020,2020-08-01,56,,False,3739,2020-07-31,9,1
2020,2020-08-01,56,14.0,False,3739,2020-07-31,9,1
2020,2020-08-01,56,28.0,False,3739,2020-07-31,9,1
2020,2020-08-01,56,28.0,True,3739,2020-07-31,9,15
2020,2020-08-01,84,,False,5759,2020-07-31,9,1
2020,2020-08-01,84,14.0,False,5759,2020-07-31,9,1
2020,2020-08-01,84,28.0,False,5759,2020-07-31,9,1
2020,2020-08-01,84,28.0,True,5759,2020-07-31,9,15
2020,2020-08-03,28,,False,1776,2020-08-02,9,1
2020,2020-08-10,28,,False,1713,2020-08-09,9,1
2020,2020-08-17,28,,False,1698,2020-08-16,9,1
2020,2020-08-24,28,,False,1868,2020-08-23,9,1
2020,2020-08-03,28,14.0,False,1776,2020-08-02,9,1
2020,2020-08-10,28,14.0,False,1713,2020-08-09,9,1
2020,2020-08-17,28,14.0,False,1698,2020-08-16,9,1
2020,2020-08-24,28,14.0,False,1868,2020-08-23,9,1
2020,2020-08-03,28,28.0,False,1776,2020-08-02,9,1
2020,2020-08-10,28,28.0,False,1713,2020-08-09,9,1
2020,2020-08-17,28,28.0,False,1698,2020-08-16,9,1
2020,2020-08-24,28,28.0,False,1868,2020-08-23,9,1
2020,2020-08-03,28,28.0,True,1776,2020-08-02,9,15
2020,2020-08-10,28,28.0,True,1713,2020-08-09,9,15
2020,2020-08-17,28,28.0,True,1698,2020-08-16,9,15
2020,2020-08-24,28,28.0,True,1868,2020-08-23,9,15
2020,2020-08-03,56,,False,3755,2020-08-02,9,1
2020,2020-08-10,56,,False,3607,2020-08-09,9,1
2020,2020-08-17,56,,False,3628,2020-08-16,9,1
2020,2020-08-24,56,,False,3664,2020-08-23,9,1
2020,2020-08-03,56,14.0,False,3755,2020-08-02,9,1
2020,2020-08-10,56,14.0,False,3607,2020-08-09,9,1
2020,2020-08-17,56,14.0,False,3628,2020-08-16,9,1
2020,2020-08-24,56,14.0,False,3664,2020-08-23,9,1
2020,2020-08-03,56,28.0,False,3755,2020-08-02,9,1
2020,2020-08-10,56,28.0,False,3607,2020-08-09,9,1
2020,2020-08-17,56,28.0,False,3628,2020-08-16,9,1
2020,2020-08-24,56,28.0,False,3664,2020-08-23,9,1
2020,2020-08-03,56,28.0,True,3755,2020-08-02,9,15
2020,2020-08-10,56,28.0,True,3607,2020-08-09,9,15
2020,2020-08-17,56,28.0,True,3628,2020-08-16,9,15
2020,2020-08-24,56,28.0,True,3664,2020-08-23,9,15
2020,2020-08-03,84,,False,5793,2020-08-02,9,1
2020,2020-08-10,84,,False,5655,2020-08-09,9,1
2020,2020-08-17,84,,False,5654,2020-08-16,9,1
2020,2020-08-24,84,,False,5658,2020-08-23,9,1
2020,2020-08-03,84,14.0,False,5793,2020-08-02,9,1
2020,2020-08-10,84,14.0,False,5655,2020-08-09,9,1
2020,2020-08-17,84,14.0,False,5654,2020-08-16,9,1
2020,2020-08-24,84,14.0,False,5658,2020-08-23,9,1
2020,2020-08-03,84,28.0,False,5793,2020-08-02,9,1
2020,2020-08-10,84,28.0,False,5655,2020-08-09,9,1
2020,2020-08-17,84,28.0,False,5654,2020-08-16,9,1
2020,2020-08-24,84,28.0,False,5658,2020-08-23,9,1
2020,2020-08-03,84,28.0,True,5793,2020-08-02,9,15
2020,2020-08-10,84,28.0,True,5655,2020-08-09,9,15
2020,2020-08-17,84,28.0,True,5654,2020-08-16,9,15
2020,2020-08-24,84,28.0,True,5658,2020-08-23,9,15
2020,2020-08-03,56,7.0,False,3755,2020-08-02,9,1
2020,2020-08-10,56,7.0,False,3607,2020-08-09,9,1
2020,2020-08-17,56,7.0,False,3628,2020-08-16,9,1
2020,2020-08-24,56,7.0,False,3664,2020-08-23,9,1
2020,2020-08-03,56,10.0,False,3755,2020-08-02,9,1
2020,2020-08-10,56,10.0,False,3607,2020-08-09,9,1
2020,2020-08-17,56,10.0,False,3628,2020-08-16,9,1
2020,2020-08-24,56,10.0,False,3664,2020-08-23,9,1
2020,2020-08-03,56,21.0,False,3755,2020-08-02,9,1
2020,2020-08-10,56,21.0,False,3607,2020-08-09,9,1
2020,2020-08-17,56,21.0,False,3628,2020-08-16,9,1
2020,2020-08-24,56,21.0,False,3664,2020-08-23,9,1
2020,2020-08-03,84,7.0,False,5793,2020-08-02,9,1
2020,2020-08-10,84,7.0,False,5655,2020-08-09,9,1
2020,2020-08-17,84,7.0,False,5654,2020-08-16,9,1
2020,2020-08-24,84,7.0,False,5658,2020-08-23,9,1
2020,2020-08-03,84,10.0,False,5793,2020-08-02,9,1
2020,2020-08-10,84,10.0,False,5655,2020-08-09,9,1
2020,2020-08-17,84,10.0,False,5654,2020-08-16,9,1
2020,2020-08-24,84,10.0,False,5658,2020-08-23,9,1
2020,2020-08-03,84,21.0,False,5793,2020-08-02,9,1
2020,2020-08-10,84,21.0,False,5655,2020-08-09,9,1
2020,2020-08-17,84,21.0,False,5654,2020-08-16,9,1
2020,2020-08-24,84,21.0,False,5658,2020-08-23,9,1
2020,2020-08-03,112,7.0,False,6564,2020-08-02,9,1
2020,2020-08-10,112,7.0,False,6939,2020-08-09,9,1
2020,2020-08-17,112,7.0,False,7301,2020-08-16,9,1
2020,2020-08-24,112,7.0,False,7693,2020-08-23,9,1
2020,2020-08-03,112,10.0,False,6564,2020-08-02,9,1
2020,2020-08-10,112,10.0,False,6939,2020-08-09,9,1
2020,2020-08-17,112,10.0,False,7301,2020-08-16,9,1
2020,2020-08-24,112,10.0,False,7693,2020-08-23,9,1
2020,2020-08-03,112,21.0,False,6564,2020-08-02,9,1
2020,2020-08-10,112,21.0,False,6939,2020-08-09,9,1
2020,2020-08-17,112,21.0,False,7301,2020-08-16,9,1
2020,2020-08-24,112,21.0,False,7693,2020-08-23,9,1
2020,2020-08-03,112,14.0,False,6564,2020-08-02,9,1
2020,2020-08-10,112,14.0,False,6939,2020-08-09,9,1
2020,2020-08-17,112,14.0,False,7301,2020-08-16,9,1
2020,2020-08-24,112,14.0,False,7693,2020-08-23,9,1
2020,2020-08-03,84,3.5,False,5793,2020-08-02,9,1
2020,2020-08-10,84,3.5,False,5655,2020-08-09,9,1
2020,2020-08-17,84,3.5,False,5654,2020-08-16,9,1
2020,2020-08-24,84,3.5,False,5658,2020-08-23,9,1
2020,2020-08-03,28,7.0,False,1776,2020-08-02,9,1
2020,2020-08-10,28,7.0,False,1713,2020-08-09,9,1
2020,2020-08-17,28,7.0,False,1698,2020-08-16,9,1
2020,2020-08-24,28,7.0,False,1868,2020-08-23,9,1
2020,2020-08-03,84,14.0,True,5793,2020-08-02,9,15
2020,2020-08-10,84,14.0,True,5655,2020-08-09,9,15
2020,2020-08-17,84,14.0,True,5654,2020-08-16,9,15
2020,2020-08-24,84,14.0,True,5658,2020-08-23,9,15
2020,2020-08-01,84,3.5,False,5759,2020-07-31,9,1
2020,2020-08-02,84,3.5,False,5832,2020-08-01,9,1
2020,2020-08-04,84,3.5,False,5793,2020-08-02,9,1
2020,2020-08-05,84,3.5,False,5777,2020-08-04,9,1
2020,2020-08-06,84,3.5,False,5766,2020-08-05,9,1
2020,2020-08-07,84,3.5,False,5775,2020-08-06,9,1
2020,2020-08-08,84,3.5,False,5751,2020-08-07,9,1
2020,2020-08-09,84,3.5,False,5706,2020-08-08,9,1
2020,2020-08-11,84,3.5,False,5655,2020-08-09,9,1
2020,2020-08-12,84,3.5,False,5645,2020-08-11,9,1
2020,2020-08-13,84,3.5,False,5658,2020-08-12,9,1
2020,2020-08-14,84,3.5,False,5657,2020-08-13,9,1
2020,2020-08-15,84,3.5,False,5656,2020-08-14,9,1
2020,2020-08-16,84,3.5,False,5652,2020-08-15,9,1
2020,2020-08-18,84,3.5,False,5654,2020-08-16,9,1
2020,2020-08-19,84,3.5,False,5673,2020-08-18,9,1
2020,2020-08-20,84,3.5,False,5683,2020-08-19,9,1
2020,2020-08-21,84,3.5,False,5686,2020-08-20,9,1
2020,2020-08-22,84,3.5,False,5692,2020-08-21,9,1
2020,2020-08-23,84,3.5,False,5666,2020-08-22,9,1
2020,2020-08-25,84,3.5,False,5700,2020-08-24,9,1
2020,2020-08-26,84,3.5,False,5711,2020-08-25,9,1
2020,2020-08-27,84,3.5,False,5729,2020-08-26,9,1
2020,2020-08-28,84,3.5,False,5728,2020-08-27,9,1
2020,2020-08-29,84,3.5,False,5731,2020-08-28,9,1
2020,2020-08-30,84,3.5,False,5733,2020-08-29,9,1
2020,2020-08-01,56,7.0,False,3739,2020-07-31,9,1
2020,2020-08-02,56,7.0,False,3776,2020-08-01,9,1
2020,2020-08-04,56,7.0,False,3755,2020-08-02,9,1
2020,2020-08-05,56,7.0,False,3731,2020-08-04,9,1
2020,2020-08-06,56,7.0,False,3734,2020-08-05,9,1
2020,2020-08-07,56,7.0,False,3725,2020-08-06,9,1
2020,2020-08-08,56,7.0,False,3709,2020-08-07,9,1
2020,2020-08-09,56,7.0,False,3637,2020-08-08,9,1
2020,2020-08-11,56,7.0,False,3607,2020-08-09,9,1
2020,2020-08-12,56,7.0,False,3599,2020-08-11,9,1
2020,2020-08-13,56,7.0,False,3597,2020-08-12,9,1
2020,2020-08-14,56,7.0,False,3615,2020-08-13,9,1
2020,2020-08-15,56,7.0,False,3628,2020-08-14,9,1
2020,2020-08-16,56,7.0,False,3631,2020-08-15,9,1
2020,2020-08-18,56,7.0,False,3628,2020-08-16,9,1
2020,2020-08-19,56,7.0,False,3627,2020-08-18,9,1
2020,2020-08-20,56,7.0,False,3697,2020-08-19,9,1
2020,2020-08-21,56,7.0,False,3667,2020-08-20,9,1
2020,2020-08-22,56,7.0,False,3670,2020-08-21,9,1
2020,2020-08-23,56,7.0,False,3649,2020-08-22,9,1
2020,2020-08-25,56,7.0,False,3706,2020-08-24,9,1
2020,2020-08-26,56,7.0,False,3730,2020-08-25,9,1
2020,2020-08-27,56,7.0,False,3752,2020-08-26,9,1
2020,2020-08-28,56,7.0,False,3749,2020-08-27,9,1
2020,2020-08-29,56,7.0,False,3754,2020-08-28,9,1
2020,2020-08-30,56,7.0,False,3740,2020-08-29,9,1
2020,2020-08-02,56,14.0,False,3776,2020-08-01,9,1
2020,2020-08-04,56,14.0,False,3755,2020-08-02,9,1
2020,2020-08-05,56,14.0,False,3731,2020-08-04,9,1
2020,2020-08-06,56,14.0,False,3734,2020-08-05,9,1
2020,2020-08-07,56,14.0,False,3725,2020-08-06,9,1
2020,2020-08-08,56,14.0,False,3709,2020-08-07,9,1
2020,2020-08-09,56,14.0,False,3637,2020-08-08,9,1
2020,2020-08-11,56,14.0,False,3607,2020-08-09,9,1
2020,2020-08-12,56,14.0,False,3599,2020-08-11,9,1
2020,2020-08-13,56,14.0,False,3597,2020-08-12,9,1
2020,2020-08-14,56,14.0,False,3615,2020-08-13,9,1
2020,2020-08-15,56,14.0,False,3628,2020-08-14,9,1
2020,2020-08-16,56,14.0,False,3631,2020-08-15,9,1
2020,2020-08-18,56,14.0,False,3628,2020-08-16,9,1
2020,2020-08-19,56,14.0,False,3627,2020-08-18,9,1
2020,2020-08-20,56,14.0,False,3697,2020-08-19,9,1
2020,2020-08-21,56,14.0,False,3667,2020-08-20,9,1
2020,2020-08-22,56,14.0,False,3670,2020-08-21,9,1
2020,2020-08-23,56,14.0,False,3649,2020-08-22,9,1
2020,2020-08-25,56,14.0,False,3706,2020-08-24,9,1
2020,2020-08-26,56,14.0,False,3730,2020-08-25,9,1
2020,2020-08-27,56,14.0,False,3752,2020-08-26,9,1
2020,2020-08-28,56,14.0,False,3749,2020-08-27,9,1
2020,2020-08-29,56,14.0,False,3754,2020-08-28,9,1
2020,2020-08-30,56,14.0,False,3740,2020-08-29,9,1
2020,2020-08-02,56,28.0,False,3776,2020-08-01,9,1
2020,2020-08-04,56,28.0,False,3755,2020-08-02,9,1
2020,2020-08-05,56,28.0,False,3731,2020-08-04,9,1
2020,2020-08-06,56,28.0,False,3734,2020-08-05,9,1
2020,2020-08-07,56,28.0,False,3725,2020-08-06,9,1
2020,2020-08-08,56,28.0,False,3709,2020-08-07,9,1
2020,2020-08-09,56,28.0,False,3637,2020-08-08,9,1
2020,2020-08-11,56,28.0,False,3607,2020-08-09,9,1
2020,2020-08-12,56,28.0,False,3599,2020-08-11,9,1
2020,2020-08-13,56,28.0,False,3597,2020-08-12,9,1
2020,2020-08-14,56,28.0,False,3615,2020-08-13,9,1
2020,2020-08-15,56,28.0,False,3628,2020-08-14,9,1
2020,2020-08-16,56,28.0,False,3631,2020-08-15,9,1
2020,2020-08-18,56,28.0,False,3628,2020-08-16,9,1
2020,2020-08-19,56,28.0,False,3627,2020-08-18,9,1
2020,2020-08-20,56,28.0,False,3697,2020-08-19,9,1
2020,2020-08-21,56,28.0,False,3667,2020-08-20,9,1
2020,2020-08-22,56,28.0,False,3670,2020-08-21,9,1
2020,2020-08-23,56,28.0,False,3649,2020-08-22,9,1
2020,2020-08-25,56,28.0,False,3706,2020-08-24,9,1
2020,2020-08-26,56,28.0,False,3730,2020-08-25,9,1
2020,2020-08-27,56,28.0,False,3752,2020-08-26,9,1
2020,2020-08-28,56,28.0,False,3749,2020-08-27,9,1
2020,2020-08-29,56,28.0,False,3754,2020-08-28,9,1
2020,2020-08-30,56,28.0,False,3740,2020-08-29,9,1
2020,2020-08-01,84,7.0,False,5759,2020-07-31,9,1
2020,2020-08-02,84,7.0,False,5832,2020-08-01,9,1
2020,2020-08-04,84,7.0,False,5793,2020-08-02,9,1
2020,2020-08-05,84,7.0,False,5777,2020-08-04,9,1
2020,2020-08-06,84,7.0,False,5766,2020-08-05,9,1
2020,2020-08-07,84,7.0,False,5775,2020-08-06,9,1
2020,2020-08-08,84,7.0,False,5751,2020-08-07,9,1
2020,2020-08-09,84,7.0,False,5706,2020-08-08,9,1
2020,2020-08-11,84,7.0,False,5655,2020-08-09,9,1
2020,2020-08-12,84,7.0,False,5645,2020-08-11,9,1
2020,2020-08-13,84,7.0,False,5658,2020-08-12,9,1
2020,2020-08-14,84,7.0,False,5657,2020-08-13,9,1
2020,2020-08-15,84,7.0,False,5656,2020-08-14,9,1
2020,2020-08-16,84,7.0,False,5652,2020-08-15,9,1
2020,2020-08-18,84,7.0,False,5654,2020-08-16,9,1
2020,2020-08-19,84,7.0,False,5673,2020-08-18,9,1
2020,2020-08-20,84,7.0,False,5683,2020-08-19,9,1
2020,2020-08-21,84,7.0,False,5686,2020-08-20,9,1
2020,2020-08-22,84,7.0,False,5692,2020-08-21,9,1
2020,2020-08-23,84,7.0,False,5666,2020-08-22,9,1
2020,2020-08-25,84,7.0,False,5700,2020-08-24,9,1
2020,2020-08-26,84,7.0,False,5711,2020-08-25,9,1
2020,2020-08-27,84,7.0,False,5729,2020-08-26,9,1
2020,2020-08-28,84,7.0,False,5728,2020-08-27,9,1
2020,2020-08-29,84,7.0,False,5731,2020-08-28,9,1
2020,2020-08-30,84,7.0,False,5733,2020-08-29,9,1
2020,2020-08-02,84,14.0,False,5832,2020-08-01,9,1
2020,2020-08-04,84,14.0,False,5793,2020-08-02,9,1
2020,2020-08-05,84,14.0,False,5777,2020-08-04,9,1
2020,2020-08-06,84,14.0,False,5766,2020-08-05,9,1
2020,2020-08-07,84,14.0,False,5775,2020-08-06,9,1
2020,2020-08-08,84,14.0,False,5751,2020-08-07,9,1
2020,2020-08-09,84,14.0,False,5706,2020-08-08,9,1
2020,2020-08-11,84,14.0,False,5655,2020-08-09,9,1
2020,2020-08-12,84,14.0,False,5645,2020-08-11,9,1
2020,2020-08-13,84,14.0,False,5658,2020-08-12,9,1
2020,2020-08-14,84,14.0,False,5657,2020-08-13,9,1
2020,2020-08-15,84,14.0,False,5656,2020-08-14,9,1
2020,2020-08-16,84,14.0,False,5652,2020-08-15,9,1
2020,2020-08-18,84,14.0,False,5654,2020-08-16,9,1
2020,2020-08-19,84,14.0,False,5673,2020-08-18,9,1
2020,2020-08-20,84,14.0,False,5683,2020-08-19,9,1
2020,2020-08-21,84,14.0,False,5686,2020-08-20,9,1
2020,2020-08-22,84,14.0,False,5692,2020-08-21,9,1
2020,2020-08-23,84,14.0,False,5666,2020-08-22,9,1
2020,2020-08-25,84,14.0,False,5700,2020-08-24,9,1
2020,2020-08-26,84,14.0,False,5711,2020-08-25,9,1
2020,2020-08-27,84,14.0,False,5729,2020-08-26,9,1
2020,2020-08-28,84,14.0,False,5728,2020-08-27,9,1
2020,2020-08-29,84,14.0,False,5731,2020-08-28,9,1
2020,2020-08-30,84,14.0,False,5733,2020-08-29,9,1
2020,2020-08-02,84,28.0,False,5832,2020-08-01,9,1
2020,2020-08-04,84,28.0,False,5793,2020-08-02,9,1
2020,2020-08-05,84,28.0,False,5777,2020-08-04,9,1
2020,2020-08-06,84,28.0,False,5766,2020-08-05,9,1
2020,2020-08-07,84,28.0,False,5775,2020-08-06,9,1
2020,2020-08-08,84,28.0,False,5751,2020-08-07,9,1
2020,2020-08-09,84,28.0,False,5706,2020-08-08,9,1
2020,2020-08-11,84,28.0,False,5655,2020-08-09,9,1
2020,2020-08-12,84,28.0,False,5645,2020-08-11,9,1
2020,2020-08-13,84,28.0,False,5658,2020-08-12,9,1
2020,2020-08-14,84,28.0,False,5657,2020-08-13,9,1
2020,2020-08-15,84,28.0,False,5656,2020-08-14,9,1
2020,2020-08-16,84,28.0,False,5652,2020-08-15,9,1
2020,2020-08-18,84,28.0,False,5654,2020-08-16,9,1
2020,2020-08-19,84,28.0,False,5673,2020-08-18,9,1
2020,2020-08-20,84,28.0,False,5683,2020-08-19,9,1
2020,2020-08-21,84,28.0,False,5686,2020-08-20,9,1
2020,2020-08-22,84,28.0,False,5692,2020-08-21,9,1
2020,2020-08-23,84,28.0,False,5666,2020-08-22,9,1
2020,2020-08-25,84,28.0,False,5700,2020-08-24,9,1
2020,2020-08-26,84,28.0,False,5711,2020-08-25,9,1
2020,2020-08-27,84,28.0,False,5729,2020-08-26,9,1
2020,2020-08-28,84,28.0,False,5728,2020-08-27,9,1
2020,2020-08-29,84,28.0,False,5731,2020-08-28,9,1
2020,2020-08-30,84,28.0,False,5733,2020-08-29,9,1
2020,2020-09-01,28,,False,1998,2020-08-30,9,1
2020,2020-09-01,28,14.0,False,1998,2020-08-30,9,1
2020,2020-09-01,28,28.0,False,1998,2020-08-30,9,1
2020,2020-09-01,28,28.0,True,1998,2020-08-30,9,15
2020,2020-09-01,56,,False,3774,2020-08-30,9,1
2020,2020-09-01,56,14.0,False,3774,2020-08-30,9,1
2020,2020-09-01,56,28.0,False,3774,2020-08-30,9,1
2020,2020-09-01,56,28.0,True,3774,2020-08-30,9,15
2020,2020-09-01,84,,False,5753,2020-08-30,9,1
2020,2020-09-01,84,14.0,False,5753,2020-08-30,9,1
2020,2020-09-01,84,28.0,False,5753,2020-08-30,9,1
2020,2020-09-01,84,28.0,True,5753,2020-08-30,9,15
2020,2020-08-31,28,,False,1998,2020-08-30,9,1
2020,2020-09-07,28,,False,2096,2020-09-06,9,1
2020,2020-09-14,28,,False,2142,2020-09-13,9,1
2020,2020-09-21,28,,False,2215,2020-09-20,9,1
2020,2020-09-28,28,,False,2162,2020-09-27,9,1
2020,2020-08-31,28,14.0,False,1998,2020-08-30,9,1
2020,2020-09-07,28,14.0,False,2096,2020-09-06,9,1
2020,2020-09-14,28,14.0,False,2142,2020-09-13,9,1
2020,2020-09-21,28,14.0,False,2215,2020-09-20,9,1
2020,2020-09-28,28,14.0,False,2162,2020-09-27,9,1
2020,2020-08-31,28,28.0,False,1998,2020-08-30,9,1
2020,2020-09-07,28,28.0,False,2096,2020-09-06,9,1
2020,2020-09-14,28,28.0,False,2142,2020-09-13,9,1
2020,2020-09-21,28,28.0,False,2215,2020-09-20,9,1
2020,2020-09-28,28,28.0,False,2162,2020-09-27,9,1
2020,2020-08-31,28,28.0,True,1998,2020-08-30,9,15
2020,2020-09-07,28,28.0,True,2096,2020-09-06,9,15
2020,2020-09-14,28,28.0,True,2142,2020-09-13,9,15
2020,2020-09-21,28,28.0,True,2215,2020-09-20,9,15
2020,2020-09-28,28,28.0,True,2162,2020-09-27,9,15
2020,2020-08-31,56,,False,3774,2020-08-30,9,1
2020,2020-09-07,56,,False,3809,2020-09-06,9,1
2020,2020-09-14,56,,False,3840,2020-09-13,9,1
2020,2020-09-21,56,,False,4083,2020-09-20,9,1
2020,2020-09-28,56,,False,4160,2020-09-27,9,1
2020,2020-08-31,56,14.0,False,3774,2020-08-30,9,1
2020,2020-09-07,56,14.0,False,3809,2020-09-06,9,1
2020,2020-09-14,56,14.0,False,3840,2020-09-13,9,1
2020,2020-09-21,56,14.0,False,4083,2020-09-20,9,1
2020,2020-09-28,56,14.0,False,4160,2020-09-27,9,1
2020,2020-08-31,56,28.0,False,3774,2020-08-30,9,1
2020,2020-09-07,56,28.0,False,3809,2020-09-06,9,1
2020,2020-09-14,56,28.0,False,3840,2020-09-13,9,1
2020,2020-09-21,56,28.0,False,4083,2020-09-20,9,1
2020,2020-09-28,56,28.0,False,4160,2020-09-27,9,1
2020,2020-08-31,56,28.0,True,3774,2020-08-30,9,15
2020,2020-09-07,56,28.0,True,3809,2020-09-06,9,15
2020,2020-09-14,56,28.0,True,3840,2020-09-13,9,15
2020,2020-09-21,56,28.0,True,4083,2020-09-20,9,15
2020,2020-09-28,56,28.0,True,4160,2020-09-27,9,15
2020,2020-08-31,84,,False,5753,2020-08-30,9,1
2020,2020-09-07,84,,False,5703,2020-09-06,9,1
2020,2020-09-14,84,,False,5770,2020-09-13,9,1
2020,2020-09-21,84,,False,5879,2020-09-20,9,1
2020,2020-09-28,84,,False,5936,2020-09-27,9,1
2020,2020-08-31,84,14.0,False,5753,2020-08-30,9,1
2020,2020-09-07,84,14.0,False,5703,2020-09-06,9,1
2020,2020-09-14,84,14.0,False,5770,2020-09-13,9,1
2020,2020-09-21,84,14.0,False,5879,2020-09-20,9,1
2020,2020-09-28,84,14.0,False,5936,2020-09-27,9,1
2020,2020-08-31,84,28.0,False,5753,2020-08-30,9,1
2020,2020-09-07,84,28.0,False,5703,2020-09-06,9,1
2020,2020-09-14,84,28.0,False,5770,2020-09-13,9,1
2020,2020-09-21,84,28.0,False,5879,2020-09-20,9,1
2020,2020-09-28,84,28.0,False,5936,2020-09-27,9,1
2020,2020-08-31,84,28.0,True,5753,2020-08-30,9,15
2020,2020-09-07,84,28.0,True,5703,2020-09-06,9,15
2020,2020-09-14,84,28.0,True,5770,2020-09-13,9,15
2020,2020-09-21,84,28.0,True,5879,2020-09-20,9,15
2020,2020-09-28,84,28.0,True,5936,2020-09-27,9,15
2020,2020-08-31,56,7.0,False,3774,2020-08-30,9,1
2020,2020-09-07,56,7.0,False,3809,2020-09-06,9,1
2020,2020-09-14,56,7.0,False,3840,2020-09-13,9,1
2020,2020-09-21,56,7.0,False,4083,2020-09-20,9,1
2020,2020-09-28,56,7.0,False,4160,2020-09-27,9,1
2020,2020-08-31,56,10.0,False,3774,2020-08-30,9,1
2020,2020-09-07,56,10.0,False,3809,2020-09-06,9,1
2020,2020-09-14,56,10.0,False,3840,2020-09-13,9,1
2020,2020-09-21,56,10.0,False,4083,2020-09-20,9,1
2020,2020-09-28,56,10.0,False,4160,2020-09-27,9,1
2020,2020-08-31,56,21.0,False,3774,2020-08-30,9,1
2020,2020-09-07,56,21.0,False,3809,2020-09-06,9,1
2020,2020-09-14,56,21.0,False,3840,2020-09-13,9,1
2020,2020-09-21,56,21.0,False,4083,2020-09-20,9,1
2020,2020-09-28,56,21.0,False,4160,2020-09-27,9,1
2020,2020-08-31,84,7.0,False,5753,2020-08-30,9,1
2020,2020-09-07,84,7.0,False,5703,2020-09-06,9,1
2020,2020-09-14,84,7.0,False,5770,2020-09-13,9,1
2020,2020-09-21,84,7.0,False,5879,2020-09-20,9,1
2020,2020-09-28,84,7.0,False,5936,2020-09-27,9,1
2020,2020-08-31,84,10.0,False,5753,2020-08-30,9,1
2020,2020-09-07,84,10.0,False,5703,2020-09-06,9,1
2020,2020-09-14,84,10.0,False,5770,2020-09-13,9,1
2020,2020-09-21,84,10.0,False,5879,2020-09-20,9,1
2020,2020-09-28,84,10.0,False,5936,2020-09-27,9,1
2020,2020-08-31,84,21.0,False,5753,2020-08-30,9,1
2020,2020-09-07,84,21.0,False,5703,2020-09-06,9,1
2020,2020-09-14,84,21.0,False,5770,2020-09-13,9,1
2020,2020-09-21,84,21.0,False,5879,2020-09-20,9,1
2020,2020-09-28,84,21.0,False,5936,2020-09-27,9,1
2020,2020-08-31,112,7.0,False,7791,2020-08-30,9,1
2020,2020-09-07,112,7.0,False,7751,2020-09-06,9,1
2020,2020-09-14,112,7.0,False,7796,2020-09-13,9,1
2020,2020-09-21,112,7.0,False,7873,2020-09-20,9,1
2020,2020-09-28,112,7.0,False,7915,2020-09-27,9,1
2020,2020-08-31,112,10.0,False,7791,2020-08-30,9,1
2020,2020-09-07,112,10.0,False,7751,2020-09-06,9,1
2020,2020-09-14,112,10.0,False,7796,2020-09-13,9,1
2020,2020-09-21,112,10.0,False,7873,2020-09-20,9,1
2020,2020-09-28,112,10.0,False,7915,2020-09-27,9,1
2020,2020-08-31,112,21.0,False,7791,2020-08-30,9,1
2020,2020-09-07,112,21.0,False,7751,2020-09-06,9,1
2020,2020-09-14,112,21.0,False,7796,2020-09-13,9,1
2020,2020-09-21,112,21.0,False,7873,2020-09-20,9,1
2020,2020-09-28,112,21.0,False,7915,2020-09-27,9,1
2020,2020-08-31,112,14.0,False,7791,2020-08-30,9,1
2020,2020-09-07,112,14.0,False,7751,2020-09-06,9,1
2020,2020-09-14,112,14.0,False,7796,2020-09-13,9,1
2020,2020-09-21,112,14.0,False,7873,2020-09-20,9,1
2020,2020-09-28,112,14.0,False,7915,2020-09-27,9,1
2020,2020-08-31,84,3.5,False,5753,2020-08-30,9,1
2020,2020-09-07,84,3.5,False,5703,2020-09-06,9,1
2020,2020-09-14,84,3.5,False,5770,2020-09-13,9,1
2020,2020-09-21,84,3.5,False,5879,2020-09-20,9,1
2020,2020-09-28,84,3.5,False,5936,2020-09-27,9,1
2020,2020-08-31,28,7.0,False,1998,2020-08-30,9,1
2020,2020-09-07,28,7.0,False,2096,2020-09-06,9,1
2020,2020-09-14,28,7.0,False,2142,2020-09-13,9,1
2020,2020-09-21,28,7.0,False,2215,2020-09-20,9,1
2020,2020-09-28,28,7.0,False,2162,2020-09-27,9,1
2020,2020-08-31,84,14.0,True,5753,2020-08-30,9,15
2020,2020-09-07,84,14.0,True,5703,2020-09-06,9,15
2020,2020-09-14,84,14.0,True,5770,2020-09-13,9,15
2020,2020-09-21,84,14.0,True,5879,2020-09-20,9,15
2020,2020-09-28,84,14.0,True,5936,2020-09-27,9,15
2020,2020-09-01,84,3.5,False,5753,2020-08-30,9,1
2020,2020-09-02,84,3.5,False,5742,2020-09-01,9,1
2020,2020-09-03,84,3.5,False,5695,2020-09-02,9,1
2020,2020-09-04,84,3.5,False,5695,2020-09-03,9,1
2020,2020-09-05,84,3.5,False,5767,2020-09-04,9,1
2020,2020-09-06,84,3.5,False,5694,2020-09-05,9,1
2020,2020-09-08,84,3.5,False,5725,2020-09-07,9,1
2020,2020-09-09,84,3.5,False,5732,2020-09-08,9,1
2020,2020-09-10,84,3.5,False,5747,2020-09-09,9,1
2020,2020-09-11,84,3.5,False,5774,2020-09-10,9,1
2020,2020-09-12,84,3.5,False,5760,2020-09-11,9,1
2020,2020-09-13,84,3.5,False,5756,2020-09-12,9,1
2020,2020-09-15,84,3.5,False,5770,2020-09-13,9,1
2020,2020-09-16,84,3.5,False,5779,2020-09-15,9,1
2020,2020-09-17,84,3.5,False,5854,2020-09-16,9,1
2020,2020-09-18,84,3.5,False,5809,2020-09-17,9,1
2020,2020-09-19,84,3.5,False,5819,2020-09-18,9,1
2020,2020-09-20,84,3.5,False,5834,2020-09-19,9,1
2020,2020-09-22,84,3.5,False,5879,2020-09-20,9,1
2020,2020-09-23,84,3.5,False,5872,2020-09-22,9,1
2020,2020-09-24,84,3.5,False,5886,2020-09-23,9,1
2020,2020-09-25,84,3.5,False,5891,2020-09-24,9,1
2020,2020-09-26,84,3.5,False,5910,2020-09-25,9,1
2020,2020-09-27,84,3.5,False,5906,2020-09-26,9,1
2020,2020-09-29,84,3.5,False,5936,2020-09-27,9,1
2020,2020-09-30,84,3.5,False,5938,2020-09-29,9,1
2020,2020-09-01,56,7.0,False,3774,2020-08-30,9,1
2020,2020-09-02,56,7.0,False,3766,2020-09-01,9,1
2020,2020-09-03,56,7.0,False,3706,2020-09-02,9,1
2020,2020-09-04,56,7.0,False,3716,2020-09-03,9,1
2020,2020-09-05,56,7.0,False,3762,2020-09-04,9,1
2020,2020-09-06,56,7.0,False,3714,2020-09-05,9,1
2020,2020-09-08,56,7.0,False,3798,2020-09-07,9,1
2020,2020-09-09,56,7.0,False,3831,2020-09-08,9,1
2020,2020-09-10,56,7.0,False,3848,2020-09-09,9,1
2020,2020-09-11,56,7.0,False,3852,2020-09-10,9,1
2020,2020-09-12,56,7.0,False,3817,2020-09-11,9,1
2020,2020-09-13,56,7.0,False,3811,2020-09-12,9,1
2020,2020-09-15,56,7.0,False,3840,2020-09-13,9,1
2020,2020-09-16,56,7.0,False,3844,2020-09-15,9,1
2020,2020-09-17,56,7.0,False,3920,2020-09-16,9,1
2020,2020-09-18,56,7.0,False,3997,2020-09-17,9,1
2020,2020-09-19,56,7.0,False,4022,2020-09-18,9,1
2020,2020-09-20,56,7.0,False,4045,2020-09-19,9,1
2020,2020-09-22,56,7.0,False,4065,2020-09-20,9,1
2020,2020-09-23,56,7.0,False,4065,2020-09-22,9,1
2020,2020-09-24,56,7.0,False,4112,2020-09-23,9,1
2020,2020-09-25,56,7.0,False,4137,2020-09-24,9,1
2020,2020-09-26,56,7.0,False,4148,2020-09-25,9,1
2020,2020-09-27,56,7.0,False,4123,2020-09-26,9,1
2020,2020-09-29,56,7.0,False,4160,2020-09-27,9,1
2020,2020-09-30,56,7.0,False,4183,2020-09-29,9,1
2020,2020-09-02,56,14.0,False,3766,2020-09-01,9,1
2020,2020-09-03,56,14.0,False,3706,2020-09-02,9,1
2020,2020-09-04,56,14.0,False,3716,2020-09-03,9,1
2020,2020-09-05,56,14.0,False,3762,2020-09-04,9,1
2020,2020-09-06,56,14.0,False,3714,2020-09-05,9,1
2020,2020-09-08,56,14.0,False,3798,2020-09-07,9,1
2020,2020-09-09,56,14.0,False,3831,2020-09-08,9,1
2020,2020-09-10,56,14.0,False,3848,2020-09-09,9,1
2020,2020-09-11,56,14.0,False,3852,2020-09-10,9,1
2020,2020-09-12,56,14.0,False,3817,2020-09-11,9,1
2020,2020-09-13,56,14.0,False,3811,2020-09-12,9,1
2020,2020-09-15,56,14.0,False,3840,2020-09-13,9,1
2020,2020-09-16,56,14.0,False,3844,2020-09-15,9,1
2020,2020-09-17,56,14.0,False,3920,2020-09-16,9,1
2020,2020-09-18,56,14.0,False,3997,2020-09-17,9,1
2020,2020-09-19,56,14.0,False,4022,2020-09-18,9,1
2020,2020-09-20,56,14.0,False,4045,2020-09-19,9,1
2020,2020-09-22,56,14.0,False,4065,2020-09-20,9,1
2020,2020-09-23,56,14.0,False,4065,2020-09-22,9,1
2020,2020-09-24,56,14.0,False,4112,2020-09-23,9,1
2020,2020-09-25,56,14.0,False,4137,2020-09-24,9,1
2020,2020-09-26,56,14.0,False,4148,2020-09-25,9,1
2020,2020-09-27,56,14.0,False,4123,2020-09-26,9,1
2020,2020-09-29,56,14.0,False,4160,2020-09-27,9,1
2020,2020-09-30,56,14.0,False,4183,2020-09-29,9,1
2020,2020-09-02,56,28.0,False,3766,2020-09-01,9,1
2020,2020-09-03,56,28.0,False,3706,2020-09-02,9,1
2020,2020-09-04,56,28.0,False,3716,2020-09-03,9,1
2020,2020-09-05,56,28.0,False,3762,2020-09-04,9,1
2020,2020-09-06,56,28.0,False,3714,2020-09-05,9,1
2020,2020-09-08,56,28.0,False,3798,2020-09-07,9,1
2020,2020-09-09,56,28.0,False,3831,2020-09-08,9,1
2020,2020-09-10,56,28.0,False,3848,2020-09-09,9,1
2020,2020-09-11,56,28.0,False,3852,2020-09-10,9,1
2020,2020-09-12,56,28.0,False,3817,2020-09-11,9,1
2020,2020-09-13,56,28.0,False,3811,2020-09-12,9,1
2020,2020-09-15,56,28.0,False,3840,2020-09-13,9,1
2020,2020-09-16,56,28.0,False,3844,2020-09-15,9,1
2020,2020-09-17,56,28.0,False,3920,2020-09-16,9,1
2020,2020-09-18,56,28.0,False,3997,2020-09-17,9,1
2020,2020-09-19,56,28.0,False,4022,2020-09-18,9,1
2020,2020-09-20,56,28.0,False,4045,2020-09-19,9,1
2020,2020-09-22,56,28.0,False,4065,2020-09-20,9,1
2020,2020-09-23,56,28.0,False,4065,2020-09-22,9,1
2020,2020-09-24,56,28.0,False,4112,2020-09-23,9,1
2020,2020-09-25,56,28.0,False,4137,2020-09-24,9,1
2020,2020-09-26,56,28.0,False,4148,2020-09-25,9,1
2020,2020-09-27,56,28.0,False,4123,2020-09-26,9,1
2020,2020-09-29,56,28.0,False,4160,2020-09-27,9,1
2020,2020-09-30,56,28.0,False,4183,2020-09-29,9,1
2020,2020-09-01,84,7.0,False,5753,2020-08-30,9,1
2020,2020-09-02,84,7.0,False,5742,2020-09-01,9,1
2020,2020-09-03,84,7.0,False,5695,2020-09-02,9,1
2020,2020-09-04,84,7.0,False,5695,2020-09-03,9,1
2020,2020-09-05,84,7.0,False,5767,2020-09-04,9,1
2020,2020-09-06,84,7.0,False,5694,2020-09-05,9,1
2020,2020-09-08,84,7.0,False,5725,2020-09-07,9,1
2020,2020-09-09,84,7.0,False,5732,2020-09-08,9,1
2020,2020-09-10,84,7.0,False,5747,2020-09-09,9,1
2020,2020-09-11,84,7.0,False,5774,2020-09-10,9,1
2020,2020-09-12,84,7.0,False,5760,2020-09-11,9,1
2020,2020-09-13,84,7.0,False,5756,2020-09-12,9,1
2020,2020-09-15,84,7.0,False,5770,2020-09-13,9,1
2020,2020-09-16,84,7.0,False,5779,2020-09-15,9,1
2020,2020-09-17,84,7.0,False,5854,2020-09-16,9,1
2020,2020-09-18,84,7.0,False,5809,2020-09-17,9,1
2020,2020-09-19,84,7.0,False,5819,2020-09-18,9,1
2020,2020-09-20,84,7.0,False,5834,2020-09-19,9,1
2020,2020-09-22,84,7.0,False,5879,2020-09-20,9,1
2020,2020-09-23,84,7.0,False,5872,2020-09-22,9,1
2020,2020-09-24,84,7.0,False,5886,2020-09-23,9,1
2020,2020-09-25,84,7.0,False,5891,2020-09-24,9,1
2020,2020-09-26,84,7.0,False,5910,2020-09-25,9,1
2020,2020-09-27,84,7.0,False,5906,2020-09-26,9,1
2020,2020-09-29,84,7.0,False,5936,2020-09-27,9,1
2020,2020-09-30,84,7.0,False,5938,2020-09-29,9,1
2020,2020-09-02,84,14.0,False,5742,2020-09-01,9,1
2020,2020-09-03,84,14.0,False,5695,2020-09-02,9,1
2020,2020-09-04,84,14.0,False,5695,2020-09-03,9,1
2020,2020-09-05,84,14.0,False,5767,2020-09-04,9,1
2020,2020-09-06,84,14.0,False,5694,2020-09-05,9,1
2020,2020-09-08,84,14.0,False,5725,2020-09-07,9,1
2020,2020-09-09,84,14.0,False,5732,2020-09-08,9,1
2020,2020-09-10,84,14.0,False,5747,2020-09-09,9,1
2020,2020-09-11,84,14.0,False,5774,2020-09-10,9,1
2020,2020-09-12,84,14.0,False,5760,2020-09-11,9,1
2020,2020-09-13,84,14.0,False,5756,2020-09-12,9,1
2020,2020-09-15,84,14.0,False,5770,2020-09-13,9,1
2020,2020-09-16,84,14.0,False,5779,2020-09-15,9,1
2020,2020-09-17,84,14.0,False,5854,2020-09-16,9,1
2020,2020-09-18,84,14.0,False,5809,2020-09-17,9,1
2020,2020-09-19,84,14.0,False,5819,2020-09-18,9,1
2020,2020-09-20,84,14.0,False,5834,2020-09-19,9,1
2020,2020-09-22,84,14.0,False,5879,2020-09-20,9,1
2020,2020-09-23,84,14.0,False,5872,2020-09-22,9,1
2020,2020-09-24,84,14.0,False,5886,2020-09-23,9,1
2020,2020-09-25,84,14.0,False,5891,2020-09-24,9,1
2020,2020-09-26,84,14.0,False,5910,2020-09-25,9,1
2020,2020-09-27,84,14.0,False,5906,2020-09-26,9,1
2020,2020-09-29,84,14.0,False,5936,2020-09-27,9,1
2020,2020-09-30,84,14.0,False,5938,2020-09-29,9,1
2020,2020-09-02,84,28.0,False,5742,2020-09-01,9,1
2020,2020-09-03,84,28.0,False,5695,2020-09-02,9,1
2020,2020-09-04,84,28.0,False,5695,2020-09-03,9,1
2020,2020-09-05,84,28.0,False,5767,2020-09-04,9,1
2020,2020-09-06,84,28.0,False,5694,2020-09-05,9,1
2020,2020-09-08,84,28.0,False,5725,2020-09-07,9,1
2020,2020-09-09,84,28.0,False,5732,2020-09-08,9,1
2020,2020-09-10,84,28.0,False,5747,2020-09-09,9,1
2020,2020-09-11,84,28.0,False,5774,2020-09-10,9,1
2020,2020-09-12,84,28.0,False,5760,2020-09-11,9,1
2020,2020-09-13,84,28.0,False,5756,2020-09-12,9,1
2020,2020-09-15,84,28.0,False,5770,2020-09-13,9,1
2020,2020-09-16,84,28.0,False,5779,2020-09-15,9,1
2020,2020-09-17,84,28.0,False,5854,2020-09-16,9,1
2020,2020-09-18,84,28.0,False,5809,2020-09-17,9,1
2020,2020-09-19,84,28.0,False,5819,2020-09-18,9,1
2020,2020-09-20,84,28.0,False,5834,2020-09-19,9,1
2020,2020-09-22,84,28.0,False,5879,2020-09-20,9,1
2020,2020-09-23,84,28.0,False,5872,2020-09-22,9,1
2020,2020-09-24,84,28.0,False,5886,2020-09-23,9,1
2020,2020-09-25,84,28.0,False,5891,2020-09-24,9,1
2020,2020-09-26,84,28.0,False,5910,2020-09-25,9,1
2020,2020-09-27,84,28.0,False,5906,2020-09-26,9,1
2020,2020-09-29,84,28.0,False,5936,2020-09-27,9,1
2020,2020-09-30,84,28.0,False,5938,2020-09-29,9,1
2021,2021-06-01,28,,False,1911,2021-05-30,9,1
2021,2021-06-01,28,14.0,False,1911,2021-05-30,9,1
2021,2021-06-01,28,28.0,False,1911,2021-05-30,9,1
2021,2021-06-01,28,28.0,True,1911,2021-05-30,9,15
2021,2021-06-01,56,,False,4125,2021-05-30,9,1
2021,2021-06-01,56,14.0,False,4125,2021-05-30,9,1
2021,2021-06-01,56,28.0,False,4125,2021-05-30,9,1
2021,2021-06-01,56,28.0,True,4125,2021-05-30,9,15
2021,2021-06-01,84,,False,4288,2021-05-30,9,1
2021,2021-06-01,84,14.0,False,4288,2021-05-30,9,1
2021,2021-06-01,84,28.0,False,4288,2021-05-30,9,1
2021,2021-06-01,84,28.0,True,4288,2021-05-30,9,15
2021,2021-05-31,28,,False,1911,2021-05-30,9,1
2021,2021-06-07,28,,False,1911,2021-06-06,9,1
2021,2021-06-14,28,,False,1968,2021-06-13,9,1
2021,2021-06-21,28,,False,2017,2021-06-20,9,1
2021,2021-06-28,28,,False,2084,2021-06-27,9,1
2021,2021-05-31,28,14.0,False,1911,2021-05-30,9,1
2021,2021-06-07,28,14.0,False,1911,2021-06-06,9,1
2021,2021-06-14,28,14.0,False,1968,2021-06-13,9,1
2021,2021-06-21,28,14.0,False,2017,2021-06-20,9,1
2021,2021-06-28,28,14.0,False,2084,2021-06-27,9,1
2021,2021-05-31,28,28.0,False,1911,2021-05-30,9,1
2021,2021-06-07,28,28.0,False,1911,2021-06-06,9,1
2021,2021-06-14,28,28.0,False,1968,2021-06-13,9,1
2021,2021-06-21,28,28.0,False,2017,2021-06-20,9,1
2021,2021-06-28,28,28.0,False,2084,2021-06-27,9,1
2021,2021-05-31,28,28.0,True,1911,2021-05-30,9,15
2021,2021-06-07,28,28.0,True,1911,2021-06-06,9,15
2021,2021-06-14,28,28.0,True,1968,2021-06-13,9,15
2021,2021-06-21,28,28.0,True,2017,2021-06-20,9,15
2021,2021-06-28,28,28.0,True,2084,2021-06-27,9,15
2021,2021-05-31,56,,False,4125,2021-05-30,9,1
2021,2021-06-07,56,,False,4019,2021-06-06,9,1
2021,2021-06-14,56,,False,3977,2021-06-13,9,1
2021,2021-06-21,56,,False,4001,2021-06-20,9,1
2021,2021-06-28,56,,False,3995,2021-06-27,9,1
2021,2021-05-31,56,14.0,False,4125,2021-05-30,9,1
2021,2021-06-07,56,14.0,False,4019,2021-06-06,9,1
2021,2021-06-14,56,14.0,False,3977,2021-06-13,9,1
2021,2021-06-21,56,14.0,False,4001,2021-06-20,9,1
2021,2021-06-28,56,14.0,False,3995,2021-06-27,9,1
2021,2021-05-31,56,28.0,False,4125,2021-05-30,9,1
2021,2021-06-07,56,28.0,False,4019,2021-06-06,9,1
2021,2021-06-14,56,28.0,False,3977,2021-06-13,9,1
2021,2021-06-21,56,28.0,False,4001,2021-06-20,9,1
2021,2021-06-28,56,28.0,False,3995,2021-06-27,9,1
2021,2021-05-31,56,28.0,True,4125,2021-05-30,9,15
2021,2021-06-07,56,28.0,True,4019,2021-06-06,9,15
2021,2021-06-14,56,28.0,True,3977,2021-06-13,9,15
2021,2021-06-21,56,28.0,True,4001,2021-06-20,9,15
2021,2021-06-28,56,28.0,True,3995,2021-06-27,9,15
2021,2021-05-31,84,,False,4288,2021-05-30,9,1
2021,2021-06-07,84,,False,4760,2021-06-06,9,1
2021,2021-06-14,84,,False,5281,2021-06-13,9,1
2021,2021-06-21,84,,False,5798,2021-06-20,9,1
2021,2021-06-28,84,,False,6209,2021-06-27,9,1
2021,2021-05-31,84,14.0,False,4288,2021-05-30,9,1
2021,2021-06-07,84,14.0,False,4760,2021-06-06,9,1
2021,2021-06-14,84,14.0,False,5281,2021-06-13,9,1
2021,2021-06-21,84,14.0,False,5798,2021-06-20,9,1
2021,2021-06-28,84,14.0,False,6209,2021-06-27,9,1
2021,2021-05-31,84,28.0,False,4288,2021-05-30,9,1
2021,2021-06-07,84,28.0,False,4760,2021-06-06,9,1
2021,2021-06-14,84,28.0,False,5281,2021-06-13,9,1
2021,2021-06-21,84,28.0,False,5798,2021-06-20,9,1
2021,2021-06-28,84,28.0,False,6209,2021-06-27,9,1
2021,2021-05-31,84,28.0,True,4288,2021-05-30,9,15
2021,2021-06-07,84,28.0,True,4760,2021-06-06,9,15
2021,2021-06-14,84,28.0,True,5281,2021-06-13,9,15
2021,2021-06-21,84,28.0,True,5798,2021-06-20,9,15
2021,2021-06-28,84,28.0,True,6209,2021-06-27,9,15
2021,2021-05-31,56,7.0,False,4125,2021-05-30,9,1
2021,2021-06-07,56,7.0,False,4019,2021-06-06,9,1
2021,2021-06-14,56,7.0,False,3977,2021-06-13,9,1
2021,2021-06-21,56,7.0,False,4001,2021-06-20,9,1
2021,2021-06-28,56,7.0,False,3995,2021-06-27,9,1
2021,2021-05-31,56,10.0,False,4125,2021-05-30,9,1
2021,2021-06-07,56,10.0,False,4019,2021-06-06,9,1
2021,2021-06-14,56,10.0,False,3977,2021-06-13,9,1
2021,2021-06-21,56,10.0,False,4001,2021-06-20,9,1
2021,2021-06-28,56,10.0,False,3995,2021-06-27,9,1
2021,2021-05-31,56,21.0,False,4125,2021-05-30,9,1
2021,2021-06-07,56,21.0,False,4019,2021-06-06,9,1
2021,2021-06-14,56,21.0,False,3977,2021-06-13,9,1
2021,2021-06-21,56,21.0,False,4001,2021-06-20,9,1
2021,2021-06-28,56,21.0,False,3995,2021-06-27,9,1
2021,2021-05-31,84,7.0,False,4288,2021-05-30,9,1
2021,2021-06-07,84,7.0,False,4760,2021-06-06,9,1
2021,2021-06-14,84,7.0,False,5281,2021-06-13,9,1
2021,2021-06-21,84,7.0,False,5798,2021-06-20,9,1
2021,2021-06-28,84,7.0,False,6209,2021-06-27,9,1
2021,2021-05-31,84,10.0,False,4288,2021-05-30,9,1
2021,2021-06-07,84,10.0,False,4760,2021-06-06,9,1
2021,2021-06-14,84,10.0,False,5281,2021-06-13,9,1
2021,2021-06-21,84,10.0,False,5798,2021-06-20,9,1
2021,2021-06-28,84,10.0,False,6209,2021-06-27,9,1
2021,2021-05-31,84,21.0,False,4288,2021-05-30,9,1
2021,2021-06-07,84,21.0,False,4760,2021-06-06,9,1
2021,2021-06-14,84,21.0,False,5281,2021-06-13,9,1
2021,2021-06-21,84,21.0,False,5798,2021-06-20,9,1
2021,2021-06-28,84,21.0,False,6209,2021-06-27,9,1
2021,2021-05-31,112,7.0,False,4288,2021-05-30,9,1
2021,2021-06-07,112,7.0,False,4760,2021-06-06,9,1
2021,2021-06-14,112,7.0,False,5281,2021-06-13,9,1
2021,2021-06-21,112,7.0,False,5838,2021-06-20,9,1
2021,2021-06-28,112,7.0,False,6372,2021-06-27,9,1
2021,2021-05-31,112,10.0,False,4288,2021-05-30,9,1
2021,2021-06-07,112,10.0,False,4760,2021-06-06,9,1
2021,2021-06-14,112,10.0,False,5281,2021-06-13,9,1
2021,2021-06-21,112,10.0,False,5838,2021-06-20,9,1
2021,2021-06-28,112,10.0,False,6372,2021-06-27,9,1
2021,2021-05-31,112,21.0,False,4288,2021-05-30,9,1
2021,2021-06-07,112,21.0,False,4760,2021-06-06,9,1
2021,2021-06-14,112,21.0,False,5281,2021-06-13,9,1
2021,2021-06-21,112,21.0,False,5838,2021-06-20,9,1
2021,2021-06-28,112,21.0,False,6372,2021-06-27,9,1
2021,2021-05-31,112,14.0,False,4288,2021-05-30,9,1
2021,2021-06-07,112,14.0,False,4760,2021-06-06,9,1
2021,2021-06-14,112,14.0,False,5281,2021-06-13,9,1
2021,2021-06-21,112,14.0,False,5838,2021-06-20,9,1
2021,2021-06-28,112,14.0,False,6372,2021-06-27,9,1
2021,2021-05-31,84,3.5,False,4288,2021-05-30,9,1
2021,2021-06-07,84,3.5,False,4760,2021-06-06,9,1
2021,2021-06-14,84,3.5,False,5281,2021-06-13,9,1
2021,2021-06-21,84,3.5,False,5798,2021-06-20,9,1
2021,2021-06-28,84,3.5,False,6209,2021-06-27,9,1
2021,2021-05-31,28,7.0,False,1911,2021-05-30,9,1
2021,2021-06-07,28,7.0,False,1911,2021-06-06,9,1
2021,2021-06-14,28,7.0,False,1968,2021-06-13,9,1
2021,2021-06-21,28,7.0,False,2017,2021-06-20,9,1
2021,2021-06-28,28,7.0,False,2084,2021-06-27,9,1
2021,2021-05-31,84,14.0,True,4288,2021-05-30,9,15
2021,2021-06-07,84,14.0,True,4760,2021-06-06,9,15
2021,2021-06-14,84,14.0,True,5281,2021-06-13,9,15
2021,2021-06-21,84,14.0,True,5798,2021-06-20,9,15
2021,2021-06-28,84,14.0,True,6209,2021-06-27,9,15
2021,2021-06-01,84,3.5,False,4288,2021-05-30,9,1
2021,2021-06-02,84,3.5,False,4364,2021-06-01,9,1
2021,2021-06-03,84,3.5,False,4458,2021-06-02,9,1
2021,2021-06-04,84,3.5,False,4477,2021-06-03,9,1
2021,2021-06-05,84,3.5,False,4560,2021-06-04,9,1
2021,2021-06-06,84,3.5,False,4655,2021-06-05,9,1
2021,2021-06-08,84,3.5,False,4760,2021-06-06,9,1
2021,2021-06-09,84,3.5,False,4854,2021-06-08,9,1
2021,2021-06-10,84,3.5,False,4953,2021-06-09,9,1
2021,2021-06-11,84,3.5,False,5012,2021-06-10,9,1
2021,2021-06-12,84,3.5,False,5092,2021-06-11,9,1
2021,2021-06-13,84,3.5,False,5158,2021-06-12,9,1
2021,2021-06-15,84,3.5,False,5263,2021-06-13,9,1
2021,2021-06-16,84,3.5,False,5319,2021-06-15,9,1
2021,2021-06-17,84,3.5,False,5452,2021-06-16,9,1
2021,2021-06-18,84,3.5,False,5512,2021-06-17,9,1
2021,2021-06-19,84,3.5,False,5593,2021-06-18,9,1
2021,2021-06-20,84,3.5,False,5711,2021-06-19,9,1
2021,2021-06-22,84,3.5,False,5798,2021-06-20,9,1
2021,2021-06-23,84,3.5,False,5858,2021-06-22,9,1
2021,2021-06-24,84,3.5,False,5943,2021-06-23,9,1
2021,2021-06-25,84,3.5,False,6017,2021-06-24,9,1
2021,2021-06-26,84,3.5,False,6088,2021-06-25,9,1
2021,2021-06-27,84,3.5,False,6199,2021-06-26,9,1
2021,2021-06-29,84,3.5,False,6209,2021-06-27,9,1
2021,2021-06-30,84,3.5,False,6173,2021-06-29,9,1
2021,2021-06-01,56,7.0,False,4125,2021-05-30,9,1
2021,2021-06-02,56,7.0,False,4105,2021-06-01,9,1
2021,2021-06-03,56,7.0,False,4089,2021-06-02,9,1
2021,2021-06-04,56,7.0,False,4009,2021-06-03,9,1
2021,2021-06-05,56,7.0,False,4002,2021-06-04,9,1
2021,2021-06-06,56,7.0,False,4008,2021-06-05,9,1
2021,2021-06-08,56,7.0,False,4019,2021-06-06,9,1
2021,2021-06-09,56,7.0,False,4021,2021-06-08,9,1
2021,2021-06-10,56,7.0,False,4027,2021-06-09,9,1
2021,2021-06-11,56,7.0,False,3994,2021-06-10,9,1
2021,2021-06-12,56,7.0,False,3979,2021-06-11,9,1
2021,2021-06-13,56,7.0,False,3936,2021-06-12,9,1
2021,2021-06-15,56,7.0,False,3977,2021-06-13,9,1
2021,2021-06-16,56,7.0,False,3938,2021-06-15,9,1
2021,2021-06-17,56,7.0,False,3973,2021-06-16,9,1
2021,2021-06-18,56,7.0,False,3966,2021-06-17,9,1
2021,2021-06-19,56,7.0,False,3965,2021-06-18,9,1
2021,2021-06-20,56,7.0,False,3997,2021-06-19,9,1
2021,2021-06-22,56,7.0,False,4001,2021-06-20,9,1
2021,2021-06-23,56,7.0,False,3992,2021-06-22,9,1
2021,2021-06-24,56,7.0,False,3988,2021-06-23,9,1
2021,2021-06-25,56,7.0,False,3978,2021-06-24,9,1
2021,2021-06-26,56,7.0,False,3953,2021-06-25,9,1
2021,2021-06-27,56,7.0,False,3983,2021-06-26,9,1
2021,2021-06-29,56,7.0,False,3995,2021-06-27,9,1
2021,2021-06-30,56,7.0,False,4055,2021-06-29,9,1
2021,2021-06-02,56,14.0,False,4105,2021-06-01,9,1
2021,2021-06-03,56,14.0,False,4089,2021-06-02,9,1
2021,2021-06-04,56,14.0,False,4009,2021-06-03,9,1
2021,2021-06-05,56,14.0,False,4002,2021-06-04,9,1
2021,2021-06-06,56,14.0,False,4008,2021-06-05,9,1
2021,2021-06-08,56,14.0,False,4019,2021-06-06,9,1
2021,2021-06-09,56,14.0,False,4021,2021-06-08,9,1
2021,2021-06-10,56,14.0,False,4027,2021-06-09,9,1
2021,2021-06-11,56,14.0,False,3994,2021-06-10,9,1
2021,2021-06-12,56,14.0,False,3979,2021-06-11,9,1
2021,2021-06-13,56,14.0,False,3936,2021-06-12,9,1
2021,2021-06-15,56,14.0,False,3977,2021-06-13,9,1
2021,2021-06-16,56,14.0,False,3938,2021-06-15,9,1
2021,2021-06-17,56,14.0,False,3973,2021-06-16,9,1
2021,2021-06-18,56,14.0,False,3966,2021-06-17,9,1
2021,2021-06-19,56,14.0,False,3965,2021-06-18,9,1
2021,2021-06-20,56,14.0,False,3997,2021-06-19,9,1
2021,2021-06-22,56,14.0,False,4001,2021-06-20,9,1
2021,2021-06-23,56,14.0,False,3992,2021-06-22,9,1
2021,2021-06-24,56,14.0,False,3988,2021-06-23,9,1
2021,2021-06-25,56,14.0,False,3978,2021-06-24,9,1
2021,2021-06-26,56,14.0,False,3953,2021-06-25,9,1
2021,2021-06-27,56,14.0,False,3983,2021-06-26,9,1
2021,2021-06-29,56,14.0,False,3995,2021-06-27,9,1
2021,2021-06-30,56,14.0,False,4055,2021-06-29,9,1
2021,2021-06-02,56,28.0,False,4105,2021-06-01,9,1
2021,2021-06-03,56,28.0,False,4089,2021-06-02,9,1
2021,2021-06-04,56,28.0,False,4009,2021-06-03,9,1
2021,2021-06-05,56,28.0,False,4002,2021-06-04,9,1
2021,2021-06-06,56,28.0,False,4008,2021-06-05,9,1
2021,2021-06-08,56,28.0,False,4019,2021-06-06,9,1
2021,2021-06-09,56,28.0,False,4021,2021-06-08,9,1
2021,2021-06-10,56,28.0,False,4027,2021-06-09,9,1
2021,2021-06-11,56,28.0,False,3994,2021-06-10,9,1
2021,2021-06-12,56,28.0,False,3979,2021-06-11,9,1
2021,2021-06-13,56,28.0,False,3936,2021-06-12,9,1
2021,2021-06-15,56,28.0,False,3977,2021-06-13,9,1
2021,2021-06-16,56,28.0,False,3938,2021-06-15,9,1
2021,2021-06-17,56,28.0,False,3973,2021-06-16,9,1
2021,2021-06-18,56,28.0,False,3966,2021-06-17,9,1
2021,2021-06-19,56,28.0,False,3965,2021-06-18,9,1
2021,2021-06-20,56,28.0,False,3997,2021-06-19,9,1
2021,2021-06-22,56,28.0,False,4001,2021-06-20,9,1
2021,2021-06-23,56,28.0,False,3992,2021-06-22,9,1
2021,2021-06-24,56,28.0,False,3988,2021-06-23,9,1
2021,2021-06-25,56,28.0,False,3978,2021-06-24,9,1
2021,2021-06-26,56,28.0,False,3953,2021-06-25,9,1
2021,2021-06-27,56,28.0,False,3983,2021-06-26,9,1
2021,2021-06-29,56,28.0,False,3995,2021-06-27,9,1
2021,2021-06-30,56,28.0,False,4055,2021-06-29,9,1
2021,2021-06-01,84,7.0,False,4288,2021-05-30,9,1
2021,2021-06-02,84,7.0,False,4364,2021-06-01,9,1
2021,2021-06-03,84,7.0,False,4458,2021-06-02,9,1
2021,2021-06-04,84,7.0,False,4477,2021-06-03,9,1
2021,2021-06-05,84,7.0,False,4560,2021-06-04,9,1
2021,2021-06-06,84,7.0,False,4655,2021-06-05,9,1
2021,2021-06-08,84,7.0,False,4760,2021-06-06,9,1
2021,2021-06-09,84,7.0,False,4854,2021-06-08,9,1
2021,2021-06-10,84,7.0,False,4953,2021-06-09,9,1
2021,2021-06-11,84,7.0,False,5012,2021-06-10,9,1
2021,2021-06-12,84,7.0,False,5092,2021-06-11,9,1
2021,2021-06-13,84,7.0,False,5158,2021-06-12,9,1
2021,2021-06-15,84,7.0,False,5263,2021-06-13,9,1
2021,2021-06-16,84,7.0,False,5319,2021-06-15,9,1
2021,2021-06-17,84,7.0,False,5452,2021-06-16,9,1
2021,2021-06-18,84,7.0,False,5512,2021-06-17,9,1
2021,2021-06-19,84,7.0,False,5593,2021-06-18,9,1
2021,2021-06-20,84,7.0,False,5711,2021-06-19,9,1
2021,2021-06-22,84,7.0,False,5798,2021-06-20,9,1
2021,2021-06-23,84,7.0,False,5858,2021-06-22,9,1
2021,2021-06-24,84,7.0,False,5943,2021-06-23,9,1
2021,2021-06-25,84,7.0,False,6017,2021-06-24,9,1
2021,2021-06-26,84,7.0,False,6088,2021-06-25,9,1
2021,2021-06-27,84,7.0,False,6199,2021-06-26,9,1
2021,2021-06-29,84,7.0,False,6209,2021-06-27,9,1
2021,2021-06-30,84,7.0,False,6173,2021-06-29,9,1
2021,2021-06-02,84,14.0,False,4364,2021-06-01,9,1
2021,2021-06-03,84,14.0,False,4458,2021-06-02,9,1
2021,2021-06-04,84,14.0,False,4477,2021-06-03,9,1
2021,2021-06-05,84,14.0,False,4560,2021-06-04,9,1
2021,2021-06-06,84,14.0,False,4655,2021-06-05,9,1
2021,2021-06-08,84,14.0,False,4760,2021-06-06,9,1
2021,2021-06-09,84,14.0,False,4854,2021-06-08,9,1
2021,2021-06-10,84,14.0,False,4953,2021-06-09,9,1
2021,2021-06-11,84,14.0,False,5012,2021-06-10,9,1
2021,2021-06-12,84,14.0,False,5092,2021-06-11,9,1
2021,2021-06-13,84,14.0,False,5158,2021-06-12,9,1
2021,2021-06-15,84,14.0,False,5263,2021-06-13,9,1
2021,2021-06-16,84,14.0,False,5319,2021-06-15,9,1
2021,2021-06-17,84,14.0,False,5452,2021-06-16,9,1
2021,2021-06-18,84,14.0,False,5512,2021-06-17,9,1
2021,2021-06-19,84,14.0,False,5593,2021-06-18,9,1
2021,2021-06-20,84,14.0,False,5711,2021-06-19,9,1
2021,2021-06-22,84,14.0,False,5798,2021-06-20,9,1
2021,2021-06-23,84,14.0,False,5858,2021-06-22,9,1
2021,2021-06-24,84,14.0,False,5943,2021-06-23,9,1
2021,2021-06-25,84,14.0,False,6017,2021-06-24,9,1
2021,2021-06-26,84,14.0,False,6088,2021-06-25,9,1
2021,2021-06-27,84,14.0,False,6199,2021-06-26,9,1
2021,2021-06-29,84,14.0,False,6209,2021-06-27,9,1
2021,2021-06-30,84,14.0,False,6173,2021-06-29,9,1
2021,2021-06-02,84,28.0,False,4364,2021-06-01,9,1
2021,2021-06-03,84,28.0,False,4458,2021-06-02,9,1
2021,2021-06-04,84,28.0,False,4477,2021-06-03,9,1
2021,2021-06-05,84,28.0,False,4560,2021-06-04,9,1
2021,2021-06-06,84,28.0,False,4655,2021-06-05,9,1
2021,2021-06-08,84,28.0,False,4760,2021-06-06,9,1
2021,2021-06-09,84,28.0,False,4854,2021-06-08,9,1
2021,2021-06-10,84,28.0,False,4953,2021-06-09,9,1
2021,2021-06-11,84,28.0,False,5012,2021-06-10,9,1
2021,2021-06-12,84,28.0,False,5092,2021-06-11,9,1
2021,2021-06-13,84,28.0,False,5158,2021-06-12,9,1
2021,2021-06-15,84,28.0,False,5263,2021-06-13,9,1
2021,2021-06-16,84,28.0,False,5319,2021-06-15,9,1
2021,2021-06-17,84,28.0,False,5452,2021-06-16,9,1
2021,2021-06-18,84,28.0,False,5512,2021-06-17,9,1
2021,2021-06-19,84,28.0,False,5593,2021-06-18,9,1
2021,2021-06-20,84,28.0,False,5711,2021-06-19,9,1
2021,2021-06-22,84,28.0,False,5798,2021-06-20,9,1
2021,2021-06-23,84,28.0,False,5858,2021-06-22,9,1
2021,2021-06-24,84,28.0,False,5943,2021-06-23,9,1
2021,2021-06-25,84,28.0,False,6017,2021-06-24,9,1
2021,2021-06-26,84,28.0,False,6088,2021-06-25,9,1
2021,2021-06-27,84,28.0,False,6199,2021-06-26,9,1
2021,2021-06-29,84,28.0,False,6209,2021-06-27,9,1
2021,2021-06-30,84,28.0,False,6173,2021-06-29,9,1
2021,2021-07-01,28,,False,2061,2021-06-30,9,1
2021,2021-07-01,28,14.0,False,2061,2021-06-30,9,1
2021,2021-07-01,28,28.0,False,2061,2021-06-30,9,1
2021,2021-07-01,28,28.0,True,2061,2021-06-30,9,15
2021,2021-07-01,56,,False,4045,2021-06-30,9,1
2021,2021-07-01,56,14.0,False,4045,2021-06-30,9,1
2021,2021-07-01,56,28.0,False,4045,2021-06-30,9,1
2021,2021-07-01,56,28.0,True,4045,2021-06-30,9,15
2021,2021-07-01,84,,False,6150,2021-06-30,9,1
2021,2021-07-01,84,14.0,False,6150,2021-06-30,9,1
2021,2021-07-01,84,28.0,False,6150,2021-06-30,9,1
2021,2021-07-01,84,28.0,True,6150,2021-06-30,9,15
2021,2021-07-05,28,,False,2021,2021-07-04,9,1
2021,2021-07-05,28,14.0,False,2021,2021-07-04,9,1
2021,2021-07-05,28,28.0,False,2021,2021-07-04,9,1
2021,2021-07-05,28,28.0,True,2021,2021-07-04,9,15
2021,2021-07-05,56,,False,3932,2021-07-04,9,1
2021,2021-07-05,56,14.0,False,3932,2021-07-04,9,1
2021,2021-07-05,56,28.0,False,3932,2021-07-04,9,1
2021,2021-07-05,56,28.0,True,3932,2021-07-04,9,15
2021,2021-07-05,84,,False,6040,2021-07-04,9,1
2021,2021-07-05,84,14.0,False,6040,2021-07-04,9,1
2021,2021-07-05,84,28.0,False,6040,2021-07-04,9,1
2021,2021-07-05,84,28.0,True,6040,2021-07-04,9,15
2021,2021-07-05,56,7.0,False,3932,2021-07-04,9,1
2021,2021-07-05,56,10.0,False,3932,2021-07-04,9,1
2021,2021-07-05,56,21.0,False,3932,2021-07-04,9,1
2021,2021-07-05,84,7.0,False,6040,2021-07-04,9,1
2021,2021-07-05,84,10.0,False,6040,2021-07-04,9,1
2021,2021-07-05,84,21.0,False,6040,2021-07-04,9,1
2021,2021-07-05,112,7.0,False,6781,2021-07-04,9,1
2021,2021-07-05,112,10.0,False,6781,2021-07-04,9,1
2021,2021-07-05,112,21.0,False,6781,2021-07-04,9,1
2021,2021-07-05,112,14.0,False,6781,2021-07-04,9,1
2021,2021-07-05,84,3.5,False,6040,2021-07-04,9,1
2021,2021-07-05,28,7.0,False,2021,2021-07-04,9,1
2021,2021-07-05,84,14.0,True,6040,2021-07-04,9,15
2021,2021-07-01,84,3.5,False,6150,2021-06-30,9,1
2021,2021-07-02,84,3.5,False,6136,2021-07-01,9,1
2021,2021-07-04,84,3.5,False,6047,2021-07-02,9,1
2021,2021-07-06,84,3.5,False,6102,2021-07-05,9,1
2021,2021-07-07,84,3.5,False,6042,2021-07-06,9,1
2021,2021-07-08,84,3.5,False,5998,2021-07-07,9,1
2021,2021-07-09,84,3.5,False,5945,2021-07-08,9,1
2021,2021-07-10,84,3.5,False,5914,2021-07-09,9,1
2021,2021-07-11,84,3.5,False,5840,2021-07-10,9,1
2021,2021-07-01,56,7.0,False,4045,2021-06-30,9,1
2021,2021-07-02,56,7.0,False,4034,2021-07-01,9,1
2021,2021-07-04,56,7.0,False,4010,2021-07-02,9,1
2021,2021-07-06,56,7.0,False,3994,2021-07-05,9,1
2021,2021-07-07,56,7.0,False,3934,2021-07-06,9,1
2021,2021-07-08,56,7.0,False,3894,2021-07-07,9,1
2021,2021-07-09,56,7.0,False,3830,2021-07-08,9,1
2021,2021-07-10,56,7.0,False,3807,2021-07-09,9,1
2021,2021-07-11,56,7.0,False,3760,2021-07-10,9,1
2021,2021-07-02,56,14.0,False,4034,2021-07-01,9,1
2021,2021-07-04,56,14.0,False,4010,2021-07-02,9,1
2021,2021-07-06,56,14.0,False,3994,2021-07-05,9,1
2021,2021-07-07,56,14.0,False,3934,2021-07-06,9,1
2021,2021-07-08,56,14.0,False,3894,2021-07-07,9,1
2021,2021-07-09,56,14.0,False,3830,2021-07-08,9,1
2021,2021-07-10,56,14.0,False,3807,2021-07-09,9,1
2021,2021-07-11,56,14.0,False,3760,2021-07-10,9,1
2021,2021-07-02,56,28.0,False,4034,2021-07-01,9,1
2021,2021-07-04,56,28.0,False,4010,2021-07-02,9,1
2021,2021-07-06,56,28.0,False,3994,2021-07-05,9,1
2021,2021-07-07,56,28.0,False,3934,2021-07-06,9,1
2021,2021-07-08,56,28.0,False,3894,2021-07-07,9,1
2021,2021-07-09,56,28.0,False,3830,2021-07-08,9,1
2021,2021-07-10,56,28.0,False,3807,2021-07-09,9,1
2021,2021-07-11,56,28.0,False,3760,2021-07-10,9,1
2021,2021-07-01,84,7.0,False,6150,2021-06-30,9,1
2021,2021-07-02,84,7.0,False,6136,2021-07-01,9,1
2021,2021-07-04,84,7.0,False,6047,2021-07-02,9,1
2021,2021-07-06,84,7.0,False,6102,2021-07-05,9,1
2021,2021-07-07,84,7.0,False,6042,2021-07-06,9,1
2021,2021-07-08,84,7.0,False,5998,2021-07-07,9,1
2021,2021-07-09,84,7.0,False,5945,2021-07-08,9,1
2021,2021-07-10,84,7.0,False,5914,2021-07-09,9,1
2021,2021-07-11,84,7.0,False,5840,2021-07-10,9,1
2021,2021-07-02,84,14.0,False,6136,2021-07-01,9,1
2021,2021-07-04,84,14.0,False,6047,2021-07-02,9,1
2021,2021-07-06,84,14.0,False,6102,2021-07-05,9,1
2021,2021-07-07,84,14.0,False,6042,2021-07-06,9,1
2021,2021-07-08,84,14.0,False,5998,2021-07-07,9,1
2021,2021-07-09,84,14.0,False,5945,2021-07-08,9,1
2021,2021-07-10,84,14.0,False,5914,2021-07-09,9,1
2021,2021-07-11,84,14.0,False,5840,2021-07-10,9,1
2021,2021-07-02,84,28.0,False,6136,2021-07-01,9,1
2021,2021-07-04,84,28.0,False,6047,2021-07-02,9,1
2021,2021-07-06,84,28.0,False,6102,2021-07-05,9,1
2021,2021-07-07,84,28.0,False,6042,2021-07-06,9,1
2021,2021-07-08,84,28.0,False,5998,2021-07-07,9,1
2021,2021-07-09,84,28.0,False,5945,2021-07-08,9,1
2021,2021-07-10,84,28.0,False,5914,2021-07-09,9,1
2021,2021-07-11,84,28.0,False,5840,2021-07-10,9,1
2021,2021-09-01,28,,False,1406,2021-08-31,9,1
2021,2021-09-01,28,14.0,False,1406,2021-08-31,9,1
2021,2021-09-01,28,28.0,False,1406,2021-08-31,9,1
2021,2021-09-01,28,28.0,True,1406,2021-08-31,9,15
2021,2021-09-01,56,,False,1640,2021-08-31,9,1
2021,2021-09-01,56,14.0,False,1640,2021-08-31,9,1
2021,2021-09-01,56,28.0,False,1640,2021-08-31,9,1
2021,2021-09-01,56,28.0,True,1640,2021-08-31,9,15
2021,2021-09-01,84,,False,3661,2021-08-31,9,1
2021,2021-09-01,84,14.0,False,3661,2021-08-31,9,1
2021,2021-09-01,84,28.0,False,3661,2021-08-31,9,1
2021,2021-09-01,84,28.0,True,3661,2021-08-31,9,15
2021,2021-08-30,28,,False,1352,2021-08-29,9,1
2021,2021-09-06,28,,False,1842,2021-09-05,9,1
2021,2021-09-13,28,,False,1902,2021-09-12,9,1
2021,2021-09-20,28,,False,2069,2021-09-19,9,1
2021,2021-09-27,28,,False,2141,2021-09-26,9,1
2021,2021-08-30,28,14.0,False,1352,2021-08-29,9,1
2021,2021-09-06,28,14.0,False,1842,2021-09-05,9,1
2021,2021-09-13,28,14.0,False,1902,2021-09-12,9,1
2021,2021-09-20,28,14.0,False,2069,2021-09-19,9,1
2021,2021-09-27,28,14.0,False,2141,2021-09-26,9,1
2021,2021-08-30,28,28.0,False,1352,2021-08-29,9,1
2021,2021-09-06,28,28.0,False,1842,2021-09-05,9,1
2021,2021-09-13,28,28.0,False,1902,2021-09-12,9,1
2021,2021-09-20,28,28.0,False,2069,2021-09-19,9,1
2021,2021-09-27,28,28.0,False,2141,2021-09-26,9,1
2021,2021-08-30,28,28.0,True,1352,2021-08-29,9,15
2021,2021-09-06,28,28.0,True,1842,2021-09-05,9,15
2021,2021-09-13,28,28.0,True,1902,2021-09-12,9,15
2021,2021-09-20,28,28.0,True,2069,2021-09-19,9,15
2021,2021-09-27,28,28.0,True,2141,2021-09-26,9,15
2021,2021-08-30,56,,False,1680,2021-08-29,9,1
2021,2021-09-06,56,,False,1842,2021-09-05,9,1
2021,2021-09-13,56,,False,2388,2021-09-12,9,1
2021,2021-09-20,56,,False,2940,2021-09-19,9,1
2021,2021-09-27,56,,False,3493,2021-09-26,9,1
2021,2021-08-30,56,14.0,False,1680,2021-08-29,9,1
2021,2021-09-06,56,14.0,False,1842,2021-09-05,9,1
2021,2021-09-13,56,14.0,False,2388,2021-09-12,9,1
2021,2021-09-20,56,14.0,False,2940,2021-09-19,9,1
2021,2021-09-27,56,14.0,False,3493,2021-09-26,9,1
2021,2021-08-30,56,28.0,False,1680,2021-08-29,9,1
2021,2021-09-06,56,28.0,False,1842,2021-09-05,9,1
2021,2021-09-13,56,28.0,False,2388,2021-09-12,9,1
2021,2021-09-20,56,28.0,False,2940,2021-09-19,9,1
2021,2021-09-27,56,28.0,False,3493,2021-09-26,9,1
2021,2021-08-30,56,28.0,True,1680,2021-08-29,9,15
2021,2021-09-06,56,28.0,True,1842,2021-09-05,9,15
2021,2021-09-13,56,28.0,True,2388,2021-09-12,9,15
2021,2021-09-20,56,28.0,True,2940,2021-09-19,9,15
2021,2021-09-27,56,28.0,True,3493,2021-09-26,9,15
2021,2021-08-30,84,,False,3701,2021-08-29,9,1
2021,2021-09-06,84,,False,3670,2021-09-05,9,1
2021,2021-09-13,84,,False,3659,2021-09-12,9,1
2021,2021-09-20,84,,False,3677,2021-09-19,9,1
2021,2021-09-27,84,,False,3821,2021-09-26,9,1
2021,2021-08-30,84,14.0,False,3701,2021-08-29,9,1
2021,2021-09-06,84,14.0,False,3670,2021-09-05,9,1
2021,2021-09-13,84,14.0,False,3659,2021-09-12,9,1
2021,2021-09-20,84,14.0,False,3677,2021-09-19,9,1
2021,2021-09-27,84,14.0,False,3821,2021-09-26,9,1
2021,2021-08-30,84,28.0,False,3701,2021-08-29,9,1
2021,2021-09-06,84,28.0,False,3670,2021-09-05,9,1
2021,2021-09-13,84,28.0,False,3659,2021-09-12,9,1
2021,2021-09-20,84,28.0,False,3677,2021-09-19,9,1
2021,2021-09-27,84,28.0,False,3821,2021-09-26,9,1
2021,2021-08-30,84,28.0,True,3701,2021-08-29,9,15
2021,2021-09-06,84,28.0,True,3670,2021-09-05,9,15
2021,2021-09-13,84,28.0,True,3659,2021-09-12,9,15
2021,2021-09-20,84,28.0,True,3677,2021-09-19,9,15
2021,2021-09-27,84,28.0,True,3821,2021-09-26,9,15
2021,2021-08-30,56,7.0,False,1680,2021-08-29,9,1
2021,2021-09-06,56,7.0,False,1842,2021-09-05,9,1
2021,2021-09-13,56,7.0,False,2388,2021-09-12,9,1
2021,2021-09-20,56,7.0,False,2940,2021-09-19,9,1
2021,2021-09-27,56,7.0,False,3493,2021-09-26,9,1
2021,2021-08-30,56,10.0,False,1680,2021-08-29,9,1
2021,2021-09-06,56,10.0,False,1842,2021-09-05,9,1
2021,2021-09-13,56,10.0,False,2388,2021-09-12,9,1
2021,2021-09-20,56,10.0,False,2940,2021-09-19,9,1
2021,2021-09-27,56,10.0,False,3493,2021-09-26,9,1
2021,2021-08-30,56,21.0,False,1680,2021-08-29,9,1
2021,2021-09-06,56,21.0,False,1842,2021-09-05,9,1
2021,2021-09-13,56,21.0,False,2388,2021-09-12,9,1
2021,2021-09-20,56,21.0,False,2940,2021-09-19,9,1
2021,2021-09-27,56,21.0,False,3493,2021-09-26,9,1
2021,2021-08-30,84,7.0,False,3701,2021-08-29,9,1
2021,2021-09-06,84,7.0,False,3670,2021-09-05,9,1
2021,2021-09-13,84,7.0,False,3659,2021-09-12,9,1
2021,2021-09-20,84,7.0,False,3677,2021-09-19,9,1
2021,2021-09-27,84,7.0,False,3821,2021-09-26,9,1
2021,2021-08-30,84,10.0,False,3701,2021-08-29,9,1
2021,2021-09-06,84,10.0,False,3670,2021-09-05,9,1
2021,2021-09-13,84,10.0,False,3659,2021-09-12,9,1
2021,2021-09-20,84,10.0,False,3677,2021-09-19,9,1
2021,2021-09-27,84,10.0,False,3821,2021-09-26,9,1
2021,2021-08-30,84,21.0,False,3701,2021-08-29,9,1
2021,2021-09-06,84,21.0,False,3670,2021-09-05,9,1
2021,2021-09-13,84,21.0,False,3659,2021-09-12,9,1
2021,2021-09-20,84,21.0,False,3677,2021-09-19,9,1
2021,2021-09-27,84,21.0,False,3821,2021-09-26,9,1
2021,2021-08-30,112,7.0,False,5612,2021-08-29,9,1
2021,2021-09-06,112,7.0,False,5638,2021-09-05,9,1
2021,2021-09-13,112,7.0,False,5676,2021-09-12,9,1
2021,2021-09-20,112,7.0,False,5761,2021-09-19,9,1
2021,2021-09-27,112,7.0,False,5842,2021-09-26,9,1
2021,2021-08-30,112,10.0,False,5612,2021-08-29,9,1
2021,2021-09-06,112,10.0,False,5638,2021-09-05,9,1
2021,2021-09-13,112,10.0,False,5676,2021-09-12,9,1
2021,2021-09-20,112,10.0,False,5761,2021-09-19,9,1
2021,2021-09-27,112,10.0,False,5842,2021-09-26,9,1
2021,2021-08-30,112,21.0,False,5612,2021-08-29,9,1
2021,2021-09-06,112,21.0,False,5638,2021-09-05,9,1
2021,2021-09-13,112,21.0,False,5676,2021-09-12,9,1
2021,2021-09-20,112,21.0,False,5761,2021-09-19,9,1
2021,2021-09-27,112,21.0,False,5842,2021-09-26,9,1
2021,2021-08-30,112,14.0,False,5612,2021-08-29,9,1
2021,2021-09-06,112,14.0,False,5638,2021-09-05,9,1
2021,2021-09-13,112,14.0,False,5676,2021-09-12,9,1
2021,2021-09-20,112,14.0,False,5761,2021-09-19,9,1
2021,2021-09-27,112,14.0,False,5842,2021-09-26,9,1
2021,2021-08-30,84,3.5,False,3701,2021-08-29,9,1
2021,2021-09-06,84,3.5,False,3670,2021-09-05,9,1
2021,2021-09-13,84,3.5,False,3659,2021-09-12,9,1
2021,2021-09-20,84,3.5,False,3677,2021-09-19,9,1
2021,2021-09-27,84,3.5,False,3821,2021-09-26,9,1
2021,2021-08-30,28,7.0,False,1352,2021-08-29,9,1
2021,2021-09-06,28,7.0,False,1842,2021-09-05,9,1
2021,2021-09-13,28,7.0,False,1902,2021-09-12,9,1
2021,2021-09-20,28,7.0,False,2069,2021-09-19,9,1
2021,2021-09-27,28,7.0,False,2141,2021-09-26,9,1
2021,2021-08-30,84,14.0,True,3701,2021-08-29,9,15
2021,2021-09-06,84,14.0,True,3670,2021-09-05,9,15
2021,2021-09-13,84,14.0,True,3659,2021-09-12,9,15
2021,2021-09-20,84,14.0,True,3677,2021-09-19,9,15
2021,2021-09-27,84,14.0,True,3821,2021-09-26,9,15
2021,2021-09-01,84,3.5,False,3661,2021-08-31,9,1
2021,2021-09-02,84,3.5,False,3661,2021-09-01,9,1
2021,2021-09-03,84,3.5,False,3665,2021-09-02,9,1
2021,2021-09-04,84,3.5,False,3681,2021-09-03,9,1
2021,2021-09-05,84,3.5,False,3693,2021-09-04,9,1
2021,2021-09-07,84,3.5,False,3670,2021-09-05,9,1
2021,2021-09-08,84,3.5,False,3650,2021-09-07,9,1
2021,2021-09-09,84,3.5,False,3615,2021-09-08,9,1
2021,2021-09-10,84,3.5,False,3618,2021-09-09,9,1
2021,2021-09-11,84,3.5,False,3611,2021-09-10,9,1
2021,2021-09-12,84,3.5,False,3585,2021-09-11,9,1
2021,2021-09-14,84,3.5,False,3659,2021-09-12,9,1
2021,2021-09-15,84,3.5,False,3675,2021-09-14,9,1
2021,2021-09-16,84,3.5,False,3705,2021-09-15,9,1
2021,2021-09-17,84,3.5,False,3710,2021-09-16,9,1
2021,2021-09-18,84,3.5,False,3730,2021-09-17,9,1
2021,2021-09-19,84,3.5,False,3695,2021-09-18,9,1
2021,2021-09-21,84,3.5,False,3677,2021-09-19,9,1
2021,2021-09-22,84,3.5,False,3712,2021-09-21,9,1
2021,2021-09-23,84,3.5,False,3723,2021-09-22,9,1
2021,2021-09-24,84,3.5,False,3731,2021-09-23,9,1
2021,2021-09-25,84,3.5,False,3763,2021-09-24,9,1
2021,2021-09-26,84,3.5,False,3834,2021-09-25,9,1
2021,2021-09-28,84,3.5,False,3759,2021-09-26,9,1
2021,2021-09-29,84,3.5,False,3815,2021-09-28,9,1
2021,2021-09-30,84,3.5,False,3789,2021-09-29,9,1
2021,2021-09-01,56,7.0,False,1640,2021-08-31,9,1
2021,2021-09-02,56,7.0,False,1690,2021-09-01,9,1
2021,2021-09-03,56,7.0,False,1714,2021-09-02,9,1
2021,2021-09-04,56,7.0,False,1746,2021-09-03,9,1
2021,2021-09-05,56,7.0,False,1789,2021-09-04,9,1
2021,2021-09-07,56,7.0,False,1842,2021-09-05,9,1
2021,2021-09-08,56,7.0,False,1878,2021-09-07,9,1
2021,2021-09-09,56,7.0,False,1976,2021-09-08,9,1
2021,2021-09-10,56,7.0,False,2061,2021-09-09,9,1
2021,2021-09-11,56,7.0,False,2135,2021-09-10,9,1
2021,2021-09-12,56,7.0,False,2227,2021-09-11,9,1
2021,2021-09-14,56,7.0,False,2388,2021-09-12,9,1
2021,2021-09-15,56,7.0,False,2483,2021-09-14,9,1
2021,2021-09-16,56,7.0,False,2598,2021-09-15,9,1
2021,2021-09-17,56,7.0,False,2677,2021-09-16,9,1
2021,2021-09-18,56,7.0,False,2768,2021-09-17,9,1
2021,2021-09-19,56,7.0,False,2858,2021-09-18,9,1
2021,2021-09-21,56,7.0,False,2940,2021-09-19,9,1
2021,2021-09-22,56,7.0,False,3035,2021-09-21,9,1
2021,2021-09-23,56,7.0,False,3133,2021-09-22,9,1
2021,2021-09-24,56,7.0,False,3226,2021-09-23,9,1
2021,2021-09-25,56,7.0,False,3348,2021-09-24,9,1
2021,2021-09-26,56,7.0,False,3419,2021-09-25,9,1
2021,2021-09-28,56,7.0,False,3493,2021-09-26,9,1
2021,2021-09-29,56,7.0,False,3581,2021-09-28,9,1
2021,2021-09-30,56,7.0,False,3604,2021-09-29,9,1
2021,2021-09-02,56,14.0,False,1690,2021-09-01,9,1
2021,2021-09-03,56,14.0,False,1714,2021-09-02,9,1
2021,2021-09-04,56,14.0,False,1746,2021-09-03,9,1
2021,2021-09-05,56,14.0,False,1789,2021-09-04,9,1
2021,2021-09-07,56,14.0,False,1842,2021-09-05,9,1
2021,2021-09-08,56,14.0,False,1878,2021-09-07,9,1
2021,2021-09-09,56,14.0,False,1976,2021-09-08,9,1
2021,2021-09-10,56,14.0,False,2061,2021-09-09,9,1
2021,2021-09-11,56,14.0,False,2135,2021-09-10,9,1
2021,2021-09-12,56,14.0,False,2227,2021-09-11,9,1
2021,2021-09-14,56,14.0,False,2388,2021-09-12,9,1
2021,2021-09-15,56,14.0,False,2483,2021-09-14,9,1
2021,2021-09-16,56,14.0,False,2598,2021-09-15,9,1
2021,2021-09-17,56,14.0,False,2677,2021-09-16,9,1
2021,2021-09-18,56,14.0,False,2768,2021-09-17,9,1
2021,2021-09-19,56,14.0,False,2858,2021-09-18,9,1
2021,2021-09-21,56,14.0,False,2940,2021-09-19,9,1
2021,2021-09-22,56,14.0,False,3035,2021-09-21,9,1
2021,2021-09-23,56,14.0,False,3133,2021-09-22,9,1
2021,2021-09-24,56,14.0,False,3226,2021-09-23,9,1
2021,2021-09-25,56,14.0,False,3348,2021-09-24,9,1
2021,2021-09-26,56,14.0,False,3419,2021-09-25,9,1
2021,2021-09-28,56,14.0,False,3493,2021-09-26,9,1
2021,2021-09-29,56,14.0,False,3581,2021-09-28,9,1
2021,2021-09-30,56,14.0,False,3604,2021-09-29,9,1
2021,2021-09-02,56,28.0,False,1690,2021-09-01,9,1
2021,2021-09-03,56,28.0,False,1714,2021-09-02,9,1
2021,2021-09-04,56,28.0,False,1746,2021-09-03,9,1
2021,2021-09-05,56,28.0,False,1789,2021-09-04,9,1
2021,2021-09-07,56,28.0,False,1842,2021-09-05,9,1
2021,2021-09-08,56,28.0,False,1878,2021-09-07,9,1
2021,2021-09-09,56,28.0,False,1976,2021-09-08,9,1
2021,2021-09-10,56,28.0,False,2061,2021-09-09,9,1
2021,2021-09-11,56,28.0,False,2135,2021-09-10,9,1
2021,2021-09-12,56,28.0,False,2227,2021-09-11,9,1
2021,2021-09-14,56,28.0,False,2388,2021-09-12,9,1
2021,2021-09-15,56,28.0,False,2483,2021-09-14,9,1
2021,2021-09-16,56,28.0,False,2598,2021-09-15,9,1
2021,2021-09-17,56,28.0,False,2677,2021-09-16,9,1
2021,2021-09-18,56,28.0,False,2768,2021-09-17,9,1
2021,2021-09-19,56,28.0,False,2858,2021-09-18,9,1
2021,2021-09-21,56,28.0,False,2940,2021-09-19,9,1
2021,2021-09-22,56,28.0,False,3035,2021-09-21,9,1
2021,2021-09-23,56,28.0,False,3133,2021-09-22,9,1
2021,2021-09-24,56,28.0,False,3226,2021-09-23,9,1
2021,2021-09-25,56,28.0,False,3348,2021-09-24,9,1
2021,2021-09-26,56,28.0,False,3419,2021-09-25,9,1
2021,2021-09-28,56,28.0,False,3493,2021-09-26,9,1
2021,2021-09-29,56,28.0,False,3581,2021-09-28,9,1
2021,2021-09-30,56,28.0,False,3604,2021-09-29,9,1
2021,2021-09-01,84,7.0,False,3661,2021-08-31,9,1
2021,2021-09-02,84,7.0,False,3661,2021-09-01,9,1
2021,2021-09-03,84,7.0,False,3665,2021-09-02,9,1
2021,2021-09-04,84,7.0,False,3681,2021-09-03,9,1
2021,2021-09-05,84,7.0,False,3693,2021-09-04,9,1
2021,2021-09-07,84,7.0,False,3670,2021-09-05,9,1
2021,2021-09-08,84,7.0,False,3650,2021-09-07,9,1
2021,2021-09-09,84,7.0,False,3615,2021-09-08,9,1
2021,2021-09-10,84,7.0,False,3618,2021-09-09,9,1
2021,2021-09-11,84,7.0,False,3611,2021-09-10,9,1
2021,2021-09-12,84,7.0,False,3585,2021-09-11,9,1
2021,2021-09-14,84,7.0,False,3659,2021-09-12,9,1
2021,2021-09-15,84,7.0,False,3675,2021-09-14,9,1
2021,2021-09-16,84,7.0,False,3705,2021-09-15,9,1
2021,2021-09-17,84,7.0,False,3710,2021-09-16,9,1
2021,2021-09-18,84,7.0,False,3730,2021-09-17,9,1
2021,2021-09-19,84,7.0,False,3695,2021-09-18,9,1
2021,2021-09-21,84,7.0,False,3677,2021-09-19,9,1
2021,2021-09-22,84,7.0,False,3712,2021-09-21,9,1
2021,2021-09-23,84,7.0,False,3723,2021-09-22,9,1
2021,2021-09-24,84,7.0,False,3731,2021-09-23,9,1
2021,2021-09-25,84,7.0,False,3763,2021-09-24,9,1
2021,2021-09-26,84,7.0,False,3834,2021-09-25,9,1
2021,2021-09-28,84,7.0,False,3759,2021-09-26,9,1
2021,2021-09-29,84,7.0,False,3815,2021-09-28,9,1
2021,2021-09-30,84,7.0,False,3789,2021-09-29,9,1
2021,2021-09-02,84,14.0,False,3661,2021-09-01,9,1
2021,2021-09-03,84,14.0,False,3665,2021-09-02,9,1
2021,2021-09-04,84,14.0,False,3681,2021-09-03,9,1
2021,2021-09-05,84,14.0,False,3693,2021-09-04,9,1
2021,2021-09-07,84,14.0,False,3670,2021-09-05,9,1
2021,2021-09-08,84,14.0,False,3650,2021-09-07,9,1
2021,2021-09-09,84,14.0,False,3615,2021-09-08,9,1
2021,2021-09-10,84,14.0,False,3618,2021-09-09,9,1
2021,2021-09-11,84,14.0,False,3611,2021-09-10,9,1
2021,2021-09-12,84,14.0,False,3585,2021-09-11,9,1
2021,2021-09-14,84,14.0,False,3659,2021-09-12,9,1
2021,2021-09-15,84,14.0,False,3675,2021-09-14,9,1
2021,2021-09-16,84,14.0,False,3705,2021-09-15,9,1
2021,2021-09-17,84,14.0,False,3710,2021-09-16,9,1
2021,2021-09-18,84,14.0,False,3730,2021-09-17,9,1
2021,2021-09-19,84,14.0,False,3695,2021-09-18,9,1
2021,2021-09-21,84,14.0,False,3677,2021-09-19,9,1
2021,2021-09-22,84,14.0,False,3712,2021-09-21,9,1
2021,2021-09-23,84,14.0,False,3723,2021-09-22,9,1
2021,2021-09-24,84,14.0,False,3731,2021-09-23,9,1
2021,2021-09-25,84,14.0,False,3763,2021-09-24,9,1
2021,2021-09-26,84,14.0,False,3834,2021-09-25,9,1
2021,2021-09-28,84,14.0,False,3759,2021-09-26,9,1
2021,2021-09-29,84,14.0,False,3815,2021-09-28,9,1
2021,2021-09-30,84,14.0,False,3789,2021-09-29,9,1
2021,2021-09-02,84,28.0,False,3661,2021-09-01,9,1
2021,2021-09-03,84,28.0,False,3665,2021-09-02,9,1
2021,2021-09-04,84,28.0,False,3681,2021-09-03,9,1
2021,2021-09-05,84,28.0,False,3693,2021-09-04,9,1
2021,2021-09-07,84,28.0,False,3670,2021-09-05,9,1
2021,2021-09-08,84,28.0,False,3650,2021-09-07,9,1
2021,2021-09-09,84,28.0,False,3615,2021-09-08,9,1
2021,2021-09-10,84,28.0,False,3618,2021-09-09,9,1
2021,2021-09-11,84,28.0,False,3611,2021-09-10,9,1
2021,2021-09-12,84,28.0,False,3585,2021-09-11,9,1
2021,2021-09-14,84,28.0,False,3659,2021-09-12,9,1
2021,2021-09-15,84,28.0,False,3675,2021-09-14,9,1
2021,2021-09-16,84,28.0,False,3705,2021-09-15,9,1
2021,2021-09-17,84,28.0,False,3710,2021-09-16,9,1
2021,2021-09-18,84,28.0,False,3730,2021-09-17,9,1
2021,2021-09-19,84,28.0,False,3695,2021-09-18,9,1
2021,2021-09-21,84,28.0,False,3677,2021-09-19,9,1
2021,2021-09-22,84,28.0,False,3712,2021-09-21,9,1
2021,2021-09-23,84,28.0,False,3723,2021-09-22,9,1
2021,2021-09-24,84,28.0,False,3731,2021-09-23,9,1
2021,2021-09-25,84,28.0,False,3763,2021-09-24,9,1
2021,2021-09-26,84,28.0,False,3834,2021-09-25,9,1
2021,2021-09-28,84,28.0,False,3759,2021-09-26,9,1
2021,2021-09-29,84,28.0,False,3815,2021-09-28,9,1
2021,2021-09-30,84,28.0,False,3789,2021-09-29,9,1
2021,2021-08-23,84,7.0,False,3692,2021-08-22,9,1
2021,2021-08-23,84,14.0,False,3692,2021-08-22,9,1
2021,2021-08-23,84,28.0,False,3692,2021-08-22,9,1
2022,2022-06-01,28,,False,2066,2022-05-31,9,1
2022,2022-06-01,28,14.0,False,2066,2022-05-31,9,1
2022,2022-06-01,28,28.0,False,2066,2022-05-31,9,1
2022,2022-06-01,28,28.0,True,2066,2022-05-31,9,15
2022,2022-06-01,56,,False,4119,2022-05-31,9,1
2022,2022-06-01,56,14.0,False,4119,2022-05-31,9,1
2022,2022-06-01,56,28.0,False,4119,2022-05-31,9,1
2022,2022-06-01,56,28.0,True,4119,2022-05-31,9,15
2022,2022-06-01,84,,False,4689,2022-05-31,9,1
2022,2022-06-01,84,14.0,False,4689,2022-05-31,9,1
2022,2022-06-01,84,28.0,False,4689,2022-05-31,9,1
2022,2022-06-01,84,28.0,True,4689,2022-05-31,9,15
2022,2022-05-30,28,,False,2077,2022-05-29,9,1
2022,2022-06-06,28,,False,2030,2022-06-05,9,1
2022,2022-06-13,28,,False,2065,2022-06-12,9,1
2022,2022-06-20,28,,False,2001,2022-06-19,9,1
2022,2022-06-27,28,,False,1968,2022-06-26,9,1
2022,2022-05-30,28,14.0,False,2077,2022-05-29,9,1
2022,2022-06-06,28,14.0,False,2030,2022-06-05,9,1
2022,2022-06-13,28,14.0,False,2065,2022-06-12,9,1
2022,2022-06-20,28,14.0,False,2001,2022-06-19,9,1
2022,2022-06-27,28,14.0,False,1968,2022-06-26,9,1
2022,2022-05-30,28,28.0,False,2077,2022-05-29,9,1
2022,2022-06-06,28,28.0,False,2030,2022-06-05,9,1
2022,2022-06-13,28,28.0,False,2065,2022-06-12,9,1
2022,2022-06-20,28,28.0,False,2001,2022-06-19,9,1
2022,2022-06-27,28,28.0,False,1968,2022-06-26,9,1
2022,2022-05-30,28,28.0,True,2077,2022-05-29,9,15
2022,2022-06-06,28,28.0,True,2030,2022-06-05,9,15
2022,2022-06-13,28,28.0,True,2065,2022-06-12,9,15
2022,2022-06-20,28,28.0,True,2001,2022-06-19,9,15
2022,2022-06-27,28,28.0,True,1968,2022-06-26,9,15
2022,2022-05-30,56,,False,4136,2022-05-29,9,1
2022,2022-06-06,56,,False,4088,2022-06-05,9,1
2022,2022-06-13,56,,False,4140,2022-06-12,9,1
2022,2022-06-20,56,,False,4084,2022-06-19,9,1
2022,2022-06-27,56,,False,4045,2022-06-26,9,1
2022,2022-05-30,56,14.0,False,4136,2022-05-29,9,1
2022,2022-06-06,56,14.0,False,4088,2022-06-05,9,1
2022,2022-06-13,56,14.0,False,4140,2022-06-12,9,1
2022,2022-06-20,56,14.0,False,4084,2022-06-19,9,1
2022,2022-06-27,56,14.0,False,4045,2022-06-26,9,1
2022,2022-05-30,56,28.0,False,4136,2022-05-29,9,1
2022,2022-06-06,56,28.0,False,4088,2022-06-05,9,1
2022,2022-06-13,56,28.0,False,4140,2022-06-12,9,1
2022,2022-06-20,56,28.0,False,4084,2022-06-19,9,1
2022,2022-06-27,56,28.0,False,4045,2022-06-26,9,1
2022,2022-05-30,56,28.0,True,4136,2022-05-29,9,15
2022,2022-06-06,56,28.0,True,4088,2022-06-05,9,15
2022,2022-06-13,56,28.0,True,4140,2022-06-12,9,15
2022,2022-06-20,56,28.0,True,4084,2022-06-19,9,15
2022,2022-06-27,56,28.0,True,4045,2022-06-26,9,15
2022,2022-05-30,84,,False,4612,2022-05-29,9,1
2022,2022-06-06,84,,False,5044,2022-06-05,9,1
2022,2022-06-13,84,,False,5451,2022-06-12,9,1
2022,2022-06-20,84,,False,5853,2022-06-19,9,1
2022,2022-06-27,84,,False,6104,2022-06-26,9,1
2022,2022-05-30,84,14.0,False,4612,2022-05-29,9,1
2022,2022-06-06,84,14.0,False,5044,2022-06-05,9,1
2022,2022-06-13,84,14.0,False,5451,2022-06-12,9,1
2022,2022-06-20,84,14.0,False,5853,2022-06-19,9,1
2022,2022-06-27,84,14.0,False,6104,2022-06-26,9,1
2022,2022-05-30,84,28.0,False,4612,2022-05-29,9,1
2022,2022-06-06,84,28.0,False,5044,2022-06-05,9,1
2022,2022-06-13,84,28.0,False,5451,2022-06-12,9,1
2022,2022-06-20,84,28.0,False,5853,2022-06-19,9,1
2022,2022-06-27,84,28.0,False,6104,2022-06-26,9,1
2022,2022-05-30,84,28.0,True,4612,2022-05-29,9,15
2022,2022-06-06,84,28.0,True,5044,2022-06-05,9,15
2022,2022-06-13,84,28.0,True,5451,2022-06-12,9,15
2022,2022-06-20,84,28.0,True,5853,2022-06-19,9,15
2022,2022-06-27,84,28.0,True,6104,2022-06-26,9,15
2022,2022-05-30,56,7.0,False,4136,2022-05-29,9,1
2022,2022-06-06,56,7.0,False,4088,2022-06-05,9,1
2022,2022-06-13,56,7.0,False,4140,2022-06-12,9,1
2022,2022-06-20,56,7.0,False,4084,2022-06-19,9,1
2022,2022-06-27,56,7.0,False,4045,2022-06-26,9,1
2022,2022-05-30,56,10.0,False,4136,2022-05-29,9,1
2022,2022-06-06,56,10.0,False,4088,2022-06-05,9,1
2022,2022-06-13,56,10.0,False,4140,2022-06-12,9,1
2022,2022-06-20,56,10.0,False,4084,2022-06-19,9,1
2022,2022-06-27,56,10.0,False,4045,2022-06-26,9,1
2022,2022-05-30,56,21.0,False,4136,2022-05-29,9,1
2022,2022-06-06,56,21.0,False,4088,2022-06-05,9,1
2022,2022-06-13,56,21.0,False,4140,2022-06-12,9,1
2022,2022-06-20,56,21.0,False,4084,2022-06-19,9,1
2022,2022-06-27,56,21.0,False,4045,2022-06-26,9,1
2022,2022-05-30,84,7.0,False,4612,2022-05-29,9,1
2022,2022-06-06,84,7.0,False,5044,2022-06-05,9,1
2022,2022-06-13,84,7.0,False,5451,2022-06-12,9,1
2022,2022-06-20,84,7.0,False,5853,2022-06-19,9,1
2022,2022-06-27,84,7.0,False,6104,2022-06-26,9,1
2022,2022-05-30,84,10.0,False,4612,2022-05-29,9,1
2022,2022-06-06,84,10.0,False,5044,2022-06-05,9,1
2022,2022-06-13,84,10.0,False,5451,2022-06-12,9,1
2022,2022-06-20,84,10.0,False,5853,2022-06-19,9,1
2022,2022-06-27,84,10.0,False,6104,2022-06-26,9,1
2022,2022-05-30,84,21.0,False,4612,2022-05-29,9,1
2022,2022-06-06,84,21.0,False,5044,2022-06-05,9,1
2022,2022-06-13,84,21.0,False,5451,2022-06-12,9,1
2022,2022-06-20,84,21.0,False,5853,2022-06-19,9,1
2022,2022-06-27,84,21.0,False,6104,2022-06-26,9,1
2022,2022-05-30,112,7.0,False,4612,2022-05-29,9,1
2022,2022-06-06,112,7.0,False,5086,2022-06-05,9,1
2022,2022-06-13,112,7.0,False,5637,2022-06-12,9,1
2022,2022-06-20,112,7.0,False,6100,2022-06-19,9,1
2022,2022-06-27,112,7.0,False,6580,2022-06-26,9,1
2022,2022-05-30,112,10.0,False,4612,2022-05-29,9,1
2022,2022-06-06,112,10.0,False,5086,2022-06-05,9,1
2022,2022-06-13,112,10.0,False,5637,2022-06-12,9,1
2022,2022-06-20,112,10.0,False,6100,2022-06-19,9,1
2022,2022-06-27,112,10.0,False,6580,2022-06-26,9,1
2022,2022-05-30,112,21.0,False,4612,2022-05-29,9,1
2022,2022-06-06,112,21.0,False,5086,2022-06-05,9,1
2022,2022-06-13,112,21.0,False,5637,2022-06-12,9,1
2022,2022-06-20,112,21.0,False,6100,2022-06-19,9,1
2022,2022-06-27,112,21.0,False,6580,2022-06-26,9,1
2022,2022-05-30,112,14.0,False,4612,2022-05-29,9,1
2022,2022-06-06,112,14.0,False,5086,2022-06-05,9,1
2022,2022-06-13,112,14.0,False,5637,2022-06-12,9,1
2022,2022-06-20,112,14.0,False,6100,2022-06-19,9,1
2022,2022-06-27,112,14.0,False,6580,2022-06-26,9,1
2022,2022-05-30,84,3.5,False,4612,2022-05-29,9,1
2022,2022-06-06,84,3.5,False,5044,2022-06-05,9,1
2022,2022-06-13,84,3.5,False,5451,2022-06-12,9,1
2022,2022-06-20,84,3.5,False,5853,2022-06-19,9,1
2022,2022-06-27,84,3.5,False,6104,2022-06-26,9,1
2022,2022-05-30,28,7.0,False,2077,2022-05-29,9,1
2022,2022-06-06,28,7.0,False,2030,2022-06-05,9,1
2022,2022-06-13,28,7.0,False,2065,2022-06-12,9,1
2022,2022-06-20,28,7.0,False,2001,2022-06-19,9,1
2022,2022-06-27,28,7.0,False,1968,2022-06-26,9,1
2022,2022-05-30,84,14.0,True,4612,2022-05-29,9,15
2022,2022-06-06,84,14.0,True,5044,2022-06-05,9,15
2022,2022-06-13,84,14.0,True,5451,2022-06-12,9,15
2022,2022-06-20,84,14.0,True,5853,2022-06-19,9,15
2022,2022-06-27,84,14.0,True,6104,2022-06-26,9,15
2022,2022-06-01,84,3.5,False,4689,2022-05-31,9,1
2022,2022-06-02,84,3.5,False,4771,2022-06-01,9,1
2022,2022-06-03,84,3.5,False,4870,2022-06-02,9,1
2022,2022-06-04,84,3.5,False,4951,2022-06-03,9,1
2022,2022-06-05,84,3.5,False,5030,2022-06-04,9,1
2022,2022-06-07,84,3.5,False,5029,2022-06-05,9,1
2022,2022-06-08,84,3.5,False,5058,2022-06-07,9,1
2022,2022-06-09,84,3.5,False,5165,2022-06-08,9,1
2022,2022-06-10,84,3.5,False,5259,2022-06-09,9,1
2022,2022-06-11,84,3.5,False,5328,2022-06-10,9,1
2022,2022-06-12,84,3.5,False,5406,2022-06-11,9,1
2022,2022-06-14,84,3.5,False,5428,2022-06-12,9,1
2022,2022-06-15,84,3.5,False,5470,2022-06-14,9,1
2022,2022-06-16,84,3.5,False,5558,2022-06-15,9,1
2022,2022-06-17,84,3.5,False,5622,2022-06-16,9,1
2022,2022-06-18,84,3.5,False,5685,2022-06-17,9,1
2022,2022-06-19,84,3.5,False,5767,2022-06-18,9,1
2022,2022-06-21,84,3.5,False,5832,2022-06-19,9,1
2022,2022-06-22,84,3.5,False,5882,2022-06-21,9,1
2022,2022-06-23,84,3.5,False,5973,2022-06-22,9,1
2022,2022-06-24,84,3.5,False,6000,2022-06-23,9,1
2022,2022-06-25,84,3.5,False,6087,2022-06-24,9,1
2022,2022-06-26,84,3.5,False,6102,2022-06-25,9,1
2022,2022-06-28,84,3.5,False,6104,2022-06-26,9,1
2022,2022-06-29,84,3.5,False,6089,2022-06-28,9,1
2022,2022-06-30,84,3.5,False,6059,2022-06-29,9,1
2022,2022-06-01,56,7.0,False,4119,2022-05-31,9,1
2022,2022-06-02,56,7.0,False,4117,2022-06-01,9,1
2022,2022-06-03,56,7.0,False,4136,2022-06-02,9,1
2022,2022-06-04,56,7.0,False,4134,2022-06-03,9,1
2022,2022-06-05,56,7.0,False,4153,2022-06-04,9,1
2022,2022-06-07,56,7.0,False,4088,2022-06-05,9,1
2022,2022-06-08,56,7.0,False,4091,2022-06-07,9,1
2022,2022-06-09,56,7.0,False,4131,2022-06-08,9,1
2022,2022-06-10,56,7.0,False,4142,2022-06-09,9,1
2022,2022-06-11,56,7.0,False,4140,2022-06-10,9,1
2022,2022-06-12,56,7.0,False,4130,2022-06-11,9,1
2022,2022-06-14,56,7.0,False,4140,2022-06-12,9,1
2022,2022-06-15,56,7.0,False,4088,2022-06-14,9,1
2022,2022-06-16,56,7.0,False,4105,2022-06-15,9,1
2022,2022-06-17,56,7.0,False,4097,2022-06-16,9,1
2022,2022-06-18,56,7.0,False,4093,2022-06-17,9,1
2022,2022-06-19,56,7.0,False,4095,2022-06-18,9,1
2022,2022-06-21,56,7.0,False,4084,2022-06-19,9,1
2022,2022-06-22,56,7.0,False,4089,2022-06-21,9,1
2022,2022-06-23,56,7.0,False,4097,2022-06-22,9,1
2022,2022-06-24,56,7.0,False,4036,2022-06-23,9,1
2022,2022-06-25,56,7.0,False,4018,2022-06-24,9,1
2022,2022-06-26,56,7.0,False,4045,2022-06-25,9,1
2022,2022-06-28,56,7.0,False,4045,2022-06-26,9,1
2022,2022-06-29,56,7.0,False,4036,2022-06-28,9,1
2022,2022-06-30,56,7.0,False,3998,2022-06-29,9,1
2022,2022-06-02,56,14.0,False,4117,2022-06-01,9,1
2022,2022-06-03,56,14.0,False,4136,2022-06-02,9,1
2022,2022-06-04,56,14.0,False,4134,2022-06-03,9,1
2022,2022-06-05,56,14.0,False,4153,2022-06-04,9,1
2022,2022-06-07,56,14.0,False,4088,2022-06-05,9,1
2022,2022-06-08,56,14.0,False,4091,2022-06-07,9,1
2022,2022-06-09,56,14.0,False,4131,2022-06-08,9,1
2022,2022-06-10,56,14.0,False,4142,2022-06-09,9,1
2022,2022-06-11,56,14.0,False,4140,2022-06-10,9,1
2022,2022-06-12,56,14.0,False,4130,2022-06-11,9,1
2022,2022-06-14,56,14.0,False,4140,2022-06-12,9,1
2022,2022-06-15,56,14.0,False,4088,2022-06-14,9,1
2022,2022-06-16,56,14.0,False,4105,2022-06-15,9,1
2022,2022-06-17,56,14.0,False,4097,2022-06-16,9,1
2022,2022-06-18,56,14.0,False,4093,2022-06-17,9,1
2022,2022-06-19,56,14.0,False,4095,2022-06-18,9,1
2022,2022-06-21,56,14.0,False,4084,2022-06-19,9,1
2022,2022-06-22,56,14.0,False,4089,2022-06-21,9,1
2022,2022-06-23,56,14.0,False,4097,2022-06-22,9,1
2022,2022-06-24,56,14.0,False,4036,2022-06-23,9,1
2022,2022-06-25,56,14.0,False,4018,2022-06-24,9,1
2022,2022-06-26,56,14.0,False,4045,2022-06-25,9,1
2022,2022-06-28,56,14.0,False,4045,2022-06-26,9,1
2022,2022-06-29,56,14.0,False,4036,2022-06-28,9,1
2022,2022-06-30,56,14.0,False,3998,2022-06-29,9,1
2022,2022-06-02,56,28.0,False,4117,2022-06-01,9,1
2022,2022-06-03,56,28.0,False,4136,2022-06-02,9,1
2022,2022-06-04,56,28.0,False,4134,2022-06-03,9,1
2022,2022-06-05,56,28.0,False,4153,2022-06-04,9,1
2022,2022-06-07,56,28.0,False,4088,2022-06-05,9,1
2022,2022-06-08,56,28.0,False,4091,2022-06-07,9,1
2022,2022-06-09,56,28.0,False,4131,2022-06-08,9,1
2022,2022-06-10,56,28.0,False,4142,2022-06-09,9,1
2022,2022-06-11,56,28.0,False,4140,2022-06-10,9,1
2022,2022-06-12,56,28.0,False,4130,2022-06-11,9,1
2022,2022-06-14,56,28.0,False,4140,2022-06-12,9,1
2022,2022-06-15,56,28.0,False,4088,2022-06-14,9,1
2022,2022-06-16,56,28.0,False,4105,2022-06-15,9,1
2022,2022-06-17,56,28.0,False,4097,2022-06-16,9,1
2022,2022-06-18,56,28.0,False,4093,2022-06-17,9,1
2022,2022-06-19,56,28.0,False,4095,2022-06-18,9,1
2022,2022-06-21,56,28.0,False,4084,2022-06-19,9,1
2022,2022-06-22,56,28.0,False,4089,2022-06-21,9,1
2022,2022-06-23,56,28.0,False,4097,2022-06-22,9,1
2022,2022-06-24,56,28.0,False,4036,2022-06-23,9,1
2022,2022-06-25,56,28.0,False,4018,2022-06-24,9,1
2022,2022-06-26,56,28.0,False,4045,2022-06-25,9,1
2022,2022-06-28,56,28.0,False,4045,2022-06-26,9,1
2022,2022-06-29,56,28.0,False,4036,2022-06-28,9,1
2022,2022-06-30,56,28.0,False,3998,2022-06-29,9,1
2022,2022-06-01,84,7.0,False,4689,2022-05-31,9,1
2022,2022-06-02,84,7.0,False,4771,2022-06-01,9,1
2022,2022-06-03,84,7.0,False,4870,2022-06-02,9,1
2022,2022-06-04,84,7.0,False,4951,2022-06-03,9,1
2022,2022-06-05,84,7.0,False,5030,2022-06-04,9,1
2022,2022-06-07,84,7.0,False,5029,2022-06-05,9,1
2022,2022-06-08,84,7.0,False,5058,2022-06-07,9,1
2022,2022-06-09,84,7.0,False,5165,2022-06-08,9,1
2022,2022-06-10,84,7.0,False,5259,2022-06-09,9,1
2022,2022-06-11,84,7.0,False,5328,2022-06-10,9,1
2022,2022-06-12,84,7.0,False,5406,2022-06-11,9,1
2022,2022-06-14,84,7.0,False,5428,2022-06-12,9,1
2022,2022-06-15,84,7.0,False,5470,2022-06-14,9,1
2022,2022-06-16,84,7.0,False,5558,2022-06-15,9,1
2022,2022-06-17,84,7.0,False,5622,2022-06-16,9,1
2022,2022-06-18,84,7.0,False,5685,2022-06-17,9,1
2022,2022-06-19,84,7.0,False,5767,2022-06-18,9,1
2022,2022-06-21,84,7.0,False,5832,2022-06-19,9,1
2022,2022-06-22,84,7.0,False,5882,2022-06-21,9,1
2022,2022-06-23,84,7.0,False,5973,2022-06-22,9,1
2022,2022-06-24,84,7.0,False,6000,2022-06-23,9,1
2022,2022-06-25,84,7.0,False,6087,2022-06-24,9,1
2022,2022-06-26,84,7.0,False,6102,2022-06-25,9,1
2022,2022-06-28,84,7.0,False,6104,2022-06-26,9,1
2022,2022-06-29,84,7.0,False,6089,2022-06-28,9,1
2022,2022-06-30,84,7.0,False,6059,2022-06-29,9,1
2022,2022-06-02,84,14.0,False,4771,2022-06-01,9,1
2022,2022-06-03,84,14.0,False,4870,2022-06-02,9,1
2022,2022-06-04,84,14.0,False,4951,2022-06-03,9,1
2022,2022-06-05,84,14.0,False,5030,2022-06-04,9,1
2022,2022-06-07,84,14.0,False,5029,2022-06-05,9,1
2022,2022-06-08,84,14.0,False,5058,2022-06-07,9,1
2022,2022-06-09,84,14.0,False,5165,2022-06-08,9,1
2022,2022-06-10,84,14.0,False,5259,2022-06-09,9,1
2022,2022-06-11,84,14.0,False,5328,2022-06-10,9,1
2022,2022-06-12,84,14.0,False,5406,2022-06-11,9,1
2022,2022-06-14,84,14.0,False,5428,2022-06-12,9,1
2022,2022-06-15,84,14.0,False,5470,2022-06-14,9,1
2022,2022-06-16,84,14.0,False,5558,2022-06-15,9,1
2022,2022-06-17,84,14.0,False,5622,2022-06-16,9,1
2022,2022-06-18,84,14.0,False,5685,2022-06-17,9,1
2022,2022-06-19,84,14.0,False,5767,2022-06-18,9,1
2022,2022-06-21,84,14.0,False,5832,2022-06-19,9,1
2022,2022-06-22,84,14.0,False,5882,2022-06-21,9,1
2022,2022-06-23,84,14.0,False,5973,2022-06-22,9,1
2022,2022-06-24,84,14.0,False,6000,2022-06-23,9,1
2022,2022-06-25,84,14.0,False,6087,2022-06-24,9,1
2022,2022-06-26,84,14.0,False,6102,2022-06-25,9,1
2022,2022-06-28,84,14.0,False,6104,2022-06-26,9,1
2022,2022-06-29,84,14.0,False,6089,2022-06-28,9,1
2022,2022-06-30,84,14.0,False,6059,2022-06-29,9,1
2022,2022-06-02,84,28.0,False,4771,2022-06-01,9,1
2022,2022-06-03,84,28.0,False,4870,2022-06-02,9,1
2022,2022-06-04,84,28.0,False,4951,2022-06-03,9,1
2022,2022-06-05,84,28.0,False,5030,2022-06-04,9,1
2022,2022-06-07,84,28.0,False,5029,2022-06-05,9,1
2022,2022-06-08,84,28.0,False,5058,2022-06-07,9,1
2022,2022-06-09,84,28.0,False,5165,2022-06-08,9,1
2022,2022-06-10,84,28.0,False,5259,2022-06-09,9,1
2022,2022-06-11,84,28.0,False,5328,2022-06-10,9,1
2022,2022-06-12,84,28.0,False,5406,2022-06-11,9,1
2022,2022-06-14,84,28.0,False,5428,2022-06-12,9,1
2022,2022-06-15,84,28.0,False,5470,2022-06-14,9,1
2022,2022-06-16,84,28.0,False,5558,2022-06-15,9,1
2022,2022-06-17,84,28.0,False,5622,2022-06-16,9,1
2022,2022-06-18,84,28.0,False,5685,2022-06-17,9,1
2022,2022-06-19,84,28.0,False,5767,2022-06-18,9,1
2022,2022-06-21,84,28.0,False,5832,2022-06-19,9,1
2022,2022-06-22,84,28.0,False,5882,2022-06-21,9,1
2022,2022-06-23,84,28.0,False,5973,2022-06-22,9,1
2022,2022-06-24,84,28.0,False,6000,2022-06-23,9,1
2022,2022-06-25,84,28.0,False,6087,2022-06-24,9,1
2022,2022-06-26,84,28.0,False,6102,2022-06-25,9,1
2022,2022-06-28,84,28.0,False,6104,2022-06-26,9,1
2022,2022-06-29,84,28.0,False,6089,2022-06-28,9,1
2022,2022-06-30,84,28.0,False,6059,2022-06-29,9,1
2022,2022-07-01,28,,False,1899,2022-06-30,9,1
2022,2022-07-01,28,14.0,False,1899,2022-06-30,9,1
2022,2022-07-01,28,28.0,False,1899,2022-06-30,9,1
2022,2022-07-01,28,28.0,True,1899,2022-06-30,9,15
2022,2022-07-01,56,,False,3973,2022-06-30,9,1
2022,2022-07-01,56,14.0,False,3973,2022-06-30,9,1
2022,2022-07-01,56,28.0,False,3973,2022-06-30,9,1
2022,2022-07-01,56,28.0,True,3973,2022-06-30,9,15
2022,2022-07-01,84,,False,6035,2022-06-30,9,1
2022,2022-07-01,84,14.0,False,6035,2022-06-30,9,1
2022,2022-07-01,84,28.0,False,6035,2022-06-30,9,1
2022,2022-07-01,84,28.0,True,6035,2022-06-30,9,15
2022,2022-07-04,28,,False,1918,2022-07-03,9,1
2022,2022-07-11,28,,False,1878,2022-07-10,9,1
2022,2022-07-18,28,,False,1626,2022-07-14,9,1
2022,2022-07-25,28,,False,1401,2022-07-24,8,1
2022,2022-07-04,28,14.0,False,1918,2022-07-03,9,1
2022,2022-07-11,28,14.0,False,1878,2022-07-10,9,1
2022,2022-07-18,28,14.0,False,1626,2022-07-14,9,1
2022,2022-07-25,28,14.0,False,1401,2022-07-24,8,1
2022,2022-07-04,28,28.0,False,1918,2022-07-03,9,1
2022,2022-07-11,28,28.0,False,1878,2022-07-10,9,1
2022,2022-07-18,28,28.0,False,1626,2022-07-14,9,1
2022,2022-07-25,28,28.0,False,1401,2022-07-24,8,1
2022,2022-07-04,28,28.0,True,1918,2022-07-03,9,15
2022,2022-07-11,28,28.0,True,1878,2022-07-10,9,15
2022,2022-07-18,28,28.0,True,1626,2022-07-14,9,15
2022,2022-07-25,28,28.0,True,1401,2022-07-24,8,15
2022,2022-07-04,56,,False,3948,2022-07-03,9,1
2022,2022-07-11,56,,False,3943,2022-07-10,9,1
2022,2022-07-18,56,,False,3627,2022-07-14,9,1
2022,2022-07-25,56,,False,3369,2022-07-24,9,1
2022,2022-07-04,56,14.0,False,3948,2022-07-03,9,1
2022,2022-07-11,56,14.0,False,3943,2022-07-10,9,1
2022,2022-07-18,56,14.0,False,3627,2022-07-14,9,1
2022,2022-07-25,56,14.0,False,3369,2022-07-24,9,1
2022,2022-07-04,56,28.0,False,3948,2022-07-03,9,1
2022,2022-07-11,56,28.0,False,3943,2022-07-10,9,1
2022,2022-07-18,56,28.0,False,3627,2022-07-14,9,1
2022,2022-07-25,56,28.0,False,3369,2022-07-24,9,1
2022,2022-07-04,56,28.0,True,3948,2022-07-03,9,15
2022,2022-07-11,56,28.0,True,3943,2022-07-10,9,15
2022,2022-07-18,56,28.0,True,3627,2022-07-14,9,15
2022,2022-07-25,56,28.0,True,3369,2022-07-24,9,15
2022,2022-07-04,84,,False,6006,2022-07-03,9,1
2022,2022-07-11,84,,False,6018,2022-07-10,9,1
2022,2022-07-18,84,,False,5710,2022-07-14,9,1
2022,2022-07-25,84,,False,5446,2022-07-24,9,1
2022,2022-07-04,84,14.0,False,6006,2022-07-03,9,1
2022,2022-07-11,84,14.0,False,6018,2022-07-10,9,1
2022,2022-07-18,84,14.0,False,5710,2022-07-14,9,1
2022,2022-07-25,84,14.0,False,5446,2022-07-24,9,1
2022,2022-07-04,84,28.0,False,6006,2022-07-03,9,1
2022,2022-07-11,84,28.0,False,6018,2022-07-10,9,1
2022,2022-07-18,84,28.0,False,5710,2022-07-14,9,1
2022,2022-07-25,84,28.0,False,5446,2022-07-24,9,1
2022,2022-07-04,84,28.0,True,6006,2022-07-03,9,15
2022,2022-07-11,84,28.0,True,6018,2022-07-10,9,15
2022,2022-07-18,84,28.0,True,5710,2022-07-14,9,15
2022,2022-07-25,84,28.0,True,5446,2022-07-24,9,15
2022,2022-07-04,56,7.0,False,3948,2022-07-03,9,1
2022,2022-07-11,56,7.0,False,3943,2022-07-10,9,1
2022,2022-07-18,56,7.0,False,3627,2022-07-14,9,1
2022,2022-07-25,56,7.0,False,3369,2022-07-24,9,1
2022,2022-07-04,56,10.0,False,3948,2022-07-03,9,1
2022,2022-07-11,56,10.0,False,3943,2022-07-10,9,1
2022,2022-07-18,56,10.0,False,3627,2022-07-14,9,1
2022,2022-07-25,56,10.0,False,3369,2022-07-24,9,1
2022,2022-07-04,56,21.0,False,3948,2022-07-03,9,1
2022,2022-07-11,56,21.0,False,3943,2022-07-10,9,1
2022,2022-07-18,56,21.0,False,3627,2022-07-14,9,1
2022,2022-07-25,56,21.0,False,3369,2022-07-24,9,1
2022,2022-07-04,84,7.0,False,6006,2022-07-03,9,1
2022,2022-07-11,84,7.0,False,6018,2022-07-10,9,1
2022,2022-07-18,84,7.0,False,5710,2022-07-14,9,1
2022,2022-07-25,84,7.0,False,5446,2022-07-24,9,1
2022,2022-07-04,84,10.0,False,6006,2022-07-03,9,1
2022,2022-07-11,84,10.0,False,6018,2022-07-10,9,1
2022,2022-07-18,84,10.0,False,5710,2022-07-14,9,1
2022,2022-07-25,84,10.0,False,5446,2022-07-24,9,1
2022,2022-07-04,84,21.0,False,6006,2022-07-03,9,1
2022,2022-07-11,84,21.0,False,6018,2022-07-10,9,1
2022,2022-07-18,84,21.0,False,5710,2022-07-14,9,1
2022,2022-07-25,84,21.0,False,5446,2022-07-24,9,1
2022,2022-07-04,112,7.0,False,6962,2022-07-03,9,1
2022,2022-07-11,112,7.0,False,7329,2022-07-10,9,1
2022,2022-07-18,112,7.0,False,7479,2022-07-14,9,1
2022,2022-07-25,112,7.0,False,7505,2022-07-24,9,1
2022,2022-07-04,112,10.0,False,6962,2022-07-03,9,1
2022,2022-07-11,112,10.0,False,7329,2022-07-10,9,1
2022,2022-07-18,112,10.0,False,7479,2022-07-14,9,1
2022,2022-07-25,112,10.0,False,7505,2022-07-24,9,1
2022,2022-07-04,112,21.0,False,6962,2022-07-03,9,1
2022,2022-07-11,112,21.0,False,7329,2022-07-10,9,1
2022,2022-07-18,112,21.0,False,7479,2022-07-14,9,1
2022,2022-07-25,112,21.0,False,7505,2022-07-24,9,1
2022,2022-07-04,112,14.0,False,6962,2022-07-03,9,1
2022,2022-07-11,112,14.0,False,7329,2022-07-10,9,1
2022,2022-07-18,112,14.0,False,7479,2022-07-14,9,1
2022,2022-07-25,112,14.0,False,7505,2022-07-24,9,1
2022,2022-07-04,84,3.5,False,6006,2022-07-03,9,1
2022,2022-07-11,84,3.5,False,6018,2022-07-10,9,1
2022,2022-07-18,84,3.5,False,5710,2022-07-14,9,1
2022,2022-07-25,84,3.5,False,5446,2022-07-24,9,1
2022,2022-07-04,28,7.0,False,1918,2022-07-03,9,1
2022,2022-07-11,28,7.0,False,1878,2022-07-10,9,1
2022,2022-07-18,28,7.0,False,1626,2022-07-14,9,1
2022,2022-07-25,28,7.0,False,1401,2022-07-24,8,1
2022,2022-07-04,84,14.0,True,6006,2022-07-03,9,15
2022,2022-07-11,84,14.0,True,6018,2022-07-10,9,15
2022,2022-07-18,84,14.0,True,5710,2022-07-14,9,15
2022,2022-07-25,84,14.0,True,5446,2022-07-24,9,15
2022,2022-07-01,84,3.5,False,6035,2022-06-30,9,1
2022,2022-07-02,84,3.5,False,6025,2022-07-01,9,1
2022,2022-07-03,84,3.5,False,6022,2022-07-02,9,1
2022,2022-07-05,84,3.5,False,6006,2022-07-03,9,1
2022,2022-07-06,84,3.5,False,6003,2022-07-05,9,1
2022,2022-07-07,84,3.5,False,6032,2022-07-06,9,1
2022,2022-07-08,84,3.5,False,6027,2022-07-07,9,1
2022,2022-07-09,84,3.5,False,6016,2022-07-08,9,1
2022,2022-07-10,84,3.5,False,6022,2022-07-09,9,1
2022,2022-07-12,84,3.5,False,6018,2022-07-10,9,1
2022,2022-07-13,84,3.5,False,6033,2022-07-12,9,1
2022,2022-07-14,84,3.5,False,5985,2022-07-13,9,1
2022,2022-07-22,84,3.5,False,5454,2022-07-14,9,1
2022,2022-07-23,84,3.5,False,5445,2022-07-22,9,1
2022,2022-07-24,84,3.5,False,5440,2022-07-23,9,1
2022,2022-07-26,84,3.5,False,5446,2022-07-24,9,1
2022,2022-07-27,84,3.5,False,5429,2022-07-26,9,1
2022,2022-07-28,84,3.5,False,5415,2022-07-27,9,1
2022,2022-07-29,84,3.5,False,5395,2022-07-28,9,1
2022,2022-07-30,84,3.5,False,5405,2022-07-29,9,1
2022,2022-07-31,84,3.5,False,5416,2022-07-30,9,1
2022,2022-07-01,56,7.0,False,3973,2022-06-30,9,1
2022,2022-07-02,56,7.0,False,3971,2022-07-01,9,1
2022,2022-07-03,56,7.0,False,3953,2022-07-02,9,1
2022,2022-07-05,56,7.0,False,3948,2022-07-03,9,1
2022,2022-07-06,56,7.0,False,3945,2022-07-05,9,1
2022,2022-07-07,56,7.0,False,3933,2022-07-06,9,1
2022,2022-07-08,56,7.0,False,3922,2022-07-07,9,1
2022,2022-07-09,56,7.0,False,3924,2022-07-08,9,1
2022,2022-07-10,56,7.0,False,3949,2022-07-09,9,1
2022,2022-07-12,56,7.0,False,3943,2022-07-10,9,1
2022,2022-07-13,56,7.0,False,3955,2022-07-12,9,1
2022,2022-07-14,56,7.0,False,3878,2022-07-13,9,1
2022,2022-07-22,56,7.0,False,3363,2022-07-14,9,1
2022,2022-07-23,56,7.0,False,3387,2022-07-22,9,1
2022,2022-07-24,56,7.0,False,3364,2022-07-23,9,1
2022,2022-07-26,56,7.0,False,3369,2022-07-24,9,1
2022,2022-07-27,56,7.0,False,3363,2022-07-26,9,1
2022,2022-07-28,56,7.0,False,3359,2022-07-27,9,1
2022,2022-07-29,56,7.0,False,3321,2022-07-28,9,1
2022,2022-07-30,56,7.0,False,3325,2022-07-29,9,1
2022,2022-07-31,56,7.0,False,3332,2022-07-30,9,1
2022,2022-07-02,56,14.0,False,3971,2022-07-01,9,1
2022,2022-07-03,56,14.0,False,3953,2022-07-02,9,1
2022,2022-07-05,56,14.0,False,3948,2022-07-03,9,1
2022,2022-07-06,56,14.0,False,3945,2022-07-05,9,1
2022,2022-07-07,56,14.0,False,3933,2022-07-06,9,1
2022,2022-07-08,56,14.0,False,3922,2022-07-07,9,1
2022,2022-07-09,56,14.0,False,3924,2022-07-08,9,1
2022,2022-07-10,56,14.0,False,3949,2022-07-09,9,1
2022,2022-07-12,56,14.0,False,3943,2022-07-10,9,1
2022,2022-07-13,56,14.0,False,3955,2022-07-12,9,1
2022,2022-07-14,56,14.0,False,3878,2022-07-13,9,1
2022,2022-07-22,56,14.0,False,3363,2022-07-14,9,1
2022,2022-07-23,56,14.0,False,3387,2022-07-22,9,1
2022,2022-07-24,56,14.0,False,3364,2022-07-23,9,1
2022,2022-07-26,56,14.0,False,3369,2022-07-24,9,1
2022,2022-07-27,56,14.0,False,3363,2022-07-26,9,1
2022,2022-07-28,56,14.0,False,3359,2022-07-27,9,1
2022,2022-07-29,56,14.0,False,3321,2022-07-28,9,1
2022,2022-07-30,56,14.0,False,3325,2022-07-29,9,1
2022,2022-07-31,56,14.0,False,3332,2022-07-30,9,1
2022,2022-07-02,56,28.0,False,3971,2022-07-01,9,1
2022,2022-07-03,56,28.0,False,3953,2022-07-02,9,1
2022,2022-07-05,56,28.0,False,3948,2022-07-03,9,1
2022,2022-07-06,56,28.0,False,3945,2022-07-05,9,1
2022,2022-07-07,56,28.0,False,3933,2022-07-06,9,1
2022,2022-07-08,56,28.0,False,3922,2022-07-07,9,1
2022,2022-07-09,56,28.0,False,3924,2022-07-08,9,1
2022,2022-07-10,56,28.0,False,3949,2022-07-09,9,1
2022,2022-07-12,56,28.0,False,3943,2022-07-10,9,1
2022,2022-07-13,56,28.0,False,3955,2022-07-12,9,1
2022,2022-07-14,56,28.0,False,3878,2022-07-13,9,1
2022,2022-07-22,56,28.0,False,3363,2022-07-14,9,1
2022,2022-07-23,56,28.0,False,3387,2022-07-22,9,1
2022,2022-07-24,56,28.0,False,3364,2022-07-23,9,1
2022,2022-07-26,56,28.0,False,3369,2022-07-24,9,1
2022,2022-07-27,56,28.0,False,3363,2022-07-26,9,1
2022,2022-07-28,56,28.0,False,3359,2022-07-27,9,1
2022,2022-07-29,56,28.0,False,3321,2022-07-28,9,1
2022,2022-07-30,56,28.0,False,3325,2022-07-29,9,1
2022,2022-07-31,56,28.0,False,3332,2022-07-30,9,1
2022,2022-07-01,84,7.0,False,6035,2022-06-30,9,1
2022,2022-07-02,84,7.0,False,6025,2022-07-01,9,1
2022,2022-07-03,84,7.0,False,6022,2022-07-02,9,1
2022,2022-07-05,84,7.0,False,6006,2022-07-03,9,1
2022,2022-07-06,84,7.0,False,6003,2022-07-05,9,1
2022,2022-07-07,84,7.0,False,6032,2022-07-06,9,1
2022,2022-07-08,84,7.0,False,6027,2022-07-07,9,1
2022,2022-07-09,84,7.0,False,6016,2022-07-08,9,1
2022,2022-07-10,84,7.0,False,6022,2022-07-09,9,1
2022,2022-07-12,84,7.0,False,6018,2022-07-10,9,1
2022,2022-07-13,84,7.0,False,6033,2022-07-12,9,1
2022,2022-07-14,84,7.0,False,5985,2022-07-13,9,1
2022,2022-07-22,84,7.0,False,5454,2022-07-14,9,1
2022,2022-07-23,84,7.0,False,5445,2022-07-22,9,1
2022,2022-07-24,84,7.0,False,5440,2022-07-23,9,1
2022,2022-07-26,84,7.0,False,5446,2022-07-24,9,1
2022,2022-07-27,84,7.0,False,5429,2022-07-26,9,1
2022,2022-07-28,84,7.0,False,5415,2022-07-27,9,1
2022,2022-07-29,84,7.0,False,5395,2022-07-28,9,1
2022,2022-07-30,84,7.0,False,5405,2022-07-29,9,1
2022,2022-07-31,84,7.0,False,5416,2022-07-30,9,1
2022,2022-07-02,84,14.0,False,6025,2022-07-01,9,1
2022,2022-07-03,84,14.0,False,6022,2022-07-02,9,1
2022,2022-07-05,84,14.0,False,6006,2022-07-03,9,1
2022,2022-07-06,84,14.0,False,6003,2022-07-05,9,1
2022,2022-07-07,84,14.0,False,6032,2022-07-06,9,1
2022,2022-07-08,84,14.0,False,6027,2022-07-07,9,1
2022,2022-07-09,84,14.0,False,6016,2022-07-08,9,1
2022,2022-07-10,84,14.0,False,6022,2022-07-09,9,1
2022,2022-07-12,84,14.0,False,6018,2022-07-10,9,1
2022,2022-07-13,84,14.0,False,6033,2022-07-12,9,1
2022,2022-07-14,84,14.0,False,5985,2022-07-13,9,1
2022,2022-07-22,84,14.0,False,5454,2022-07-14,9,1
2022,2022-07-23,84,14.0,False,5445,2022-07-22,9,1
2022,2022-07-24,84,14.0,False,5440,2022-07-23,9,1
2022,2022-07-26,84,14.0,False,5446,2022-07-24,9,1
2022,2022-07-27,84,14.0,False,5429,2022-07-26,9,1
2022,2022-07-28,84,14.0,False,5415,2022-07-27,9,1
2022,2022-07-29,84,14.0,False,5395,2022-07-28,9,1
2022,2022-07-30,84,14.0,False,5405,2022-07-29,9,1
2022,2022-07-31,84,14.0,False,5416,2022-07-30,9,1
2022,2022-07-02,84,28.0,False,6025,2022-07-01,9,1
2022,2022-07-03,84,28.0,False,6022,2022-07-02,9,1
2022,2022-07-05,84,28.0,False,6006,2022-07-03,9,1
2022,2022-07-06,84,28.0,False,6003,2022-07-05,9,1
2022,2022-07-07,84,28.0,False,6032,2022-07-06,9,1
2022,2022-07-08,84,28.0,False,6027,2022-07-07,9,1
2022,2022-07-09,84,28.0,False,6016,2022-07-08,9,1
2022,2022-07-10,84,28.0,False,6022,2022-07-09,9,1
2022,2022-07-12,84,28.0,False,6018,2022-07-10,9,1
2022,2022-07-13,84,28.0,False,6033,2022-07-12,9,1
2022,2022-07-14,84,28.0,False,5985,2022-07-13,9,1
2022,2022-07-22,84,28.0,False,5454,2022-07-14,9,1
2022,2022-07-23,84,28.0,False,5445,2022-07-22,9,1
2022,2022-07-24,84,28.0,False,5440,2022-07-23,9,1
2022,2022-07-26,84,28.0,False,5446,2022-07-24,9,1
2022,2022-07-27,84,28.0,False,5429,2022-07-26,9,1
2022,2022-07-28,84,28.0,False,5415,2022-07-27,9,1
2022,2022-07-29,84,28.0,False,5395,2022-07-28,9,1
2022,2022-07-30,84,28.0,False,5405,2022-07-29,9,1
2022,2022-07-31,84,28.0,False,5416,2022-07-30,9,1
2022,2022-08-01,28,,False,1415,2022-07-31,9,1
2022,2022-08-01,28,14.0,False,1415,2022-07-31,9,1
2022,2022-08-01,28,28.0,False,1415,2022-07-31,9,1
2022,2022-08-01,28,28.0,True,1415,2022-07-31,9,15
2022,2022-08-01,56,,False,3333,2022-07-31,9,1
2022,2022-08-01,56,14.0,False,3333,2022-07-31,9,1
2022,2022-08-01,56,28.0,False,3333,2022-07-31,9,1
2022,2022-08-01,56,28.0,True,3333,2022-07-31,9,15
2022,2022-08-01,84,,False,5363,2022-07-31,9,1
2022,2022-08-01,84,14.0,False,5363,2022-07-31,9,1
2022,2022-08-01,84,28.0,False,5363,2022-07-31,9,1
2022,2022-08-01,84,28.0,True,5363,2022-07-31,9,15
2022,2022-08-08,28,,False,1424,2022-08-07,8,1
2022,2022-08-15,28,,False,1596,2022-08-14,9,1
2022,2022-08-22,28,,False,1791,2022-08-21,9,1
2022,2022-08-29,28,,False,1869,2022-08-28,9,1
2022,2022-08-08,28,14.0,False,1424,2022-08-07,8,1
2022,2022-08-15,28,14.0,False,1596,2022-08-14,9,1
2022,2022-08-22,28,14.0,False,1791,2022-08-21,9,1
2022,2022-08-29,28,14.0,False,1869,2022-08-28,9,1
2022,2022-08-08,28,28.0,False,1424,2022-08-07,8,1
2022,2022-08-15,28,28.0,False,1596,2022-08-14,9,1
2022,2022-08-22,28,28.0,False,1791,2022-08-21,9,1
2022,2022-08-29,28,28.0,False,1869,2022-08-28,9,1
2022,2022-08-08,28,28.0,True,1424,2022-08-07,8,15
2022,2022-08-15,28,28.0,True,1596,2022-08-14,9,15
2022,2022-08-22,28,28.0,True,1791,2022-08-21,9,15
2022,2022-08-29,28,28.0,True,1869,2022-08-28,9,15
2022,2022-08-08,56,,False,3302,2022-08-07,9,1
2022,2022-08-15,56,,False,3222,2022-08-14,9,1
2022,2022-08-22,56,,False,3192,2022-08-21,9,1
2022,2022-08-29,56,,False,3284,2022-08-28,9,1
2022,2022-08-08,56,14.0,False,3302,2022-08-07,9,1
2022,2022-08-15,56,14.0,False,3222,2022-08-14,9,1
2022,2022-08-22,56,14.0,False,3192,2022-08-21,9,1
2022,2022-08-29,56,14.0,False,3284,2022-08-28,9,1
2022,2022-08-08,56,28.0,False,3302,2022-08-07,9,1
2022,2022-08-15,56,28.0,False,3222,2022-08-14,9,1
2022,2022-08-22,56,28.0,False,3192,2022-08-21,9,1
2022,2022-08-29,56,28.0,False,3284,2022-08-28,9,1
2022,2022-08-08,56,28.0,True,3302,2022-08-07,9,15
2022,2022-08-15,56,28.0,True,3222,2022-08-14,9,15
2022,2022-08-22,56,28.0,True,3192,2022-08-21,9,15
2022,2022-08-29,56,28.0,True,3284,2022-08-28,9,15
2022,2022-08-08,84,,False,5367,2022-08-07,9,1
2022,2022-08-15,84,,False,5223,2022-08-14,9,1
2022,2022-08-22,84,,False,5160,2022-08-21,9,1
2022,2022-08-29,84,,False,5202,2022-08-28,9,1
2022,2022-08-08,84,14.0,False,5367,2022-08-07,9,1
2022,2022-08-15,84,14.0,False,5223,2022-08-14,9,1
2022,2022-08-22,84,14.0,False,5160,2022-08-21,9,1
2022,2022-08-29,84,14.0,False,5202,2022-08-28,9,1
2022,2022-08-08,84,28.0,False,5367,2022-08-07,9,1
2022,2022-08-15,84,28.0,False,5223,2022-08-14,9,1
2022,2022-08-22,84,28.0,False,5160,2022-08-21,9,1
2022,2022-08-29,84,28.0,False,5202,2022-08-28,9,1
2022,2022-08-08,84,28.0,True,5367,2022-08-07,9,15
2022,2022-08-15,84,28.0,True,5223,2022-08-14,9,15
2022,2022-08-22,84,28.0,True,5160,2022-08-21,9,15
2022,2022-08-29,84,28.0,True,5202,2022-08-28,9,15
2022,2022-08-01,56,7.0,False,3333,2022-07-31,9,1
2022,2022-08-08,56,7.0,False,3302,2022-08-07,9,1
2022,2022-08-15,56,7.0,False,3222,2022-08-14,9,1
2022,2022-08-22,56,7.0,False,3192,2022-08-21,9,1
2022,2022-08-29,56,7.0,False,3284,2022-08-28,9,1
2022,2022-08-01,56,10.0,False,3333,2022-07-31,9,1
2022,2022-08-08,56,10.0,False,3302,2022-08-07,9,1
2022,2022-08-15,56,10.0,False,3222,2022-08-14,9,1
2022,2022-08-22,56,10.0,False,3192,2022-08-21,9,1
2022,2022-08-29,56,10.0,False,3284,2022-08-28,9,1
2022,2022-08-01,56,21.0,False,3333,2022-07-31,9,1
2022,2022-08-08,56,21.0,False,3302,2022-08-07,9,1
2022,2022-08-15,56,21.0,False,3222,2022-08-14,9,1
2022,2022-08-22,56,21.0,False,3192,2022-08-21,9,1
2022,2022-08-29,56,21.0,False,3284,2022-08-28,9,1
2022,2022-08-01,84,7.0,False,5363,2022-07-31,9,1
2022,2022-08-08,84,7.0,False,5367,2022-08-07,9,1
2022,2022-08-15,84,7.0,False,5223,2022-08-14,9,1
2022,2022-08-22,84,7.0,False,5160,2022-08-21,9,1
2022,2022-08-29,84,7.0,False,5202,2022-08-28,9,1
2022,2022-08-01,84,10.0,False,5363,2022-07-31,9,1
2022,2022-08-08,84,10.0,False,5367,2022-08-07,9,1
2022,2022-08-15,84,10.0,False,5223,2022-08-14,9,1
2022,2022-08-22,84,10.0,False,5160,2022-08-21,9,1
2022,2022-08-29,84,10.0,False,5202,2022-08-28,9,1
2022,2022-08-01,84,21.0,False,5363,2022-07-31,9,1
2022,2022-08-08,84,21.0,False,5367,2022-08-07,9,1
2022,2022-08-15,84,21.0,False,5223,2022-08-14,9,1
2022,2022-08-22,84,21.0,False,5160,2022-08-21,9,1
2022,2022-08-29,84,21.0,False,5202,2022-08-28,9,1
2022,2022-08-01,112,7.0,False,7421,2022-07-31,9,1
2022,2022-08-08,112,7.0,False,7442,2022-08-07,9,1
2022,2022-08-15,112,7.0,False,7306,2022-08-14,9,1
2022,2022-08-22,112,7.0,False,7237,2022-08-21,9,1
2022,2022-08-29,112,7.0,False,7232,2022-08-28,9,1
2022,2022-08-01,112,10.0,False,7421,2022-07-31,9,1
2022,2022-08-08,112,10.0,False,7442,2022-08-07,9,1
2022,2022-08-15,112,10.0,False,7306,2022-08-14,9,1
2022,2022-08-22,112,10.0,False,7237,2022-08-21,9,1
2022,2022-08-29,112,10.0,False,7232,2022-08-28,9,1
2022,2022-08-01,112,21.0,False,7421,2022-07-31,9,1
2022,2022-08-08,112,21.0,False,7442,2022-08-07,9,1
2022,2022-08-15,112,21.0,False,7306,2022-08-14,9,1
2022,2022-08-22,112,21.0,False,7237,2022-08-21,9,1
2022,2022-08-29,112,21.0,False,7232,2022-08-28,9,1
2022,2022-08-01,112,14.0,False,7421,2022-07-31,9,1
2022,2022-08-08,112,14.0,False,7442,2022-08-07,9,1
2022,2022-08-15,112,14.0,False,7306,2022-08-14,9,1
2022,2022-08-22,112,14.0,False,7237,2022-08-21,9,1
2022,2022-08-29,112,14.0,False,7232,2022-08-28,9,1
2022,2022-08-01,84,3.5,False,5363,2022-07-31,9,1
2022,2022-08-08,84,3.5,False,5367,2022-08-07,9,1
2022,2022-08-15,84,3.5,False,5223,2022-08-14,9,1
2022,2022-08-22,84,3.5,False,5160,2022-08-21,9,1
2022,2022-08-29,84,3.5,False,5202,2022-08-28,9,1
2022,2022-08-01,28,7.0,False,1415,2022-07-31,9,1
2022,2022-08-08,28,7.0,False,1424,2022-08-07,8,1
2022,2022-08-15,28,7.0,False,1596,2022-08-14,9,1
2022,2022-08-22,28,7.0,False,1791,2022-08-21,9,1
2022,2022-08-29,28,7.0,False,1869,2022-08-28,9,1
2022,2022-08-01,84,14.0,True,5363,2022-07-31,9,15
2022,2022-08-08,84,14.0,True,5367,2022-08-07,9,15
2022,2022-08-15,84,14.0,True,5223,2022-08-14,9,15
2022,2022-08-22,84,14.0,True,5160,2022-08-21,9,15
2022,2022-08-29,84,14.0,True,5202,2022-08-28,9,15
2022,2022-08-02,84,3.5,False,5363,2022-07-31,9,1
2022,2022-08-03,84,3.5,False,5340,2022-08-02,9,1
2022,2022-08-04,84,3.5,False,5323,2022-08-03,9,1
2022,2022-08-05,84,3.5,False,5325,2022-08-04,9,1
2022,2022-08-06,84,3.5,False,5330,2022-08-05,9,1
2022,2022-08-07,84,3.5,False,5357,2022-08-06,9,1
2022,2022-08-10,84,3.5,False,5270,2022-08-07,9,1
2022,2022-08-11,84,3.5,False,5246,2022-08-10,9,1
2022,2022-08-12,84,3.5,False,5217,2022-08-11,9,1
2022,2022-08-13,84,3.5,False,5235,2022-08-12,9,1
2022,2022-08-14,84,3.5,False,5208,2022-08-13,9,1
2022,2022-08-16,84,3.5,False,5223,2022-08-14,9,1
2022,2022-08-17,84,3.5,False,5171,2022-08-16,9,1
2022,2022-08-18,84,3.5,False,5184,2022-08-17,9,1
2022,2022-08-19,84,3.5,False,5172,2022-08-18,9,1
2022,2022-08-20,84,3.5,False,5158,2022-08-19,9,1
2022,2022-08-21,84,3.5,False,5157,2022-08-20,9,1
2022,2022-08-23,84,3.5,False,5160,2022-08-21,9,1
2022,2022-08-24,84,3.5,False,5176,2022-08-23,9,1
2022,2022-08-25,84,3.5,False,5183,2022-08-24,9,1
2022,2022-08-26,84,3.5,False,5170,2022-08-25,9,1
2022,2022-08-27,84,3.5,False,5169,2022-08-26,9,1
2022,2022-08-28,84,3.5,False,5151,2022-08-27,9,1
2022,2022-08-30,84,3.5,False,5202,2022-08-28,9,1
2022,2022-08-31,84,3.5,False,5143,2022-08-30,9,1
2022,2022-08-02,56,7.0,False,3333,2022-07-31,9,1
2022,2022-08-03,56,7.0,False,3307,2022-08-02,9,1
2022,2022-08-04,56,7.0,False,3291,2022-08-03,9,1
2022,2022-08-05,56,7.0,False,3288,2022-08-04,9,1
2022,2022-08-06,56,7.0,False,3282,2022-08-05,9,1
2022,2022-08-07,56,7.0,False,3300,2022-08-06,9,1
2022,2022-08-10,56,7.0,False,3260,2022-08-07,9,1
2022,2022-08-11,56,7.0,False,3248,2022-08-10,9,1
2022,2022-08-12,56,7.0,False,3215,2022-08-11,9,1
2022,2022-08-13,56,7.0,False,3222,2022-08-12,9,1
2022,2022-08-14,56,7.0,False,3207,2022-08-13,9,1
2022,2022-08-16,56,7.0,False,3222,2022-08-14,9,1
2022,2022-08-17,56,7.0,False,3166,2022-08-16,9,1
2022,2022-08-18,56,7.0,False,3163,2022-08-17,9,1
2022,2022-08-19,56,7.0,False,3227,2022-08-18,9,1
2022,2022-08-20,56,7.0,False,3198,2022-08-19,9,1
2022,2022-08-21,56,7.0,False,3188,2022-08-20,9,1
2022,2022-08-23,56,7.0,False,3192,2022-08-21,9,1
2022,2022-08-24,56,7.0,False,3206,2022-08-23,9,1
2022,2022-08-25,56,7.0,False,3241,2022-08-24,9,1
2022,2022-08-26,56,7.0,False,3271,2022-08-25,9,1
2022,2022-08-27,56,7.0,False,3278,2022-08-26,9,1
2022,2022-08-28,56,7.0,False,3282,2022-08-27,9,1
2022,2022-08-30,56,7.0,False,3284,2022-08-28,9,1
2022,2022-08-31,56,7.0,False,3231,2022-08-30,9,1
2022,2022-08-02,56,14.0,False,3333,2022-07-31,9,1
2022,2022-08-03,56,14.0,False,3307,2022-08-02,9,1
2022,2022-08-04,56,14.0,False,3291,2022-08-03,9,1
2022,2022-08-05,56,14.0,False,3288,2022-08-04,9,1
2022,2022-08-06,56,14.0,False,3282,2022-08-05,9,1
2022,2022-08-07,56,14.0,False,3300,2022-08-06,9,1
2022,2022-08-10,56,14.0,False,3260,2022-08-07,9,1
2022,2022-08-11,56,14.0,False,3248,2022-08-10,9,1
2022,2022-08-12,56,14.0,False,3215,2022-08-11,9,1
2022,2022-08-13,56,14.0,False,3222,2022-08-12,9,1
2022,2022-08-14,56,14.0,False,3207,2022-08-13,9,1
2022,2022-08-16,56,14.0,False,3222,2022-08-14,9,1
2022,2022-08-17,56,14.0,False,3166,2022-08-16,9,1
2022,2022-08-18,56,14.0,False,3163,2022-08-17,9,1
2022,2022-08-19,56,14.0,False,3227,2022-08-18,9,1
2022,2022-08-20,56,14.0,False,3198,2022-08-19,9,1
2022,2022-08-21,56,14.0,False,3188,2022-08-20,9,1
2022,2022-08-23,56,14.0,False,3192,2022-08-21,9,1
2022,2022-08-24,56,14.0,False,3206,2022-08-23,9,1
2022,2022-08-25,56,14.0,False,3241,2022-08-24,9,1
2022,2022-08-26,56,14.0,False,3271,2022-08-25,9,1
2022,2022-08-27,56,14.0,False,3278,2022-08-26,9,1
2022,2022-08-28,56,14.0,False,3282,2022-08-27,9,1
2022,2022-08-30,56,14.0,False,3284,2022-08-28,9,1
2022,2022-08-31,56,14.0,False,3231,2022-08-30,9,1
2022,2022-08-02,56,28.0,False,3333,2022-07-31,9,1
2022,2022-08-03,56,28.0,False,3307,2022-08-02,9,1
2022,2022-08-04,56,28.0,False,3291,2022-08-03,9,1
2022,2022-08-05,56,28.0,False,3288,2022-08-04,9,1
2022,2022-08-06,56,28.0,False,3282,2022-08-05,9,1
2022,2022-08-07,56,28.0,False,3300,2022-08-06,9,1
2022,2022-08-10,56,28.0,False,3260,2022-08-07,9,1
2022,2022-08-11,56,28.0,False,3248,2022-08-10,9,1
2022,2022-08-12,56,28.0,False,3215,2022-08-11,9,1
2022,2022-08-13,56,28.0,False,3222,2022-08-12,9,1
2022,2022-08-14,56,28.0,False,3207,2022-08-13,9,1
2022,2022-08-16,56,28.0,False,3222,2022-08-14,9,1
2022,2022-08-17,56,28.0,False,3166,2022-08-16,9,1
2022,2022-08-18,56,28.0,False,3163,2022-08-17,9,1
2022,2022-08-19,56,28.0,False,3227,2022-08-18,9,1
2022,2022-08-20,56,28.0,False,3198,2022-08-19,9,1
2022,2022-08-21,56,28.0,False,3188,2022-08-20,9,1
2022,2022-08-23,56,28.0,False,3192,2022-08-21,9,1
2022,2022-08-24,56,28.0,False,3206,2022-08-23,9,1
2022,2022-08-25,56,28.0,False,3241,2022-08-24,9,1
2022,2022-08-26,56,28.0,False,3271,2022-08-25,9,1
2022,2022-08-27,56,28.0,False,3278,2022-08-26,9,1
2022,2022-08-28,56,28.0,False,3282,2022-08-27,9,1
2022,2022-08-30,56,28.0,False,3284,2022-08-28,9,1
2022,2022-08-31,56,28.0,False,3231,2022-08-30,9,1
2022,2022-08-02,84,7.0,False,5363,2022-07-31,9,1
2022,2022-08-03,84,7.0,False,5340,2022-08-02,9,1
2022,2022-08-04,84,7.0,False,5323,2022-08-03,9,1
2022,2022-08-05,84,7.0,False,5325,2022-08-04,9,1
2022,2022-08-06,84,7.0,False,5330,2022-08-05,9,1
2022,2022-08-07,84,7.0,False,5357,2022-08-06,9,1
2022,2022-08-10,84,7.0,False,5270,2022-08-07,9,1
2022,2022-08-11,84,7.0,False,5246,2022-08-10,9,1
2022,2022-08-12,84,7.0,False,5217,2022-08-11,9,1
2022,2022-08-13,84,7.0,False,5235,2022-08-12,9,1
2022,2022-08-14,84,7.0,False,5208,2022-08-13,9,1
2022,2022-08-16,84,7.0,False,5223,2022-08-14,9,1
2022,2022-08-17,84,7.0,False,5171,2022-08-16,9,1
2022,2022-08-18,84,7.0,False,5184,2022-08-17,9,1
2022,2022-08-19,84,7.0,False,5172,2022-08-18,9,1
2022,2022-08-20,84,7.0,False,5158,2022-08-19,9,1
2022,2022-08-21,84,7.0,False,5157,2022-08-20,9,1
2022,2022-08-23,84,7.0,False,5160,2022-08-21,9,1
2022,2022-08-24,84,7.0,False,5176,2022-08-23,9,1
2022,2022-08-25,84,7.0,False,5183,2022-08-24,9,1
2022,2022-08-26,84,7.0,False,5170,2022-08-25,9,1
2022,2022-08-27,84,7.0,False,5169,2022-08-26,9,1
2022,2022-08-28,84,7.0,False,5151,2022-08-27,9,1
2022,2022-08-30,84,7.0,False,5202,2022-08-28,9,1
2022,2022-08-31,84,7.0,False,5143,2022-08-30,9,1
2022,2022-08-02,84,14.0,False,5363,2022-07-31,9,1
2022,2022-08-03,84,14.0,False,5340,2022-08-02,9,1
2022,2022-08-04,84,14.0,False,5323,2022-08-03,9,1
2022,2022-08-05,84,14.0,False,5325,2022-08-04,9,1
2022,2022-08-06,84,14.0,False,5330,2022-08-05,9,1
2022,2022-08-07,84,14.0,False,5357,2022-08-06,9,1
2022,2022-08-10,84,14.0,False,5270,2022-08-07,9,1
2022,2022-08-11,84,14.0,False,5246,2022-08-10,9,1
2022,2022-08-12,84,14.0,False,5217,2022-08-11,9,1
2022,2022-08-13,84,14.0,False,5235,2022-08-12,9,1
2022,2022-08-14,84,14.0,False,5208,2022-08-13,9,1
2022,2022-08-16,84,14.0,False,5223,2022-08-14,9,1
2022,2022-08-17,84,14.0,False,5171,2022-08-16,9,1
2022,2022-08-18,84,14.0,False,5184,2022-08-17,9,1
2022,2022-08-19,84,14.0,False,5172,2022-08-18,9,1
2022,2022-08-20,84,14.0,False,5158,2022-08-19,9,1
2022,2022-08-21,84,14.0,False,5157,2022-08-20,9,1
2022,2022-08-23,84,14.0,False,5160,2022-08-21,9,1
2022,2022-08-24,84,14.0,False,5176,2022-08-23,9,1
2022,2022-08-25,84,14.0,False,5183,2022-08-24,9,1
2022,2022-08-26,84,14.0,False,5170,2022-08-25,9,1
2022,2022-08-27,84,14.0,False,5169,2022-08-26,9,1
2022,2022-08-28,84,14.0,False,5151,2022-08-27,9,1
2022,2022-08-30,84,14.0,False,5202,2022-08-28,9,1
2022,2022-08-31,84,14.0,False,5143,2022-08-30,9,1
2022,2022-08-02,84,28.0,False,5363,2022-07-31,9,1
2022,2022-08-03,84,28.0,False,5340,2022-08-02,9,1
2022,2022-08-04,84,28.0,False,5323,2022-08-03,9,1
2022,2022-08-05,84,28.0,False,5325,2022-08-04,9,1
2022,2022-08-06,84,28.0,False,5330,2022-08-05,9,1
2022,2022-08-07,84,28.0,False,5357,2022-08-06,9,1
2022,2022-08-10,84,28.0,False,5270,2022-08-07,9,1
2022,2022-08-11,84,28.0,False,5246,2022-08-10,9,1
2022,2022-08-12,84,28.0,False,5217,2022-08-11,9,1
2022,2022-08-13,84,28.0,False,5235,2022-08-12,9,1
2022,2022-08-14,84,28.0,False,5208,2022-08-13,9,1
2022,2022-08-16,84,28.0,False,5223,2022-08-14,9,1
2022,2022-08-17,84,28.0,False,5171,2022-08-16,9,1
2022,2022-08-18,84,28.0,False,5184,2022-08-17,9,1
2022,2022-08-19,84,28.0,False,5172,2022-08-18,9,1
2022,2022-08-20,84,28.0,False,5158,2022-08-19,9,1
2022,2022-08-21,84,28.0,False,5157,2022-08-20,9,1
2022,2022-08-23,84,28.0,False,5160,2022-08-21,9,1
2022,2022-08-24,84,28.0,False,5176,2022-08-23,9,1
2022,2022-08-25,84,28.0,False,5183,2022-08-24,9,1
2022,2022-08-26,84,28.0,False,5170,2022-08-25,9,1
2022,2022-08-27,84,28.0,False,5169,2022-08-26,9,1
2022,2022-08-28,84,28.0,False,5151,2022-08-27,9,1
2022,2022-08-30,84,28.0,False,5202,2022-08-28,9,1
2022,2022-08-31,84,28.0,False,5143,2022-08-30,9,1
2022,2022-09-01,28,,False,1830,2022-08-31,9,1
2022,2022-09-01,28,14.0,False,1830,2022-08-31,9,1
2022,2022-09-01,28,28.0,False,1830,2022-08-31,9,1
2022,2022-09-01,28,28.0,True,1830,2022-08-31,9,15
2022,2022-09-01,56,,False,3220,2022-08-31,9,1
2022,2022-09-01,56,14.0,False,3220,2022-08-31,9,1
2022,2022-09-01,56,28.0,False,3220,2022-08-31,9,1
2022,2022-09-01,56,28.0,True,3220,2022-08-31,9,15
2022,2022-09-01,84,,False,5121,2022-08-31,9,1
2022,2022-09-01,84,14.0,False,5121,2022-08-31,9,1
2022,2022-09-01,84,28.0,False,5121,2022-08-31,9,1
2022,2022-09-01,84,28.0,True,5121,2022-08-31,9,15
2022,2022-09-05,28,,False,1743,2022-09-04,9,1
2022,2022-09-12,28,,False,1848,2022-09-11,9,1
2022,2022-09-19,28,,False,1904,2022-09-18,9,1
2022,2022-09-26,28,,False,1888,2022-09-25,9,1
2022,2022-09-05,28,14.0,False,1743,2022-09-04,9,1
2022,2022-09-12,28,14.0,False,1848,2022-09-11,9,1
2022,2022-09-19,28,14.0,False,1904,2022-09-18,9,1
2022,2022-09-26,28,14.0,False,1888,2022-09-25,9,1
2022,2022-09-05,28,28.0,False,1743,2022-09-04,9,1
2022,2022-09-12,28,28.0,False,1848,2022-09-11,9,1
2022,2022-09-19,28,28.0,False,1904,2022-09-18,9,1
2022,2022-09-26,28,28.0,False,1888,2022-09-25,9,1
2022,2022-09-05,28,28.0,True,1743,2022-09-04,9,15
2022,2022-09-12,28,28.0,True,1848,2022-09-11,9,15
2022,2022-09-19,28,28.0,True,1904,2022-09-18,9,15
2022,2022-09-26,28,28.0,True,1888,2022-09-25,9,15
2022,2022-09-05,56,,False,3167,2022-09-04,9,1
2022,2022-09-12,56,,False,3444,2022-09-11,9,1
2022,2022-09-19,56,,False,3695,2022-09-18,9,1
2022,2022-09-26,56,,False,3757,2022-09-25,9,1
2022,2022-09-05,56,14.0,False,3167,2022-09-04,9,1
2022,2022-09-12,56,14.0,False,3444,2022-09-11,9,1
2022,2022-09-19,56,14.0,False,3695,2022-09-18,9,1
2022,2022-09-26,56,14.0,False,3757,2022-09-25,9,1
2022,2022-09-05,56,28.0,False,3167,2022-09-04,9,1
2022,2022-09-12,56,28.0,False,3444,2022-09-11,9,1
2022,2022-09-19,56,28.0,False,3695,2022-09-18,9,1
2022,2022-09-26,56,28.0,False,3757,2022-09-25,9,1
2022,2022-09-05,56,28.0,True,3167,2022-09-04,9,15
2022,2022-09-12,56,28.0,True,3444,2022-09-11,9,15
2022,2022-09-19,56,28.0,True,3695,2022-09-18,9,15
2022,2022-09-26,56,28.0,True,3757,2022-09-25,9,15
2022,2022-09-05,84,,False,5045,2022-09-04,9,1
2022,2022-09-12,84,,False,5070,2022-09-11,9,1
2022,2022-09-19,84,,False,5096,2022-09-18,9,1
2022,2022-09-26,84,,False,5172,2022-09-25,9,1
2022,2022-09-05,84,14.0,False,5045,2022-09-04,9,1
2022,2022-09-12,84,14.0,False,5070,2022-09-11,9,1
2022,2022-09-19,84,14.0,False,5096,2022-09-18,9,1
2022,2022-09-26,84,14.0,False,5172,2022-09-25,9,1
2022,2022-09-05,84,28.0,False,5045,2022-09-04,9,1
2022,2022-09-12,84,28.0,False,5070,2022-09-11,9,1
2022,2022-09-19,84,28.0,False,5096,2022-09-18,9,1
2022,2022-09-26,84,28.0,False,5172,2022-09-25,9,1
2022,2022-09-05,84,28.0,True,5045,2022-09-04,9,15
2022,2022-09-12,84,28.0,True,5070,2022-09-11,9,15
2022,2022-09-19,84,28.0,True,5096,2022-09-18,9,15
2022,2022-09-26,84,28.0,True,5172,2022-09-25,9,15
2022,2022-09-05,56,7.0,False,3167,2022-09-04,9,1
2022,2022-09-12,56,7.0,False,3444,2022-09-11,9,1
2022,2022-09-19,56,7.0,False,3695,2022-09-18,9,1
2022,2022-09-26,56,7.0,False,3757,2022-09-25,9,1
2022,2022-09-05,56,10.0,False,3167,2022-09-04,9,1
2022,2022-09-12,56,10.0,False,3444,2022-09-11,9,1
2022,2022-09-19,56,10.0,False,3695,2022-09-18,9,1
2022,2022-09-26,56,10.0,False,3757,2022-09-25,9,1
2022,2022-09-05,56,21.0,False,3167,2022-09-04,9,1
2022,2022-09-12,56,21.0,False,3444,2022-09-11,9,1
2022,2022-09-19,56,21.0,False,3695,2022-09-18,9,1
2022,2022-09-26,56,21.0,False,3757,2022-09-25,9,1
2022,2022-09-05,84,7.0,False,5045,2022-09-04,9,1
2022,2022-09-12,84,7.0,False,5070,2022-09-11,9,1
2022,2022-09-19,84,7.0,False,5096,2022-09-18,9,1
2022,2022-09-26,84,7.0,False,5172,2022-09-25,9,1
2022,2022-09-05,84,10.0,False,5045,2022-09-04,9,1
2022,2022-09-12,84,10.0,False,5070,2022-09-11,9,1
2022,2022-09-19,84,10.0,False,5096,2022-09-18,9,1
2022,2022-09-26,84,10.0,False,5172,2022-09-25,9,1
2022,2022-09-05,84,21.0,False,5045,2022-09-04,9,1
2022,2022-09-12,84,21.0,False,5070,2022-09-11,9,1
2022,2022-09-19,84,21.0,False,5096,2022-09-18,9,1
2022,2022-09-26,84,21.0,False,5172,2022-09-25,9,1
2022,2022-09-05,112,7.0,False,7110,2022-09-04,9,1
2022,2022-09-12,112,7.0,False,7071,2022-09-11,9,1
2022,2022-09-19,112,7.0,False,7064,2022-09-18,9,1
2022,2022-09-26,112,7.0,False,7090,2022-09-25,9,1
2022,2022-09-05,112,10.0,False,7110,2022-09-04,9,1
2022,2022-09-12,112,10.0,False,7071,2022-09-11,9,1
2022,2022-09-19,112,10.0,False,7064,2022-09-18,9,1
2022,2022-09-26,112,10.0,False,7090,2022-09-25,9,1
2022,2022-09-05,112,21.0,False,7110,2022-09-04,9,1
2022,2022-09-12,112,21.0,False,7071,2022-09-11,9,1
2022,2022-09-19,112,21.0,False,7064,2022-09-18,9,1
2022,2022-09-26,112,21.0,False,7090,2022-09-25,9,1
2022,2022-09-05,112,14.0,False,7110,2022-09-04,9,1
2022,2022-09-12,112,14.0,False,7071,2022-09-11,9,1
2022,2022-09-19,112,14.0,False,7064,2022-09-18,9,1
2022,2022-09-26,112,14.0,False,7090,2022-09-25,9,1
2022,2022-09-05,84,3.5,False,5045,2022-09-04,9,1
2022,2022-09-12,84,3.5,False,5070,2022-09-11,9,1
2022,2022-09-19,84,3.5,False,5096,2022-09-18,9,1
2022,2022-09-26,84,3.5,False,5172,2022-09-25,9,1
2022,2022-09-05,28,7.0,False,1743,2022-09-04,9,1
2022,2022-09-12,28,7.0,False,1848,2022-09-11,9,1
2022,2022-09-19,28,7.0,False,1904,2022-09-18,9,1
2022,2022-09-26,28,7.0,False,1888,2022-09-25,9,1
2022,2022-09-05,84,14.0,True,5045,2022-09-04,9,15
2022,2022-09-12,84,14.0,True,5070,2022-09-11,9,15
2022,2022-09-19,84,14.0,True,5096,2022-09-18,9,15
2022,2022-09-26,84,14.0,True,5172,2022-09-25,9,15
2022,2022-09-01,84,3.5,False,5121,2022-08-31,9,1
2022,2022-09-02,84,3.5,False,5109,2022-09-01,9,1
2022,2022-09-03,84,3.5,False,5107,2022-09-02,9,1
2022,2022-09-04,84,3.5,False,5096,2022-09-03,9,1
2022,2022-09-06,84,3.5,False,5045,2022-09-04,9,1
2022,2022-09-07,84,3.5,False,5076,2022-09-06,9,1
2022,2022-09-08,84,3.5,False,5058,2022-09-07,9,1
2022,2022-09-09,84,3.5,False,5052,2022-09-08,9,1
2022,2022-09-10,84,3.5,False,5065,2022-09-09,9,1
2022,2022-09-11,84,3.5,False,5062,2022-09-10,9,1
2022,2022-09-13,84,3.5,False,5070,2022-09-11,9,1
2022,2022-09-14,84,3.5,False,5069,2022-09-13,9,1
2022,2022-09-15,84,3.5,False,5046,2022-09-14,9,1
2022,2022-09-16,84,3.5,False,5109,2022-09-15,9,1
2022,2022-09-17,84,3.5,False,5113,2022-09-16,9,1
2022,2022-09-18,84,3.5,False,5098,2022-09-17,9,1
2022,2022-09-20,84,3.5,False,5096,2022-09-18,9,1
2022,2022-09-21,84,3.5,False,5106,2022-09-20,9,1
2022,2022-09-22,84,3.5,False,5145,2022-09-21,9,1
2022,2022-09-23,84,3.5,False,5175,2022-09-22,9,1
2022,2022-09-24,84,3.5,False,5190,2022-09-23,9,1
2022,2022-09-25,84,3.5,False,5186,2022-09-24,9,1
2022,2022-09-27,84,3.5,False,5172,2022-09-25,9,1
2022,2022-09-28,84,3.5,False,5165,2022-09-27,9,1
2022,2022-09-29,84,3.5,False,5116,2022-09-28,9,1
2022,2022-09-30,84,3.5,False,5142,2022-09-29,9,1
2022,2022-09-01,56,7.0,False,3220,2022-08-31,9,1
2022,2022-09-02,56,7.0,False,3224,2022-09-01,9,1
2022,2022-09-03,56,7.0,False,3231,2022-09-02,9,1
2022,2022-09-04,56,7.0,False,3204,2022-09-03,9,1
2022,2022-09-06,56,7.0,False,3167,2022-09-04,9,1
2022,2022-09-07,56,7.0,False,3131,2022-09-06,9,1
2022,2022-09-08,56,7.0,False,3178,2022-09-07,9,1
2022,2022-09-09,56,7.0,False,3178,2022-09-08,9,1
2022,2022-09-10,56,7.0,False,3271,2022-09-09,9,1
2022,2022-09-11,56,7.0,False,3350,2022-09-10,9,1
2022,2022-09-13,56,7.0,False,3444,2022-09-11,9,1
2022,2022-09-14,56,7.0,False,3533,2022-09-13,9,1
2022,2022-09-15,56,7.0,False,3601,2022-09-14,9,1
2022,2022-09-16,56,7.0,False,3691,2022-09-15,9,1
2022,2022-09-17,56,7.0,False,3686,2022-09-16,9,1
2022,2022-09-18,56,7.0,False,3703,2022-09-17,9,1
2022,2022-09-20,56,7.0,False,3695,2022-09-18,9,1
2022,2022-09-21,56,7.0,False,3713,2022-09-20,9,1
2022,2022-09-22,56,7.0,False,3728,2022-09-21,9,1
2022,2022-09-23,56,7.0,False,3753,2022-09-22,9,1
2022,2022-09-24,56,7.0,False,3756,2022-09-23,9,1
2022,2022-09-25,56,7.0,False,3723,2022-09-24,9,1
2022,2022-09-27,56,7.0,False,3757,2022-09-25,9,1
2022,2022-09-28,56,7.0,False,3770,2022-09-27,9,1
2022,2022-09-29,56,7.0,False,3726,2022-09-28,9,1
2022,2022-09-30,56,7.0,False,3739,2022-09-29,9,1
2022,2022-09-02,56,14.0,False,3224,2022-09-01,9,1
2022,2022-09-03,56,14.0,False,3231,2022-09-02,9,1
2022,2022-09-04,56,14.0,False,3204,2022-09-03,9,1
2022,2022-09-06,56,14.0,False,3167,2022-09-04,9,1
2022,2022-09-07,56,14.0,False,3131,2022-09-06,9,1
2022,2022-09-08,56,14.0,False,3178,2022-09-07,9,1
2022,2022-09-09,56,14.0,False,3178,2022-09-08,9,1
2022,2022-09-10,56,14.0,False,3271,2022-09-09,9,1
2022,2022-09-11,56,14.0,False,3350,2022-09-10,9,1
2022,2022-09-13,56,14.0,False,3444,2022-09-11,9,1
2022,2022-09-14,56,14.0,False,3533,2022-09-13,9,1
2022,2022-09-15,56,14.0,False,3601,2022-09-14,9,1
2022,2022-09-16,56,14.0,False,3691,2022-09-15,9,1
2022,2022-09-17,56,14.0,False,3686,2022-09-16,9,1
2022,2022-09-18,56,14.0,False,3703,2022-09-17,9,1
2022,2022-09-20,56,14.0,False,3695,2022-09-18,9,1
2022,2022-09-21,56,14.0,False,3713,2022-09-20,9,1
2022,2022-09-22,56,14.0,False,3728,2022-09-21,9,1
2022,2022-09-23,56,14.0,False,3753,2022-09-22,9,1
2022,2022-09-24,56,14.0,False,3756,2022-09-23,9,1
2022,2022-09-25,56,14.0,False,3723,2022-09-24,9,1
2022,2022-09-27,56,14.0,False,3757,2022-09-25,9,1
2022,2022-09-28,56,14.0,False,3770,2022-09-27,9,1
2022,2022-09-29,56,14.0,False,3726,2022-09-28,9,1
2022,2022-09-30,56,14.0,False,3739,2022-09-29,9,1
2022,2022-09-02,56,28.0,False,3224,2022-09-01,9,1
2022,2022-09-03,56,28.0,False,3231,2022-09-02,9,1
2022,2022-09-04,56,28.0,False,3204,2022-09-03,9,1
2022,2022-09-06,56,28.0,False,3167,2022-09-04,9,1
2022,2022-09-07,56,28.0,False,3131,2022-09-06,9,1
2022,2022-09-08,56,28.0,False,3178,2022-09-07,9,1
2022,2022-09-09,56,28.0,False,3178,2022-09-08,9,1
2022,2022-09-10,56,28.0,False,3271,2022-09-09,9,1
2022,2022-09-11,56,28.0,False,3350,2022-09-10,9,1
2022,2022-09-13,56,28.0,False,3444,2022-09-11,9,1
2022,2022-09-14,56,28.0,False,3533,2022-09-13,9,1
2022,2022-09-15,56,28.0,False,3601,2022-09-14,9,1
2022,2022-09-16,56,28.0,False,3691,2022-09-15,9,1
2022,2022-09-17,56,28.0,False,3686,2022-09-16,9,1
2022,2022-09-18,56,28.0,False,3703,2022-09-17,9,1
2022,2022-09-20,56,28.0,False,3695,2022-09-18,9,1
2022,2022-09-21,56,28.0,False,3713,2022-09-20,9,1
2022,2022-09-22,56,28.0,False,3728,2022-09-21,9,1
2022,2022-09-23,56,28.0,False,3753,2022-09-22,9,1
2022,2022-09-24,56,28.0,False,3756,2022-09-23,9,1
2022,2022-09-25,56,28.0,False,3723,2022-09-24,9,1
2022,2022-09-27,56,28.0,False,3757,2022-09-25,9,1
2022,2022-09-28,56,28.0,False,3770,2022-09-27,9,1
2022,2022-09-29,56,28.0,False,3726,2022-09-28,9,1
2022,2022-09-30,56,28.0,False,3739,2022-09-29,9,1
2022,2022-09-01,84,7.0,False,5121,2022-08-31,9,1
2022,2022-09-02,84,7.0,False,5109,2022-09-01,9,1
2022,2022-09-03,84,7.0,False,5107,2022-09-02,9,1
2022,2022-09-04,84,7.0,False,5096,2022-09-03,9,1
2022,2022-09-06,84,7.0,False,5045,2022-09-04,9,1
2022,2022-09-07,84,7.0,False,5076,2022-09-06,9,1
2022,2022-09-08,84,7.0,False,5058,2022-09-07,9,1
2022,2022-09-09,84,7.0,False,5052,2022-09-08,9,1
2022,2022-09-10,84,7.0,False,5065,2022-09-09,9,1
2022,2022-09-11,84,7.0,False,5062,2022-09-10,9,1
2022,2022-09-13,84,7.0,False,5070,2022-09-11,9,1
2022,2022-09-14,84,7.0,False,5069,2022-09-13,9,1
2022,2022-09-15,84,7.0,False,5046,2022-09-14,9,1
2022,2022-09-16,84,7.0,False,5109,2022-09-15,9,1
2022,2022-09-17,84,7.0,False,5113,2022-09-16,9,1
2022,2022-09-18,84,7.0,False,5098,2022-09-17,9,1
2022,2022-09-20,84,7.0,False,5096,2022-09-18,9,1
2022,2022-09-21,84,7.0,False,5106,2022-09-20,9,1
2022,2022-09-22,84,7.0,False,5145,2022-09-21,9,1
2022,2022-09-23,84,7.0,False,5175,2022-09-22,9,1
2022,2022-09-24,84,7.0,False,5190,2022-09-23,9,1
2022,2022-09-25,84,7.0,False,5186,2022-09-24,9,1
2022,2022-09-27,84,7.0,False,5172,2022-09-25,9,1
2022,2022-09-28,84,7.0,False,5165,2022-09-27,9,1
2022,2022-09-29,84,7.0,False,5116,2022-09-28,9,1
2022,2022-09-30,84,7.0,False,5142,2022-09-29,9,1
2022,2022-09-02,84,14.0,False,5109,2022-09-01,9,1
2022,2022-09-03,84,14.0,False,5107,2022-09-02,9,1
2022,2022-09-04,84,14.0,False,5096,2022-09-03,9,1
2022,2022-09-06,84,14.0,False,5045,2022-09-04,9,1
2022,2022-09-07,84,14.0,False,5076,2022-09-06,9,1
2022,2022-09-08,84,14.0,False,5058,2022-09-07,9,1
2022,2022-09-09,84,14.0,False,5052,2022-09-08,9,1
2022,2022-09-10,84,14.0,False,5065,2022-09-09,9,1
2022,2022-09-11,84,14.0,False,5062,2022-09-10,9,1
2022,2022-09-13,84,14.0,False,5070,2022-09-11,9,1
2022,2022-09-14,84,14.0,False,5069,2022-09-13,9,1
2022,2022-09-15,84,14.0,False,5046,2022-09-14,9,1
2022,2022-09-16,84,14.0,False,5109,2022-09-15,9,1
2022,2022-09-17,84,14.0,False,5113,2022-09-16,9,1
2022,2022-09-18,84,14.0,False,5098,2022-09-17,9,1
2022,2022-09-20,84,14.0,False,5096,2022-09-18,9,1
2022,2022-09-21,84,14.0,False,5106,2022-09-20,9,1
2022,2022-09-22,84,14.0,False,5145,2022-09-21,9,1
2022,2022-09-23,84,14.0,False,5175,2022-09-22,9,1
2022,2022-09-24,84,14.0,False,5190,2022-09-23,9,1
2022,2022-09-25,84,14.0,False,5186,2022-09-24,9,1
2022,2022-09-27,84,14.0,False,5172,2022-09-25,9,1
2022,2022-09-28,84,14.0,False,5165,2022-09-27,9,1
2022,2022-09-29,84,14.0,False,5116,2022-09-28,9,1
2022,2022-09-30,84,14.0,False,5142,2022-09-29,9,1
2022,2022-09-02,84,28.0,False,5109,2022-09-01,9,1
2022,2022-09-03,84,28.0,False,5107,2022-09-02,9,1
2022,2022-09-04,84,28.0,False,5096,2022-09-03,9,1
2022,2022-09-06,84,28.0,False,5045,2022-09-04,9,1
2022,2022-09-07,84,28.0,False,5076,2022-09-06,9,1
2022,2022-09-08,84,28.0,False,5058,2022-09-07,9,1
2022,2022-09-09,84,28.0,False,5052,2022-09-08,9,1
2022,2022-09-10,84,28.0,False,5065,2022-09-09,9,1
2022,2022-09-11,84,28.0,False,5062,2022-09-10,9,1
2022,2022-09-13,84,28.0,False,5070,2022-09-11,9,1
2022,2022-09-14,84,28.0,False,5069,2022-09-13,9,1
2022,2022-09-15,84,28.0,False,5046,2022-09-14,9,1
2022,2022-09-16,84,28.0,False,5109,2022-09-15,9,1
2022,2022-09-17,84,28.0,False,5113,2022-09-16,9,1
2022,2022-09-18,84,28.0,False,5098,2022-09-17,9,1
2022,2022-09-20,84,28.0,False,5096,2022-09-18,9,1
2022,2022-09-21,84,28.0,False,5106,2022-09-20,9,1
2022,2022-09-22,84,28.0,False,5145,2022-09-21,9,1
2022,2022-09-23,84,28.0,False,5175,2022-09-22,9,1
2022,2022-09-24,84,28.0,False,5190,2022-09-23,9,1
2022,2022-09-25,84,28.0,False,5186,2022-09-24,9,1
2022,2022-09-27,84,28.0,False,5172,2022-09-25,9,1
2022,2022-09-28,84,28.0,False,5165,2022-09-27,9,1
2022,2022-09-29,84,28.0,False,5116,2022-09-28,9,1
2022,2022-09-30,84,28.0,False,5142,2022-09-29,9,1
2023,2023-06-01,28,,False,1835,2023-05-31,9,1
2023,2023-06-01,28,14.0,False,1835,2023-05-31,9,1
2023,2023-06-01,28,28.0,False,1835,2023-05-31,9,1
2023,2023-06-01,28,28.0,True,1835,2023-05-31,9,15
2023,2023-06-01,56,,False,3864,2023-05-31,9,1
2023,2023-06-01,56,14.0,False,3864,2023-05-31,9,1
2023,2023-06-01,56,28.0,False,3864,2023-05-31,9,1
2023,2023-06-01,56,28.0,True,3864,2023-05-31,9,15
2023,2023-06-01,84,,False,4618,2023-05-31,9,1
2023,2023-06-01,84,14.0,False,4618,2023-05-31,9,1
2023,2023-06-01,84,28.0,False,4618,2023-05-31,9,1
2023,2023-06-01,84,28.0,True,4618,2023-05-31,9,15
2023,2023-05-29,28,,False,1859,2023-05-28,9,1
2023,2023-06-05,28,,False,2010,2023-06-04,9,1
2023,2023-06-12,28,,False,2060,2023-06-11,9,1
2023,2023-06-19,28,,False,2118,2023-06-18,9,1
2023,2023-06-26,28,,False,2188,2023-06-25,9,1
2023,2023-05-29,28,14.0,False,1859,2023-05-28,9,1
2023,2023-06-05,28,14.0,False,2010,2023-06-04,9,1
2023,2023-06-12,28,14.0,False,2060,2023-06-11,9,1
2023,2023-06-19,28,14.0,False,2118,2023-06-18,9,1
2023,2023-06-26,28,14.0,False,2188,2023-06-25,9,1
2023,2023-05-29,28,28.0,False,1859,2023-05-28,9,1
2023,2023-06-05,28,28.0,False,2010,2023-06-04,9,1
2023,2023-06-12,28,28.0,False,2060,2023-06-11,9,1
2023,2023-06-19,28,28.0,False,2118,2023-06-18,9,1
2023,2023-06-26,28,28.0,False,2188,2023-06-25,9,1
2023,2023-05-29,28,28.0,True,1859,2023-05-28,9,15
2023,2023-06-05,28,28.0,True,2010,2023-06-04,9,15
2023,2023-06-12,28,28.0,True,2060,2023-06-11,9,15
2023,2023-06-19,28,28.0,True,2118,2023-06-18,9,15
2023,2023-06-26,28,28.0,True,2188,2023-06-25,9,15
2023,2023-05-29,56,,False,3788,2023-05-28,9,1
2023,2023-06-05,56,,False,3881,2023-06-04,9,1
2023,2023-06-12,56,,False,3957,2023-06-11,9,1
2023,2023-06-19,56,,False,3987,2023-06-18,9,1
2023,2023-06-26,56,,False,4047,2023-06-25,9,1
2023,2023-05-29,56,14.0,False,3788,2023-05-28,9,1
2023,2023-06-05,56,14.0,False,3881,2023-06-04,9,1
2023,2023-06-12,56,14.0,False,3957,2023-06-11,9,1
2023,2023-06-19,56,14.0,False,3987,2023-06-18,9,1
2023,2023-06-26,56,14.0,False,4047,2023-06-25,9,1
2023,2023-05-29,56,28.0,False,3788,2023-05-28,9,1
2023,2023-06-05,56,28.0,False,3881,2023-06-04,9,1
2023,2023-06-12,56,28.0,False,3957,2023-06-11,9,1
2023,2023-06-19,56,28.0,False,3987,2023-06-18,9,1
2023,2023-06-26,56,28.0,False,4047,2023-06-25,9,1
2023,2023-05-29,56,28.0,True,3788,2023-05-28,9,15
2023,2023-06-05,56,28.0,True,3881,2023-06-04,9,15
2023,2023-06-12,56,28.0,True,3957,2023-06-11,9,15
2023,2023-06-19,56,28.0,True,3987,2023-06-18,9,15
2023,2023-06-26,56,28.0,True,4047,2023-06-25,9,15
2023,2023-05-29,84,,False,4450,2023-05-28,9,1
2023,2023-06-05,84,,False,4946,2023-06-04,9,1
2023,2023-06-12,84,,False,5355,2023-06-11,9,1
2023,2023-06-19,84,,False,5707,2023-06-18,9,1
2023,2023-06-26,84,,False,5976,2023-06-25,9,1
2023,2023-05-29,84,14.0,False,4450,2023-05-28,9,1
2023,2023-06-05,84,14.0,False,4946,2023-06-04,9,1
2023,2023-06-12,84,14.0,False,5355,2023-06-11,9,1
2023,2023-06-19,84,14.0,False,5707,2023-06-18,9,1
2023,2023-06-26,84,14.0,False,5976,2023-06-25,9,1
2023,2023-05-29,84,28.0,False,4450,2023-05-28,9,1
2023,2023-06-05,84,28.0,False,4946,2023-06-04,9,1
2023,2023-06-12,84,28.0,False,5355,2023-06-11,9,1
2023,2023-06-19,84,28.0,False,5707,2023-06-18,9,1
2023,2023-06-26,84,28.0,False,5976,2023-06-25,9,1
2023,2023-05-29,84,28.0,True,4450,2023-05-28,9,15
2023,2023-06-05,84,28.0,True,4946,2023-06-04,9,15
2023,2023-06-12,84,28.0,True,5355,2023-06-11,9,15
2023,2023-06-19,84,28.0,True,5707,2023-06-18,9,15
2023,2023-06-26,84,28.0,True,5976,2023-06-25,9,15
2023,2023-05-29,56,7.0,False,3788,2023-05-28,9,1
2023,2023-06-05,56,7.0,False,3881,2023-06-04,9,1
2023,2023-06-12,56,7.0,False,3957,2023-06-11,9,1
2023,2023-06-19,56,7.0,False,3987,2023-06-18,9,1
2023,2023-06-26,56,7.0,False,4047,2023-06-25,9,1
2023,2023-05-29,56,10.0,False,3788,2023-05-28,9,1
2023,2023-06-05,56,10.0,False,3881,2023-06-04,9,1
2023,2023-06-12,56,10.0,False,3957,2023-06-11,9,1
2023,2023-06-19,56,10.0,False,3987,2023-06-18,9,1
2023,2023-06-26,56,10.0,False,4047,2023-06-25,9,1
2023,2023-05-29,56,21.0,False,3788,2023-05-28,9,1
2023,2023-06-05,56,21.0,False,3881,2023-06-04,9,1
2023,2023-06-12,56,21.0,False,3957,2023-06-11,9,1
2023,2023-06-19,56,21.0,False,3987,2023-06-18,9,1
2023,2023-06-26,56,21.0,False,4047,2023-06-25,9,1
2023,2023-05-29,84,7.0,False,4450,2023-05-28,9,1
2023,2023-06-05,84,7.0,False,4946,2023-06-04,9,1
2023,2023-06-12,84,7.0,False,5355,2023-06-11,9,1
2023,2023-06-19,84,7.0,False,5707,2023-06-18,9,1
2023,2023-06-26,84,7.0,False,5976,2023-06-25,9,1
2023,2023-05-29,84,10.0,False,4450,2023-05-28,9,1
2023,2023-06-05,84,10.0,False,4946,2023-06-04,9,1
2023,2023-06-12,84,10.0,False,5355,2023-06-11,9,1
2023,2023-06-19,84,10.0,False,5707,2023-06-18,9,1
2023,2023-06-26,84,10.0,False,5976,2023-06-25,9,1
2023,2023-05-29,84,21.0,False,4450,2023-05-28,9,1
2023,2023-06-05,84,21.0,False,4946,2023-06-04,9,1
2023,2023-06-12,84,21.0,False,5355,2023-06-11,9,1
2023,2023-06-19,84,21.0,False,5707,2023-06-18,9,1
2023,2023-06-26,84,21.0,False,5976,2023-06-25,9,1
2023,2023-05-29,112,7.0,False,4450,2023-05-28,9,1
2023,2023-06-05,112,7.0,False,4946,2023-06-04,9,1
2023,2023-06-12,112,7.0,False,5523,2023-06-11,9,1
2023,2023-06-19,112,7.0,False,6102,2023-06-18,9,1
2023,2023-06-26,112,7.0,False,6638,2023-06-25,9,1
2023,2023-05-29,112,10.0,False,4450,2023-05-28,9,1
2023,2023-06-05,112,10.0,False,4946,2023-06-04,9,1
2023,2023-06-12,112,10.0,False,5523,2023-06-11,9,1
2023,2023-06-19,112,10.0,False,6102,2023-06-18,9,1
2023,2023-06-26,112,10.0,False,6638,2023-06-25,9,1
2023,2023-05-29,112,21.0,False,4450,2023-05-28,9,1
2023,2023-06-05,112,21.0,False,4946,2023-06-04,9,1
2023,2023-06-12,112,21.0,False,5523,2023-06-11,9,1
2023,2023-06-19,112,21.0,False,6102,2023-06-18,9,1
2023,2023-06-26,112,21.0,False,6638,2023-06-25,9,1
2023,2023-05-29,112,14.0,False,4450,2023-05-28,9,1
2023,2023-06-05,112,14.0,False,4946,2023-06-04,9,1
2023,2023-06-12,112,14.0,False,5523,2023-06-11,9,1
2023,2023-06-19,112,14.0,False,6102,2023-06-18,9,1
2023,2023-06-26,112,14.0,False,6638,2023-06-25,9,1
2023,2023-05-29,84,3.5,False,4450,2023-05-28,9,1
2023,2023-06-05,84,3.5,False,4946,2023-06-04,9,1
2023,2023-06-12,84,3.5,False,5355,2023-06-11,9,1
2023,2023-06-19,84,3.5,False,5707,2023-06-18,9,1
2023,2023-06-26,84,3.5,False,5976,2023-06-25,9,1
2023,2023-05-29,28,7.0,False,1859,2023-05-28,9,1
2023,2023-06-05,28,7.0,False,2010,2023-06-04,9,1
2023,2023-06-12,28,7.0,False,2060,2023-06-11,9,1
2023,2023-06-19,28,7.0,False,2118,2023-06-18,9,1
2023,2023-06-26,28,7.0,False,2188,2023-06-25,9,1
2023,2023-05-29,84,14.0,True,4450,2023-05-28,9,15
2023,2023-06-05,84,14.0,True,4946,2023-06-04,9,15
2023,2023-06-12,84,14.0,True,5355,2023-06-11,9,15
2023,2023-06-19,84,14.0,True,5707,2023-06-18,9,15
2023,2023-06-26,84,14.0,True,5976,2023-06-25,9,15
2023,2023-06-01,84,3.5,False,4618,2023-05-31,9,1
2023,2023-06-02,84,3.5,False,4663,2023-06-01,9,1
2023,2023-06-03,84,3.5,False,4752,2023-06-02,9,1
2023,2023-06-04,84,3.5,False,4845,2023-06-03,9,1
2023,2023-06-06,84,3.5,False,4927,2023-06-04,9,1
2023,2023-06-07,84,3.5,False,4967,2023-06-06,9,1
2023,2023-06-08,84,3.5,False,5066,2023-06-07,9,1
2023,2023-06-09,84,3.5,False,5146,2023-06-08,9,1
2023,2023-06-10,84,3.5,False,5239,2023-06-09,9,1
2023,2023-06-11,84,3.5,False,5299,2023-06-10,9,1
2023,2023-06-13,84,3.5,False,5334,2023-06-11,9,1
2023,2023-06-14,84,3.5,False,5401,2023-06-13,9,1
2023,2023-06-15,84,3.5,False,5488,2023-06-14,9,1
2023,2023-06-16,84,3.5,False,5550,2023-06-15,9,1
2023,2023-06-17,84,3.5,False,5623,2023-06-16,9,1
2023,2023-06-18,84,3.5,False,5622,2023-06-17,9,1
2023,2023-06-20,84,3.5,False,5671,2023-06-18,9,1
2023,2023-06-21,84,3.5,False,5764,2023-06-20,9,1
2023,2023-06-22,84,3.5,False,5857,2023-06-21,9,1
2023,2023-06-23,84,3.5,False,5955,2023-06-22,9,1
2023,2023-06-24,84,3.5,False,6040,2023-06-23,9,1
2023,2023-06-25,84,3.5,False,6016,2023-06-24,9,1
2023,2023-06-27,84,3.5,False,5976,2023-06-25,9,1
2023,2023-06-28,84,3.5,False,5992,2023-06-27,9,1
2023,2023-06-30,84,3.5,False,6006,2023-06-28,9,1
2023,2023-06-01,56,7.0,False,3864,2023-05-31,9,1
2023,2023-06-02,56,7.0,False,3853,2023-06-01,9,1
2023,2023-06-03,56,7.0,False,3871,2023-06-02,9,1
2023,2023-06-04,56,7.0,False,3867,2023-06-03,9,1
2023,2023-06-06,56,7.0,False,3881,2023-06-04,9,1
2023,2023-06-07,56,7.0,False,3883,2023-06-06,9,1
2023,2023-06-08,56,7.0,False,3942,2023-06-07,9,1
2023,2023-06-09,56,7.0,False,3944,2023-06-08,9,1
2023,2023-06-10,56,7.0,False,3942,2023-06-09,9,1
2023,2023-06-11,56,7.0,False,3942,2023-06-10,9,1
2023,2023-06-13,56,7.0,False,3957,2023-06-11,9,1
2023,2023-06-14,56,7.0,False,3957,2023-06-13,9,1
2023,2023-06-15,56,7.0,False,3951,2023-06-14,9,1
2023,2023-06-16,56,7.0,False,3960,2023-06-15,9,1
2023,2023-06-17,56,7.0,False,3956,2023-06-16,9,1
2023,2023-06-18,56,7.0,False,3983,2023-06-17,9,1
2023,2023-06-20,56,7.0,False,3987,2023-06-18,9,1
2023,2023-06-21,56,7.0,False,4049,2023-06-20,9,1
2023,2023-06-22,56,7.0,False,4067,2023-06-21,9,1
2023,2023-06-23,56,7.0,False,4084,2023-06-22,9,1
2023,2023-06-24,56,7.0,False,4069,2023-06-23,9,1
2023,2023-06-25,56,7.0,False,4074,2023-06-24,9,1
2023,2023-06-27,56,7.0,False,4047,2023-06-25,9,1
2023,2023-06-28,56,7.0,False,4017,2023-06-27,9,1
2023,2023-06-30,56,7.0,False,3975,2023-06-28,9,1
2023,2023-06-02,56,14.0,False,3853,2023-06-01,9,1
2023,2023-06-03,56,14.0,False,3871,2023-06-02,9,1
2023,2023-06-04,56,14.0,False,3867,2023-06-03,9,1
2023,2023-06-06,56,14.0,False,3881,2023-06-04,9,1
2023,2023-06-07,56,14.0,False,3883,2023-06-06,9,1
2023,2023-06-08,56,14.0,False,3942,2023-06-07,9,1
2023,2023-06-09,56,14.0,False,3944,2023-06-08,9,1
2023,2023-06-10,56,14.0,False,3942,2023-06-09,9,1
2023,2023-06-11,56,14.0,False,3942,2023-06-10,9,1
2023,2023-06-13,56,14.0,False,3957,2023-06-11,9,1
2023,2023-06-14,56,14.0,False,3957,2023-06-13,9,1
2023,2023-06-15,56,14.0,False,3951,2023-06-14,9,1
2023,2023-06-16,56,14.0,False,3960,2023-06-15,9,1
2023,2023-06-17,56,14.0,False,3956,2023-06-16,9,1
2023,2023-06-18,56,14.0,False,3983,2023-06-17,9,1
2023,2023-06-20,56,14.0,False,3987,2023-06-18,9,1
2023,2023-06-21,56,14.0,False,4049,2023-06-20,9,1
2023,2023-06-22,56,14.0,False,4067,2023-06-21,9,1
2023,2023-06-23,56,14.0,False,4084,2023-06-22,9,1
2023,2023-06-24,56,14.0,False,4069,2023-06-23,9,1
2023,2023-06-25,56,14.0,False,4074,2023-06-24,9,1
2023,2023-06-27,56,14.0,False,4047,2023-06-25,9,1
2023,2023-06-28,56,14.0,False,4017,2023-06-27,9,1
2023,2023-06-30,56,14.0,False,3975,2023-06-28,9,1
2023,2023-06-02,56,28.0,False,3853,2023-06-01,9,1
2023,2023-06-03,56,28.0,False,3871,2023-06-02,9,1
2023,2023-06-04,56,28.0,False,3867,2023-06-03,9,1
2023,2023-06-06,56,28.0,False,3881,2023-06-04,9,1
2023,2023-06-07,56,28.0,False,3883,2023-06-06,9,1
2023,2023-06-08,56,28.0,False,3942,2023-06-07,9,1
2023,2023-06-09,56,28.0,False,3944,2023-06-08,9,1
2023,2023-06-10,56,28.0,False,3942,2023-06-09,9,1
2023,2023-06-11,56,28.0,False,3942,2023-06-10,9,1
2023,2023-06-13,56,28.0,False,3957,2023-06-11,9,1
2023,2023-06-14,56,28.0,False,3957,2023-06-13,9,1
2023,2023-06-15,56,28.0,False,3951,2023-06-14,9,1
2023,2023-06-16,56,28.0,False,3960,2023-06-15,9,1
2023,2023-06-17,56,28.0,False,3956,2023-06-16,9,1
2023,2023-06-18,56,28.0,False,3983,2023-06-17,9,1
2023,2023-06-20,56,28.0,False,3987,2023-06-18,9,1
2023,2023-06-21,56,28.0,False,4049,2023-06-20,9,1
2023,2023-06-22,56,28.0,False,4067,2023-06-21,9,1
2023,2023-06-23,56,28.0,False,4084,2023-06-22,9,1
2023,2023-06-24,56,28.0,False,4069,2023-06-23,9,1
2023,2023-06-25,56,28.0,False,4074,2023-06-24,9,1
2023,2023-06-27,56,28.0,False,4047,2023-06-25,9,1
2023,2023-06-28,56,28.0,False,4017,2023-06-27,9,1
2023,2023-06-30,56,28.0,False,3975,2023-06-28,9,1
2023,2023-06-01,84,7.0,False,4618,2023-05-31,9,1
2023,2023-06-02,84,7.0,False,4663,2023-06-01,9,1
2023,2023-06-03,84,7.0,False,4752,2023-06-02,9,1
2023,2023-06-04,84,7.0,False,4845,2023-06-03,9,1
2023,2023-06-06,84,7.0,False,4927,2023-06-04,9,1
2023,2023-06-07,84,7.0,False,4967,2023-06-06,9,1
2023,2023-06-08,84,7.0,False,5066,2023-06-07,9,1
2023,2023-06-09,84,7.0,False,5146,2023-06-08,9,1
2023,2023-06-10,84,7.0,False,5239,2023-06-09,9,1
2023,2023-06-11,84,7.0,False,5299,2023-06-10,9,1
2023,2023-06-13,84,7.0,False,5334,2023-06-11,9,1
2023,2023-06-14,84,7.0,False,5401,2023-06-13,9,1
2023,2023-06-15,84,7.0,False,5488,2023-06-14,9,1
2023,2023-06-16,84,7.0,False,5550,2023-06-15,9,1
2023,2023-06-17,84,7.0,False,5623,2023-06-16,9,1
2023,2023-06-18,84,7.0,False,5622,2023-06-17,9,1
2023,2023-06-20,84,7.0,False,5671,2023-06-18,9,1
2023,2023-06-21,84,7.0,False,5764,2023-06-20,9,1
2023,2023-06-22,84,7.0,False,5857,2023-06-21,9,1
2023,2023-06-23,84,7.0,False,5955,2023-06-22,9,1
2023,2023-06-24,84,7.0,False,6040,2023-06-23,9,1
2023,2023-06-25,84,7.0,False,6016,2023-06-24,9,1
2023,2023-06-27,84,7.0,False,5976,2023-06-25,9,1
2023,2023-06-28,84,7.0,False,5992,2023-06-27,9,1
2023,2023-06-30,84,7.0,False,6006,2023-06-28,9,1
2023,2023-06-02,84,14.0,False,4663,2023-06-01,9,1
2023,2023-06-03,84,14.0,False,4752,2023-06-02,9,1
2023,2023-06-04,84,14.0,False,4845,2023-06-03,9,1
2023,2023-06-06,84,14.0,False,4927,2023-06-04,9,1
2023,2023-06-07,84,14.0,False,4967,2023-06-06,9,1
2023,2023-06-08,84,14.0,False,5066,2023-06-07,9,1
2023,2023-06-09,84,14.0,False,5146,2023-06-08,9,1
2023,2023-06-10,84,14.0,False,5239,2023-06-09,9,1
2023,2023-06-11,84,14.0,False,5299,2023-06-10,9,1
2023,2023-06-13,84,14.0,False,5334,2023-06-11,9,1
2023,2023-06-14,84,14.0,False,5401,2023-06-13,9,1
2023,2023-06-15,84,14.0,False,5488,2023-06-14,9,1
2023,2023-06-16,84,14.0,False,5550,2023-06-15,9,1
2023,2023-06-17,84,14.0,False,5623,2023-06-16,9,1
2023,2023-06-18,84,14.0,False,5622,2023-06-17,9,1
2023,2023-06-20,84,14.0,False,5671,2023-06-18,9,1
2023,2023-06-21,84,14.0,False,5764,2023-06-20,9,1
2023,2023-06-22,84,14.0,False,5857,2023-06-21,9,1
2023,2023-06-23,84,14.0,False,5955,2023-06-22,9,1
2023,2023-06-24,84,14.0,False,6040,2023-06-23,9,1
2023,2023-06-25,84,14.0,False,6016,2023-06-24,9,1
2023,2023-06-27,84,14.0,False,5976,2023-06-25,9,1
2023,2023-06-28,84,14.0,False,5992,2023-06-27,9,1
2023,2023-06-30,84,14.0,False,6006,2023-06-28,9,1
2023,2023-06-02,84,28.0,False,4663,2023-06-01,9,1
2023,2023-06-03,84,28.0,False,4752,2023-06-02,9,1
2023,2023-06-04,84,28.0,False,4845,2023-06-03,9,1
2023,2023-06-06,84,28.0,False,4927,2023-06-04,9,1
2023,2023-06-07,84,28.0,False,4967,2023-06-06,9,1
2023,2023-06-08,84,28.0,False,5066,2023-06-07,9,1
2023,2023-06-09,84,28.0,False,5146,2023-06-08,9,1
2023,2023-06-10,84,28.0,False,5239,2023-06-09,9,1
2023,2023-06-11,84,28.0,False,5299,2023-06-10,9,1
2023,2023-06-13,84,28.0,False,5334,2023-06-11,9,1
2023,2023-06-14,84,28.0,False,5401,2023-06-13,9,1
2023,2023-06-15,84,28.0,False,5488,2023-06-14,9,1
2023,2023-06-16,84,28.0,False,5550,2023-06-15,9,1
2023,2023-06-17,84,28.0,False,5623,2023-06-16,9,1
2023,2023-06-18,84,28.0,False,5622,2023-06-17,9,1
2023,2023-06-20,84,28.0,False,5671,2023-06-18,9,1
2023,2023-06-21,84,28.0,False,5764,2023-06-20,9,1
2023,2023-06-22,84,28.0,False,5857,2023-06-21,9,1
2023,2023-06-23,84,28.0,False,5955,2023-06-22,9,1
2023,2023-06-24,84,28.0,False,6040,2023-06-23,9,1
2023,2023-06-25,84,28.0,False,6016,2023-06-24,9,1
2023,2023-06-27,84,28.0,False,5976,2023-06-25,9,1
2023,2023-06-28,84,28.0,False,5992,2023-06-27,9,1
2023,2023-06-30,84,28.0,False,6006,2023-06-28,9,1
2023,2023-07-01,28,,False,2130,2023-06-30,9,1
2023,2023-07-01,28,14.0,False,2130,2023-06-30,9,1
2023,2023-07-01,28,28.0,False,2130,2023-06-30,9,1
2023,2023-07-01,28,28.0,True,2130,2023-06-30,9,15
2023,2023-07-01,56,,False,4026,2023-06-30,9,1
2023,2023-07-01,56,14.0,False,4026,2023-06-30,9,1
2023,2023-07-01,56,28.0,False,4026,2023-06-30,9,1
2023,2023-07-01,56,28.0,True,4026,2023-06-30,9,15
2023,2023-07-01,84,,False,6001,2023-06-30,9,1
2023,2023-07-01,84,14.0,False,6001,2023-06-30,9,1
2023,2023-07-01,84,28.0,False,6001,2023-06-30,9,1
2023,2023-07-01,84,28.0,True,6001,2023-06-30,9,15
2023,2023-07-03,28,,False,2087,2023-07-02,9,1
2023,2023-07-10,28,,False,1907,2023-07-09,9,1
2023,2023-07-17,28,,False,1490,2023-07-15,9,1
2023,2023-07-24,28,,False,1148,2023-07-23,7,1
2023,2023-07-03,28,14.0,False,2087,2023-07-02,9,1
2023,2023-07-10,28,14.0,False,1907,2023-07-09,9,1
2023,2023-07-17,28,14.0,False,1490,2023-07-15,9,1
2023,2023-07-24,28,14.0,False,1148,2023-07-23,7,1
2023,2023-07-03,28,28.0,False,2087,2023-07-02,9,1
2023,2023-07-10,28,28.0,False,1907,2023-07-09,9,1
2023,2023-07-17,28,28.0,False,1490,2023-07-15,9,1
2023,2023-07-24,28,28.0,False,1148,2023-07-23,7,1
2023,2023-07-03,28,28.0,True,2087,2023-07-02,9,15
2023,2023-07-10,28,28.0,True,1907,2023-07-09,9,15
2023,2023-07-17,28,28.0,True,1490,2023-07-15,9,15
2023,2023-07-24,28,28.0,True,1148,2023-07-23,7,15
2023,2023-07-03,56,,False,4097,2023-07-02,9,1
2023,2023-07-10,56,,False,3967,2023-07-09,9,1
2023,2023-07-17,56,,False,3608,2023-07-15,9,1
2023,2023-07-24,56,,False,3336,2023-07-23,9,1
2023,2023-07-03,56,14.0,False,4097,2023-07-02,9,1
2023,2023-07-10,56,14.0,False,3967,2023-07-09,9,1
2023,2023-07-17,56,14.0,False,3608,2023-07-15,9,1
2023,2023-07-24,56,14.0,False,3336,2023-07-23,9,1
2023,2023-07-03,56,28.0,False,4097,2023-07-02,9,1
2023,2023-07-10,56,28.0,False,3967,2023-07-09,9,1
2023,2023-07-17,56,28.0,False,3608,2023-07-15,9,1
2023,2023-07-24,56,28.0,False,3336,2023-07-23,9,1
2023,2023-07-03,56,28.0,True,4097,2023-07-02,9,15
2023,2023-07-10,56,28.0,True,3967,2023-07-09,9,15
2023,2023-07-17,56,28.0,True,3608,2023-07-15,9,15
2023,2023-07-24,56,28.0,True,3336,2023-07-23,9,15
2023,2023-07-03,84,,False,5968,2023-07-02,9,1
2023,2023-07-10,84,,False,5864,2023-07-09,9,1
2023,2023-07-17,84,,False,5477,2023-07-15,9,1
2023,2023-07-24,84,,False,5195,2023-07-23,9,1
2023,2023-07-03,84,14.0,False,5968,2023-07-02,9,1
2023,2023-07-10,84,14.0,False,5864,2023-07-09,9,1
2023,2023-07-17,84,14.0,False,5477,2023-07-15,9,1
2023,2023-07-24,84,14.0,False,5195,2023-07-23,9,1
2023,2023-07-03,84,28.0,False,5968,2023-07-02,9,1
2023,2023-07-10,84,28.0,False,5864,2023-07-09,9,1
2023,2023-07-17,84,28.0,False,5477,2023-07-15,9,1
2023,2023-07-24,84,28.0,False,5195,2023-07-23,9,1
2023,2023-07-03,84,28.0,True,5968,2023-07-02,9,15
2023,2023-07-10,84,28.0,True,5864,2023-07-09,9,15
2023,2023-07-17,84,28.0,True,5477,2023-07-15,9,15
2023,2023-07-24,84,28.0,True,5195,2023-07-23,9,15
2023,2023-07-03,56,7.0,False,4097,2023-07-02,9,1
2023,2023-07-10,56,7.0,False,3967,2023-07-09,9,1
2023,2023-07-17,56,7.0,False,3608,2023-07-15,9,1
2023,2023-07-24,56,7.0,False,3336,2023-07-23,9,1
2023,2023-07-03,56,10.0,False,4097,2023-07-02,9,1
2023,2023-07-10,56,10.0,False,3967,2023-07-09,9,1
2023,2023-07-17,56,10.0,False,3608,2023-07-15,9,1
2023,2023-07-24,56,10.0,False,3336,2023-07-23,9,1
2023,2023-07-03,56,21.0,False,4097,2023-07-02,9,1
2023,2023-07-10,56,21.0,False,3967,2023-07-09,9,1
2023,2023-07-17,56,21.0,False,3608,2023-07-15,9,1
2023,2023-07-24,56,21.0,False,3336,2023-07-23,9,1
2023,2023-07-03,84,7.0,False,5968,2023-07-02,9,1
2023,2023-07-10,84,7.0,False,5864,2023-07-09,9,1
2023,2023-07-17,84,7.0,False,5477,2023-07-15,9,1
2023,2023-07-24,84,7.0,False,5195,2023-07-23,9,1
2023,2023-07-03,84,10.0,False,5968,2023-07-02,9,1
2023,2023-07-10,84,10.0,False,5864,2023-07-09,9,1
2023,2023-07-17,84,10.0,False,5477,2023-07-15,9,1
2023,2023-07-24,84,10.0,False,5195,2023-07-23,9,1
2023,2023-07-03,84,21.0,False,5968,2023-07-02,9,1
2023,2023-07-10,84,21.0,False,5864,2023-07-09,9,1
2023,2023-07-17,84,21.0,False,5477,2023-07-15,9,1
2023,2023-07-24,84,21.0,False,5195,2023-07-23,9,1
2023,2023-07-03,112,7.0,False,7033,2023-07-02,9,1
2023,2023-07-10,112,7.0,False,7262,2023-07-09,9,1
2023,2023-07-17,112,7.0,False,7197,2023-07-15,9,1
2023,2023-07-24,112,7.0,False,7124,2023-07-23,9,1
2023,2023-07-03,112,10.0,False,7033,2023-07-02,9,1
2023,2023-07-10,112,10.0,False,7262,2023-07-09,9,1
2023,2023-07-17,112,10.0,False,7197,2023-07-15,9,1
2023,2023-07-24,112,10.0,False,7124,2023-07-23,9,1
2023,2023-07-03,112,21.0,False,7033,2023-07-02,9,1
2023,2023-07-10,112,21.0,False,7262,2023-07-09,9,1
2023,2023-07-17,112,21.0,False,7197,2023-07-15,9,1
2023,2023-07-24,112,21.0,False,7124,2023-07-23,9,1
2023,2023-07-03,112,14.0,False,7033,2023-07-02,9,1
2023,2023-07-10,112,14.0,False,7262,2023-07-09,9,1
2023,2023-07-17,112,14.0,False,7197,2023-07-15,9,1
2023,2023-07-24,112,14.0,False,7124,2023-07-23,9,1
2023,2023-07-03,84,3.5,False,5968,2023-07-02,9,1
2023,2023-07-10,84,3.5,False,5864,2023-07-09,9,1
2023,2023-07-17,84,3.5,False,5477,2023-07-15,9,1
2023,2023-07-24,84,3.5,False,5195,2023-07-23,9,1
2023,2023-07-03,28,7.0,False,2087,2023-07-02,9,1
2023,2023-07-10,28,7.0,False,1907,2023-07-09,9,1
2023,2023-07-17,28,7.0,False,1490,2023-07-15,9,1
2023,2023-07-24,28,7.0,False,1148,2023-07-23,7,1
2023,2023-07-03,84,14.0,True,5968,2023-07-02,9,15
2023,2023-07-10,84,14.0,True,5864,2023-07-09,9,15
2023,2023-07-17,84,14.0,True,5477,2023-07-15,9,15
2023,2023-07-24,84,14.0,True,5195,2023-07-23,9,15
2023,2023-07-01,84,3.5,False,6001,2023-06-30,9,1
2023,2023-07-02,84,3.5,False,5981,2023-07-01,9,1
2023,2023-07-04,84,3.5,False,5968,2023-07-02,9,1
2023,2023-07-05,84,3.5,False,5908,2023-07-04,9,1
2023,2023-07-06,84,3.5,False,5922,2023-07-05,9,1
2023,2023-07-07,84,3.5,False,5906,2023-07-06,9,1
2023,2023-07-08,84,3.5,False,5847,2023-07-07,9,1
2023,2023-07-09,84,3.5,False,5864,2023-07-08,9,1
2023,2023-07-11,84,3.5,False,5864,2023-07-09,9,1
2023,2023-07-12,84,3.5,False,5788,2023-07-11,9,1
2023,2023-07-13,84,3.5,False,5778,2023-07-12,9,1
2023,2023-07-15,84,3.5,False,5638,2023-07-13,9,1
2023,2023-07-21,84,3.5,False,5271,2023-07-15,9,1
2023,2023-07-22,84,3.5,False,5260,2023-07-21,9,1
2023,2023-07-23,84,3.5,False,5234,2023-07-22,9,1
2023,2023-07-25,84,3.5,False,5195,2023-07-23,9,1
2023,2023-07-26,84,3.5,False,5188,2023-07-25,9,1
2023,2023-07-27,84,3.5,False,5202,2023-07-26,9,1
2023,2023-07-28,84,3.5,False,5227,2023-07-27,9,1
2023,2023-07-29,84,3.5,False,5302,2023-07-28,9,1
2023,2023-07-30,84,3.5,False,5383,2023-07-29,9,1
2023,2023-07-01,56,7.0,False,4026,2023-06-30,9,1
2023,2023-07-02,56,7.0,False,4090,2023-07-01,9,1
2023,2023-07-04,56,7.0,False,4097,2023-07-02,9,1
2023,2023-07-05,56,7.0,False,4029,2023-07-04,9,1
2023,2023-07-06,56,7.0,False,4020,2023-07-05,9,1
2023,2023-07-07,56,7.0,False,4011,2023-07-06,9,1
2023,2023-07-08,56,7.0,False,3967,2023-07-07,9,1
2023,2023-07-09,56,7.0,False,3982,2023-07-08,9,1
2023,2023-07-11,56,7.0,False,3967,2023-07-09,9,1
2023,2023-07-12,56,7.0,False,3883,2023-07-11,9,1
2023,2023-07-13,56,7.0,False,3871,2023-07-12,9,1
2023,2023-07-15,56,7.0,False,3777,2023-07-13,9,1
2023,2023-07-21,56,7.0,False,3351,2023-07-15,9,1
2023,2023-07-22,56,7.0,False,3358,2023-07-21,9,1
2023,2023-07-23,56,7.0,False,3337,2023-07-22,9,1
2023,2023-07-25,56,7.0,False,3336,2023-07-23,9,1
2023,2023-07-26,56,7.0,False,3350,2023-07-25,9,1
2023,2023-07-27,56,7.0,False,3367,2023-07-26,9,1
2023,2023-07-28,56,7.0,False,3405,2023-07-27,9,1
2023,2023-07-29,56,7.0,False,3406,2023-07-28,9,1
2023,2023-07-30,56,7.0,False,3407,2023-07-29,9,1
2023,2023-07-02,56,14.0,False,4090,2023-07-01,9,1
2023,2023-07-04,56,14.0,False,4097,2023-07-02,9,1
2023,2023-07-05,56,14.0,False,4029,2023-07-04,9,1
2023,2023-07-06,56,14.0,False,4020,2023-07-05,9,1
2023,2023-07-07,56,14.0,False,4011,2023-07-06,9,1
2023,2023-07-08,56,14.0,False,3967,2023-07-07,9,1
2023,2023-07-09,56,14.0,False,3982,2023-07-08,9,1
2023,2023-07-11,56,14.0,False,3967,2023-07-09,9,1
2023,2023-07-12,56,14.0,False,3883,2023-07-11,9,1
2023,2023-07-13,56,14.0,False,3871,2023-07-12,9,1
2023,2023-07-15,56,14.0,False,3777,2023-07-13,9,1
2023,2023-07-21,56,14.0,False,3351,2023-07-15,9,1
2023,2023-07-22,56,14.0,False,3358,2023-07-21,9,1
2023,2023-07-23,56,14.0,False,3337,2023-07-22,9,1
2023,2023-07-25,56,14.0,False,3336,2023-07-23,9,1
2023,2023-07-26,56,14.0,False,3350,2023-07-25,9,1
2023,2023-07-27,56,14.0,False,3367,2023-07-26,9,1
2023,2023-07-28,56,14.0,False,3405,2023-07-27,9,1
2023,2023-07-29,56,14.0,False,3406,2023-07-28,9,1
2023,2023-07-30,56,14.0,False,3407,2023-07-29,9,1
2023,2023-07-02,56,28.0,False,4090,2023-07-01,9,1
2023,2023-07-04,56,28.0,False,4097,2023-07-02,9,1
2023,2023-07-05,56,28.0,False,4029,2023-07-04,9,1
2023,2023-07-06,56,28.0,False,4020,2023-07-05,9,1
2023,2023-07-07,56,28.0,False,4011,2023-07-06,9,1
2023,2023-07-08,56,28.0,False,3967,2023-07-07,9,1
2023,2023-07-09,56,28.0,False,3982,2023-07-08,9,1
2023,2023-07-11,56,28.0,False,3967,2023-07-09,9,1
2023,2023-07-12,56,28.0,False,3883,2023-07-11,9,1
2023,2023-07-13,56,28.0,False,3871,2023-07-12,9,1
2023,2023-07-15,56,28.0,False,3777,2023-07-13,9,1
2023,2023-07-21,56,28.0,False,3351,2023-07-15,9,1
2023,2023-07-22,56,28.0,False,3358,2023-07-21,9,1
2023,2023-07-23,56,28.0,False,3337,2023-07-22,9,1
2023,2023-07-25,56,28.0,False,3336,2023-07-23,9,1
2023,2023-07-26,56,28.0,False,3350,2023-07-25,9,1
2023,2023-07-27,56,28.0,False,3367,2023-07-26,9,1
2023,2023-07-28,56,28.0,False,3405,2023-07-27,9,1
2023,2023-07-29,56,28.0,False,3406,2023-07-28,9,1
2023,2023-07-30,56,28.0,False,3407,2023-07-29,9,1
2023,2023-07-01,84,7.0,False,6001,2023-06-30,9,1
2023,2023-07-02,84,7.0,False,5981,2023-07-01,9,1
2023,2023-07-04,84,7.0,False,5968,2023-07-02,9,1
2023,2023-07-05,84,7.0,False,5908,2023-07-04,9,1
2023,2023-07-06,84,7.0,False,5922,2023-07-05,9,1
2023,2023-07-07,84,7.0,False,5906,2023-07-06,9,1
2023,2023-07-08,84,7.0,False,5847,2023-07-07,9,1
2023,2023-07-09,84,7.0,False,5864,2023-07-08,9,1
2023,2023-07-11,84,7.0,False,5864,2023-07-09,9,1
2023,2023-07-12,84,7.0,False,5788,2023-07-11,9,1
2023,2023-07-13,84,7.0,False,5778,2023-07-12,9,1
2023,2023-07-15,84,7.0,False,5638,2023-07-13,9,1
2023,2023-07-21,84,7.0,False,5271,2023-07-15,9,1
2023,2023-07-22,84,7.0,False,5260,2023-07-21,9,1
2023,2023-07-23,84,7.0,False,5234,2023-07-22,9,1
2023,2023-07-25,84,7.0,False,5195,2023-07-23,9,1
2023,2023-07-26,84,7.0,False,5188,2023-07-25,9,1
2023,2023-07-27,84,7.0,False,5202,2023-07-26,9,1
2023,2023-07-28,84,7.0,False,5227,2023-07-27,9,1
2023,2023-07-29,84,7.0,False,5302,2023-07-28,9,1
2023,2023-07-30,84,7.0,False,5383,2023-07-29,9,1
2023,2023-07-02,84,14.0,False,5981,2023-07-01,9,1
2023,2023-07-04,84,14.0,False,5968,2023-07-02,9,1
2023,2023-07-05,84,14.0,False,5908,2023-07-04,9,1
2023,2023-07-06,84,14.0,False,5922,2023-07-05,9,1
2023,2023-07-07,84,14.0,False,5906,2023-07-06,9,1
2023,2023-07-08,84,14.0,False,5847,2023-07-07,9,1
2023,2023-07-09,84,14.0,False,5864,2023-07-08,9,1
2023,2023-07-11,84,14.0,False,5864,2023-07-09,9,1
2023,2023-07-12,84,14.0,False,5788,2023-07-11,9,1
2023,2023-07-13,84,14.0,False,5778,2023-07-12,9,1
2023,2023-07-15,84,14.0,False,5638,2023-07-13,9,1
2023,2023-07-21,84,14.0,False,5271,2023-07-15,9,1
2023,2023-07-22,84,14.0,False,5260,2023-07-21,9,1
2023,2023-07-23,84,14.0,False,5234,2023-07-22,9,1
2023,2023-07-25,84,14.0,False,5195,2023-07-23,9,1
2023,2023-07-26,84,14.0,False,5188,2023-07-25,9,1
2023,2023-07-27,84,14.0,False,5202,2023-07-26,9,1
2023,2023-07-28,84,14.0,False,5227,2023-07-27,9,1
2023,2023-07-29,84,14.0,False,5302,2023-07-28,9,1
2023,2023-07-30,84,14.0,False,5383,2023-07-29,9,1
2023,2023-07-02,84,28.0,False,5981,2023-07-01,9,1
2023,2023-07-04,84,28.0,False,5968,2023-07-02,9,1
2023,2023-07-05,84,28.0,False,5908,2023-07-04,9,1
2023,2023-07-06,84,28.0,False,5922,2023-07-05,9,1
2023,2023-07-07,84,28.0,False,5906,2023-07-06,9,1
2023,2023-07-08,84,28.0,False,5847,2023-07-07,9,1
2023,2023-07-09,84,28.0,False,5864,2023-07-08,9,1
2023,2023-07-11,84,28.0,False,5864,2023-07-09,9,1
2023,2023-07-12,84,28.0,False,5788,2023-07-11,9,1
2023,2023-07-13,84,28.0,False,5778,2023-07-12,9,1
2023,2023-07-15,84,28.0,False,5638,2023-07-13,9,1
2023,2023-07-21,84,28.0,False,5271,2023-07-15,9,1
2023,2023-07-22,84,28.0,False,5260,2023-07-21,9,1
2023,2023-07-23,84,28.0,False,5234,2023-07-22,9,1
2023,2023-07-25,84,28.0,False,5195,2023-07-23,9,1
2023,2023-07-26,84,28.0,False,5188,2023-07-25,9,1
2023,2023-07-27,84,28.0,False,5202,2023-07-26,9,1
2023,2023-07-28,84,28.0,False,5227,2023-07-27,9,1
2023,2023-07-29,84,28.0,False,5302,2023-07-28,9,1
2023,2023-07-30,84,28.0,False,5383,2023-07-29,9,1
2023,2023-08-01,28,,False,1316,2023-07-30,9,1
2023,2023-08-01,28,14.0,False,1316,2023-07-30,9,1
2023,2023-08-01,28,28.0,False,1316,2023-07-30,9,1
2023,2023-08-01,28,28.0,True,1316,2023-07-30,9,15
2023,2023-08-01,56,,False,3403,2023-07-30,9,1
2023,2023-08-01,56,14.0,False,3403,2023-07-30,9,1
2023,2023-08-01,56,28.0,False,3403,2023-07-30,9,1
2023,2023-08-01,56,28.0,True,3403,2023-07-30,9,15
2023,2023-08-01,84,,False,5413,2023-07-30,9,1
2023,2023-08-01,84,14.0,False,5413,2023-07-30,9,1
2023,2023-08-01,84,28.0,False,5413,2023-07-30,9,1
2023,2023-08-01,84,28.0,True,5413,2023-07-30,9,15
2023,2023-07-31,28,,False,1316,2023-07-30,9,1
2023,2023-08-07,28,,False,1403,2023-08-06,8,1
2023,2023-08-14,28,,False,1698,2023-08-13,9,1
2023,2023-08-21,28,,False,2078,2023-08-20,9,1
2023,2023-08-28,28,,False,1922,2023-08-27,9,1
2023,2023-07-31,28,14.0,False,1316,2023-07-30,9,1
2023,2023-08-07,28,14.0,False,1403,2023-08-06,8,1
2023,2023-08-14,28,14.0,False,1698,2023-08-13,9,1
2023,2023-08-21,28,14.0,False,2078,2023-08-20,9,1
2023,2023-08-28,28,14.0,False,1922,2023-08-27,9,1
2023,2023-07-31,28,28.0,False,1316,2023-07-30,9,1
2023,2023-08-07,28,28.0,False,1403,2023-08-06,8,1
2023,2023-08-14,28,28.0,False,1698,2023-08-13,9,1
2023,2023-08-21,28,28.0,False,2078,2023-08-20,9,1
2023,2023-08-28,28,28.0,False,1922,2023-08-27,9,1
2023,2023-07-31,28,28.0,True,1316,2023-07-30,9,15
2023,2023-08-07,28,28.0,True,1403,2023-08-06,8,15
2023,2023-08-14,28,28.0,True,1698,2023-08-13,9,15
2023,2023-08-21,28,28.0,True,2078,2023-08-20,9,15
2023,2023-08-28,28,28.0,True,1922,2023-08-27,9,15
2023,2023-07-31,56,,False,3403,2023-07-30,9,1
2023,2023-08-07,56,,False,3310,2023-08-06,9,1
2023,2023-08-14,56,,False,3188,2023-08-13,9,1
2023,2023-08-21,56,,False,3226,2023-08-20,9,1
2023,2023-08-28,56,,False,3238,2023-08-27,9,1
2023,2023-07-31,56,14.0,False,3403,2023-07-30,9,1
2023,2023-08-07,56,14.0,False,3310,2023-08-06,9,1
2023,2023-08-14,56,14.0,False,3188,2023-08-13,9,1
2023,2023-08-21,56,14.0,False,3226,2023-08-20,9,1
2023,2023-08-28,56,14.0,False,3238,2023-08-27,9,1
2023,2023-07-31,56,28.0,False,3403,2023-07-30,9,1
2023,2023-08-07,56,28.0,False,3310,2023-08-06,9,1
2023,2023-08-14,56,28.0,False,3188,2023-08-13,9,1
2023,2023-08-21,56,28.0,False,3226,2023-08-20,9,1
2023,2023-08-28,56,28.0,False,3238,2023-08-27,9,1
2023,2023-07-31,56,28.0,True,3403,2023-07-30,9,15
2023,2023-08-07,56,28.0,True,3310,2023-08-06,9,15
2023,2023-08-14,56,28.0,True,3188,2023-08-13,9,15
2023,2023-08-21,56,28.0,True,3226,2023-08-20,9,15
2023,2023-08-28,56,28.0,True,3238,2023-08-27,9,15
2023,2023-07-31,84,,False,5413,2023-07-30,9,1
2023,2023-08-07,84,,False,5370,2023-08-06,9,1
2023,2023-08-14,84,,False,5306,2023-08-13,9,1
2023,2023-08-21,84,,False,5414,2023-08-20,9,1
2023,2023-08-28,84,,False,5325,2023-08-27,9,1
2023,2023-07-31,84,14.0,False,5413,2023-07-30,9,1
2023,2023-08-07,84,14.0,False,5370,2023-08-06,9,1
2023,2023-08-14,84,14.0,False,5306,2023-08-13,9,1
2023,2023-08-21,84,14.0,False,5414,2023-08-20,9,1
2023,2023-08-28,84,14.0,False,5325,2023-08-27,9,1
2023,2023-07-31,84,28.0,False,5413,2023-07-30,9,1
2023,2023-08-07,84,28.0,False,5370,2023-08-06,9,1
2023,2023-08-14,84,28.0,False,5306,2023-08-13,9,1
2023,2023-08-21,84,28.0,False,5414,2023-08-20,9,1
2023,2023-08-28,84,28.0,False,5325,2023-08-27,9,1
2023,2023-07-31,84,28.0,True,5413,2023-07-30,9,15
2023,2023-08-07,84,28.0,True,5370,2023-08-06,9,15
2023,2023-08-14,84,28.0,True,5306,2023-08-13,9,15
2023,2023-08-21,84,28.0,True,5414,2023-08-20,9,15
2023,2023-08-28,84,28.0,True,5325,2023-08-27,9,15
2023,2023-07-31,56,7.0,False,3403,2023-07-30,9,1
2023,2023-08-07,56,7.0,False,3310,2023-08-06,9,1
2023,2023-08-14,56,7.0,False,3188,2023-08-13,9,1
2023,2023-08-21,56,7.0,False,3226,2023-08-20,9,1
2023,2023-08-28,56,7.0,False,3238,2023-08-27,9,1
2023,2023-07-31,56,10.0,False,3403,2023-07-30,9,1
2023,2023-08-07,56,10.0,False,3310,2023-08-06,9,1
2023,2023-08-14,56,10.0,False,3188,2023-08-13,9,1
2023,2023-08-21,56,10.0,False,3226,2023-08-20,9,1
2023,2023-08-28,56,10.0,False,3238,2023-08-27,9,1
2023,2023-07-31,56,21.0,False,3403,2023-07-30,9,1
2023,2023-08-07,56,21.0,False,3310,2023-08-06,9,1
2023,2023-08-14,56,21.0,False,3188,2023-08-13,9,1
2023,2023-08-21,56,21.0,False,3226,2023-08-20,9,1
2023,2023-08-28,56,21.0,False,3238,2023-08-27,9,1
2023,2023-07-31,84,7.0,False,5413,2023-07-30,9,1
2023,2023-08-07,84,7.0,False,5370,2023-08-06,9,1
2023,2023-08-14,84,7.0,False,5306,2023-08-13,9,1
2023,2023-08-21,84,7.0,False,5414,2023-08-20,9,1
2023,2023-08-28,84,7.0,False,5325,2023-08-27,9,1
2023,2023-07-31,84,10.0,False,5413,2023-07-30,9,1
2023,2023-08-07,84,10.0,False,5370,2023-08-06,9,1
2023,2023-08-14,84,10.0,False,5306,2023-08-13,9,1
2023,2023-08-21,84,10.0,False,5414,2023-08-20,9,1
2023,2023-08-28,84,10.0,False,5325,2023-08-27,9,1
2023,2023-07-31,84,21.0,False,5413,2023-07-30,9,1
2023,2023-08-07,84,21.0,False,5370,2023-08-06,9,1
2023,2023-08-14,84,21.0,False,5306,2023-08-13,9,1
2023,2023-08-21,84,21.0,False,5414,2023-08-20,9,1
2023,2023-08-28,84,21.0,False,5325,2023-08-27,9,1
2023,2023-07-31,112,7.0,False,7284,2023-07-30,9,1
2023,2023-08-07,112,7.0,False,7267,2023-08-06,9,1
2023,2023-08-14,112,7.0,False,7175,2023-08-13,9,1
2023,2023-08-21,112,7.0,False,7273,2023-08-20,9,1
2023,2023-08-28,112,7.0,False,7335,2023-08-27,9,1
2023,2023-07-31,112,10.0,False,7284,2023-07-30,9,1
2023,2023-08-07,112,10.0,False,7267,2023-08-06,9,1
2023,2023-08-14,112,10.0,False,7175,2023-08-13,9,1
2023,2023-08-21,112,10.0,False,7273,2023-08-20,9,1
2023,2023-08-28,112,10.0,False,7335,2023-08-27,9,1
2023,2023-07-31,112,21.0,False,7284,2023-07-30,9,1
2023,2023-08-07,112,21.0,False,7267,2023-08-06,9,1
2023,2023-08-14,112,21.0,False,7175,2023-08-13,9,1
2023,2023-08-21,112,21.0,False,7273,2023-08-20,9,1
2023,2023-08-28,112,21.0,False,7335,2023-08-27,9,1
2023,2023-07-31,112,14.0,False,7284,2023-07-30,9,1
2023,2023-08-07,112,14.0,False,7267,2023-08-06,9,1
2023,2023-08-14,112,14.0,False,7175,2023-08-13,9,1
2023,2023-08-21,112,14.0,False,7273,2023-08-20,9,1
2023,2023-08-28,112,14.0,False,7335,2023-08-27,9,1
2023,2023-07-31,84,3.5,False,5413,2023-07-30,9,1
2023,2023-08-07,84,3.5,False,5370,2023-08-06,9,1
2023,2023-08-14,84,3.5,False,5306,2023-08-13,9,1
2023,2023-08-21,84,3.5,False,5414,2023-08-20,9,1
2023,2023-08-28,84,3.5,False,5325,2023-08-27,9,1
2023,2023-07-31,28,7.0,False,1316,2023-07-30,9,1
2023,2023-08-07,28,7.0,False,1403,2023-08-06,8,1
2023,2023-08-14,28,7.0,False,1698,2023-08-13,9,1
2023,2023-08-21,28,7.0,False,2078,2023-08-20,9,1
2023,2023-08-28,28,7.0,False,1922,2023-08-27,9,1
2023,2023-07-31,84,14.0,True,5413,2023-07-30,9,15
2023,2023-08-07,84,14.0,True,5370,2023-08-06,9,15
2023,2023-08-14,84,14.0,True,5306,2023-08-13,9,15
2023,2023-08-21,84,14.0,True,5414,2023-08-20,9,15
2023,2023-08-28,84,14.0,True,5325,2023-08-27,9,15
2023,2023-08-01,84,3.5,False,5413,2023-07-30,9,1
2023,2023-08-02,84,3.5,False,5387,2023-08-01,9,1
2023,2023-08-03,84,3.5,False,5376,2023-08-02,9,1
2023,2023-08-04,84,3.5,False,5351,2023-08-03,9,1
2023,2023-08-05,84,3.5,False,5358,2023-08-04,9,1
2023,2023-08-06,84,3.5,False,5369,2023-08-05,9,1
2023,2023-08-08,84,3.5,False,5370,2023-08-06,9,1
2023,2023-08-09,84,3.5,False,5343,2023-08-08,9,1
2023,2023-08-10,84,3.5,False,5333,2023-08-09,9,1
2023,2023-08-11,84,3.5,False,5308,2023-08-10,9,1
2023,2023-08-12,84,3.5,False,5316,2023-08-11,9,1
2023,2023-08-13,84,3.5,False,5314,2023-08-12,9,1
2023,2023-08-15,84,3.5,False,5306,2023-08-13,9,1
2023,2023-08-16,84,3.5,False,5311,2023-08-15,9,1
2023,2023-08-17,84,3.5,False,5329,2023-08-16,9,1
2023,2023-08-18,84,3.5,False,5343,2023-08-17,9,1
2023,2023-08-19,84,3.5,False,5344,2023-08-18,9,1
2023,2023-08-20,84,3.5,False,5357,2023-08-19,9,1
2023,2023-08-22,84,3.5,False,5414,2023-08-20,9,1
2023,2023-08-23,84,3.5,False,5380,2023-08-22,9,1
2023,2023-08-24,84,3.5,False,5313,2023-08-23,9,1
2023,2023-08-25,84,3.5,False,5340,2023-08-24,9,1
2023,2023-08-26,84,3.5,False,5339,2023-08-25,9,1
2023,2023-08-27,84,3.5,False,5344,2023-08-26,9,1
2023,2023-08-30,84,3.5,False,5241,2023-08-27,9,1
2023,2023-08-31,84,3.5,False,5145,2023-08-30,9,1
2023,2023-08-01,56,7.0,False,3403,2023-07-30,9,1
2023,2023-08-02,56,7.0,False,3383,2023-08-01,9,1
2023,2023-08-03,56,7.0,False,3336,2023-08-02,9,1
2023,2023-08-04,56,7.0,False,3302,2023-08-03,9,1
2023,2023-08-05,56,7.0,False,3296,2023-08-04,9,1
2023,2023-08-06,56,7.0,False,3309,2023-08-05,9,1
2023,2023-08-08,56,7.0,False,3310,2023-08-06,9,1
2023,2023-08-09,56,7.0,False,3291,2023-08-08,9,1
2023,2023-08-10,56,7.0,False,3289,2023-08-09,9,1
2023,2023-08-11,56,7.0,False,3218,2023-08-10,9,1
2023,2023-08-12,56,7.0,False,3221,2023-08-11,9,1
2023,2023-08-13,56,7.0,False,3209,2023-08-12,9,1
2023,2023-08-15,56,7.0,False,3188,2023-08-13,9,1
2023,2023-08-16,56,7.0,False,3168,2023-08-15,9,1
2023,2023-08-17,56,7.0,False,3171,2023-08-16,9,1
2023,2023-08-18,56,7.0,False,3179,2023-08-17,9,1
2023,2023-08-19,56,7.0,False,3177,2023-08-18,9,1
2023,2023-08-20,56,7.0,False,3180,2023-08-19,9,1
2023,2023-08-22,56,7.0,False,3226,2023-08-20,9,1
2023,2023-08-23,56,7.0,False,3201,2023-08-22,9,1
2023,2023-08-24,56,7.0,False,3115,2023-08-23,9,1
2023,2023-08-25,56,7.0,False,3187,2023-08-24,9,1
2023,2023-08-26,56,7.0,False,3209,2023-08-25,9,1
2023,2023-08-27,56,7.0,False,3230,2023-08-26,9,1
2023,2023-08-30,56,7.0,False,3216,2023-08-27,9,1
2023,2023-08-31,56,7.0,False,3165,2023-08-30,9,1
2023,2023-08-02,56,14.0,False,3383,2023-08-01,9,1
2023,2023-08-03,56,14.0,False,3336,2023-08-02,9,1
2023,2023-08-04,56,14.0,False,3302,2023-08-03,9,1
2023,2023-08-05,56,14.0,False,3296,2023-08-04,9,1
2023,2023-08-06,56,14.0,False,3309,2023-08-05,9,1
2023,2023-08-08,56,14.0,False,3310,2023-08-06,9,1
2023,2023-08-09,56,14.0,False,3291,2023-08-08,9,1
2023,2023-08-10,56,14.0,False,3289,2023-08-09,9,1
2023,2023-08-11,56,14.0,False,3218,2023-08-10,9,1
2023,2023-08-12,56,14.0,False,3221,2023-08-11,9,1
2023,2023-08-13,56,14.0,False,3209,2023-08-12,9,1
2023,2023-08-15,56,14.0,False,3188,2023-08-13,9,1
2023,2023-08-16,56,14.0,False,3168,2023-08-15,9,1
2023,2023-08-17,56,14.0,False,3171,2023-08-16,9,1
2023,2023-08-18,56,14.0,False,3179,2023-08-17,9,1
2023,2023-08-19,56,14.0,False,3177,2023-08-18,9,1
2023,2023-08-20,56,14.0,False,3180,2023-08-19,9,1
2023,2023-08-22,56,14.0,False,3226,2023-08-20,9,1
2023,2023-08-23,56,14.0,False,3201,2023-08-22,9,1
2023,2023-08-24,56,14.0,False,3115,2023-08-23,9,1
2023,2023-08-25,56,14.0,False,3187,2023-08-24,9,1
2023,2023-08-26,56,14.0,False,3209,2023-08-25,9,1
2023,2023-08-27,56,14.0,False,3230,2023-08-26,9,1
2023,2023-08-30,56,14.0,False,3216,2023-08-27,9,1
2023,2023-08-31,56,14.0,False,3165,2023-08-30,9,1
2023,2023-08-02,56,28.0,False,3383,2023-08-01,9,1
2023,2023-08-03,56,28.0,False,3336,2023-08-02,9,1
2023,2023-08-04,56,28.0,False,3302,2023-08-03,9,1
2023,2023-08-05,56,28.0,False,3296,2023-08-04,9,1
2023,2023-08-06,56,28.0,False,3309,2023-08-05,9,1
2023,2023-08-08,56,28.0,False,3310,2023-08-06,9,1
2023,2023-08-09,56,28.0,False,3291,2023-08-08,9,1
2023,2023-08-10,56,28.0,False,3289,2023-08-09,9,1
2023,2023-08-11,56,28.0,False,3218,2023-08-10,9,1
2023,2023-08-12,56,28.0,False,3221,2023-08-11,9,1
2023,2023-08-13,56,28.0,False,3209,2023-08-12,9,1
2023,2023-08-15,56,28.0,False,3188,2023-08-13,9,1
2023,2023-08-16,56,28.0,False,3168,2023-08-15,9,1
2023,2023-08-17,56,28.0,False,3171,2023-08-16,9,1
2023,2023-08-18,56,28.0,False,3179,2023-08-17,9,1
2023,2023-08-19,56,28.0,False,3177,2023-08-18,9,1
2023,2023-08-20,56,28.0,False,3180,2023-08-19,9,1
2023,2023-08-22,56,28.0,False,3226,2023-08-20,9,1
2023,2023-08-23,56,28.0,False,3201,2023-08-22,9,1
2023,2023-08-24,56,28.0,False,3115,2023-08-23,9,1
2023,2023-08-25,56,28.0,False,3187,2023-08-24,9,1
2023,2023-08-26,56,28.0,False,3209,2023-08-25,9,1
2023,2023-08-27,56,28.0,False,3230,2023-08-26,9,1
2023,2023-08-30,56,28.0,False,3216,2023-08-27,9,1
2023,2023-08-31,56,28.0,False,3165,2023-08-30,9,1
2023,2023-08-01,84,7.0,False,5413,2023-07-30,9,1
2023,2023-08-02,84,7.0,False,5387,2023-08-01,9,1
2023,2023-08-03,84,7.0,False,5376,2023-08-02,9,1
2023,2023-08-04,84,7.0,False,5351,2023-08-03,9,1
2023,2023-08-05,84,7.0,False,5358,2023-08-04,9,1
2023,2023-08-06,84,7.0,False,5369,2023-08-05,9,1
2023,2023-08-08,84,7.0,False,5370,2023-08-06,9,1
2023,2023-08-09,84,7.0,False,5343,2023-08-08,9,1
2023,2023-08-10,84,7.0,False,5333,2023-08-09,9,1
2023,2023-08-11,84,7.0,False,5308,2023-08-10,9,1
2023,2023-08-12,84,7.0,False,5316,2023-08-11,9,1
2023,2023-08-13,84,7.0,False,5314,2023-08-12,9,1
2023,2023-08-15,84,7.0,False,5306,2023-08-13,9,1
2023,2023-08-16,84,7.0,False,5311,2023-08-15,9,1
2023,2023-08-17,84,7.0,False,5329,2023-08-16,9,1
2023,2023-08-18,84,7.0,False,5343,2023-08-17,9,1
2023,2023-08-19,84,7.0,False,5344,2023-08-18,9,1
2023,2023-08-20,84,7.0,False,5357,2023-08-19,9,1
2023,2023-08-22,84,7.0,False,5414,2023-08-20,9,1
2023,2023-08-23,84,7.0,False,5380,2023-08-22,9,1
2023,2023-08-24,84,7.0,False,5313,2023-08-23,9,1
2023,2023-08-25,84,7.0,False,5340,2023-08-24,9,1
2023,2023-08-26,84,7.0,False,5339,2023-08-25,9,1
2023,2023-08-27,84,7.0,False,5344,2023-08-26,9,1
2023,2023-08-30,84,7.0,False,5241,2023-08-27,9,1
2023,2023-08-31,84,7.0,False,5145,2023-08-30,9,1
2023,2023-08-02,84,14.0,False,5387,2023-08-01,9,1
2023,2023-08-03,84,14.0,False,5376,2023-08-02,9,1
2023,2023-08-04,84,14.0,False,5351,2023-08-03,9,1
2023,2023-08-05,84,14.0,False,5358,2023-08-04,9,1
2023,2023-08-06,84,14.0,False,5369,2023-08-05,9,1
2023,2023-08-08,84,14.0,False,5370,2023-08-06,9,1
2023,2023-08-09,84,14.0,False,5343,2023-08-08,9,1
2023,2023-08-10,84,14.0,False,5333,2023-08-09,9,1
2023,2023-08-11,84,14.0,False,5308,2023-08-10,9,1
2023,2023-08-12,84,14.0,False,5316,2023-08-11,9,1
2023,2023-08-13,84,14.0,False,5314,2023-08-12,9,1
2023,2023-08-15,84,14.0,False,5306,2023-08-13,9,1
2023,2023-08-16,84,14.0,False,5311,2023-08-15,9,1
2023,2023-08-17,84,14.0,False,5329,2023-08-16,9,1
2023,2023-08-18,84,14.0,False,5343,2023-08-17,9,1
2023,2023-08-19,84,14.0,False,5344,2023-08-18,9,1
2023,2023-08-20,84,14.0,False,5357,2023-08-19,9,1
2023,2023-08-22,84,14.0,False,5414,2023-08-20,9,1
2023,2023-08-23,84,14.0,False,5380,2023-08-22,9,1
2023,2023-08-24,84,14.0,False,5313,2023-08-23,9,1
2023,2023-08-25,84,14.0,False,5340,2023-08-24,9,1
2023,2023-08-26,84,14.0,False,5339,2023-08-25,9,1
2023,2023-08-27,84,14.0,False,5344,2023-08-26,9,1
2023,2023-08-30,84,14.0,False,5241,2023-08-27,9,1
2023,2023-08-31,84,14.0,False,5145,2023-08-30,9,1
2023,2023-08-02,84,28.0,False,5387,2023-08-01,9,1
2023,2023-08-03,84,28.0,False,5376,2023-08-02,9,1
2023,2023-08-04,84,28.0,False,5351,2023-08-03,9,1
2023,2023-08-05,84,28.0,False,5358,2023-08-04,9,1
2023,2023-08-06,84,28.0,False,5369,2023-08-05,9,1
2023,2023-08-08,84,28.0,False,5370,2023-08-06,9,1
2023,2023-08-09,84,28.0,False,5343,2023-08-08,9,1
2023,2023-08-10,84,28.0,False,5333,2023-08-09,9,1
2023,2023-08-11,84,28.0,False,5308,2023-08-10,9,1
2023,2023-08-12,84,28.0,False,5316,2023-08-11,9,1
2023,2023-08-13,84,28.0,False,5314,2023-08-12,9,1
2023,2023-08-15,84,28.0,False,5306,2023-08-13,9,1
2023,2023-08-16,84,28.0,False,5311,2023-08-15,9,1
2023,2023-08-17,84,28.0,False,5329,2023-08-16,9,1
2023,2023-08-18,84,28.0,False,5343,2023-08-17,9,1
2023,2023-08-19,84,28.0,False,5344,2023-08-18,9,1
2023,2023-08-20,84,28.0,False,5357,2023-08-19,9,1
2023,2023-08-22,84,28.0,False,5414,2023-08-20,9,1
2023,2023-08-23,84,28.0,False,5380,2023-08-22,9,1
2023,2023-08-24,84,28.0,False,5313,2023-08-23,9,1
2023,2023-08-25,84,28.0,False,5340,2023-08-24,9,1
2023,2023-08-26,84,28.0,False,5339,2023-08-25,9,1
2023,2023-08-27,84,28.0,False,5344,2023-08-26,9,1
2023,2023-08-30,84,28.0,False,5241,2023-08-27,9,1
2023,2023-08-31,84,28.0,False,5145,2023-08-30,9,1
2023,2023-09-01,28,,False,1844,2023-08-31,9,1
2023,2023-09-01,28,14.0,False,1844,2023-08-31,9,1
2023,2023-09-01,28,28.0,False,1844,2023-08-31,9,1
2023,2023-09-01,28,28.0,True,1844,2023-08-31,9,15
2023,2023-09-01,56,,False,3184,2023-08-31,9,1
2023,2023-09-01,56,14.0,False,3184,2023-08-31,9,1
2023,2023-09-01,56,28.0,False,3184,2023-08-31,9,1
2023,2023-09-01,56,28.0,True,3184,2023-08-31,9,15
2023,2023-09-01,84,,False,5146,2023-08-31,9,1
2023,2023-09-01,84,14.0,False,5146,2023-08-31,9,1
2023,2023-09-01,84,28.0,False,5146,2023-08-31,9,1
2023,2023-09-01,84,28.0,True,5146,2023-08-31,9,15
2023,2023-09-04,28,,False,1726,2023-09-03,9,1
2023,2023-09-11,28,,False,1870,2023-09-10,9,1
2023,2023-09-18,28,,False,1638,2023-09-17,9,1
2023,2023-09-25,28,,False,1676,2023-09-24,9,1
2023,2023-09-04,28,14.0,False,1726,2023-09-03,9,1
2023,2023-09-11,28,14.0,False,1870,2023-09-10,9,1
2023,2023-09-18,28,14.0,False,1638,2023-09-17,9,1
2023,2023-09-25,28,14.0,False,1676,2023-09-24,9,1
2023,2023-09-04,28,28.0,False,1726,2023-09-03,9,1
2023,2023-09-11,28,28.0,False,1870,2023-09-10,9,1
2023,2023-09-18,28,28.0,False,1638,2023-09-17,9,1
2023,2023-09-25,28,28.0,False,1676,2023-09-24,9,1
2023,2023-09-04,28,28.0,True,1726,2023-09-03,9,15
2023,2023-09-11,28,28.0,True,1870,2023-09-10,9,15
2023,2023-09-18,28,28.0,True,1638,2023-09-17,9,15
2023,2023-09-25,28,28.0,True,1676,2023-09-24,9,15
2023,2023-09-04,56,,False,3129,2023-09-03,9,1
2023,2023-09-11,56,,False,3568,2023-09-10,9,1
2023,2023-09-18,56,,False,3716,2023-09-17,9,1
2023,2023-09-25,56,,False,3598,2023-09-24,9,1
2023,2023-09-04,56,14.0,False,3129,2023-09-03,9,1
2023,2023-09-11,56,14.0,False,3568,2023-09-10,9,1
2023,2023-09-18,56,14.0,False,3716,2023-09-17,9,1
2023,2023-09-25,56,14.0,False,3598,2023-09-24,9,1
2023,2023-09-04,56,28.0,False,3129,2023-09-03,9,1
2023,2023-09-11,56,28.0,False,3568,2023-09-10,9,1
2023,2023-09-18,56,28.0,False,3716,2023-09-17,9,1
2023,2023-09-25,56,28.0,False,3598,2023-09-24,9,1
2023,2023-09-04,56,28.0,True,3129,2023-09-03,9,15
2023,2023-09-11,56,28.0,True,3568,2023-09-10,9,15
2023,2023-09-18,56,28.0,True,3716,2023-09-17,9,15
2023,2023-09-25,56,28.0,True,3598,2023-09-24,9,15
2023,2023-09-04,84,,False,5036,2023-09-03,9,1
2023,2023-09-11,84,,False,5058,2023-09-10,9,1
2023,2023-09-18,84,,False,4864,2023-09-17,9,1
2023,2023-09-25,84,,False,4914,2023-09-24,9,1
2023,2023-09-04,84,14.0,False,5036,2023-09-03,9,1
2023,2023-09-11,84,14.0,False,5058,2023-09-10,9,1
2023,2023-09-18,84,14.0,False,4864,2023-09-17,9,1
2023,2023-09-25,84,14.0,False,4914,2023-09-24,9,1
2023,2023-09-04,84,28.0,False,5036,2023-09-03,9,1
2023,2023-09-11,84,28.0,False,5058,2023-09-10,9,1
2023,2023-09-18,84,28.0,False,4864,2023-09-17,9,1
2023,2023-09-25,84,28.0,False,4914,2023-09-24,9,1
2023,2023-09-04,84,28.0,True,5036,2023-09-03,9,15
2023,2023-09-11,84,28.0,True,5058,2023-09-10,9,15
2023,2023-09-18,84,28.0,True,4864,2023-09-17,9,15
2023,2023-09-25,84,28.0,True,4914,2023-09-24,9,15
2023,2023-09-04,56,7.0,False,3129,2023-09-03,9,1
2023,2023-09-11,56,7.0,False,3568,2023-09-10,9,1
2023,2023-09-18,56,7.0,False,3716,2023-09-17,9,1
2023,2023-09-25,56,7.0,False,3598,2023-09-24,9,1
2023,2023-09-04,56,10.0,False,3129,2023-09-03,9,1
2023,2023-09-11,56,10.0,False,3568,2023-09-10,9,1
2023,2023-09-18,56,10.0,False,3716,2023-09-17,9,1
2023,2023-09-25,56,10.0,False,3598,2023-09-24,9,1
2023,2023-09-04,56,21.0,False,3129,2023-09-03,9,1
2023,2023-09-11,56,21.0,False,3568,2023-09-10,9,1
2023,2023-09-18,56,21.0,False,3716,2023-09-17,9,1
2023,2023-09-25,56,21.0,False,3598,2023-09-24,9,1
2023,2023-09-04,84,7.0,False,5036,2023-09-03,9,1
2023,2023-09-11,84,7.0,False,5058,2023-09-10,9,1
2023,2023-09-18,84,7.0,False,4864,2023-09-17,9,1
2023,2023-09-25,84,7.0,False,4914,2023-09-24,9,1
2023,2023-09-04,84,10.0,False,5036,2023-09-03,9,1
2023,2023-09-11,84,10.0,False,5058,2023-09-10,9,1
2023,2023-09-18,84,10.0,False,4864,2023-09-17,9,1
2023,2023-09-25,84,10.0,False,4914,2023-09-24,9,1
2023,2023-09-04,84,21.0,False,5036,2023-09-03,9,1
2023,2023-09-11,84,21.0,False,5058,2023-09-10,9,1
2023,2023-09-18,84,21.0,False,4864,2023-09-17,9,1
2023,2023-09-25,84,21.0,False,4914,2023-09-24,9,1
2023,2023-09-04,112,7.0,False,7096,2023-09-03,9,1
2023,2023-09-11,112,7.0,False,7176,2023-09-10,9,1
2023,2023-09-18,112,7.0,False,7052,2023-09-17,9,1
2023,2023-09-25,112,7.0,False,7001,2023-09-24,9,1
2023,2023-09-04,112,10.0,False,7096,2023-09-03,9,1
2023,2023-09-11,112,10.0,False,7176,2023-09-10,9,1
2023,2023-09-18,112,10.0,False,7052,2023-09-17,9,1
2023,2023-09-25,112,10.0,False,7001,2023-09-24,9,1
2023,2023-09-04,112,21.0,False,7096,2023-09-03,9,1
2023,2023-09-11,112,21.0,False,7176,2023-09-10,9,1
2023,2023-09-18,112,21.0,False,7052,2023-09-17,9,1
2023,2023-09-25,112,21.0,False,7001,2023-09-24,9,1
2023,2023-09-04,112,14.0,False,7096,2023-09-03,9,1
2023,2023-09-11,112,14.0,False,7176,2023-09-10,9,1
2023,2023-09-18,112,14.0,False,7052,2023-09-17,9,1
2023,2023-09-25,112,14.0,False,7001,2023-09-24,9,1
2023,2023-09-04,84,3.5,False,5036,2023-09-03,9,1
2023,2023-09-11,84,3.5,False,5058,2023-09-10,9,1
2023,2023-09-18,84,3.5,False,4864,2023-09-17,9,1
2023,2023-09-25,84,3.5,False,4914,2023-09-24,9,1
2023,2023-09-04,28,7.0,False,1726,2023-09-03,9,1
2023,2023-09-11,28,7.0,False,1870,2023-09-10,9,1
2023,2023-09-18,28,7.0,False,1638,2023-09-17,9,1
2023,2023-09-25,28,7.0,False,1676,2023-09-24,9,1
2023,2023-09-04,84,14.0,True,5036,2023-09-03,9,15
2023,2023-09-11,84,14.0,True,5058,2023-09-10,9,15
2023,2023-09-18,84,14.0,True,4864,2023-09-17,9,15
2023,2023-09-25,84,14.0,True,4914,2023-09-24,9,15
2023,2023-09-02,84,3.5,False,5053,2023-08-31,9,1
2023,2023-09-03,84,3.5,False,5045,2023-09-02,9,1
2023,2023-09-05,84,3.5,False,5055,2023-09-04,9,1
2023,2023-09-06,84,3.5,False,5033,2023-09-05,9,1
2023,2023-09-07,84,3.5,False,5032,2023-09-06,9,1
2023,2023-09-08,84,3.5,False,4996,2023-09-07,9,1
2023,2023-09-09,84,3.5,False,5001,2023-09-08,9,1
2023,2023-09-10,84,3.5,False,5066,2023-09-09,9,1
2023,2023-09-12,84,3.5,False,5058,2023-09-10,9,1
2023,2023-09-13,84,3.5,False,5019,2023-09-12,9,1
2023,2023-09-14,84,3.5,False,4949,2023-09-13,9,1
2023,2023-09-15,84,3.5,False,4886,2023-09-14,9,1
2023,2023-09-16,84,3.5,False,4878,2023-09-15,9,1
2023,2023-09-17,84,3.5,False,4813,2023-09-16,9,1
2023,2023-09-19,84,3.5,False,4905,2023-09-18,9,1
2023,2023-09-21,84,3.5,False,4810,2023-09-19,9,1
2023,2023-09-22,84,3.5,False,4893,2023-09-21,9,1
2023,2023-09-23,84,3.5,False,4927,2023-09-22,9,1
2023,2023-09-24,84,3.5,False,4912,2023-09-23,9,1
2023,2023-09-26,84,3.5,False,4914,2023-09-24,9,1
2023,2023-09-27,84,3.5,False,4913,2023-09-26,9,1
2023,2023-09-28,84,3.5,False,4985,2023-09-27,9,1
2023,2023-09-29,84,3.5,False,4975,2023-09-28,9,1
2023,2023-09-30,84,3.5,False,4996,2023-09-29,9,1
2023,2023-09-02,56,7.0,False,3148,2023-08-31,9,1
2023,2023-09-03,56,7.0,False,3123,2023-09-02,9,1
2023,2023-09-05,56,7.0,False,3148,2023-09-04,9,1
2023,2023-09-06,56,7.0,False,3202,2023-09-05,9,1
2023,2023-09-07,56,7.0,False,3205,2023-09-06,9,1
2023,2023-09-08,56,7.0,False,3220,2023-09-07,9,1
2023,2023-09-09,56,7.0,False,3319,2023-09-08,9,1
2023,2023-09-10,56,7.0,False,3469,2023-09-09,9,1
2023,2023-09-12,56,7.0,False,3568,2023-09-10,9,1
2023,2023-09-13,56,7.0,False,3641,2023-09-12,9,1
2023,2023-09-14,56,7.0,False,3664,2023-09-13,9,1
2023,2023-09-15,56,7.0,False,3699,2023-09-14,9,1
2023,2023-09-16,56,7.0,False,3687,2023-09-15,9,1
2023,2023-09-17,56,7.0,False,3653,2023-09-16,9,1
2023,2023-09-19,56,7.0,False,3757,2023-09-18,9,1
2023,2023-09-21,56,7.0,False,3641,2023-09-19,9,1
2023,2023-09-22,56,7.0,False,3641,2023-09-21,9,1
2023,2023-09-23,56,7.0,False,3651,2023-09-22,9,1
2023,2023-09-24,56,7.0,False,3619,2023-09-23,9,1
2023,2023-09-26,56,7.0,False,3598,2023-09-24,9,1
2023,2023-09-27,56,7.0,False,3555,2023-09-26,9,1
2023,2023-09-28,56,7.0,False,3629,2023-09-27,9,1
2023,2023-09-29,56,7.0,False,3635,2023-09-28,9,1
2023,2023-09-30,56,7.0,False,3605,2023-09-29,9,1
2023,2023-09-02,56,14.0,False,3148,2023-08-31,9,1
2023,2023-09-03,56,14.0,False,3123,2023-09-02,9,1
2023,2023-09-05,56,14.0,False,3148,2023-09-04,9,1
2023,2023-09-06,56,14.0,False,3202,2023-09-05,9,1
2023,2023-09-07,56,14.0,False,3205,2023-09-06,9,1
2023,2023-09-08,56,14.0,False,3220,2023-09-07,9,1
2023,2023-09-09,56,14.0,False,3319,2023-09-08,9,1
2023,2023-09-10,56,14.0,False,3469,2023-09-09,9,1
2023,2023-09-12,56,14.0,False,3568,2023-09-10,9,1
2023,2023-09-13,56,14.0,False,3641,2023-09-12,9,1
2023,2023-09-14,56,14.0,False,3664,2023-09-13,9,1
2023,2023-09-15,56,14.0,False,3699,2023-09-14,9,1
2023,2023-09-16,56,14.0,False,3687,2023-09-15,9,1
2023,2023-09-17,56,14.0,False,3653,2023-09-16,9,1
2023,2023-09-19,56,14.0,False,3757,2023-09-18,9,1
2023,2023-09-21,56,14.0,False,3641,2023-09-19,9,1
2023,2023-09-22,56,14.0,False,3641,2023-09-21,9,1
2023,2023-09-23,56,14.0,False,3651,2023-09-22,9,1
2023,2023-09-24,56,14.0,False,3619,2023-09-23,9,1
2023,2023-09-26,56,14.0,False,3598,2023-09-24,9,1
2023,2023-09-27,56,14.0,False,3555,2023-09-26,9,1
2023,2023-09-28,56,14.0,False,3629,2023-09-27,9,1
2023,2023-09-29,56,14.0,False,3635,2023-09-28,9,1
2023,2023-09-30,56,14.0,False,3605,2023-09-29,9,1
2023,2023-09-02,56,28.0,False,3148,2023-08-31,9,1
2023,2023-09-03,56,28.0,False,3123,2023-09-02,9,1
2023,2023-09-05,56,28.0,False,3148,2023-09-04,9,1
2023,2023-09-06,56,28.0,False,3202,2023-09-05,9,1
2023,2023-09-07,56,28.0,False,3205,2023-09-06,9,1
2023,2023-09-08,56,28.0,False,3220,2023-09-07,9,1
2023,2023-09-09,56,28.0,False,3319,2023-09-08,9,1
2023,2023-09-10,56,28.0,False,3469,2023-09-09,9,1
2023,2023-09-12,56,28.0,False,3568,2023-09-10,9,1
2023,2023-09-13,56,28.0,False,3641,2023-09-12,9,1
2023,2023-09-14,56,28.0,False,3664,2023-09-13,9,1
2023,2023-09-15,56,28.0,False,3699,2023-09-14,9,1
2023,2023-09-16,56,28.0,False,3687,2023-09-15,9,1
2023,2023-09-17,56,28.0,False,3653,2023-09-16,9,1
2023,2023-09-19,56,28.0,False,3757,2023-09-18,9,1
2023,2023-09-21,56,28.0,False,3641,2023-09-19,9,1
2023,2023-09-22,56,28.0,False,3641,2023-09-21,9,1
2023,2023-09-23,56,28.0,False,3651,2023-09-22,9,1
2023,2023-09-24,56,28.0,False,3619,2023-09-23,9,1
2023,2023-09-26,56,28.0,False,3598,2023-09-24,9,1
2023,2023-09-27,56,28.0,False,3555,2023-09-26,9,1
2023,2023-09-28,56,28.0,False,3629,2023-09-27,9,1
2023,2023-09-29,56,28.0,False,3635,2023-09-28,9,1
2023,2023-09-30,56,28.0,False,3605,2023-09-29,9,1
2023,2023-09-02,84,7.0,False,5053,2023-08-31,9,1
2023,2023-09-03,84,7.0,False,5045,2023-09-02,9,1
2023,2023-09-05,84,7.0,False,5055,2023-09-04,9,1
2023,2023-09-06,84,7.0,False,5033,2023-09-05,9,1
2023,2023-09-07,84,7.0,False,5032,2023-09-06,9,1
2023,2023-09-08,84,7.0,False,4996,2023-09-07,9,1
2023,2023-09-09,84,7.0,False,5001,2023-09-08,9,1
2023,2023-09-10,84,7.0,False,5066,2023-09-09,9,1
2023,2023-09-12,84,7.0,False,5058,2023-09-10,9,1
2023,2023-09-13,84,7.0,False,5019,2023-09-12,9,1
2023,2023-09-14,84,7.0,False,4949,2023-09-13,9,1
2023,2023-09-15,84,7.0,False,4886,2023-09-14,9,1
2023,2023-09-16,84,7.0,False,4878,2023-09-15,9,1
2023,2023-09-17,84,7.0,False,4813,2023-09-16,9,1
2023,2023-09-19,84,7.0,False,4905,2023-09-18,9,1
2023,2023-09-21,84,7.0,False,4810,2023-09-19,9,1
2023,2023-09-22,84,7.0,False,4893,2023-09-21,9,1
2023,2023-09-23,84,7.0,False,4927,2023-09-22,9,1
2023,2023-09-24,84,7.0,False,4912,2023-09-23,9,1
2023,2023-09-26,84,7.0,False,4914,2023-09-24,9,1
2023,2023-09-27,84,7.0,False,4913,2023-09-26,9,1
2023,2023-09-28,84,7.0,False,4985,2023-09-27,9,1
2023,2023-09-29,84,7.0,False,4975,2023-09-28,9,1
2023,2023-09-30,84,7.0,False,4996,2023-09-29,9,1
2023,2023-09-02,84,14.0,False,5053,2023-08-31,9,1
2023,2023-09-03,84,14.0,False,5045,2023-09-02,9,1
2023,2023-09-05,84,14.0,False,5055,2023-09-04,9,1
2023,2023-09-06,84,14.0,False,5033,2023-09-05,9,1
2023,2023-09-07,84,14.0,False,5032,2023-09-06,9,1
2023,2023-09-08,84,14.0,False,4996,2023-09-07,9,1
2023,2023-09-09,84,14.0,False,5001,2023-09-08,9,1
2023,2023-09-10,84,14.0,False,5066,2023-09-09,9,1
2023,2023-09-12,84,14.0,False,5058,2023-09-10,9,1
2023,2023-09-13,84,14.0,False,5019,2023-09-12,9,1
2023,2023-09-14,84,14.0,False,4949,2023-09-13,9,1
2023,2023-09-15,84,14.0,False,4886,2023-09-14,9,1
2023,2023-09-16,84,14.0,False,4878,2023-09-15,9,1
2023,2023-09-17,84,14.0,False,4813,2023-09-16,9,1
2023,2023-09-19,84,14.0,False,4905,2023-09-18,9,1
2023,2023-09-21,84,14.0,False,4810,2023-09-19,9,1
2023,2023-09-22,84,14.0,False,4893,2023-09-21,9,1
2023,2023-09-23,84,14.0,False,4927,2023-09-22,9,1
2023,2023-09-24,84,14.0,False,4912,2023-09-23,9,1
2023,2023-09-26,84,14.0,False,4914,2023-09-24,9,1
2023,2023-09-27,84,14.0,False,4913,2023-09-26,9,1
2023,2023-09-28,84,14.0,False,4985,2023-09-27,9,1
2023,2023-09-29,84,14.0,False,4975,2023-09-28,9,1
2023,2023-09-30,84,14.0,False,4996,2023-09-29,9,1
2023,2023-09-02,84,28.0,False,5053,2023-08-31,9,1
2023,2023-09-03,84,28.0,False,5045,2023-09-02,9,1
2023,2023-09-05,84,28.0,False,5055,2023-09-04,9,1
2023,2023-09-06,84,28.0,False,5033,2023-09-05,9,1
2023,2023-09-07,84,28.0,False,5032,2023-09-06,9,1
2023,2023-09-08,84,28.0,False,4996,2023-09-07,9,1
2023,2023-09-09,84,28.0,False,5001,2023-09-08,9,1
2023,2023-09-10,84,28.0,False,5066,2023-09-09,9,1
2023,2023-09-12,84,28.0,False,5058,2023-09-10,9,1
2023,2023-09-13,84,28.0,False,5019,2023-09-12,9,1
2023,2023-09-14,84,28.0,False,4949,2023-09-13,9,1
2023,2023-09-15,84,28.0,False,4886,2023-09-14,9,1
2023,2023-09-16,84,28.0,False,4878,2023-09-15,9,1
2023,2023-09-17,84,28.0,False,4813,2023-09-16,9,1
2023,2023-09-19,84,28.0,False,4905,2023-09-18,9,1
2023,2023-09-21,84,28.0,False,4810,2023-09-19,9,1
2023,2023-09-22,84,28.0,False,4893,2023-09-21,9,1
2023,2023-09-23,84,28.0,False,4927,2023-09-22,9,1
2023,2023-09-24,84,28.0,False,4912,2023-09-23,9,1
2023,2023-09-26,84,28.0,False,4914,2023-09-24,9,1
2023,2023-09-27,84,28.0,False,4913,2023-09-26,9,1
2023,2023-09-28,84,28.0,False,4985,2023-09-27,9,1
2023,2023-09-29,84,28.0,False,4975,2023-09-28,9,1
2023,2023-09-30,84,28.0,False,4996,2023-09-29,9,1
2024,2024-05-01,28,,False,2183,2024-04-30,9,1
2024,2024-05-01,28,14.0,False,2183,2024-04-30,9,1
2024,2024-05-01,28,28.0,False,2183,2024-04-30,9,1
2024,2024-05-01,28,28.0,True,2183,2024-04-30,9,15
2024,2024-05-01,56,,False,3826,2024-04-30,9,1
2024,2024-05-01,56,14.0,False,3826,2024-04-30,9,1
2024,2024-05-01,56,28.0,False,3826,2024-04-30,9,1
2024,2024-05-01,56,28.0,True,3826,2024-04-30,9,15
2024,2024-05-01,84,,False,3826,2024-04-30,9,1
2024,2024-05-01,84,14.0,False,3826,2024-04-30,9,1
2024,2024-05-01,84,28.0,False,3826,2024-04-30,9,1
2024,2024-05-01,84,28.0,True,3826,2024-04-30,9,15
2024,2024-04-29,28,,False,2194,2024-04-28,9,1
2024,2024-05-06,28,,False,2136,2024-05-04,9,1
2024,2024-05-13,28,,False,2081,2024-05-12,9,1
2024,2024-05-20,28,,False,2077,2024-05-19,9,1
2024,2024-05-27,28,,False,2067,2024-05-26,9,1
2024,2024-04-29,28,14.0,False,2194,2024-04-28,9,1
2024,2024-05-06,28,14.0,False,2136,2024-05-04,9,1
2024,2024-05-13,28,14.0,False,2081,2024-05-12,9,1
2024,2024-05-20,28,14.0,False,2077,2024-05-19,9,1
2024,2024-05-27,28,14.0,False,2067,2024-05-26,9,1
2024,2024-04-29,28,28.0,False,2194,2024-04-28,9,1
2024,2024-05-06,28,28.0,False,2136,2024-05-04,9,1
2024,2024-05-13,28,28.0,False,2081,2024-05-12,9,1
2024,2024-05-20,28,28.0,False,2077,2024-05-19,9,1
2024,2024-05-27,28,28.0,False,2067,2024-05-26,9,1
2024,2024-04-29,28,28.0,True,2194,2024-04-28,9,15
2024,2024-05-06,28,28.0,True,2136,2024-05-04,9,15
2024,2024-05-13,28,28.0,True,2081,2024-05-12,9,15
2024,2024-05-20,28,28.0,True,2077,2024-05-19,9,15
2024,2024-05-27,28,28.0,True,2067,2024-05-26,9,15
2024,2024-04-29,56,,False,3734,2024-04-28,9,1
2024,2024-05-06,56,,False,4061,2024-05-04,9,1
2024,2024-05-13,56,,False,4113,2024-05-12,9,1
2024,2024-05-20,56,,False,4311,2024-05-19,9,1
2024,2024-05-27,56,,False,4261,2024-05-26,9,1
2024,2024-04-29,56,14.0,False,3734,2024-04-28,9,1
2024,2024-05-06,56,14.0,False,4061,2024-05-04,9,1
2024,2024-05-13,56,14.0,False,4113,2024-05-12,9,1
2024,2024-05-20,56,14.0,False,4311,2024-05-19,9,1
2024,2024-05-27,56,14.0,False,4261,2024-05-26,9,1
2024,2024-04-29,56,28.0,False,3734,2024-04-28,9,1
2024,2024-05-06,56,28.0,False,4061,2024-05-04,9,1
2024,2024-05-13,56,28.0,False,4113,2024-05-12,9,1
2024,2024-05-20,56,28.0,False,4311,2024-05-19,9,1
2024,2024-05-27,56,28.0,False,4261,2024-05-26,9,1
2024,2024-04-29,56,28.0,True,3734,2024-04-28,9,15
2024,2024-05-06,56,28.0,True,4061,2024-05-04,9,15
2024,2024-05-13,56,28.0,True,4113,2024-05-12,9,15
2024,2024-05-20,56,28.0,True,4311,2024-05-19,9,15
2024,2024-05-27,56,28.0,True,4261,2024-05-26,9,15
2024,2024-04-29,84,,False,3734,2024-04-28,9,1
2024,2024-05-06,84,,False,4218,2024-05-04,9,1
2024,2024-05-13,84,,False,4743,2024-05-12,9,1
2024,2024-05-20,84,,False,5281,2024-05-19,9,1
2024,2024-05-27,84,,False,5801,2024-05-26,9,1
2024,2024-04-29,84,14.0,False,3734,2024-04-28,9,1
2024,2024-05-06,84,14.0,False,4218,2024-05-04,9,1
2024,2024-05-13,84,14.0,False,4743,2024-05-12,9,1
2024,2024-05-20,84,14.0,False,5281,2024-05-19,9,1
2024,2024-05-27,84,14.0,False,5801,2024-05-26,9,1
2024,2024-04-29,84,28.0,False,3734,2024-04-28,9,1
2024,2024-05-06,84,28.0,False,4218,2024-05-04,9,1
2024,2024-05-13,84,28.0,False,4743,2024-05-12,9,1
2024,2024-05-20,84,28.0,False,5281,2024-05-19,9,1
2024,2024-05-27,84,28.0,False,5801,2024-05-26,9,1
2024,2024-04-29,84,28.0,True,3734,2024-04-28,9,15
2024,2024-05-06,84,28.0,True,4218,2024-05-04,9,15
2024,2024-05-13,84,28.0,True,4743,2024-05-12,9,15
2024,2024-05-20,84,28.0,True,5281,2024-05-19,9,15
2024,2024-05-27,84,28.0,True,5801,2024-05-26,9,15
2024,2024-04-29,56,7.0,False,3734,2024-04-28,9,1
2024,2024-05-06,56,7.0,False,4061,2024-05-04,9,1
2024,2024-05-13,56,7.0,False,4113,2024-05-12,9,1
2024,2024-05-20,56,7.0,False,4311,2024-05-19,9,1
2024,2024-05-27,56,7.0,False,4261,2024-05-26,9,1
2024,2024-04-29,56,10.0,False,3734,2024-04-28,9,1
2024,2024-05-06,56,10.0,False,4061,2024-05-04,9,1
2024,2024-05-13,56,10.0,False,4113,2024-05-12,9,1
2024,2024-05-20,56,10.0,False,4311,2024-05-19,9,1
2024,2024-05-27,56,10.0,False,4261,2024-05-26,9,1
2024,2024-04-29,56,21.0,False,3734,2024-04-28,9,1
2024,2024-05-06,56,21.0,False,4061,2024-05-04,9,1
2024,2024-05-13,56,21.0,False,4113,2024-05-12,9,1
2024,2024-05-20,56,21.0,False,4311,2024-05-19,9,1
2024,2024-05-27,56,21.0,False,4261,2024-05-26,9,1
2024,2024-04-29,84,7.0,False,3734,2024-04-28,9,1
2024,2024-05-06,84,7.0,False,4218,2024-05-04,9,1
2024,2024-05-13,84,7.0,False,4743,2024-05-12,9,1
2024,2024-05-20,84,7.0,False,5281,2024-05-19,9,1
2024,2024-05-27,84,7.0,False,5801,2024-05-26,9,1
2024,2024-04-29,84,10.0,False,3734,2024-04-28,9,1
2024,2024-05-06,84,10.0,False,4218,2024-05-04,9,1
2024,2024-05-13,84,10.0,False,4743,2024-05-12,9,1
2024,2024-05-20,84,10.0,False,5281,2024-05-19,9,1
2024,2024-05-27,84,10.0,False,5801,2024-05-26,9,1
2024,2024-04-29,84,21.0,False,3734,2024-04-28,9,1
2024,2024-05-06,84,21.0,False,4218,2024-05-04,9,1
2024,2024-05-13,84,21.0,False,4743,2024-05-12,9,1
2024,2024-05-20,84,21.0,False,5281,2024-05-19,9,1
2024,2024-05-27,84,21.0,False,5801,2024-05-26,9,1
2024,2024-04-29,112,7.0,False,3734,2024-04-28,9,1
2024,2024-05-06,112,7.0,False,4218,2024-05-04,9,1
2024,2024-05-13,112,7.0,False,4743,2024-05-12,9,1
2024,2024-05-20,112,7.0,False,5281,2024-05-19,9,1
2024,2024-05-27,112,7.0,False,5801,2024-05-26,9,1
2024,2024-04-29,112,10.0,False,3734,2024-04-28,9,1
2024,2024-05-06,112,10.0,False,4218,2024-05-04,9,1
2024,2024-05-13,112,10.0,False,4743,2024-05-12,9,1
2024,2024-05-20,112,10.0,False,5281,2024-05-19,9,1
2024,2024-05-27,112,10.0,False,5801,2024-05-26,9,1
2024,2024-04-29,112,21.0,False,3734,2024-04-28,9,1
2024,2024-05-06,112,21.0,False,4218,2024-05-04,9,1
2024,2024-05-13,112,21.0,False,4743,2024-05-12,9,1
2024,2024-05-20,112,21.0,False,5281,2024-05-19,9,1
2024,2024-05-27,112,21.0,False,5801,2024-05-26,9,1
2024,2024-04-29,112,14.0,False,3734,2024-04-28,9,1
2024,2024-05-06,112,14.0,False,4218,2024-05-04,9,1
2024,2024-05-13,112,14.0,False,4743,2024-05-12,9,1
2024,2024-05-20,112,14.0,False,5281,2024-05-19,9,1
2024,2024-05-27,112,14.0,False,5801,2024-05-26,9,1
2024,2024-04-29,84,3.5,False,3734,2024-04-28,9,1
2024,2024-05-06,84,3.5,False,4218,2024-05-04,9,1
2024,2024-05-13,84,3.5,False,4743,2024-05-12,9,1
2024,2024-05-20,84,3.5,False,5281,2024-05-19,9,1
2024,2024-05-27,84,3.5,False,5801,2024-05-26,9,1
2024,2024-04-29,28,7.0,False,2194,2024-04-28,9,1
2024,2024-05-06,28,7.0,False,2136,2024-05-04,9,1
2024,2024-05-13,28,7.0,False,2081,2024-05-12,9,1
2024,2024-05-20,28,7.0,False,2077,2024-05-19,9,1
2024,2024-05-27,28,7.0,False,2067,2024-05-26,9,1
2024,2024-04-29,84,14.0,True,3734,2024-04-28,9,15
2024,2024-05-06,84,14.0,True,4218,2024-05-04,9,15
2024,2024-05-13,84,14.0,True,4743,2024-05-12,9,15
2024,2024-05-20,84,14.0,True,5281,2024-05-19,9,15
2024,2024-05-27,84,14.0,True,5801,2024-05-26,9,15
2024,2024-05-01,84,3.5,False,3826,2024-04-30,9,1
2024,2024-05-02,84,3.5,False,3916,2024-05-01,9,1
2024,2024-05-03,84,3.5,False,4017,2024-05-02,9,1
2024,2024-05-04,84,3.5,False,4115,2024-05-03,9,1
2024,2024-05-07,84,3.5,False,4218,2024-05-04,9,1
2024,2024-05-08,84,3.5,False,4252,2024-05-07,9,1
2024,2024-05-09,84,3.5,False,4356,2024-05-08,9,1
2024,2024-05-10,84,3.5,False,4446,2024-05-09,9,1
2024,2024-05-11,84,3.5,False,4543,2024-05-10,9,1
2024,2024-05-12,84,3.5,False,4604,2024-05-11,9,1
2024,2024-05-14,84,3.5,False,4743,2024-05-12,9,1
2024,2024-05-15,84,3.5,False,4836,2024-05-14,9,1
2024,2024-05-16,84,3.5,False,4877,2024-05-15,9,1
2024,2024-05-17,84,3.5,False,4979,2024-05-16,9,1
2024,2024-05-18,84,3.5,False,5089,2024-05-17,9,1
2024,2024-05-19,84,3.5,False,5180,2024-05-18,9,1
2024,2024-05-21,84,3.5,False,5281,2024-05-19,9,1
2024,2024-05-22,84,3.5,False,5372,2024-05-21,9,1
2024,2024-05-23,84,3.5,False,5459,2024-05-22,9,1
2024,2024-05-24,84,3.5,False,5547,2024-05-23,9,1
2024,2024-05-25,84,3.5,False,5651,2024-05-24,9,1
2024,2024-05-26,84,3.5,False,5746,2024-05-25,9,1
2024,2024-05-28,84,3.5,False,5801,2024-05-26,9,1
2024,2024-05-29,84,3.5,False,5907,2024-05-28,9,1
2024,2024-05-30,84,3.5,False,6013,2024-05-29,9,1
2024,2024-05-31,84,3.5,False,6096,2024-05-30,9,1
2024,2024-05-01,56,7.0,False,3826,2024-04-30,9,1
2024,2024-05-02,56,7.0,False,3916,2024-05-01,9,1
2024,2024-05-03,56,7.0,False,4017,2024-05-02,9,1
2024,2024-05-04,56,7.0,False,4115,2024-05-03,9,1
2024,2024-05-07,56,7.0,False,3958,2024-05-04,9,1
2024,2024-05-08,56,7.0,False,3912,2024-05-07,9,1
2024,2024-05-09,56,7.0,False,4016,2024-05-08,9,1
2024,2024-05-10,56,7.0,False,4106,2024-05-09,9,1
2024,2024-05-11,56,7.0,False,4098,2024-05-10,9,1
2024,2024-05-12,56,7.0,False,4056,2024-05-11,9,1
2024,2024-05-14,56,7.0,False,4038,2024-05-12,9,1
2024,2024-05-15,56,7.0,False,4041,2024-05-14,9,1
2024,2024-05-16,56,7.0,False,4082,2024-05-15,9,1
2024,2024-05-17,56,7.0,False,4184,2024-05-16,9,1
2024,2024-05-18,56,7.0,False,4294,2024-05-17,9,1
2024,2024-05-19,56,7.0,False,4288,2024-05-18,9,1
2024,2024-05-21,56,7.0,False,4311,2024-05-19,9,1
2024,2024-05-22,56,7.0,False,4315,2024-05-21,9,1
2024,2024-05-23,56,7.0,False,4301,2024-05-22,9,1
2024,2024-05-24,56,7.0,False,4323,2024-05-23,9,1
2024,2024-05-25,56,7.0,False,4337,2024-05-24,9,1
2024,2024-05-26,56,7.0,False,4328,2024-05-25,9,1
2024,2024-05-28,56,7.0,False,4261,2024-05-26,9,1
2024,2024-05-29,56,7.0,False,4264,2024-05-28,9,1
2024,2024-05-30,56,7.0,False,4319,2024-05-29,9,1
2024,2024-05-31,56,7.0,False,4297,2024-05-30,9,1
2024,2024-05-02,56,14.0,False,3916,2024-05-01,9,1
2024,2024-05-03,56,14.0,False,4017,2024-05-02,9,1
2024,2024-05-04,56,14.0,False,4115,2024-05-03,9,1
2024,2024-05-07,56,14.0,False,3958,2024-05-04,9,1
2024,2024-05-08,56,14.0,False,3912,2024-05-07,9,1
2024,2024-05-09,56,14.0,False,4016,2024-05-08,9,1
2024,2024-05-10,56,14.0,False,4106,2024-05-09,9,1
2024,2024-05-11,56,14.0,False,4098,2024-05-10,9,1
2024,2024-05-12,56,14.0,False,4056,2024-05-11,9,1
2024,2024-05-14,56,14.0,False,4038,2024-05-12,9,1
2024,2024-05-15,56,14.0,False,4041,2024-05-14,9,1
2024,2024-05-16,56,14.0,False,4082,2024-05-15,9,1
2024,2024-05-17,56,14.0,False,4184,2024-05-16,9,1
2024,2024-05-18,56,14.0,False,4294,2024-05-17,9,1
2024,2024-05-19,56,14.0,False,4288,2024-05-18,9,1
2024,2024-05-21,56,14.0,False,4311,2024-05-19,9,1
2024,2024-05-22,56,14.0,False,4315,2024-05-21,9,1
2024,2024-05-23,56,14.0,False,4301,2024-05-22,9,1
2024,2024-05-24,56,14.0,False,4323,2024-05-23,9,1
2024,2024-05-25,56,14.0,False,4337,2024-05-24,9,1
2024,2024-05-26,56,14.0,False,4328,2024-05-25,9,1
2024,2024-05-28,56,14.0,False,4261,2024-05-26,9,1
2024,2024-05-29,56,14.0,False,4264,2024-05-28,9,1
2024,2024-05-30,56,14.0,False,4319,2024-05-29,9,1
2024,2024-05-31,56,14.0,False,4297,2024-05-30,9,1
2024,2024-05-02,56,28.0,False,3916,2024-05-01,9,1
2024,2024-05-03,56,28.0,False,4017,2024-05-02,9,1
2024,2024-05-04,56,28.0,False,4115,2024-05-03,9,1
2024,2024-05-07,56,28.0,False,3958,2024-05-04,9,1
2024,2024-05-08,56,28.0,False,3912,2024-05-07,9,1
2024,2024-05-09,56,28.0,False,4016,2024-05-08,9,1
2024,2024-05-10,56,28.0,False,4106,2024-05-09,9,1
2024,2024-05-11,56,28.0,False,4098,2024-05-10,9,1
2024,2024-05-12,56,28.0,False,4056,2024-05-11,9,1
2024,2024-05-14,56,28.0,False,4038,2024-05-12,9,1
2024,2024-05-15,56,28.0,False,4041,2024-05-14,9,1
2024,2024-05-16,56,28.0,False,4082,2024-05-15,9,1
2024,2024-05-17,56,28.0,False,4184,2024-05-16,9,1
2024,2024-05-18,56,28.0,False,4294,2024-05-17,9,1
2024,2024-05-19,56,28.0,False,4288,2024-05-18,9,1
2024,2024-05-21,56,28.0,False,4311,2024-05-19,9,1
2024,2024-05-22,56,28.0,False,4315,2024-05-21,9,1
2024,2024-05-23,56,28.0,False,4301,2024-05-22,9,1
2024,2024-05-24,56,28.0,False,4323,2024-05-23,9,1
2024,2024-05-25,56,28.0,False,4337,2024-05-24,9,1
2024,2024-05-26,56,28.0,False,4328,2024-05-25,9,1
2024,2024-05-28,56,28.0,False,4261,2024-05-26,9,1
2024,2024-05-29,56,28.0,False,4264,2024-05-28,9,1
2024,2024-05-30,56,28.0,False,4319,2024-05-29,9,1
2024,2024-05-31,56,28.0,False,4297,2024-05-30,9,1
2024,2024-05-01,84,7.0,False,3826,2024-04-30,9,1
2024,2024-05-02,84,7.0,False,3916,2024-05-01,9,1
2024,2024-05-03,84,7.0,False,4017,2024-05-02,9,1
2024,2024-05-04,84,7.0,False,4115,2024-05-03,9,1
2024,2024-05-07,84,7.0,False,4218,2024-05-04,9,1
2024,2024-05-08,84,7.0,False,4252,2024-05-07,9,1
2024,2024-05-09,84,7.0,False,4356,2024-05-08,9,1
2024,2024-05-10,84,7.0,False,4446,2024-05-09,9,1
2024,2024-05-11,84,7.0,False,4543,2024-05-10,9,1
2024,2024-05-12,84,7.0,False,4604,2024-05-11,9,1
2024,2024-05-14,84,7.0,False,4743,2024-05-12,9,1
2024,2024-05-15,84,7.0,False,4836,2024-05-14,9,1
2024,2024-05-16,84,7.0,False,4877,2024-05-15,9,1
2024,2024-05-17,84,7.0,False,4979,2024-05-16,9,1
2024,2024-05-18,84,7.0,False,5089,2024-05-17,9,1
2024,2024-05-19,84,7.0,False,5180,2024-05-18,9,1
2024,2024-05-21,84,7.0,False,5281,2024-05-19,9,1
2024,2024-05-22,84,7.0,False,5372,2024-05-21,9,1
2024,2024-05-23,84,7.0,False,5459,2024-05-22,9,1
2024,2024-05-24,84,7.0,False,5547,2024-05-23,9,1
2024,2024-05-25,84,7.0,False,5651,2024-05-24,9,1
2024,2024-05-26,84,7.0,False,5746,2024-05-25,9,1
2024,2024-05-28,84,7.0,False,5801,2024-05-26,9,1
2024,2024-05-29,84,7.0,False,5907,2024-05-28,9,1
2024,2024-05-30,84,7.0,False,6013,2024-05-29,9,1
2024,2024-05-31,84,7.0,False,6096,2024-05-30,9,1
2024,2024-05-02,84,14.0,False,3916,2024-05-01,9,1
2024,2024-05-03,84,14.0,False,4017,2024-05-02,9,1
2024,2024-05-04,84,14.0,False,4115,2024-05-03,9,1
2024,2024-05-07,84,14.0,False,4218,2024-05-04,9,1
2024,2024-05-08,84,14.0,False,4252,2024-05-07,9,1
2024,2024-05-09,84,14.0,False,4356,2024-05-08,9,1
2024,2024-05-10,84,14.0,False,4446,2024-05-09,9,1
2024,2024-05-11,84,14.0,False,4543,2024-05-10,9,1
2024,2024-05-12,84,14.0,False,4604,2024-05-11,9,1
2024,2024-05-14,84,14.0,False,4743,2024-05-12,9,1
2024,2024-05-15,84,14.0,False,4836,2024-05-14,9,1
2024,2024-05-16,84,14.0,False,4877,2024-05-15,9,1
2024,2024-05-17,84,14.0,False,4979,2024-05-16,9,1
2024,2024-05-18,84,14.0,False,5089,2024-05-17,9,1
2024,2024-05-19,84,14.0,False,5180,2024-05-18,9,1
2024,2024-05-21,84,14.0,False,5281,2024-05-19,9,1
2024,2024-05-22,84,14.0,False,5372,2024-05-21,9,1
2024,2024-05-23,84,14.0,False,5459,2024-05-22,9,1
2024,2024-05-24,84,14.0,False,5547,2024-05-23,9,1
2024,2024-05-25,84,14.0,False,5651,2024-05-24,9,1
2024,2024-05-26,84,14.0,False,5746,2024-05-25,9,1
2024,2024-05-28,84,14.0,False,5801,2024-05-26,9,1
2024,2024-05-29,84,14.0,False,5907,2024-05-28,9,1
2024,2024-05-30,84,14.0,False,6013,2024-05-29,9,1
2024,2024-05-31,84,14.0,False,6096,2024-05-30,9,1
2024,2024-05-02,84,28.0,False,3916,2024-05-01,9,1
2024,2024-05-03,84,28.0,False,4017,2024-05-02,9,1
2024,2024-05-04,84,28.0,False,4115,2024-05-03,9,1
2024,2024-05-07,84,28.0,False,4218,2024-05-04,9,1
2024,2024-05-08,84,28.0,False,4252,2024-05-07,9,1
2024,2024-05-09,84,28.0,False,4356,2024-05-08,9,1
2024,2024-05-10,84,28.0,False,4446,2024-05-09,9,1
2024,2024-05-11,84,28.0,False,4543,2024-05-10,9,1
2024,2024-05-12,84,28.0,False,4604,2024-05-11,9,1
2024,2024-05-14,84,28.0,False,4743,2024-05-12,9,1
2024,2024-05-15,84,28.0,False,4836,2024-05-14,9,1
2024,2024-05-16,84,28.0,False,4877,2024-05-15,9,1
2024,2024-05-17,84,28.0,False,4979,2024-05-16,9,1
2024,2024-05-18,84,28.0,False,5089,2024-05-17,9,1
2024,2024-05-19,84,28.0,False,5180,2024-05-18,9,1
2024,2024-05-21,84,28.0,False,5281,2024-05-19,9,1
2024,2024-05-22,84,28.0,False,5372,2024-05-21,9,1
2024,2024-05-23,84,28.0,False,5459,2024-05-22,9,1
2024,2024-05-24,84,28.0,False,5547,2024-05-23,9,1
2024,2024-05-25,84,28.0,False,5651,2024-05-24,9,1
2024,2024-05-26,84,28.0,False,5746,2024-05-25,9,1
2024,2024-05-28,84,28.0,False,5801,2024-05-26,9,1
2024,2024-05-29,84,28.0,False,5907,2024-05-28,9,1
2024,2024-05-30,84,28.0,False,6013,2024-05-29,9,1
2024,2024-05-31,84,28.0,False,6096,2024-05-30,9,1
2024,2024-06-01,28,,False,2080,2024-05-31,9,1
2024,2024-06-01,28,14.0,False,2080,2024-05-31,9,1
2024,2024-06-01,28,28.0,False,2080,2024-05-31,9,1
2024,2024-06-01,28,28.0,True,2080,2024-05-31,9,15
2024,2024-06-01,56,,False,4304,2024-05-31,9,1
2024,2024-06-01,56,14.0,False,4304,2024-05-31,9,1
2024,2024-06-01,56,28.0,False,4304,2024-05-31,9,1
2024,2024-06-01,56,28.0,True,4304,2024-05-31,9,15
2024,2024-06-01,84,,False,6195,2024-05-31,9,1
2024,2024-06-01,84,14.0,False,6195,2024-05-31,9,1
2024,2024-06-01,84,28.0,False,6195,2024-05-31,9,1
2024,2024-06-01,84,28.0,True,6195,2024-05-31,9,15
2024,2024-06-03,28,,False,2168,2024-06-02,9,1
2024,2024-06-10,28,,False,2229,2024-06-09,9,1
2024,2024-06-17,28,,False,2298,2024-06-16,9,1
2024,2024-06-24,28,,False,2296,2024-06-23,9,1
2024,2024-06-03,28,14.0,False,2168,2024-06-02,9,1
2024,2024-06-10,28,14.0,False,2229,2024-06-09,9,1
2024,2024-06-17,28,14.0,False,2298,2024-06-16,9,1
2024,2024-06-24,28,14.0,False,2296,2024-06-23,9,1
2024,2024-06-03,28,28.0,False,2168,2024-06-02,9,1
2024,2024-06-10,28,28.0,False,2229,2024-06-09,9,1
2024,2024-06-17,28,28.0,False,2298,2024-06-16,9,1
2024,2024-06-24,28,28.0,False,2296,2024-06-23,9,1
2024,2024-06-03,28,28.0,True,2168,2024-06-02,9,15
2024,2024-06-10,28,28.0,True,2229,2024-06-09,9,15
2024,2024-06-17,28,28.0,True,2298,2024-06-16,9,15
2024,2024-06-24,28,28.0,True,2296,2024-06-23,9,15
2024,2024-06-03,56,,False,4304,2024-06-02,9,1
2024,2024-06-10,56,,False,4310,2024-06-09,9,1
2024,2024-06-17,56,,False,4375,2024-06-16,9,1
2024,2024-06-24,56,,False,4363,2024-06-23,9,1
2024,2024-06-03,56,14.0,False,4304,2024-06-02,9,1
2024,2024-06-10,56,14.0,False,4310,2024-06-09,9,1
2024,2024-06-17,56,14.0,False,4375,2024-06-16,9,1
2024,2024-06-24,56,14.0,False,4363,2024-06-23,9,1
2024,2024-06-03,56,28.0,False,4304,2024-06-02,9,1
2024,2024-06-10,56,28.0,False,4310,2024-06-09,9,1
2024,2024-06-17,56,28.0,False,4375,2024-06-16,9,1
2024,2024-06-24,56,28.0,False,4363,2024-06-23,9,1
2024,2024-06-03,56,28.0,True,4304,2024-06-02,9,15
2024,2024-06-10,56,28.0,True,4310,2024-06-09,9,15
2024,2024-06-17,56,28.0,True,4375,2024-06-16,9,15
2024,2024-06-24,56,28.0,True,4363,2024-06-23,9,15
2024,2024-06-03,84,,False,6229,2024-06-02,9,1
2024,2024-06-10,84,,False,6342,2024-06-09,9,1
2024,2024-06-17,84,,False,6609,2024-06-16,9,1
2024,2024-06-24,84,,False,6557,2024-06-23,9,1
2024,2024-06-03,84,14.0,False,6229,2024-06-02,9,1
2024,2024-06-10,84,14.0,False,6342,2024-06-09,9,1
2024,2024-06-17,84,14.0,False,6609,2024-06-16,9,1
2024,2024-06-24,84,14.0,False,6557,2024-06-23,9,1
2024,2024-06-03,84,28.0,False,6229,2024-06-02,9,1
2024,2024-06-10,84,28.0,False,6342,2024-06-09,9,1
2024,2024-06-17,84,28.0,False,6609,2024-06-16,9,1
2024,2024-06-24,84,28.0,False,6557,2024-06-23,9,1
2024,2024-06-03,84,28.0,True,6229,2024-06-02,9,15
2024,2024-06-10,84,28.0,True,6342,2024-06-09,9,15
2024,2024-06-17,84,28.0,True,6609,2024-06-16,9,15
2024,2024-06-24,84,28.0,True,6557,2024-06-23,9,15
2024,2024-06-03,56,7.0,False,4304,2024-06-02,9,1
2024,2024-06-10,56,7.0,False,4310,2024-06-09,9,1
2024,2024-06-17,56,7.0,False,4375,2024-06-16,9,1
2024,2024-06-24,56,7.0,False,4363,2024-06-23,9,1
2024,2024-06-03,56,10.0,False,4304,2024-06-02,9,1
2024,2024-06-10,56,10.0,False,4310,2024-06-09,9,1
2024,2024-06-17,56,10.0,False,4375,2024-06-16,9,1
2024,2024-06-24,56,10.0,False,4363,2024-06-23,9,1
2024,2024-06-03,56,21.0,False,4304,2024-06-02,9,1
2024,2024-06-10,56,21.0,False,4310,2024-06-09,9,1
2024,2024-06-17,56,21.0,False,4375,2024-06-16,9,1
2024,2024-06-24,56,21.0,False,4363,2024-06-23,9,1
2024,2024-06-03,84,7.0,False,6229,2024-06-02,9,1
2024,2024-06-10,84,7.0,False,6342,2024-06-09,9,1
2024,2024-06-17,84,7.0,False,6609,2024-06-16,9,1
2024,2024-06-24,84,7.0,False,6557,2024-06-23,9,1
2024,2024-06-03,84,10.0,False,6229,2024-06-02,9,1
2024,2024-06-10,84,10.0,False,6342,2024-06-09,9,1
2024,2024-06-17,84,10.0,False,6609,2024-06-16,9,1
2024,2024-06-24,84,10.0,False,6557,2024-06-23,9,1
2024,2024-06-03,84,21.0,False,6229,2024-06-02,9,1
2024,2024-06-10,84,21.0,False,6342,2024-06-09,9,1
2024,2024-06-17,84,21.0,False,6609,2024-06-16,9,1
2024,2024-06-24,84,21.0,False,6557,2024-06-23,9,1
2024,2024-06-03,112,7.0,False,6386,2024-06-02,9,1
2024,2024-06-10,112,7.0,False,6972,2024-06-09,9,1
2024,2024-06-17,112,7.0,False,7579,2024-06-16,9,1
2024,2024-06-24,112,7.0,False,8097,2024-06-23,9,1
2024,2024-06-03,112,10.0,False,6386,2024-06-02,9,1
2024,2024-06-10,112,10.0,False,6972,2024-06-09,9,1
2024,2024-06-17,112,10.0,False,7579,2024-06-16,9,1
2024,2024-06-24,112,10.0,False,8097,2024-06-23,9,1
2024,2024-06-03,112,21.0,False,6386,2024-06-02,9,1
2024,2024-06-10,112,21.0,False,6972,2024-06-09,9,1
2024,2024-06-17,112,21.0,False,7579,2024-06-16,9,1
2024,2024-06-24,112,21.0,False,8097,2024-06-23,9,1
2024,2024-06-03,112,14.0,False,6386,2024-06-02,9,1
2024,2024-06-10,112,14.0,False,6972,2024-06-09,9,1
2024,2024-06-17,112,14.0,False,7579,2024-06-16,9,1
2024,2024-06-24,112,14.0,False,8097,2024-06-23,9,1
2024,2024-06-03,84,3.5,False,6229,2024-06-02,9,1
2024,2024-06-10,84,3.5,False,6342,2024-06-09,9,1
2024,2024-06-17,84,3.5,False,6609,2024-06-16,9,1
2024,2024-06-24,84,3.5,False,6557,2024-06-23,9,1
2024,2024-06-03,28,7.0,False,2168,2024-06-02,9,1
2024,2024-06-10,28,7.0,False,2229,2024-06-09,9,1
2024,2024-06-17,28,7.0,False,2298,2024-06-16,9,1
2024,2024-06-24,28,7.0,False,2296,2024-06-23,9,1
2024,2024-06-03,84,14.0,True,6229,2024-06-02,9,15
2024,2024-06-10,84,14.0,True,6342,2024-06-09,9,15
2024,2024-06-17,84,14.0,True,6609,2024-06-16,9,15
2024,2024-06-24,84,14.0,True,6557,2024-06-23,9,15
2024,2024-06-01,84,3.5,False,6195,2024-05-31,9,1
2024,2024-06-02,84,3.5,False,6211,2024-06-01,9,1
2024,2024-06-04,84,3.5,False,6126,2024-06-02,9,1
2024,2024-06-05,84,3.5,False,6137,2024-06-04,9,1
2024,2024-06-06,84,3.5,False,6245,2024-06-05,9,1
2024,2024-06-07,84,3.5,False,6328,2024-06-06,9,1
2024,2024-06-08,84,3.5,False,6331,2024-06-07,9,1
2024,2024-06-09,84,3.5,False,6303,2024-06-08,9,1
2024,2024-06-11,84,3.5,False,6267,2024-06-09,9,1
2024,2024-06-12,84,3.5,False,6290,2024-06-11,9,1
2024,2024-06-13,84,3.5,False,6381,2024-06-12,9,1
2024,2024-06-14,84,3.5,False,6473,2024-06-13,9,1
2024,2024-06-15,84,3.5,False,6570,2024-06-14,9,1
2024,2024-06-16,84,3.5,False,6585,2024-06-15,9,1
2024,2024-06-18,84,3.5,False,6609,2024-06-16,9,1
2024,2024-06-19,84,3.5,False,6599,2024-06-18,9,1
2024,2024-06-20,84,3.5,False,6581,2024-06-19,9,1
2024,2024-06-21,84,3.5,False,6576,2024-06-20,9,1
2024,2024-06-22,84,3.5,False,6578,2024-06-21,9,1
2024,2024-06-23,84,3.5,False,6509,2024-06-22,9,1
2024,2024-06-25,84,3.5,False,6557,2024-06-23,9,1
2024,2024-06-26,84,3.5,False,6551,2024-06-25,9,1
2024,2024-06-27,84,3.5,False,6596,2024-06-26,9,1
2024,2024-06-28,84,3.5,False,6586,2024-06-27,9,1
2024,2024-06-29,84,3.5,False,6589,2024-06-28,9,1
2024,2024-06-30,84,3.5,False,6509,2024-06-29,9,1
2024,2024-06-01,56,7.0,False,4304,2024-05-31,9,1
2024,2024-06-02,56,7.0,False,4309,2024-06-01,9,1
2024,2024-06-04,56,7.0,False,4304,2024-06-02,9,1
2024,2024-06-05,56,7.0,False,4306,2024-06-04,9,1
2024,2024-06-06,56,7.0,False,4309,2024-06-05,9,1
2024,2024-06-07,56,7.0,False,4302,2024-06-06,9,1
2024,2024-06-08,56,7.0,False,4315,2024-06-07,9,1
2024,2024-06-09,56,7.0,False,4290,2024-06-08,9,1
2024,2024-06-11,56,7.0,False,4310,2024-06-09,9,1
2024,2024-06-12,56,7.0,False,4322,2024-06-11,9,1
2024,2024-06-13,56,7.0,False,4315,2024-06-12,9,1
2024,2024-06-14,56,7.0,False,4338,2024-06-13,9,1
2024,2024-06-15,56,7.0,False,4345,2024-06-14,9,1
2024,2024-06-16,56,7.0,False,4423,2024-06-15,9,1
2024,2024-06-18,56,7.0,False,4375,2024-06-16,9,1
2024,2024-06-19,56,7.0,False,4376,2024-06-18,9,1
2024,2024-06-20,56,7.0,False,4375,2024-06-19,9,1
2024,2024-06-21,56,7.0,False,4360,2024-06-20,9,1
2024,2024-06-22,56,7.0,False,4362,2024-06-21,9,1
2024,2024-06-23,56,7.0,False,4290,2024-06-22,9,1
2024,2024-06-25,56,7.0,False,4363,2024-06-23,9,1
2024,2024-06-26,56,7.0,False,4368,2024-06-25,9,1
2024,2024-06-27,56,7.0,False,4374,2024-06-26,9,1
2024,2024-06-28,56,7.0,False,4368,2024-06-27,9,1
2024,2024-06-29,56,7.0,False,4365,2024-06-28,9,1
2024,2024-06-30,56,7.0,False,4271,2024-06-29,9,1
2024,2024-06-02,56,14.0,False,4309,2024-06-01,9,1
2024,2024-06-04,56,14.0,False,4304,2024-06-02,9,1
2024,2024-06-05,56,14.0,False,4306,2024-06-04,9,1
2024,2024-06-06,56,14.0,False,4309,2024-06-05,9,1
2024,2024-06-07,56,14.0,False,4302,2024-06-06,9,1
2024,2024-06-08,56,14.0,False,4315,2024-06-07,9,1
2024,2024-06-09,56,14.0,False,4290,2024-06-08,9,1
2024,2024-06-11,56,14.0,False,4310,2024-06-09,9,1
2024,2024-06-12,56,14.0,False,4322,2024-06-11,9,1
2024,2024-06-13,56,14.0,False,4315,2024-06-12,9,1
2024,2024-06-14,56,14.0,False,4338,2024-06-13,9,1
2024,2024-06-15,56,14.0,False,4345,2024-06-14,9,1
2024,2024-06-16,56,14.0,False,4423,2024-06-15,9,1
2024,2024-06-18,56,14.0,False,4375,2024-06-16,9,1
2024,2024-06-19,56,14.0,False,4376,2024-06-18,9,1
2024,2024-06-20,56,14.0,False,4375,2024-06-19,9,1
2024,2024-06-21,56,14.0,False,4360,2024-06-20,9,1
2024,2024-06-22,56,14.0,False,4362,2024-06-21,9,1
2024,2024-06-23,56,14.0,False,4290,2024-06-22,9,1
2024,2024-06-25,56,14.0,False,4363,2024-06-23,9,1
2024,2024-06-26,56,14.0,False,4368,2024-06-25,9,1
2024,2024-06-27,56,14.0,False,4374,2024-06-26,9,1
2024,2024-06-28,56,14.0,False,4368,2024-06-27,9,1
2024,2024-06-29,56,14.0,False,4365,2024-06-28,9,1
2024,2024-06-30,56,14.0,False,4271,2024-06-29,9,1
2024,2024-06-02,56,28.0,False,4309,2024-06-01,9,1
2024,2024-06-04,56,28.0,False,4304,2024-06-02,9,1
2024,2024-06-05,56,28.0,False,4306,2024-06-04,9,1
2024,2024-06-06,56,28.0,False,4309,2024-06-05,9,1
2024,2024-06-07,56,28.0,False,4302,2024-06-06,9,1
2024,2024-06-08,56,28.0,False,4315,2024-06-07,9,1
2024,2024-06-09,56,28.0,False,4290,2024-06-08,9,1
2024,2024-06-11,56,28.0,False,4310,2024-06-09,9,1
2024,2024-06-12,56,28.0,False,4322,2024-06-11,9,1
2024,2024-06-13,56,28.0,False,4315,2024-06-12,9,1
2024,2024-06-14,56,28.0,False,4338,2024-06-13,9,1
2024,2024-06-15,56,28.0,False,4345,2024-06-14,9,1
2024,2024-06-16,56,28.0,False,4423,2024-06-15,9,1
2024,2024-06-18,56,28.0,False,4375,2024-06-16,9,1
2024,2024-06-19,56,28.0,False,4376,2024-06-18,9,1
2024,2024-06-20,56,28.0,False,4375,2024-06-19,9,1
2024,2024-06-21,56,28.0,False,4360,2024-06-20,9,1
2024,2024-06-22,56,28.0,False,4362,2024-06-21,9,1
2024,2024-06-23,56,28.0,False,4290,2024-06-22,9,1
2024,2024-06-25,56,28.0,False,4363,2024-06-23,9,1
2024,2024-06-26,56,28.0,False,4368,2024-06-25,9,1
2024,2024-06-27,56,28.0,False,4374,2024-06-26,9,1
2024,2024-06-28,56,28.0,False,4368,2024-06-27,9,1
2024,2024-06-29,56,28.0,False,4365,2024-06-28,9,1
2024,2024-06-30,56,28.0,False,4271,2024-06-29,9,1
2024,2024-06-01,84,7.0,False,6195,2024-05-31,9,1
2024,2024-06-02,84,7.0,False,6211,2024-06-01,9,1
2024,2024-06-04,84,7.0,False,6126,2024-06-02,9,1
2024,2024-06-05,84,7.0,False,6137,2024-06-04,9,1
2024,2024-06-06,84,7.0,False,6245,2024-06-05,9,1
2024,2024-06-07,84,7.0,False,6328,2024-06-06,9,1
2024,2024-06-08,84,7.0,False,6331,2024-06-07,9,1
2024,2024-06-09,84,7.0,False,6303,2024-06-08,9,1
2024,2024-06-11,84,7.0,False,6267,2024-06-09,9,1
2024,2024-06-12,84,7.0,False,6290,2024-06-11,9,1
2024,2024-06-13,84,7.0,False,6381,2024-06-12,9,1
2024,2024-06-14,84,7.0,False,6473,2024-06-13,9,1
2024,2024-06-15,84,7.0,False,6570,2024-06-14,9,1
2024,2024-06-16,84,7.0,False,6585,2024-06-15,9,1
2024,2024-06-18,84,7.0,False,6609,2024-06-16,9,1
2024,2024-06-19,84,7.0,False,6599,2024-06-18,9,1
2024,2024-06-20,84,7.0,False,6581,2024-06-19,9,1
2024,2024-06-21,84,7.0,False,6576,2024-06-20,9,1
2024,2024-06-22,84,7.0,False,6578,2024-06-21,9,1
2024,2024-06-23,84,7.0,False,6509,2024-06-22,9,1
2024,2024-06-25,84,7.0,False,6557,2024-06-23,9,1
2024,2024-06-26,84,7.0,False,6551,2024-06-25,9,1
2024,2024-06-27,84,7.0,False,6596,2024-06-26,9,1
2024,2024-06-28,84,7.0,False,6586,2024-06-27,9,1
2024,2024-06-29,84,7.0,False,6589,2024-06-28,9,1
2024,2024-06-30,84,7.0,False,6509,2024-06-29,9,1
2024,2024-06-02,84,14.0,False,6211,2024-06-01,9,1
2024,2024-06-04,84,14.0,False,6126,2024-06-02,9,1
2024,2024-06-05,84,14.0,False,6137,2024-06-04,9,1
2024,2024-06-06,84,14.0,False,6245,2024-06-05,9,1
2024,2024-06-07,84,14.0,False,6328,2024-06-06,9,1
2024,2024-06-08,84,14.0,False,6331,2024-06-07,9,1
2024,2024-06-09,84,14.0,False,6303,2024-06-08,9,1
2024,2024-06-11,84,14.0,False,6267,2024-06-09,9,1
2024,2024-06-12,84,14.0,False,6290,2024-06-11,9,1
2024,2024-06-13,84,14.0,False,6381,2024-06-12,9,1
2024,2024-06-14,84,14.0,False,6473,2024-06-13,9,1
2024,2024-06-15,84,14.0,False,6570,2024-06-14,9,1
2024,2024-06-16,84,14.0,False,6585,2024-06-15,9,1
2024,2024-06-18,84,14.0,False,6609,2024-06-16,9,1
2024,2024-06-19,84,14.0,False,6599,2024-06-18,9,1
2024,2024-06-20,84,14.0,False,6581,2024-06-19,9,1
2024,2024-06-21,84,14.0,False,6576,2024-06-20,9,1
2024,2024-06-22,84,14.0,False,6578,2024-06-21,9,1
2024,2024-06-23,84,14.0,False,6509,2024-06-22,9,1
2024,2024-06-25,84,14.0,False,6557,2024-06-23,9,1
2024,2024-06-26,84,14.0,False,6551,2024-06-25,9,1
2024,2024-06-27,84,14.0,False,6596,2024-06-26,9,1
2024,2024-06-28,84,14.0,False,6586,2024-06-27,9,1
2024,2024-06-29,84,14.0,False,6589,2024-06-28,9,1
2024,2024-06-30,84,14.0,False,6509,2024-06-29,9,1
2024,2024-06-02,84,28.0,False,6211,2024-06-01,9,1
2024,2024-06-04,84,28.0,False,6126,2024-06-02,9,1
2024,2024-06-05,84,28.0,False,6137,2024-06-04,9,1
2024,2024-06-06,84,28.0,False,6245,2024-06-05,9,1
2024,2024-06-07,84,28.0,False,6328,2024-06-06,9,1
2024,2024-06-08,84,28.0,False,6331,2024-06-07,9,1
2024,2024-06-09,84,28.0,False,6303,2024-06-08,9,1
2024,2024-06-11,84,28.0,False,6267,2024-06-09,9,1
2024,2024-06-12,84,28.0,False,6290,2024-06-11,9,1
2024,2024-06-13,84,28.0,False,6381,2024-06-12,9,1
2024,2024-06-14,84,28.0,False,6473,2024-06-13,9,1
2024,2024-06-15,84,28.0,False,6570,2024-06-14,9,1
2024,2024-06-16,84,28.0,False,6585,2024-06-15,9,1
2024,2024-06-18,84,28.0,False,6609,2024-06-16,9,1
2024,2024-06-19,84,28.0,False,6599,2024-06-18,9,1
2024,2024-06-20,84,28.0,False,6581,2024-06-19,9,1
2024,2024-06-21,84,28.0,False,6576,2024-06-20,9,1
2024,2024-06-22,84,28.0,False,6578,2024-06-21,9,1
2024,2024-06-23,84,28.0,False,6509,2024-06-22,9,1
2024,2024-06-25,84,28.0,False,6557,2024-06-23,9,1
2024,2024-06-26,84,28.0,False,6551,2024-06-25,9,1
2024,2024-06-27,84,28.0,False,6596,2024-06-26,9,1
2024,2024-06-28,84,28.0,False,6586,2024-06-27,9,1
2024,2024-06-29,84,28.0,False,6589,2024-06-28,9,1
2024,2024-06-30,84,28.0,False,6509,2024-06-29,9,1
2024,2024-07-01,28,,False,2176,2024-06-30,9,1
2024,2024-07-01,28,14.0,False,2176,2024-06-30,9,1
2024,2024-07-01,28,28.0,False,2176,2024-06-30,9,1
2024,2024-07-01,28,28.0,True,2176,2024-06-30,9,13
2024,2024-07-01,56,,False,4344,2024-06-30,9,1
2024,2024-07-01,56,14.0,False,4344,2024-06-30,9,1
2024,2024-07-01,56,28.0,False,4344,2024-06-30,9,1
2024,2024-07-01,56,28.0,True,4344,2024-06-30,9,15
2024,2024-07-01,84,,False,6480,2024-06-30,9,1
2024,2024-07-01,84,14.0,False,6480,2024-06-30,9,1
2024,2024-07-01,84,28.0,False,6480,2024-06-30,9,1
2024,2024-07-01,84,28.0,True,6480,2024-06-30,9,15
2024,2024-07-08,28,,False,1863,2024-07-06,9,1
2024,2024-07-15,28,,False,1782,2024-07-14,9,1
2024,2024-07-22,28,,False,1651,2024-07-21,8,1
2024,2024-07-29,28,,False,1640,2024-07-28,8,1
2024,2024-07-08,28,14.0,False,1863,2024-07-06,9,1
2024,2024-07-15,28,14.0,False,1782,2024-07-14,9,1
2024,2024-07-22,28,14.0,False,1651,2024-07-21,8,1
2024,2024-07-29,28,14.0,False,1640,2024-07-28,8,1
2024,2024-07-08,28,28.0,False,1863,2024-07-06,9,1
2024,2024-07-15,28,28.0,False,1782,2024-07-14,9,1
2024,2024-07-22,28,28.0,False,1651,2024-07-21,8,1
2024,2024-07-29,28,28.0,False,1640,2024-07-28,8,1
2024,2024-07-08,28,28.0,True,1863,2024-07-06,9,13
2024,2024-07-15,28,28.0,True,1782,2024-07-14,9,15
2024,2024-07-22,28,28.0,True,1651,2024-07-21,8,15
2024,2024-07-29,28,28.0,True,1640,2024-07-28,8,12
2024,2024-07-08,56,,False,4092,2024-07-06,9,1
2024,2024-07-15,56,,False,4080,2024-07-14,9,1
2024,2024-07-22,56,,False,3947,2024-07-21,9,1
2024,2024-07-29,56,,False,3816,2024-07-28,9,1
2024,2024-07-08,56,14.0,False,4092,2024-07-06,9,1
2024,2024-07-15,56,14.0,False,4080,2024-07-14,9,1
2024,2024-07-22,56,14.0,False,3947,2024-07-21,9,1
2024,2024-07-29,56,14.0,False,3816,2024-07-28,9,1
2024,2024-07-08,56,28.0,False,4092,2024-07-06,9,1
2024,2024-07-15,56,28.0,False,4080,2024-07-14,9,1
2024,2024-07-22,56,28.0,False,3947,2024-07-21,9,1
2024,2024-07-29,56,28.0,False,3816,2024-07-28,9,1
2024,2024-07-08,56,28.0,True,4092,2024-07-06,9,15
2024,2024-07-15,56,28.0,True,4080,2024-07-14,9,15
2024,2024-07-22,56,28.0,True,3947,2024-07-21,9,15
2024,2024-07-29,56,28.0,True,3816,2024-07-28,9,15
2024,2024-07-08,84,,False,6173,2024-07-06,9,1
2024,2024-07-15,84,,False,6157,2024-07-14,9,1
2024,2024-07-22,84,,False,6014,2024-07-21,9,1
2024,2024-07-29,84,,False,5984,2024-07-28,9,1
2024,2024-07-08,84,14.0,False,6173,2024-07-06,9,1
2024,2024-07-15,84,14.0,False,6157,2024-07-14,9,1
2024,2024-07-22,84,14.0,False,6014,2024-07-21,9,1
2024,2024-07-29,84,14.0,False,5984,2024-07-28,9,1
2024,2024-07-08,84,28.0,False,6173,2024-07-06,9,1
2024,2024-07-15,84,28.0,False,6157,2024-07-14,9,1
2024,2024-07-22,84,28.0,False,6014,2024-07-21,9,1
2024,2024-07-29,84,28.0,False,5984,2024-07-28,9,1
2024,2024-07-08,84,28.0,True,6173,2024-07-06,9,15
2024,2024-07-15,84,28.0,True,6157,2024-07-14,9,15
2024,2024-07-22,84,28.0,True,6014,2024-07-21,9,15
2024,2024-07-29,84,28.0,True,5984,2024-07-28,9,15
2024,2024-07-01,56,7.0,False,4344,2024-06-30,9,1
2024,2024-07-08,56,7.0,False,4092,2024-07-06,9,1
2024,2024-07-15,56,7.0,False,4080,2024-07-14,9,1
2024,2024-07-22,56,7.0,False,3947,2024-07-21,9,1
2024,2024-07-29,56,7.0,False,3816,2024-07-28,9,1
2024,2024-07-01,56,10.0,False,4344,2024-06-30,9,1
2024,2024-07-08,56,10.0,False,4092,2024-07-06,9,1
2024,2024-07-15,56,10.0,False,4080,2024-07-14,9,1
2024,2024-07-22,56,10.0,False,3947,2024-07-21,9,1
2024,2024-07-29,56,10.0,False,3816,2024-07-28,9,1
2024,2024-07-01,56,21.0,False,4344,2024-06-30,9,1
2024,2024-07-08,56,21.0,False,4092,2024-07-06,9,1
2024,2024-07-15,56,21.0,False,4080,2024-07-14,9,1
2024,2024-07-22,56,21.0,False,3947,2024-07-21,9,1
2024,2024-07-29,56,21.0,False,3816,2024-07-28,9,1
2024,2024-07-01,84,7.0,False,6480,2024-06-30,9,1
2024,2024-07-08,84,7.0,False,6173,2024-07-06,9,1
2024,2024-07-15,84,7.0,False,6157,2024-07-14,9,1
2024,2024-07-22,84,7.0,False,6014,2024-07-21,9,1
2024,2024-07-29,84,7.0,False,5984,2024-07-28,9,1
2024,2024-07-01,84,10.0,False,6480,2024-06-30,9,1
2024,2024-07-08,84,10.0,False,6173,2024-07-06,9,1
2024,2024-07-15,84,10.0,False,6157,2024-07-14,9,1
2024,2024-07-22,84,10.0,False,6014,2024-07-21,9,1
2024,2024-07-29,84,10.0,False,5984,2024-07-28,9,1
2024,2024-07-01,84,21.0,False,6480,2024-06-30,9,1
2024,2024-07-08,84,21.0,False,6173,2024-07-06,9,1
2024,2024-07-15,84,21.0,False,6157,2024-07-14,9,1
2024,2024-07-22,84,21.0,False,6014,2024-07-21,9,1
2024,2024-07-29,84,21.0,False,5984,2024-07-28,9,1
2024,2024-07-01,112,7.0,False,8405,2024-06-30,9,1
2024,2024-07-08,112,7.0,False,8205,2024-07-06,9,1
2024,2024-07-15,112,7.0,False,8391,2024-07-14,9,1
2024,2024-07-22,112,7.0,False,8208,2024-07-21,9,1
2024,2024-07-29,112,7.0,False,8120,2024-07-28,9,1
2024,2024-07-01,112,10.0,False,8405,2024-06-30,9,1
2024,2024-07-08,112,10.0,False,8205,2024-07-06,9,1
2024,2024-07-15,112,10.0,False,8391,2024-07-14,9,1
2024,2024-07-22,112,10.0,False,8208,2024-07-21,9,1
2024,2024-07-29,112,10.0,False,8120,2024-07-28,9,1
2024,2024-07-01,112,21.0,False,8405,2024-06-30,9,1
2024,2024-07-08,112,21.0,False,8205,2024-07-06,9,1
2024,2024-07-15,112,21.0,False,8391,2024-07-14,9,1
2024,2024-07-22,112,21.0,False,8208,2024-07-21,9,1
2024,2024-07-29,112,21.0,False,8120,2024-07-28,9,1
2024,2024-07-01,112,14.0,False,8405,2024-06-30,9,1
2024,2024-07-08,112,14.0,False,8205,2024-07-06,9,1
2024,2024-07-15,112,14.0,False,8391,2024-07-14,9,1
2024,2024-07-22,112,14.0,False,8208,2024-07-21,9,1
2024,2024-07-29,112,14.0,False,8120,2024-07-28,9,1
2024,2024-07-01,84,3.5,False,6480,2024-06-30,9,1
2024,2024-07-08,84,3.5,False,6173,2024-07-06,9,1
2024,2024-07-15,84,3.5,False,6157,2024-07-14,9,1
2024,2024-07-22,84,3.5,False,6014,2024-07-21,9,1
2024,2024-07-29,84,3.5,False,5984,2024-07-28,9,1
2024,2024-07-01,28,7.0,False,2176,2024-06-30,9,1
2024,2024-07-08,28,7.0,False,1863,2024-07-06,9,1
2024,2024-07-15,28,7.0,False,1782,2024-07-14,9,1
2024,2024-07-22,28,7.0,False,1651,2024-07-21,8,1
2024,2024-07-29,28,7.0,False,1640,2024-07-28,8,1
2024,2024-07-01,84,14.0,True,6480,2024-06-30,9,15
2024,2024-07-08,84,14.0,True,6173,2024-07-06,9,15
2024,2024-07-15,84,14.0,True,6157,2024-07-14,9,15
2024,2024-07-22,84,14.0,True,6014,2024-07-21,9,15
2024,2024-07-29,84,14.0,True,5984,2024-07-28,9,15
2024,2024-07-02,84,3.5,False,6480,2024-06-30,9,1
2024,2024-07-03,84,3.5,False,6461,2024-07-02,9,1
2024,2024-07-04,84,3.5,False,6445,2024-07-03,9,1
2024,2024-07-06,84,3.5,False,6354,2024-07-04,9,1
2024,2024-07-09,84,3.5,False,6173,2024-07-06,9,1
2024,2024-07-10,84,3.5,False,6134,2024-07-09,9,1
2024,2024-07-11,84,3.5,False,6137,2024-07-10,9,1
2024,2024-07-12,84,3.5,False,6168,2024-07-11,9,1
2024,2024-07-13,84,3.5,False,6174,2024-07-12,9,1
2024,2024-07-14,84,3.5,False,6246,2024-07-13,9,1
2024,2024-07-16,84,3.5,False,6157,2024-07-14,9,1
2024,2024-07-17,84,3.5,False,6098,2024-07-16,9,1
2024,2024-07-18,84,3.5,False,6089,2024-07-17,9,1
2024,2024-07-19,84,3.5,False,6081,2024-07-18,9,1
2024,2024-07-20,84,3.5,False,6080,2024-07-19,9,1
2024,2024-07-21,84,3.5,False,6012,2024-07-20,9,1
2024,2024-07-23,84,3.5,False,6014,2024-07-21,9,1
2024,2024-07-24,84,3.5,False,5988,2024-07-23,9,1
2024,2024-07-25,84,3.5,False,5955,2024-07-24,9,1
2024,2024-07-26,84,3.5,False,5944,2024-07-25,9,1
2024,2024-07-27,84,3.5,False,5910,2024-07-26,9,1
2024,2024-07-28,84,3.5,False,5875,2024-07-27,9,1
2024,2024-07-30,84,3.5,False,5984,2024-07-28,9,1
2024,2024-07-31,84,3.5,False,6042,2024-07-30,9,1
2024,2024-07-02,56,7.0,False,4344,2024-06-30,9,1
2024,2024-07-03,56,7.0,False,4380,2024-07-02,9,1
2024,2024-07-04,56,7.0,False,4365,2024-07-03,9,1
2024,2024-07-06,56,7.0,False,4272,2024-07-04,9,1
2024,2024-07-09,56,7.0,False,4092,2024-07-06,9,1
2024,2024-07-10,56,7.0,False,4061,2024-07-09,9,1
2024,2024-07-11,56,7.0,False,4121,2024-07-10,9,1
2024,2024-07-12,56,7.0,False,4119,2024-07-11,9,1
2024,2024-07-13,56,7.0,False,4105,2024-07-12,9,1
2024,2024-07-14,56,7.0,False,4120,2024-07-13,9,1
2024,2024-07-16,56,7.0,False,4080,2024-07-14,9,1
2024,2024-07-17,56,7.0,False,4006,2024-07-16,9,1
2024,2024-07-18,56,7.0,False,3994,2024-07-17,9,1
2024,2024-07-19,56,7.0,False,3974,2024-07-18,9,1
2024,2024-07-20,56,7.0,False,3959,2024-07-19,9,1
2024,2024-07-21,56,7.0,False,3903,2024-07-20,9,1
2024,2024-07-23,56,7.0,False,3947,2024-07-21,9,1
2024,2024-07-24,56,7.0,False,3907,2024-07-23,9,1
2024,2024-07-25,56,7.0,False,3858,2024-07-24,9,1
2024,2024-07-26,56,7.0,False,3865,2024-07-25,9,1
2024,2024-07-27,56,7.0,False,3830,2024-07-26,9,1
2024,2024-07-28,56,7.0,False,3804,2024-07-27,9,1
2024,2024-07-30,56,7.0,False,3816,2024-07-28,9,1
2024,2024-07-31,56,7.0,False,3817,2024-07-30,9,1
2024,2024-07-02,56,14.0,False,4344,2024-06-30,9,1
2024,2024-07-03,56,14.0,False,4380,2024-07-02,9,1
2024,2024-07-04,56,14.0,False,4365,2024-07-03,9,1
2024,2024-07-06,56,14.0,False,4272,2024-07-04,9,1
2024,2024-07-09,56,14.0,False,4092,2024-07-06,9,1
2024,2024-07-10,56,14.0,False,4061,2024-07-09,9,1
2024,2024-07-11,56,14.0,False,4121,2024-07-10,9,1
2024,2024-07-12,56,14.0,False,4119,2024-07-11,9,1
2024,2024-07-13,56,14.0,False,4105,2024-07-12,9,1
2024,2024-07-14,56,14.0,False,4120,2024-07-13,9,1
2024,2024-07-16,56,14.0,False,4080,2024-07-14,9,1
2024,2024-07-17,56,14.0,False,4006,2024-07-16,9,1
2024,2024-07-18,56,14.0,False,3994,2024-07-17,9,1
2024,2024-07-19,56,14.0,False,3974,2024-07-18,9,1
2024,2024-07-20,56,14.0,False,3959,2024-07-19,9,1
2024,2024-07-21,56,14.0,False,3903,2024-07-20,9,1
2024,2024-07-23,56,14.0,False,3947,2024-07-21,9,1
2024,2024-07-24,56,14.0,False,3907,2024-07-23,9,1
2024,2024-07-25,56,14.0,False,3858,2024-07-24,9,1
2024,2024-07-26,56,14.0,False,3865,2024-07-25,9,1
2024,2024-07-27,56,14.0,False,3830,2024-07-26,9,1
2024,2024-07-28,56,14.0,False,3804,2024-07-27,9,1
2024,2024-07-30,56,14.0,False,3816,2024-07-28,9,1
2024,2024-07-31,56,14.0,False,3817,2024-07-30,9,1
2024,2024-07-02,56,28.0,False,4344,2024-06-30,9,1
2024,2024-07-03,56,28.0,False,4380,2024-07-02,9,1
2024,2024-07-04,56,28.0,False,4365,2024-07-03,9,1
2024,2024-07-06,56,28.0,False,4272,2024-07-04,9,1
2024,2024-07-09,56,28.0,False,4092,2024-07-06,9,1
2024,2024-07-10,56,28.0,False,4061,2024-07-09,9,1
2024,2024-07-11,56,28.0,False,4121,2024-07-10,9,1
2024,2024-07-12,56,28.0,False,4119,2024-07-11,9,1
2024,2024-07-13,56,28.0,False,4105,2024-07-12,9,1
2024,2024-07-14,56,28.0,False,4120,2024-07-13,9,1
2024,2024-07-16,56,28.0,False,4080,2024-07-14,9,1
2024,2024-07-17,56,28.0,False,4006,2024-07-16,9,1
2024,2024-07-18,56,28.0,False,3994,2024-07-17,9,1
2024,2024-07-19,56,28.0,False,3974,2024-07-18,9,1
2024,2024-07-20,56,28.0,False,3959,2024-07-19,9,1
2024,2024-07-21,56,28.0,False,3903,2024-07-20,9,1
2024,2024-07-23,56,28.0,False,3947,2024-07-21,9,1
2024,2024-07-24,56,28.0,False,3907,2024-07-23,9,1
2024,2024-07-25,56,28.0,False,3858,2024-07-24,9,1
2024,2024-07-26,56,28.0,False,3865,2024-07-25,9,1
2024,2024-07-27,56,28.0,False,3830,2024-07-26,9,1
2024,2024-07-28,56,28.0,False,3804,2024-07-27,9,1
2024,2024-07-30,56,28.0,False,3816,2024-07-28,9,1
2024,2024-07-31,56,28.0,False,3817,2024-07-30,9,1
2024,2024-07-02,84,7.0,False,6480,2024-06-30,9,1
2024,2024-07-03,84,7.0,False,6461,2024-07-02,9,1
2024,2024-07-04,84,7.0,False,6445,2024-07-03,9,1
2024,2024-07-06,84,7.0,False,6354,2024-07-04,9,1
2024,2024-07-09,84,7.0,False,6173,2024-07-06,9,1
2024,2024-07-10,84,7.0,False,6134,2024-07-09,9,1
2024,2024-07-11,84,7.0,False,6137,2024-07-10,9,1
2024,2024-07-12,84,7.0,False,6168,2024-07-11,9,1
2024,2024-07-13,84,7.0,False,6174,2024-07-12,9,1
2024,2024-07-14,84,7.0,False,6246,2024-07-13,9,1
2024,2024-07-16,84,7.0,False,6157,2024-07-14,9,1
2024,2024-07-17,84,7.0,False,6098,2024-07-16,9,1
2024,2024-07-18,84,7.0,False,6089,2024-07-17,9,1
2024,2024-07-19,84,7.0,False,6081,2024-07-18,9,1
2024,2024-07-20,84,7.0,False,6080,2024-07-19,9,1
2024,2024-07-21,84,7.0,False,6012,2024-07-20,9,1
2024,2024-07-23,84,7.0,False,6014,2024-07-21,9,1
2024,2024-07-24,84,7.0,False,5988,2024-07-23,9,1
2024,2024-07-25,84,7.0,False,5955,2024-07-24,9,1
2024,2024-07-26,84,7.0,False,5944,2024-07-25,9,1
2024,2024-07-27,84,7.0,False,5910,2024-07-26,9,1
2024,2024-07-28,84,7.0,False,5875,2024-07-27,9,1
2024,2024-07-30,84,7.0,False,5984,2024-07-28,9,1
2024,2024-07-31,84,7.0,False,6042,2024-07-30,9,1
2024,2024-07-02,84,14.0,False,6480,2024-06-30,9,1
2024,2024-07-03,84,14.0,False,6461,2024-07-02,9,1
2024,2024-07-04,84,14.0,False,6445,2024-07-03,9,1
2024,2024-07-06,84,14.0,False,6354,2024-07-04,9,1
2024,2024-07-09,84,14.0,False,6173,2024-07-06,9,1
2024,2024-07-10,84,14.0,False,6134,2024-07-09,9,1
2024,2024-07-11,84,14.0,False,6137,2024-07-10,9,1
2024,2024-07-12,84,14.0,False,6168,2024-07-11,9,1
2024,2024-07-13,84,14.0,False,6174,2024-07-12,9,1
2024,2024-07-14,84,14.0,False,6246,2024-07-13,9,1
2024,2024-07-16,84,14.0,False,6157,2024-07-14,9,1
2024,2024-07-17,84,14.0,False,6098,2024-07-16,9,1
2024,2024-07-18,84,14.0,False,6089,2024-07-17,9,1
2024,2024-07-19,84,14.0,False,6081,2024-07-18,9,1
2024,2024-07-20,84,14.0,False,6080,2024-07-19,9,1
2024,2024-07-21,84,14.0,False,6012,2024-07-20,9,1
2024,2024-07-23,84,14.0,False,6014,2024-07-21,9,1
2024,2024-07-24,84,14.0,False,5988,2024-07-23,9,1
2024,2024-07-25,84,14.0,False,5955,2024-07-24,9,1
2024,2024-07-26,84,14.0,False,5944,2024-07-25,9,1
2024,2024-07-27,84,14.0,False,5910,2024-07-26,9,1
2024,2024-07-28,84,14.0,False,5875,2024-07-27,9,1
2024,2024-07-30,84,14.0,False,5984,2024-07-28,9,1
2024,2024-07-31,84,14.0,False,6042,2024-07-30,9,1
2024,2024-07-02,84,28.0,False,6480,2024-06-30,9,1
2024,2024-07-03,84,28.0,False,6461,2024-07-02,9,1
2024,2024-07-04,84,28.0,False,6445,2024-07-03,9,1
2024,2024-07-06,84,28.0,False,6354,2024-07-04,9,1
2024,2024-07-09,84,28.0,False,6173,2024-07-06,9,1
2024,2024-07-10,84,28.0,False,6134,2024-07-09,9,1
2024,2024-07-11,84,28.0,False,6137,2024-07-10,9,1
2024,2024-07-12,84,28.0,False,6168,2024-07-11,9,1
2024,2024-07-13,84,28.0,False,6174,2024-07-12,9,1
2024,2024-07-14,84,28.0,False,6246,2024-07-13,9,1
2024,2024-07-16,84,28.0,False,6157,2024-07-14,9,1
2024,2024-07-17,84,28.0,False,6098,2024-07-16,9,1
2024,2024-07-18,84,28.0,False,6089,2024-07-17,9,1
2024,2024-07-19,84,28.0,False,6081,2024-07-18,9,1
2024,2024-07-20,84,28.0,False,6080,2024-07-19,9,1
2024,2024-07-21,84,28.0,False,6012,2024-07-20,9,1
2024,2024-07-23,84,28.0,False,6014,2024-07-21,9,1
2024,2024-07-24,84,28.0,False,5988,2024-07-23,9,1
2024,2024-07-25,84,28.0,False,5955,2024-07-24,9,1
2024,2024-07-26,84,28.0,False,5944,2024-07-25,9,1
2024,2024-07-27,84,28.0,False,5910,2024-07-26,9,1
2024,2024-07-28,84,28.0,False,5875,2024-07-27,9,1
2024,2024-07-30,84,28.0,False,5984,2024-07-28,9,1
2024,2024-07-31,84,28.0,False,6042,2024-07-30,9,1
2024,2024-08-01,28,,False,1694,2024-07-31,8,1
2024,2024-08-01,28,14.0,False,1694,2024-07-31,8,1
2024,2024-08-01,28,28.0,False,1694,2024-07-31,8,1
2024,2024-08-01,28,28.0,True,1694,2024-07-31,8,15
2024,2024-08-01,56,,False,3830,2024-07-31,9,1
2024,2024-08-01,56,14.0,False,3830,2024-07-31,9,1
2024,2024-08-01,56,28.0,False,3830,2024-07-31,9,1
2024,2024-08-01,56,28.0,True,3830,2024-07-31,9,15
2024,2024-08-01,84,,False,6059,2024-07-31,9,1
2024,2024-08-01,84,14.0,False,6059,2024-07-31,9,1
2024,2024-08-01,84,28.0,False,6059,2024-07-31,9,1
2024,2024-08-01,84,28.0,True,6059,2024-07-31,9,15
2024,2024-08-05,28,,False,1876,2024-08-04,8,1
2024,2024-08-12,28,,False,1905,2024-08-11,8,1
2024,2024-08-19,28,,False,2035,2024-08-18,9,1
2024,2024-08-26,28,,False,1995,2024-08-25,9,1
2024,2024-08-05,28,14.0,False,1876,2024-08-04,8,1
2024,2024-08-12,28,14.0,False,1905,2024-08-11,8,1
2024,2024-08-19,28,14.0,False,2035,2024-08-18,9,1
2024,2024-08-26,28,14.0,False,1995,2024-08-25,9,1
2024,2024-08-05,28,28.0,False,1876,2024-08-04,8,1
2024,2024-08-12,28,28.0,False,1905,2024-08-11,8,1
2024,2024-08-19,28,28.0,False,2035,2024-08-18,9,1
2024,2024-08-26,28,28.0,False,1995,2024-08-25,9,1
2024,2024-08-05,28,28.0,True,1876,2024-08-04,8,15
2024,2024-08-12,28,28.0,True,1905,2024-08-11,8,15
2024,2024-08-19,28,28.0,True,2035,2024-08-18,9,15
2024,2024-08-26,28,28.0,True,1995,2024-08-25,9,15
2024,2024-08-05,56,,False,3739,2024-08-04,9,1
2024,2024-08-12,56,,False,3687,2024-08-11,9,1
2024,2024-08-19,56,,False,3686,2024-08-18,9,1
2024,2024-08-26,56,,False,3635,2024-08-25,9,1
2024,2024-08-05,56,14.0,False,3739,2024-08-04,9,1
2024,2024-08-12,56,14.0,False,3687,2024-08-11,9,1
2024,2024-08-19,56,14.0,False,3686,2024-08-18,9,1
2024,2024-08-26,56,14.0,False,3635,2024-08-25,9,1
2024,2024-08-05,56,28.0,False,3739,2024-08-04,9,1
2024,2024-08-12,56,28.0,False,3687,2024-08-11,9,1
2024,2024-08-19,56,28.0,False,3686,2024-08-18,9,1
2024,2024-08-26,56,28.0,False,3635,2024-08-25,9,1
2024,2024-08-05,56,28.0,True,3739,2024-08-04,9,15
2024,2024-08-12,56,28.0,True,3687,2024-08-11,9,15
2024,2024-08-19,56,28.0,True,3686,2024-08-18,9,15
2024,2024-08-26,56,28.0,True,3635,2024-08-25,9,15
2024,2024-08-05,84,,False,5968,2024-08-04,9,1
2024,2024-08-12,84,,False,5985,2024-08-11,9,1
2024,2024-08-19,84,,False,5982,2024-08-18,9,1
2024,2024-08-26,84,,False,5811,2024-08-25,9,1
2024,2024-08-05,84,14.0,False,5968,2024-08-04,9,1
2024,2024-08-12,84,14.0,False,5985,2024-08-11,9,1
2024,2024-08-19,84,14.0,False,5982,2024-08-18,9,1
2024,2024-08-26,84,14.0,False,5811,2024-08-25,9,1
2024,2024-08-05,84,28.0,False,5968,2024-08-04,9,1
2024,2024-08-12,84,28.0,False,5985,2024-08-11,9,1
2024,2024-08-19,84,28.0,False,5982,2024-08-18,9,1
2024,2024-08-26,84,28.0,False,5811,2024-08-25,9,1
2024,2024-08-05,84,28.0,True,5968,2024-08-04,9,15
2024,2024-08-12,84,28.0,True,5985,2024-08-11,9,15
2024,2024-08-19,84,28.0,True,5982,2024-08-18,9,15
2024,2024-08-26,84,28.0,True,5811,2024-08-25,9,15
2024,2024-08-05,56,7.0,False,3739,2024-08-04,9,1
2024,2024-08-12,56,7.0,False,3687,2024-08-11,9,1
2024,2024-08-19,56,7.0,False,3686,2024-08-18,9,1
2024,2024-08-26,56,7.0,False,3635,2024-08-25,9,1
2024,2024-08-05,56,10.0,False,3739,2024-08-04,9,1
2024,2024-08-12,56,10.0,False,3687,2024-08-11,9,1
2024,2024-08-19,56,10.0,False,3686,2024-08-18,9,1
2024,2024-08-26,56,10.0,False,3635,2024-08-25,9,1
2024,2024-08-05,56,21.0,False,3739,2024-08-04,9,1
2024,2024-08-12,56,21.0,False,3687,2024-08-11,9,1
2024,2024-08-19,56,21.0,False,3686,2024-08-18,9,1
2024,2024-08-26,56,21.0,False,3635,2024-08-25,9,1
2024,2024-08-05,84,7.0,False,5968,2024-08-04,9,1
2024,2024-08-12,84,7.0,False,5985,2024-08-11,9,1
2024,2024-08-19,84,7.0,False,5982,2024-08-18,9,1
2024,2024-08-26,84,7.0,False,5811,2024-08-25,9,1
2024,2024-08-05,84,10.0,False,5968,2024-08-04,9,1
2024,2024-08-12,84,10.0,False,5985,2024-08-11,9,1
2024,2024-08-19,84,10.0,False,5982,2024-08-18,9,1
2024,2024-08-26,84,10.0,False,5811,2024-08-25,9,1
2024,2024-08-05,84,21.0,False,5968,2024-08-04,9,1
2024,2024-08-12,84,21.0,False,5985,2024-08-11,9,1
2024,2024-08-19,84,21.0,False,5982,2024-08-18,9,1
2024,2024-08-26,84,21.0,False,5811,2024-08-25,9,1
2024,2024-08-05,112,7.0,False,8049,2024-08-04,9,1
2024,2024-08-12,112,7.0,False,8062,2024-08-11,9,1
2024,2024-08-19,112,7.0,False,8049,2024-08-18,9,1
2024,2024-08-26,112,7.0,False,7979,2024-08-25,9,1
2024,2024-08-05,112,10.0,False,8049,2024-08-04,9,1
2024,2024-08-12,112,10.0,False,8062,2024-08-11,9,1
2024,2024-08-19,112,10.0,False,8049,2024-08-18,9,1
2024,2024-08-26,112,10.0,False,7979,2024-08-25,9,1
2024,2024-08-05,112,21.0,False,8049,2024-08-04,9,1
2024,2024-08-12,112,21.0,False,8062,2024-08-11,9,1
2024,2024-08-19,112,21.0,False,8049,2024-08-18,9,1
2024,2024-08-26,112,21.0,False,7979,2024-08-25,9,1
2024,2024-08-05,112,14.0,False,8049,2024-08-04,9,1
2024,2024-08-12,112,14.0,False,8062,2024-08-11,9,1
2024,2024-08-19,112,14.0,False,8049,2024-08-18,9,1
2024,2024-08-26,112,14.0,False,7979,2024-08-25,9,1
2024,2024-08-05,84,3.5,False,5968,2024-08-04,9,1
2024,2024-08-12,84,3.5,False,5985,2024-08-11,9,1
2024,2024-08-19,84,3.5,False,5982,2024-08-18,9,1
2024,2024-08-26,84,3.5,False,5811,2024-08-25,9,1
2024,2024-08-05,28,7.0,False,1876,2024-08-04,8,1
2024,2024-08-12,28,7.0,False,1905,2024-08-11,8,1
2024,2024-08-19,28,7.0,False,2035,2024-08-18,9,1
2024,2024-08-26,28,7.0,False,1995,2024-08-25,9,1
2024,2024-08-05,84,14.0,True,5968,2024-08-04,9,15
2024,2024-08-12,84,14.0,True,5985,2024-08-11,9,15
2024,2024-08-19,84,14.0,True,5982,2024-08-18,9,15
2024,2024-08-26,84,14.0,True,5811,2024-08-25,9,15
2024,2024-08-01,84,3.5,False,6059,2024-07-31,9,1
2024,2024-08-02,84,3.5,False,6072,2024-08-01,9,1
2024,2024-08-03,84,3.5,False,6063,2024-08-02,9,1
2024,2024-08-04,84,3.5,False,6060,2024-08-03,9,1
2024,2024-08-06,84,3.5,False,5968,2024-08-04,9,1
2024,2024-08-07,84,3.5,False,5973,2024-08-06,9,1
2024,2024-08-08,84,3.5,False,6028,2024-08-07,9,1
2024,2024-08-09,84,3.5,False,5996,2024-08-08,9,1
2024,2024-08-10,84,3.5,False,5995,2024-08-09,9,1
2024,2024-08-11,84,3.5,False,5981,2024-08-10,9,1
2024,2024-08-13,84,3.5,False,5985,2024-08-11,9,1
2024,2024-08-14,84,3.5,False,5962,2024-08-13,9,1
2024,2024-08-15,84,3.5,False,5956,2024-08-14,9,1
2024,2024-08-16,84,3.5,False,5959,2024-08-15,9,1
2024,2024-08-17,84,3.5,False,5938,2024-08-16,9,1
2024,2024-08-18,84,3.5,False,5944,2024-08-17,9,1
2024,2024-08-20,84,3.5,False,5982,2024-08-18,9,1
2024,2024-08-21,84,3.5,False,5913,2024-08-20,9,1
2024,2024-08-22,84,3.5,False,5854,2024-08-21,9,1
2024,2024-08-23,84,3.5,False,5826,2024-08-22,9,1
2024,2024-08-24,84,3.5,False,5820,2024-08-23,9,1
2024,2024-08-25,84,3.5,False,5824,2024-08-24,9,1
2024,2024-08-27,84,3.5,False,5811,2024-08-25,9,1
2024,2024-08-28,84,3.5,False,5792,2024-08-27,9,1
2024,2024-08-29,84,3.5,False,5787,2024-08-28,9,1
2024,2024-08-30,84,3.5,False,5812,2024-08-29,9,1
2024,2024-08-31,84,3.5,False,5740,2024-08-30,9,1
2024,2024-08-01,56,7.0,False,3830,2024-07-31,9,1
2024,2024-08-02,56,7.0,False,3850,2024-08-01,9,1
2024,2024-08-03,56,7.0,False,3830,2024-08-02,9,1
2024,2024-08-04,56,7.0,False,3813,2024-08-03,9,1
2024,2024-08-06,56,7.0,False,3739,2024-08-04,9,1
2024,2024-08-07,56,7.0,False,3724,2024-08-06,9,1
2024,2024-08-08,56,7.0,False,3729,2024-08-07,9,1
2024,2024-08-09,56,7.0,False,3707,2024-08-08,9,1
2024,2024-08-10,56,7.0,False,3719,2024-08-09,9,1
2024,2024-08-11,56,7.0,False,3684,2024-08-10,9,1
2024,2024-08-13,56,7.0,False,3687,2024-08-11,9,1
2024,2024-08-14,56,7.0,False,3678,2024-08-13,9,1
2024,2024-08-15,56,7.0,False,3676,2024-08-14,9,1
2024,2024-08-16,56,7.0,False,3706,2024-08-15,9,1
2024,2024-08-17,56,7.0,False,3697,2024-08-16,9,1
2024,2024-08-18,56,7.0,False,3763,2024-08-17,9,1
2024,2024-08-20,56,7.0,False,3686,2024-08-18,9,1
2024,2024-08-21,56,7.0,False,3626,2024-08-20,9,1
2024,2024-08-22,56,7.0,False,3577,2024-08-21,9,1
2024,2024-08-23,56,7.0,False,3537,2024-08-22,9,1
2024,2024-08-24,56,7.0,False,3535,2024-08-23,9,1
2024,2024-08-25,56,7.0,False,3624,2024-08-24,9,1
2024,2024-08-27,56,7.0,False,3635,2024-08-25,9,1
2024,2024-08-28,56,7.0,False,3637,2024-08-27,9,1
2024,2024-08-29,56,7.0,False,3651,2024-08-28,9,1
2024,2024-08-30,56,7.0,False,3665,2024-08-29,9,1
2024,2024-08-31,56,7.0,False,3701,2024-08-30,9,1
2024,2024-08-02,56,14.0,False,3850,2024-08-01,9,1
2024,2024-08-03,56,14.0,False,3830,2024-08-02,9,1
2024,2024-08-04,56,14.0,False,3813,2024-08-03,9,1
2024,2024-08-06,56,14.0,False,3739,2024-08-04,9,1
2024,2024-08-07,56,14.0,False,3724,2024-08-06,9,1
2024,2024-08-08,56,14.0,False,3729,2024-08-07,9,1
2024,2024-08-09,56,14.0,False,3707,2024-08-08,9,1
2024,2024-08-10,56,14.0,False,3719,2024-08-09,9,1
2024,2024-08-11,56,14.0,False,3684,2024-08-10,9,1
2024,2024-08-13,56,14.0,False,3687,2024-08-11,9,1
2024,2024-08-14,56,14.0,False,3678,2024-08-13,9,1
2024,2024-08-15,56,14.0,False,3676,2024-08-14,9,1
2024,2024-08-16,56,14.0,False,3706,2024-08-15,9,1
2024,2024-08-17,56,14.0,False,3697,2024-08-16,9,1
2024,2024-08-18,56,14.0,False,3763,2024-08-17,9,1
2024,2024-08-20,56,14.0,False,3686,2024-08-18,9,1
2024,2024-08-21,56,14.0,False,3626,2024-08-20,9,1
2024,2024-08-22,56,14.0,False,3577,2024-08-21,9,1
2024,2024-08-23,56,14.0,False,3537,2024-08-22,9,1
2024,2024-08-24,56,14.0,False,3535,2024-08-23,9,1
2024,2024-08-25,56,14.0,False,3624,2024-08-24,9,1
2024,2024-08-27,56,14.0,False,3635,2024-08-25,9,1
2024,2024-08-28,56,14.0,False,3637,2024-08-27,9,1
2024,2024-08-29,56,14.0,False,3651,2024-08-28,9,1
2024,2024-08-30,56,14.0,False,3665,2024-08-29,9,1
2024,2024-08-31,56,14.0,False,3701,2024-08-30,9,1
2024,2024-08-02,56,28.0,False,3850,2024-08-01,9,1
2024,2024-08-03,56,28.0,False,3830,2024-08-02,9,1
2024,2024-08-04,56,28.0,False,3813,2024-08-03,9,1
2024,2024-08-06,56,28.0,False,3739,2024-08-04,9,1
2024,2024-08-07,56,28.0,False,3724,2024-08-06,9,1
2024,2024-08-08,56,28.0,False,3729,2024-08-07,9,1
2024,2024-08-09,56,28.0,False,3707,2024-08-08,9,1
2024,2024-08-10,56,28.0,False,3719,2024-08-09,9,1
2024,2024-08-11,56,28.0,False,3684,2024-08-10,9,1
2024,2024-08-13,56,28.0,False,3687,2024-08-11,9,1
2024,2024-08-14,56,28.0,False,3678,2024-08-13,9,1
2024,2024-08-15,56,28.0,False,3676,2024-08-14,9,1
2024,2024-08-16,56,28.0,False,3706,2024-08-15,9,1
2024,2024-08-17,56,28.0,False,3697,2024-08-16,9,1
2024,2024-08-18,56,28.0,False,3763,2024-08-17,9,1
2024,2024-08-20,56,28.0,False,3686,2024-08-18,9,1
2024,2024-08-21,56,28.0,False,3626,2024-08-20,9,1
2024,2024-08-22,56,28.0,False,3577,2024-08-21,9,1
2024,2024-08-23,56,28.0,False,3537,2024-08-22,9,1
2024,2024-08-24,56,28.0,False,3535,2024-08-23,9,1
2024,2024-08-25,56,28.0,False,3624,2024-08-24,9,1
2024,2024-08-27,56,28.0,False,3635,2024-08-25,9,1
2024,2024-08-28,56,28.0,False,3637,2024-08-27,9,1
2024,2024-08-29,56,28.0,False,3651,2024-08-28,9,1
2024,2024-08-30,56,28.0,False,3665,2024-08-29,9,1
2024,2024-08-31,56,28.0,False,3701,2024-08-30,9,1
2024,2024-08-01,84,7.0,False,6059,2024-07-31,9,1
2024,2024-08-02,84,7.0,False,6072,2024-08-01,9,1
2024,2024-08-03,84,7.0,False,6063,2024-08-02,9,1
2024,2024-08-04,84,7.0,False,6060,2024-08-03,9,1
2024,2024-08-06,84,7.0,False,5968,2024-08-04,9,1
2024,2024-08-07,84,7.0,False,5973,2024-08-06,9,1
2024,2024-08-08,84,7.0,False,6028,2024-08-07,9,1
2024,2024-08-09,84,7.0,False,5996,2024-08-08,9,1
2024,2024-08-10,84,7.0,False,5995,2024-08-09,9,1
2024,2024-08-11,84,7.0,False,5981,2024-08-10,9,1
2024,2024-08-13,84,7.0,False,5985,2024-08-11,9,1
2024,2024-08-14,84,7.0,False,5962,2024-08-13,9,1
2024,2024-08-15,84,7.0,False,5956,2024-08-14,9,1
2024,2024-08-16,84,7.0,False,5959,2024-08-15,9,1
2024,2024-08-17,84,7.0,False,5938,2024-08-16,9,1
2024,2024-08-18,84,7.0,False,5944,2024-08-17,9,1
2024,2024-08-20,84,7.0,False,5982,2024-08-18,9,1
2024,2024-08-21,84,7.0,False,5913,2024-08-20,9,1
2024,2024-08-22,84,7.0,False,5854,2024-08-21,9,1
2024,2024-08-23,84,7.0,False,5826,2024-08-22,9,1
2024,2024-08-24,84,7.0,False,5820,2024-08-23,9,1
2024,2024-08-25,84,7.0,False,5824,2024-08-24,9,1
2024,2024-08-27,84,7.0,False,5811,2024-08-25,9,1
2024,2024-08-28,84,7.0,False,5792,2024-08-27,9,1
2024,2024-08-29,84,7.0,False,5787,2024-08-28,9,1
2024,2024-08-30,84,7.0,False,5812,2024-08-29,9,1
2024,2024-08-31,84,7.0,False,5740,2024-08-30,9,1
2024,2024-08-02,84,14.0,False,6072,2024-08-01,9,1
2024,2024-08-03,84,14.0,False,6063,2024-08-02,9,1
2024,2024-08-04,84,14.0,False,6060,2024-08-03,9,1
2024,2024-08-06,84,14.0,False,5968,2024-08-04,9,1
2024,2024-08-07,84,14.0,False,5973,2024-08-06,9,1
2024,2024-08-08,84,14.0,False,6028,2024-08-07,9,1
2024,2024-08-09,84,14.0,False,5996,2024-08-08,9,1
2024,2024-08-10,84,14.0,False,5995,2024-08-09,9,1
2024,2024-08-11,84,14.0,False,5981,2024-08-10,9,1
2024,2024-08-13,84,14.0,False,5985,2024-08-11,9,1
2024,2024-08-14,84,14.0,False,5962,2024-08-13,9,1
2024,2024-08-15,84,14.0,False,5956,2024-08-14,9,1
2024,2024-08-16,84,14.0,False,5959,2024-08-15,9,1
2024,2024-08-17,84,14.0,False,5938,2024-08-16,9,1
2024,2024-08-18,84,14.0,False,5944,2024-08-17,9,1
2024,2024-08-20,84,14.0,False,5982,2024-08-18,9,1
2024,2024-08-21,84,14.0,False,5913,2024-08-20,9,1
2024,2024-08-22,84,14.0,False,5854,2024-08-21,9,1
2024,2024-08-23,84,14.0,False,5826,2024-08-22,9,1
2024,2024-08-24,84,14.0,False,5820,2024-08-23,9,1
2024,2024-08-25,84,14.0,False,5824,2024-08-24,9,1
2024,2024-08-27,84,14.0,False,5811,2024-08-25,9,1
2024,2024-08-28,84,14.0,False,5792,2024-08-27,9,1
2024,2024-08-29,84,14.0,False,5787,2024-08-28,9,1
2024,2024-08-30,84,14.0,False,5812,2024-08-29,9,1
2024,2024-08-31,84,14.0,False,5740,2024-08-30,9,1
2024,2024-08-02,84,28.0,False,6072,2024-08-01,9,1
2024,2024-08-03,84,28.0,False,6063,2024-08-02,9,1
2024,2024-08-04,84,28.0,False,6060,2024-08-03,9,1
2024,2024-08-06,84,28.0,False,5968,2024-08-04,9,1
2024,2024-08-07,84,28.0,False,5973,2024-08-06,9,1
2024,2024-08-08,84,28.0,False,6028,2024-08-07,9,1
2024,2024-08-09,84,28.0,False,5996,2024-08-08,9,1
2024,2024-08-10,84,28.0,False,5995,2024-08-09,9,1
2024,2024-08-11,84,28.0,False,5981,2024-08-10,9,1
2024,2024-08-13,84,28.0,False,5985,2024-08-11,9,1
2024,2024-08-14,84,28.0,False,5962,2024-08-13,9,1
2024,2024-08-15,84,28.0,False,5956,2024-08-14,9,1
2024,2024-08-16,84,28.0,False,5959,2024-08-15,9,1
2024,2024-08-17,84,28.0,False,5938,2024-08-16,9,1
2024,2024-08-18,84,28.0,False,5944,2024-08-17,9,1
2024,2024-08-20,84,28.0,False,5982,2024-08-18,9,1
2024,2024-08-21,84,28.0,False,5913,2024-08-20,9,1
2024,2024-08-22,84,28.0,False,5854,2024-08-21,9,1
2024,2024-08-23,84,28.0,False,5826,2024-08-22,9,1
2024,2024-08-24,84,28.0,False,5820,2024-08-23,9,1
2024,2024-08-25,84,28.0,False,5824,2024-08-24,9,1
2024,2024-08-27,84,28.0,False,5811,2024-08-25,9,1
2024,2024-08-28,84,28.0,False,5792,2024-08-27,9,1
2024,2024-08-29,84,28.0,False,5787,2024-08-28,9,1
2024,2024-08-30,84,28.0,False,5812,2024-08-29,9,1
2024,2024-08-31,84,28.0,False,5740,2024-08-30,9,1
2024,2024-09-01,28,,False,1945,2024-08-31,9,1
2024,2024-09-01,28,14.0,False,1945,2024-08-31,9,1
2024,2024-09-01,28,28.0,False,1945,2024-08-31,9,1
2024,2024-09-01,28,28.0,True,1945,2024-08-31,9,15
2024,2024-09-01,56,,False,3774,2024-08-31,9,1
2024,2024-09-01,56,14.0,False,3774,2024-08-31,9,1
2024,2024-09-01,56,28.0,False,3774,2024-08-31,9,1
2024,2024-09-01,56,28.0,True,3774,2024-08-31,9,15
2024,2024-09-01,84,,False,5758,2024-08-31,9,1
2024,2024-09-01,84,14.0,False,5758,2024-08-31,9,1
2024,2024-09-01,84,28.0,False,5758,2024-08-31,9,1
2024,2024-09-01,84,28.0,True,5758,2024-08-31,9,15
2024,2024-09-02,28,,False,1960,2024-09-01,9,1
2024,2024-09-09,28,,False,1896,2024-09-08,9,1
2024,2024-09-16,28,,False,1785,2024-09-15,8,1
2024,2024-09-23,28,,False,1787,2024-09-22,9,1
2024,2024-09-30,28,,False,1780,2024-09-29,8,1
2024,2024-09-02,28,14.0,False,1960,2024-09-01,9,1
2024,2024-09-09,28,14.0,False,1896,2024-09-08,9,1
2024,2024-09-16,28,14.0,False,1785,2024-09-15,8,1
2024,2024-09-23,28,14.0,False,1787,2024-09-22,9,1
2024,2024-09-30,28,14.0,False,1780,2024-09-29,8,1
2024,2024-09-02,28,28.0,False,1960,2024-09-01,9,1
2024,2024-09-09,28,28.0,False,1896,2024-09-08,9,1
2024,2024-09-16,28,28.0,False,1785,2024-09-15,8,1
2024,2024-09-23,28,28.0,False,1787,2024-09-22,9,1
2024,2024-09-30,28,28.0,False,1780,2024-09-29,8,1
2024,2024-09-02,28,28.0,True,1960,2024-09-01,9,15
2024,2024-09-09,28,28.0,True,1896,2024-09-08,9,15
2024,2024-09-16,28,28.0,True,1785,2024-09-15,8,15
2024,2024-09-23,28,28.0,True,1787,2024-09-22,9,15
2024,2024-09-30,28,28.0,True,1780,2024-09-29,8,15
2024,2024-09-02,56,,False,3836,2024-09-01,9,1
2024,2024-09-09,56,,False,3801,2024-09-08,9,1
2024,2024-09-16,56,,False,3820,2024-09-15,9,1
2024,2024-09-23,56,,False,3782,2024-09-22,9,1
2024,2024-09-30,56,,False,3740,2024-09-29,9,1
2024,2024-09-02,56,14.0,False,3836,2024-09-01,9,1
2024,2024-09-09,56,14.0,False,3801,2024-09-08,9,1
2024,2024-09-16,56,14.0,False,3820,2024-09-15,9,1
2024,2024-09-23,56,14.0,False,3782,2024-09-22,9,1
2024,2024-09-30,56,14.0,False,3740,2024-09-29,9,1
2024,2024-09-02,56,28.0,False,3836,2024-09-01,9,1
2024,2024-09-09,56,28.0,False,3801,2024-09-08,9,1
2024,2024-09-16,56,28.0,False,3820,2024-09-15,9,1
2024,2024-09-23,56,28.0,False,3782,2024-09-22,9,1
2024,2024-09-30,56,28.0,False,3740,2024-09-29,9,1
2024,2024-09-02,56,28.0,True,3836,2024-09-01,9,15
2024,2024-09-09,56,28.0,True,3801,2024-09-08,9,15
2024,2024-09-16,56,28.0,True,3820,2024-09-15,9,15
2024,2024-09-23,56,28.0,True,3782,2024-09-22,9,15
2024,2024-09-30,56,28.0,True,3740,2024-09-29,9,15
2024,2024-09-02,84,,False,5699,2024-09-01,9,1
2024,2024-09-09,84,,False,5583,2024-09-08,9,1
2024,2024-09-16,84,,False,5471,2024-09-15,9,1
2024,2024-09-23,84,,False,5422,2024-09-22,9,1
2024,2024-09-30,84,,False,5616,2024-09-29,9,1
2024,2024-09-02,84,14.0,False,5699,2024-09-01,9,1
2024,2024-09-09,84,14.0,False,5583,2024-09-08,9,1
2024,2024-09-16,84,14.0,False,5471,2024-09-15,9,1
2024,2024-09-23,84,14.0,False,5422,2024-09-22,9,1
2024,2024-09-30,84,14.0,False,5616,2024-09-29,9,1
2024,2024-09-02,84,28.0,False,5699,2024-09-01,9,1
2024,2024-09-09,84,28.0,False,5583,2024-09-08,9,1
2024,2024-09-16,84,28.0,False,5471,2024-09-15,9,1
2024,2024-09-23,84,28.0,False,5422,2024-09-22,9,1
2024,2024-09-30,84,28.0,False,5616,2024-09-29,9,1
2024,2024-09-02,84,28.0,True,5699,2024-09-01,9,15
2024,2024-09-09,84,28.0,True,5583,2024-09-08,9,15
2024,2024-09-16,84,28.0,True,5471,2024-09-15,9,15
2024,2024-09-23,84,28.0,True,5422,2024-09-22,9,15
2024,2024-09-30,84,28.0,True,5616,2024-09-29,9,15
2024,2024-09-02,56,7.0,False,3836,2024-09-01,9,1
2024,2024-09-09,56,7.0,False,3801,2024-09-08,9,1
2024,2024-09-16,56,7.0,False,3820,2024-09-15,9,1
2024,2024-09-23,56,7.0,False,3782,2024-09-22,9,1
2024,2024-09-30,56,7.0,False,3740,2024-09-29,9,1
2024,2024-09-02,56,10.0,False,3836,2024-09-01,9,1
2024,2024-09-09,56,10.0,False,3801,2024-09-08,9,1
2024,2024-09-16,56,10.0,False,3820,2024-09-15,9,1
2024,2024-09-23,56,10.0,False,3782,2024-09-22,9,1
2024,2024-09-30,56,10.0,False,3740,2024-09-29,9,1
2024,2024-09-02,56,21.0,False,3836,2024-09-01,9,1
2024,2024-09-09,56,21.0,False,3801,2024-09-08,9,1
2024,2024-09-16,56,21.0,False,3820,2024-09-15,9,1
2024,2024-09-23,56,21.0,False,3782,2024-09-22,9,1
2024,2024-09-30,56,21.0,False,3740,2024-09-29,9,1
2024,2024-09-02,84,7.0,False,5699,2024-09-01,9,1
2024,2024-09-09,84,7.0,False,5583,2024-09-08,9,1
2024,2024-09-16,84,7.0,False,5471,2024-09-15,9,1
2024,2024-09-23,84,7.0,False,5422,2024-09-22,9,1
2024,2024-09-30,84,7.0,False,5616,2024-09-29,9,1
2024,2024-09-02,84,10.0,False,5699,2024-09-01,9,1
2024,2024-09-09,84,10.0,False,5583,2024-09-08,9,1
2024,2024-09-16,84,10.0,False,5471,2024-09-15,9,1
2024,2024-09-23,84,10.0,False,5422,2024-09-22,9,1
2024,2024-09-30,84,10.0,False,5616,2024-09-29,9,1
2024,2024-09-02,84,21.0,False,5699,2024-09-01,9,1
2024,2024-09-09,84,21.0,False,5583,2024-09-08,9,1
2024,2024-09-16,84,21.0,False,5471,2024-09-15,9,1
2024,2024-09-23,84,21.0,False,5422,2024-09-22,9,1
2024,2024-09-30,84,21.0,False,5616,2024-09-29,9,1
2024,2024-09-02,112,7.0,False,7928,2024-09-01,9,1
2024,2024-09-09,112,7.0,False,7881,2024-09-08,9,1
2024,2024-09-16,112,7.0,False,7767,2024-09-15,9,1
2024,2024-09-23,112,7.0,False,7598,2024-09-22,9,1
2024,2024-09-30,112,7.0,False,7479,2024-09-29,9,1
2024,2024-09-02,112,10.0,False,7928,2024-09-01,9,1
2024,2024-09-09,112,10.0,False,7881,2024-09-08,9,1
2024,2024-09-16,112,10.0,False,7767,2024-09-15,9,1
2024,2024-09-23,112,10.0,False,7598,2024-09-22,9,1
2024,2024-09-30,112,10.0,False,7479,2024-09-29,9,1
2024,2024-09-02,112,21.0,False,7928,2024-09-01,9,1
2024,2024-09-09,112,21.0,False,7881,2024-09-08,9,1
2024,2024-09-16,112,21.0,False,7767,2024-09-15,9,1
2024,2024-09-23,112,21.0,False,7598,2024-09-22,9,1
2024,2024-09-30,112,21.0,False,7479,2024-09-29,9,1
2024,2024-09-02,112,14.0,False,7928,2024-09-01,9,1
2024,2024-09-09,112,14.0,False,7881,2024-09-08,9,1
2024,2024-09-16,112,14.0,False,7767,2024-09-15,9,1
2024,2024-09-23,112,14.0,False,7598,2024-09-22,9,1
2024,2024-09-30,112,14.0,False,7479,2024-09-29,9,1
2024,2024-09-02,84,3.5,False,5699,2024-09-01,9,1
2024,2024-09-09,84,3.5,False,5583,2024-09-08,9,1
2024,2024-09-16,84,3.5,False,5471,2024-09-15,9,1
2024,2024-09-23,84,3.5,False,5422,2024-09-22,9,1
2024,2024-09-30,84,3.5,False,5616,2024-09-29,9,1
2024,2024-09-02,28,7.0,False,1960,2024-09-01,9,1
2024,2024-09-09,28,7.0,False,1896,2024-09-08,9,1
2024,2024-09-16,28,7.0,False,1785,2024-09-15,8,1
2024,2024-09-23,28,7.0,False,1787,2024-09-22,9,1
2024,2024-09-30,28,7.0,False,1780,2024-09-29,8,1
2024,2024-09-02,84,14.0,True,5699,2024-09-01,9,15
2024,2024-09-09,84,14.0,True,5583,2024-09-08,9,15
2024,2024-09-16,84,14.0,True,5471,2024-09-15,9,15
2024,2024-09-23,84,14.0,True,5422,2024-09-22,9,15
2024,2024-09-30,84,14.0,True,5616,2024-09-29,9,15
2024,2024-09-01,84,3.5,False,5758,2024-08-31,9,1
2024,2024-09-03,84,3.5,False,5699,2024-09-01,9,1
2024,2024-09-04,84,3.5,False,5648,2024-09-03,9,1
2024,2024-09-05,84,3.5,False,5653,2024-09-04,9,1
2024,2024-09-06,84,3.5,False,5654,2024-09-05,9,1
2024,2024-09-07,84,3.5,False,5628,2024-09-06,9,1
2024,2024-09-08,84,3.5,False,5614,2024-09-07,9,1
2024,2024-09-10,84,3.5,False,5583,2024-09-08,9,1
2024,2024-09-11,84,3.5,False,5582,2024-09-10,9,1
2024,2024-09-12,84,3.5,False,5579,2024-09-11,9,1
2024,2024-09-13,84,3.5,False,5574,2024-09-12,9,1
2024,2024-09-14,84,3.5,False,5503,2024-09-13,9,1
2024,2024-09-15,84,3.5,False,5567,2024-09-14,9,1
2024,2024-09-17,84,3.5,False,5514,2024-09-16,9,1
2024,2024-09-18,84,3.5,False,5507,2024-09-17,9,1
2024,2024-09-19,84,3.5,False,5465,2024-09-18,9,1
2024,2024-09-21,84,3.5,False,5389,2024-09-19,9,1
2024,2024-09-22,84,3.5,False,5425,2024-09-21,9,1
2024,2024-09-24,84,3.5,False,5479,2024-09-23,9,1
2024,2024-09-25,84,3.5,False,5495,2024-09-24,9,1
2024,2024-09-26,84,3.5,False,5473,2024-09-25,9,1
2024,2024-09-27,84,3.5,False,5431,2024-09-26,9,1
2024,2024-09-28,84,3.5,False,5495,2024-09-27,9,1
2024,2024-09-29,84,3.5,False,5594,2024-09-28,9,1
2024,2024-09-01,56,7.0,False,3774,2024-08-31,9,1
2024,2024-09-03,56,7.0,False,3836,2024-09-01,9,1
2024,2024-09-04,56,7.0,False,3836,2024-09-03,9,1
2024,2024-09-05,56,7.0,False,3831,2024-09-04,9,1
2024,2024-09-06,56,7.0,False,3824,2024-09-05,9,1
2024,2024-09-07,56,7.0,False,3799,2024-09-06,9,1
2024,2024-09-08,56,7.0,False,3791,2024-09-07,9,1
2024,2024-09-10,56,7.0,False,3801,2024-09-08,9,1
2024,2024-09-11,56,7.0,False,3860,2024-09-10,9,1
2024,2024-09-12,56,7.0,False,3865,2024-09-11,9,1
2024,2024-09-13,56,7.0,False,3853,2024-09-12,9,1
2024,2024-09-14,56,7.0,False,3785,2024-09-13,9,1
2024,2024-09-15,56,7.0,False,3845,2024-09-14,9,1
2024,2024-09-17,56,7.0,False,3863,2024-09-16,9,1
2024,2024-09-18,56,7.0,False,3887,2024-09-17,9,1
2024,2024-09-19,56,7.0,False,3884,2024-09-18,9,1
2024,2024-09-21,56,7.0,False,3844,2024-09-19,9,1
2024,2024-09-22,56,7.0,False,3821,2024-09-21,9,1
2024,2024-09-24,56,7.0,False,3839,2024-09-23,9,1
2024,2024-09-25,56,7.0,False,3833,2024-09-24,9,1
2024,2024-09-26,56,7.0,False,3779,2024-09-25,9,1
2024,2024-09-27,56,7.0,False,3728,2024-09-26,9,1
2024,2024-09-28,56,7.0,False,3704,2024-09-27,9,1
2024,2024-09-29,56,7.0,False,3765,2024-09-28,9,1
2024,2024-09-03,56,14.0,False,3836,2024-09-01,9,1
2024,2024-09-04,56,14.0,False,3836,2024-09-03,9,1
2024,2024-09-05,56,14.0,False,3831,2024-09-04,9,1
2024,2024-09-06,56,14.0,False,3824,2024-09-05,9,1
2024,2024-09-07,56,14.0,False,3799,2024-09-06,9,1
2024,2024-09-08,56,14.0,False,3791,2024-09-07,9,1
2024,2024-09-10,56,14.0,False,3801,2024-09-08,9,1
2024,2024-09-11,56,14.0,False,3860,2024-09-10,9,1
2024,2024-09-12,56,14.0,False,3865,2024-09-11,9,1
2024,2024-09-13,56,14.0,False,3853,2024-09-12,9,1
2024,2024-09-14,56,14.0,False,3785,2024-09-13,9,1
2024,2024-09-15,56,14.0,False,3845,2024-09-14,9,1
2024,2024-09-17,56,14.0,False,3863,2024-09-16,9,1
2024,2024-09-18,56,14.0,False,3887,2024-09-17,9,1
2024,2024-09-19,56,14.0,False,3884,2024-09-18,9,1
2024,2024-09-21,56,14.0,False,3844,2024-09-19,9,1
2024,2024-09-22,56,14.0,False,3821,2024-09-21,9,1
2024,2024-09-24,56,14.0,False,3839,2024-09-23,9,1
2024,2024-09-25,56,14.0,False,3833,2024-09-24,9,1
2024,2024-09-26,56,14.0,False,3779,2024-09-25,9,1
2024,2024-09-27,56,14.0,False,3728,2024-09-26,9,1
2024,2024-09-28,56,14.0,False,3704,2024-09-27,9,1
2024,2024-09-29,56,14.0,False,3765,2024-09-28,9,1
2024,2024-09-03,56,28.0,False,3836,2024-09-01,9,1
2024,2024-09-04,56,28.0,False,3836,2024-09-03,9,1
2024,2024-09-05,56,28.0,False,3831,2024-09-04,9,1
2024,2024-09-06,56,28.0,False,3824,2024-09-05,9,1
2024,2024-09-07,56,28.0,False,3799,2024-09-06,9,1
2024,2024-09-08,56,28.0,False,3791,2024-09-07,9,1
2024,2024-09-10,56,28.0,False,3801,2024-09-08,9,1
2024,2024-09-11,56,28.0,False,3860,2024-09-10,9,1
2024,2024-09-12,56,28.0,False,3865,2024-09-11,9,1
2024,2024-09-13,56,28.0,False,3853,2024-09-12,9,1
2024,2024-09-14,56,28.0,False,3785,2024-09-13,9,1
2024,2024-09-15,56,28.0,False,3845,2024-09-14,9,1
2024,2024-09-17,56,28.0,False,3863,2024-09-16,9,1
2024,2024-09-18,56,28.0,False,3887,2024-09-17,9,1
2024,2024-09-19,56,28.0,False,3884,2024-09-18,9,1
2024,2024-09-21,56,28.0,False,3844,2024-09-19,9,1
2024,2024-09-22,56,28.0,False,3821,2024-09-21,9,1
2024,2024-09-24,56,28.0,False,3839,2024-09-23,9,1
2024,2024-09-25,56,28.0,False,3833,2024-09-24,9,1
2024,2024-09-26,56,28.0,False,3779,2024-09-25,9,1
2024,2024-09-27,56,28.0,False,3728,2024-09-26,9,1
2024,2024-09-28,56,28.0,False,3704,2024-09-27,9,1
2024,2024-09-29,56,28.0,False,3765,2024-09-28,9,1
2024,2024-09-01,84,7.0,False,5758,2024-08-31,9,1
2024,2024-09-03,84,7.0,False,5699,2024-09-01,9,1
2024,2024-09-04,84,7.0,False,5648,2024-09-03,9,1
2024,2024-09-05,84,7.0,False,5653,2024-09-04,9,1
2024,2024-09-06,84,7.0,False,5654,2024-09-05,9,1
2024,2024-09-07,84,7.0,False,5628,2024-09-06,9,1
2024,2024-09-08,84,7.0,False,5614,2024-09-07,9,1
2024,2024-09-10,84,7.0,False,5583,2024-09-08,9,1
2024,2024-09-11,84,7.0,False,5582,2024-09-10,9,1
2024,2024-09-12,84,7.0,False,5579,2024-09-11,9,1
2024,2024-09-13,84,7.0,False,5574,2024-09-12,9,1
2024,2024-09-14,84,7.0,False,5503,2024-09-13,9,1
2024,2024-09-15,84,7.0,False,5567,2024-09-14,9,1
2024,2024-09-17,84,7.0,False,5514,2024-09-16,9,1
2024,2024-09-18,84,7.0,False,5507,2024-09-17,9,1
2024,2024-09-19,84,7.0,False,5465,2024-09-18,9,1
2024,2024-09-21,84,7.0,False,5389,2024-09-19,9,1
2024,2024-09-22,84,7.0,False,5425,2024-09-21,9,1
2024,2024-09-24,84,7.0,False,5479,2024-09-23,9,1
2024,2024-09-25,84,7.0,False,5495,2024-09-24,9,1
2024,2024-09-26,84,7.0,False,5473,2024-09-25,9,1
2024,2024-09-27,84,7.0,False,5431,2024-09-26,9,1
2024,2024-09-28,84,7.0,False,5495,2024-09-27,9,1
2024,2024-09-29,84,7.0,False,5594,2024-09-28,9,1
2024,2024-09-03,84,14.0,False,5699,2024-09-01,9,1
2024,2024-09-04,84,14.0,False,5648,2024-09-03,9,1
2024,2024-09-05,84,14.0,False,5653,2024-09-04,9,1
2024,2024-09-06,84,14.0,False,5654,2024-09-05,9,1
2024,2024-09-07,84,14.0,False,5628,2024-09-06,9,1
2024,2024-09-08,84,14.0,False,5614,2024-09-07,9,1
2024,2024-09-10,84,14.0,False,5583,2024-09-08,9,1
2024,2024-09-11,84,14.0,False,5582,2024-09-10,9,1
2024,2024-09-12,84,14.0,False,5579,2024-09-11,9,1
2024,2024-09-13,84,14.0,False,5574,2024-09-12,9,1
2024,2024-09-14,84,14.0,False,5503,2024-09-13,9,1
2024,2024-09-15,84,14.0,False,5567,2024-09-14,9,1
2024,2024-09-17,84,14.0,False,5514,2024-09-16,9,1
2024,2024-09-18,84,14.0,False,5507,2024-09-17,9,1
2024,2024-09-19,84,14.0,False,5465,2024-09-18,9,1
2024,2024-09-21,84,14.0,False,5389,2024-09-19,9,1
2024,2024-09-22,84,14.0,False,5425,2024-09-21,9,1
2024,2024-09-24,84,14.0,False,5479,2024-09-23,9,1
2024,2024-09-25,84,14.0,False,5495,2024-09-24,9,1
2024,2024-09-26,84,14.0,False,5473,2024-09-25,9,1
2024,2024-09-27,84,14.0,False,5431,2024-09-26,9,1
2024,2024-09-28,84,14.0,False,5495,2024-09-27,9,1
2024,2024-09-29,84,14.0,False,5594,2024-09-28,9,1
2024,2024-09-03,84,28.0,False,5699,2024-09-01,9,1
2024,2024-09-04,84,28.0,False,5648,2024-09-03,9,1
2024,2024-09-05,84,28.0,False,5653,2024-09-04,9,1
2024,2024-09-06,84,28.0,False,5654,2024-09-05,9,1
2024,2024-09-07,84,28.0,False,5628,2024-09-06,9,1
2024,2024-09-08,84,28.0,False,5614,2024-09-07,9,1
2024,2024-09-10,84,28.0,False,5583,2024-09-08,9,1
2024,2024-09-11,84,28.0,False,5582,2024-09-10,9,1
2024,2024-09-12,84,28.0,False,5579,2024-09-11,9,1
2024,2024-09-13,84,28.0,False,5574,2024-09-12,9,1
2024,2024-09-14,84,28.0,False,5503,2024-09-13,9,1
2024,2024-09-15,84,28.0,False,5567,2024-09-14,9,1
2024,2024-09-17,84,28.0,False,5514,2024-09-16,9,1
2024,2024-09-18,84,28.0,False,5507,2024-09-17,9,1
2024,2024-09-19,84,28.0,False,5465,2024-09-18,9,1
2024,2024-09-21,84,28.0,False,5389,2024-09-19,9,1
2024,2024-09-22,84,28.0,False,5425,2024-09-21,9,1
2024,2024-09-24,84,28.0,False,5479,2024-09-23,9,1
2024,2024-09-25,84,28.0,False,5495,2024-09-24,9,1
2024,2024-09-26,84,28.0,False,5473,2024-09-25,9,1
2024,2024-09-27,84,28.0,False,5431,2024-09-26,9,1
2024,2024-09-28,84,28.0,False,5495,2024-09-27,9,1
2024,2024-09-29,84,28.0,False,5594,2024-09-28,9,1
2025,2025-05-01,28,,False,2006,2025-04-30,8,1
2025,2025-05-01,28,14.0,False,2006,2025-04-30,8,1
2025,2025-05-01,28,28.0,False,2006,2025-04-30,8,1
2025,2025-05-01,28,28.0,True,2006,2025-04-30,8,15
2025,2025-05-01,56,,False,3566,2025-04-30,9,1
2025,2025-05-01,56,14.0,False,3566,2025-04-30,9,1
2025,2025-05-01,56,28.0,False,3566,2025-04-30,9,1
2025,2025-05-01,56,28.0,True,3566,2025-04-30,9,15
2025,2025-05-01,84,,False,3566,2025-04-30,9,1
2025,2025-05-01,84,14.0,False,3566,2025-04-30,9,1
2025,2025-05-01,84,28.0,False,3566,2025-04-30,9,1
2025,2025-05-01,84,28.0,True,3566,2025-04-30,9,15
2025,2025-04-28,28,,False,1900,2025-04-27,8,1
2025,2025-05-05,28,,False,2010,2025-05-04,8,1
2025,2025-05-12,28,,False,2050,2025-05-11,8,1
2025,2025-05-19,28,,False,2006,2025-05-18,8,1
2025,2025-05-26,28,,False,1990,2025-05-25,8,1
2025,2025-04-28,28,14.0,False,1900,2025-04-27,8,1
2025,2025-05-05,28,14.0,False,2010,2025-05-04,8,1
2025,2025-05-12,28,14.0,False,2050,2025-05-11,8,1
2025,2025-05-19,28,14.0,False,2006,2025-05-18,8,1
2025,2025-05-26,28,14.0,False,1990,2025-05-25,8,1
2025,2025-04-28,28,28.0,False,1900,2025-04-27,8,1
2025,2025-05-05,28,28.0,False,2010,2025-05-04,8,1
2025,2025-05-12,28,28.0,False,2050,2025-05-11,8,1
2025,2025-05-19,28,28.0,False,2006,2025-05-18,8,1
2025,2025-05-26,28,28.0,False,1990,2025-05-25,8,1
2025,2025-04-28,28,28.0,True,1900,2025-04-27,8,15
2025,2025-05-05,28,28.0,True,2010,2025-05-04,8,15
2025,2025-05-12,28,28.0,True,2050,2025-05-11,8,15
2025,2025-05-19,28,28.0,True,2006,2025-05-18,8,15
2025,2025-05-26,28,28.0,True,1990,2025-05-25,8,15
2025,2025-04-28,56,,False,3384,2025-04-27,9,1
2025,2025-05-05,56,,False,3716,2025-05-04,9,1
2025,2025-05-12,56,,False,3715,2025-05-11,8,1
2025,2025-05-19,56,,False,3886,2025-05-18,8,1
2025,2025-05-26,56,,False,3890,2025-05-25,8,1
2025,2025-04-28,56,14.0,False,3384,2025-04-27,9,1
2025,2025-05-05,56,14.0,False,3716,2025-05-04,9,1
2025,2025-05-12,56,14.0,False,3715,2025-05-11,8,1
2025,2025-05-19,56,14.0,False,3886,2025-05-18,8,1
2025,2025-05-26,56,14.0,False,3890,2025-05-25,8,1
2025,2025-04-28,56,28.0,False,3384,2025-04-27,9,1
2025,2025-05-05,56,28.0,False,3716,2025-05-04,9,1
2025,2025-05-12,56,28.0,False,3715,2025-05-11,8,1
2025,2025-05-19,56,28.0,False,3886,2025-05-18,8,1
2025,2025-05-26,56,28.0,False,3890,2025-05-25,8,1
2025,2025-04-28,56,28.0,True,3384,2025-04-27,9,15
2025,2025-05-05,56,28.0,True,3716,2025-05-04,9,15
2025,2025-05-12,56,28.0,True,3715,2025-05-11,8,15
2025,2025-05-19,56,28.0,True,3886,2025-05-18,8,15
2025,2025-05-26,56,28.0,True,3890,2025-05-25,8,15
2025,2025-04-28,84,,False,3384,2025-04-27,9,1
2025,2025-05-05,84,,False,3875,2025-05-04,9,1
2025,2025-05-12,84,,False,4429,2025-05-11,9,1
2025,2025-05-19,84,,False,4872,2025-05-18,9,1
2025,2025-05-26,84,,False,5374,2025-05-25,9,1
2025,2025-04-28,84,14.0,False,3384,2025-04-27,9,1
2025,2025-05-05,84,14.0,False,3875,2025-05-04,9,1
2025,2025-05-12,84,14.0,False,4429,2025-05-11,9,1
2025,2025-05-19,84,14.0,False,4872,2025-05-18,9,1
2025,2025-05-26,84,14.0,False,5374,2025-05-25,9,1
2025,2025-04-28,84,28.0,False,3384,2025-04-27,9,1
2025,2025-05-05,84,28.0,False,3875,2025-05-04,9,1
2025,2025-05-12,84,28.0,False,4429,2025-05-11,9,1
2025,2025-05-19,84,28.0,False,4872,2025-05-18,9,1
2025,2025-05-26,84,28.0,False,5374,2025-05-25,9,1
2025,2025-04-28,84,28.0,True,3384,2025-04-27,9,15
2025,2025-05-05,84,28.0,True,3875,2025-05-04,9,15
2025,2025-05-12,84,28.0,True,4429,2025-05-11,9,15
2025,2025-05-19,84,28.0,True,4872,2025-05-18,9,15
2025,2025-05-26,84,28.0,True,5374,2025-05-25,9,15
2025,2025-04-28,56,7.0,False,3384,2025-04-27,9,1
2025,2025-05-05,56,7.0,False,3716,2025-05-04,9,1
2025,2025-05-12,56,7.0,False,3715,2025-05-11,8,1
2025,2025-05-19,56,7.0,False,3886,2025-05-18,8,1
2025,2025-05-26,56,7.0,False,3890,2025-05-25,8,1
2025,2025-04-28,56,10.0,False,3384,2025-04-27,9,1
2025,2025-05-05,56,10.0,False,3716,2025-05-04,9,1
2025,2025-05-12,56,10.0,False,3715,2025-05-11,8,1
2025,2025-05-19,56,10.0,False,3886,2025-05-18,8,1
2025,2025-05-26,56,10.0,False,3890,2025-05-25,8,1
2025,2025-04-28,56,21.0,False,3384,2025-04-27,9,1
2025,2025-05-05,56,21.0,False,3716,2025-05-04,9,1
2025,2025-05-12,56,21.0,False,3715,2025-05-11,8,1
2025,2025-05-19,56,21.0,False,3886,2025-05-18,8,1
2025,2025-05-26,56,21.0,False,3890,2025-05-25,8,1
2025,2025-04-28,84,7.0,False,3384,2025-04-27,9,1
2025,2025-05-05,84,7.0,False,3875,2025-05-04,9,1
2025,2025-05-12,84,7.0,False,4429,2025-05-11,9,1
2025,2025-05-19,84,7.0,False,4872,2025-05-18,9,1
2025,2025-05-26,84,7.0,False,5374,2025-05-25,9,1
2025,2025-04-28,84,10.0,False,3384,2025-04-27,9,1
2025,2025-05-05,84,10.0,False,3875,2025-05-04,9,1
2025,2025-05-12,84,10.0,False,4429,2025-05-11,9,1
2025,2025-05-19,84,10.0,False,4872,2025-05-18,9,1
2025,2025-05-26,84,10.0,False,5374,2025-05-25,9,1
2025,2025-04-28,84,21.0,False,3384,2025-04-27,9,1
2025,2025-05-05,84,21.0,False,3875,2025-05-04,9,1
2025,2025-05-12,84,21.0,False,4429,2025-05-11,9,1
2025,2025-05-19,84,21.0,False,4872,2025-05-18,9,1
2025,2025-05-26,84,21.0,False,5374,2025-05-25,9,1
2025,2025-04-28,112,7.0,False,3384,2025-04-27,9,1
2025,2025-05-05,112,7.0,False,3875,2025-05-04,9,1
2025,2025-05-12,112,7.0,False,4429,2025-05-11,9,1
2025,2025-05-19,112,7.0,False,4872,2025-05-18,9,1
2025,2025-05-26,112,7.0,False,5374,2025-05-25,9,1
2025,2025-04-28,112,10.0,False,3384,2025-04-27,9,1
2025,2025-05-05,112,10.0,False,3875,2025-05-04,9,1
2025,2025-05-12,112,10.0,False,4429,2025-05-11,9,1
2025,2025-05-19,112,10.0,False,4872,2025-05-18,9,1
2025,2025-05-26,112,10.0,False,5374,2025-05-25,9,1
2025,2025-04-28,112,21.0,False,3384,2025-04-27,9,1
2025,2025-05-05,112,21.0,False,3875,2025-05-04,9,1
2025,2025-05-12,112,21.0,False,4429,2025-05-11,9,1
2025,2025-05-19,112,21.0,False,4872,2025-05-18,9,1
2025,2025-05-26,112,21.0,False,5374,2025-05-25,9,1
2025,2025-04-28,112,14.0,False,3384,2025-04-27,9,1
2025,2025-05-05,112,14.0,False,3875,2025-05-04,9,1
2025,2025-05-12,112,14.0,False,4429,2025-05-11,9,1
2025,2025-05-19,112,14.0,False,4872,2025-05-18,9,1
2025,2025-05-26,112,14.0,False,5374,2025-05-25,9,1
2025,2025-04-28,84,3.5,False,3384,2025-04-27,9,1
2025,2025-05-05,84,3.5,False,3875,2025-05-04,9,1
2025,2025-05-12,84,3.5,False,4429,2025-05-11,9,1
2025,2025-05-19,84,3.5,False,4872,2025-05-18,9,1
2025,2025-05-26,84,3.5,False,5374,2025-05-25,9,1
2025,2025-04-28,28,7.0,False,1900,2025-04-27,8,1
2025,2025-05-05,28,7.0,False,2010,2025-05-04,8,1
2025,2025-05-12,28,7.0,False,2050,2025-05-11,8,1
2025,2025-05-19,28,7.0,False,2006,2025-05-18,8,1
2025,2025-05-26,28,7.0,False,1990,2025-05-25,8,1
2025,2025-04-28,84,14.0,True,3384,2025-04-27,9,15
2025,2025-05-05,84,14.0,True,3875,2025-05-04,9,15
2025,2025-05-12,84,14.0,True,4429,2025-05-11,9,15
2025,2025-05-19,84,14.0,True,4872,2025-05-18,9,15
2025,2025-05-26,84,14.0,True,5374,2025-05-25,9,15
2025,2025-05-01,84,3.5,False,3566,2025-04-30,9,1
2025,2025-05-02,84,3.5,False,3620,2025-05-01,9,1
2025,2025-05-03,84,3.5,False,3709,2025-05-02,9,1
2025,2025-05-04,84,3.5,False,3783,2025-05-03,9,1
2025,2025-05-06,84,3.5,False,3956,2025-05-05,9,1
2025,2025-05-07,84,3.5,False,4049,2025-05-06,9,1
2025,2025-05-09,84,3.5,False,4156,2025-05-07,9,1
2025,2025-05-10,84,3.5,False,4179,2025-05-09,9,1
2025,2025-05-11,84,3.5,False,4294,2025-05-10,9,1
2025,2025-05-13,84,3.5,False,4429,2025-05-11,9,1
2025,2025-05-14,84,3.5,False,4506,2025-05-13,9,1
2025,2025-05-15,84,3.5,False,4579,2025-05-14,9,1
2025,2025-05-17,84,3.5,False,4644,2025-05-15,9,1
2025,2025-05-18,84,3.5,False,4789,2025-05-17,9,1
2025,2025-05-20,84,3.5,False,4872,2025-05-18,9,1
2025,2025-05-21,84,3.5,False,4953,2025-05-20,9,1
2025,2025-05-22,84,3.5,False,5023,2025-05-21,9,1
2025,2025-05-23,84,3.5,False,5092,2025-05-22,9,1
2025,2025-05-24,84,3.5,False,5182,2025-05-23,9,1
2025,2025-05-25,84,3.5,False,5286,2025-05-24,9,1
2025,2025-05-27,84,3.5,False,5374,2025-05-25,9,1
2025,2025-05-28,84,3.5,False,5454,2025-05-27,9,1
2025,2025-05-29,84,3.5,False,5534,2025-05-28,9,1
2025,2025-05-30,84,3.5,False,5627,2025-05-29,9,1
2025,2025-05-31,84,3.5,False,5719,2025-05-30,9,1
2025,2025-05-01,56,7.0,False,3566,2025-04-30,9,1
2025,2025-05-02,56,7.0,False,3620,2025-05-01,9,1
2025,2025-05-03,56,7.0,False,3709,2025-05-02,9,1
2025,2025-05-04,56,7.0,False,3701,2025-05-03,9,1
2025,2025-05-06,56,7.0,False,3682,2025-05-05,9,1
2025,2025-05-07,56,7.0,False,3665,2025-05-06,9,1
2025,2025-05-09,56,7.0,False,3656,2025-05-07,8,1
2025,2025-05-10,56,7.0,False,3598,2025-05-09,8,1
2025,2025-05-11,56,7.0,False,3656,2025-05-10,8,1
2025,2025-05-13,56,7.0,False,3650,2025-05-11,8,1
2025,2025-05-14,56,7.0,False,3708,2025-05-13,8,1
2025,2025-05-15,56,7.0,False,3781,2025-05-14,8,1
2025,2025-05-17,56,7.0,False,3846,2025-05-15,8,1
2025,2025-05-18,56,7.0,False,3896,2025-05-17,8,1
2025,2025-05-20,56,7.0,False,3886,2025-05-18,8,1
2025,2025-05-21,56,7.0,False,3872,2025-05-20,8,1
2025,2025-05-22,56,7.0,False,3856,2025-05-21,8,1
2025,2025-05-23,56,7.0,False,3829,2025-05-22,8,1
2025,2025-05-24,56,7.0,False,3844,2025-05-23,8,1
2025,2025-05-25,56,7.0,False,3871,2025-05-24,8,1
2025,2025-05-27,56,7.0,False,3890,2025-05-25,8,1
2025,2025-05-28,56,7.0,False,3970,2025-05-27,8,1
2025,2025-05-29,56,7.0,False,3974,2025-05-28,8,1
2025,2025-05-30,56,7.0,False,4004,2025-05-29,8,1
2025,2025-05-31,56,7.0,False,4003,2025-05-30,8,1
2025,2025-05-02,56,14.0,False,3620,2025-05-01,9,1
2025,2025-05-03,56,14.0,False,3709,2025-05-02,9,1
2025,2025-05-04,56,14.0,False,3701,2025-05-03,9,1
2025,2025-05-06,56,14.0,False,3682,2025-05-05,9,1
2025,2025-05-07,56,14.0,False,3665,2025-05-06,9,1
2025,2025-05-09,56,14.0,False,3656,2025-05-07,8,1
2025,2025-05-10,56,14.0,False,3598,2025-05-09,8,1
2025,2025-05-11,56,14.0,False,3656,2025-05-10,8,1
2025,2025-05-13,56,14.0,False,3650,2025-05-11,8,1
2025,2025-05-14,56,14.0,False,3708,2025-05-13,8,1
2025,2025-05-15,56,14.0,False,3781,2025-05-14,8,1
2025,2025-05-17,56,14.0,False,3846,2025-05-15,8,1
2025,2025-05-18,56,14.0,False,3896,2025-05-17,8,1
2025,2025-05-20,56,14.0,False,3886,2025-05-18,8,1
2025,2025-05-21,56,14.0,False,3872,2025-05-20,8,1
2025,2025-05-22,56,14.0,False,3856,2025-05-21,8,1
2025,2025-05-23,56,14.0,False,3829,2025-05-22,8,1
2025,2025-05-24,56,14.0,False,3844,2025-05-23,8,1
2025,2025-05-25,56,14.0,False,3871,2025-05-24,8,1
2025,2025-05-27,56,14.0,False,3890,2025-05-25,8,1
2025,2025-05-28,56,14.0,False,3970,2025-05-27,8,1
2025,2025-05-29,56,14.0,False,3974,2025-05-28,8,1
2025,2025-05-30,56,14.0,False,4004,2025-05-29,8,1
2025,2025-05-31,56,14.0,False,4003,2025-05-30,8,1
2025,2025-05-02,56,28.0,False,3620,2025-05-01,9,1
2025,2025-05-03,56,28.0,False,3709,2025-05-02,9,1
2025,2025-05-04,56,28.0,False,3701,2025-05-03,9,1
2025,2025-05-06,56,28.0,False,3682,2025-05-05,9,1
2025,2025-05-07,56,28.0,False,3665,2025-05-06,9,1
2025,2025-05-09,56,28.0,False,3656,2025-05-07,8,1
2025,2025-05-10,56,28.0,False,3598,2025-05-09,8,1
2025,2025-05-11,56,28.0,False,3656,2025-05-10,8,1
2025,2025-05-13,56,28.0,False,3650,2025-05-11,8,1
2025,2025-05-14,56,28.0,False,3708,2025-05-13,8,1
2025,2025-05-15,56,28.0,False,3781,2025-05-14,8,1
2025,2025-05-17,56,28.0,False,3846,2025-05-15,8,1
2025,2025-05-18,56,28.0,False,3896,2025-05-17,8,1
2025,2025-05-20,56,28.0,False,3886,2025-05-18,8,1
2025,2025-05-21,56,28.0,False,3872,2025-05-20,8,1
2025,2025-05-22,56,28.0,False,3856,2025-05-21,8,1
2025,2025-05-23,56,28.0,False,3829,2025-05-22,8,1
2025,2025-05-24,56,28.0,False,3844,2025-05-23,8,1
2025,2025-05-25,56,28.0,False,3871,2025-05-24,8,1
2025,2025-05-27,56,28.0,False,3890,2025-05-25,8,1
2025,2025-05-28,56,28.0,False,3970,2025-05-27,8,1
2025,2025-05-29,56,28.0,False,3974,2025-05-28,8,1
2025,2025-05-30,56,28.0,False,4004,2025-05-29,8,1
2025,2025-05-31,56,28.0,False,4003,2025-05-30,8,1
2025,2025-05-01,84,7.0,False,3566,2025-04-30,9,1
2025,2025-05-02,84,7.0,False,3620,2025-05-01,9,1
2025,2025-05-03,84,7.0,False,3709,2025-05-02,9,1
2025,2025-05-04,84,7.0,False,3783,2025-05-03,9,1
2025,2025-05-06,84,7.0,False,3956,2025-05-05,9,1
2025,2025-05-07,84,7.0,False,4049,2025-05-06,9,1
2025,2025-05-09,84,7.0,False,4156,2025-05-07,9,1
2025,2025-05-10,84,7.0,False,4179,2025-05-09,9,1
2025,2025-05-11,84,7.0,False,4294,2025-05-10,9,1
2025,2025-05-13,84,7.0,False,4429,2025-05-11,9,1
2025,2025-05-14,84,7.0,False,4506,2025-05-13,9,1
2025,2025-05-15,84,7.0,False,4579,2025-05-14,9,1
2025,2025-05-17,84,7.0,False,4644,2025-05-15,9,1
2025,2025-05-18,84,7.0,False,4789,2025-05-17,9,1
2025,2025-05-20,84,7.0,False,4872,2025-05-18,9,1
2025,2025-05-21,84,7.0,False,4953,2025-05-20,9,1
2025,2025-05-22,84,7.0,False,5023,2025-05-21,9,1
2025,2025-05-23,84,7.0,False,5092,2025-05-22,9,1
2025,2025-05-24,84,7.0,False,5182,2025-05-23,9,1
2025,2025-05-25,84,7.0,False,5286,2025-05-24,9,1
2025,2025-05-27,84,7.0,False,5374,2025-05-25,9,1
2025,2025-05-28,84,7.0,False,5454,2025-05-27,9,1
2025,2025-05-29,84,7.0,False,5534,2025-05-28,9,1
2025,2025-05-30,84,7.0,False,5627,2025-05-29,9,1
2025,2025-05-31,84,7.0,False,5719,2025-05-30,9,1
2025,2025-05-02,84,14.0,False,3620,2025-05-01,9,1
2025,2025-05-03,84,14.0,False,3709,2025-05-02,9,1
2025,2025-05-04,84,14.0,False,3783,2025-05-03,9,1
2025,2025-05-06,84,14.0,False,3956,2025-05-05,9,1
2025,2025-05-07,84,14.0,False,4049,2025-05-06,9,1
2025,2025-05-09,84,14.0,False,4156,2025-05-07,9,1
2025,2025-05-10,84,14.0,False,4179,2025-05-09,9,1
2025,2025-05-11,84,14.0,False,4294,2025-05-10,9,1
2025,2025-05-13,84,14.0,False,4429,2025-05-11,9,1
2025,2025-05-14,84,14.0,False,4506,2025-05-13,9,1
2025,2025-05-15,84,14.0,False,4579,2025-05-14,9,1
2025,2025-05-17,84,14.0,False,4644,2025-05-15,9,1
2025,2025-05-18,84,14.0,False,4789,2025-05-17,9,1
2025,2025-05-20,84,14.0,False,4872,2025-05-18,9,1
2025,2025-05-21,84,14.0,False,4953,2025-05-20,9,1
2025,2025-05-22,84,14.0,False,5023,2025-05-21,9,1
2025,2025-05-23,84,14.0,False,5092,2025-05-22,9,1
2025,2025-05-24,84,14.0,False,5182,2025-05-23,9,1
2025,2025-05-25,84,14.0,False,5286,2025-05-24,9,1
2025,2025-05-27,84,14.0,False,5374,2025-05-25,9,1
2025,2025-05-28,84,14.0,False,5454,2025-05-27,9,1
2025,2025-05-29,84,14.0,False,5534,2025-05-28,9,1
2025,2025-05-30,84,14.0,False,5627,2025-05-29,9,1
2025,2025-05-31,84,14.0,False,5719,2025-05-30,9,1
2025,2025-05-02,84,28.0,False,3620,2025-05-01,9,1
2025,2025-05-03,84,28.0,False,3709,2025-05-02,9,1
2025,2025-05-04,84,28.0,False,3783,2025-05-03,9,1
2025,2025-05-06,84,28.0,False,3956,2025-05-05,9,1
2025,2025-05-07,84,28.0,False,4049,2025-05-06,9,1
2025,2025-05-09,84,28.0,False,4156,2025-05-07,9,1
2025,2025-05-10,84,28.0,False,4179,2025-05-09,9,1
2025,2025-05-11,84,28.0,False,4294,2025-05-10,9,1
2025,2025-05-13,84,28.0,False,4429,2025-05-11,9,1
2025,2025-05-14,84,28.0,False,4506,2025-05-13,9,1
2025,2025-05-15,84,28.0,False,4579,2025-05-14,9,1
2025,2025-05-17,84,28.0,False,4644,2025-05-15,9,1
2025,2025-05-18,84,28.0,False,4789,2025-05-17,9,1
2025,2025-05-20,84,28.0,False,4872,2025-05-18,9,1
2025,2025-05-21,84,28.0,False,4953,2025-05-20,9,1
2025,2025-05-22,84,28.0,False,5023,2025-05-21,9,1
2025,2025-05-23,84,28.0,False,5092,2025-05-22,9,1
2025,2025-05-24,84,28.0,False,5182,2025-05-23,9,1
2025,2025-05-25,84,28.0,False,5286,2025-05-24,9,1
2025,2025-05-27,84,28.0,False,5374,2025-05-25,9,1
2025,2025-05-28,84,28.0,False,5454,2025-05-27,9,1
2025,2025-05-29,84,28.0,False,5534,2025-05-28,9,1
2025,2025-05-30,84,28.0,False,5627,2025-05-29,9,1
2025,2025-05-31,84,28.0,False,5719,2025-05-30,9,1
2025,2025-06-01,28,,False,2022,2025-05-31,8,1
2025,2025-06-01,28,14.0,False,2022,2025-05-31,8,1
2025,2025-06-01,28,28.0,False,2022,2025-05-31,8,1
2025,2025-06-01,28,28.0,True,2022,2025-05-31,8,15
2025,2025-06-01,56,,False,4029,2025-05-31,8,1
2025,2025-06-01,56,14.0,False,4029,2025-05-31,8,1
2025,2025-06-01,56,28.0,False,4029,2025-05-31,8,1
2025,2025-06-01,56,28.0,True,4029,2025-05-31,8,15
2025,2025-06-01,84,,False,5723,2025-05-31,9,1
2025,2025-06-01,84,14.0,False,5723,2025-05-31,9,1
2025,2025-06-01,84,28.0,False,5723,2025-05-31,9,1
2025,2025-06-01,84,28.0,True,5723,2025-05-31,9,15
2025,2025-06-02,28,,False,2024,2025-06-01,8,1
2025,2025-06-09,28,,False,2012,2025-06-08,9,1
2025,2025-06-16,28,,False,2077,2025-06-15,9,1
2025,2025-06-23,28,,False,2033,2025-06-22,9,1
2025,2025-06-02,28,14.0,False,2024,2025-06-01,8,1
2025,2025-06-09,28,14.0,False,2012,2025-06-08,9,1
2025,2025-06-16,28,14.0,False,2077,2025-06-15,9,1
2025,2025-06-23,28,14.0,False,2033,2025-06-22,9,1
2025,2025-06-02,28,28.0,False,2024,2025-06-01,8,1
2025,2025-06-09,28,28.0,False,2012,2025-06-08,9,1
2025,2025-06-16,28,28.0,False,2077,2025-06-15,9,1
2025,2025-06-23,28,28.0,False,2033,2025-06-22,9,1
2025,2025-06-02,28,28.0,True,2024,2025-06-01,8,15
2025,2025-06-09,28,28.0,True,2012,2025-06-08,9,15
2025,2025-06-16,28,28.0,True,2077,2025-06-15,9,15
2025,2025-06-23,28,28.0,True,2033,2025-06-22,9,15
2025,2025-06-02,56,,False,4034,2025-06-01,8,1
2025,2025-06-09,56,,False,4062,2025-06-08,9,1
2025,2025-06-16,56,,False,4083,2025-06-15,9,1
2025,2025-06-23,56,,False,4023,2025-06-22,9,1
2025,2025-06-02,56,14.0,False,4034,2025-06-01,8,1
2025,2025-06-09,56,14.0,False,4062,2025-06-08,9,1
2025,2025-06-16,56,14.0,False,4083,2025-06-15,9,1
2025,2025-06-23,56,14.0,False,4023,2025-06-22,9,1
2025,2025-06-02,56,28.0,False,4034,2025-06-01,8,1
2025,2025-06-09,56,28.0,False,4062,2025-06-08,9,1
2025,2025-06-16,56,28.0,False,4083,2025-06-15,9,1
2025,2025-06-23,56,28.0,False,4023,2025-06-22,9,1
2025,2025-06-02,56,28.0,True,4034,2025-06-01,8,15
2025,2025-06-09,56,28.0,True,4062,2025-06-08,9,15
2025,2025-06-16,56,28.0,True,4083,2025-06-15,9,15
2025,2025-06-23,56,28.0,True,4023,2025-06-22,9,15
2025,2025-06-02,84,,False,5740,2025-06-01,9,1
2025,2025-06-09,84,,False,5727,2025-06-08,9,1
2025,2025-06-16,84,,False,5963,2025-06-15,9,1
2025,2025-06-23,84,,False,5923,2025-06-22,9,1
2025,2025-06-02,84,14.0,False,5740,2025-06-01,9,1
2025,2025-06-09,84,14.0,False,5727,2025-06-08,9,1
2025,2025-06-16,84,14.0,False,5963,2025-06-15,9,1
2025,2025-06-23,84,14.0,False,5923,2025-06-22,9,1
2025,2025-06-02,84,28.0,False,5740,2025-06-01,9,1
2025,2025-06-09,84,28.0,False,5727,2025-06-08,9,1
2025,2025-06-16,84,28.0,False,5963,2025-06-15,9,1
2025,2025-06-23,84,28.0,False,5923,2025-06-22,9,1
2025,2025-06-02,84,28.0,True,5740,2025-06-01,9,15
2025,2025-06-09,84,28.0,True,5727,2025-06-08,9,15
2025,2025-06-16,84,28.0,True,5963,2025-06-15,9,15
2025,2025-06-23,84,28.0,True,5923,2025-06-22,9,15
2025,2025-06-02,56,7.0,False,4034,2025-06-01,8,1
2025,2025-06-09,56,7.0,False,4062,2025-06-08,9,1
2025,2025-06-16,56,7.0,False,4083,2025-06-15,9,1
2025,2025-06-23,56,7.0,False,4023,2025-06-22,9,1
2025,2025-06-02,56,10.0,False,4034,2025-06-01,8,1
2025,2025-06-09,56,10.0,False,4062,2025-06-08,9,1
2025,2025-06-16,56,10.0,False,4083,2025-06-15,9,1
2025,2025-06-23,56,10.0,False,4023,2025-06-22,9,1
2025,2025-06-02,56,21.0,False,4034,2025-06-01,8,1
2025,2025-06-09,56,21.0,False,4062,2025-06-08,9,1
2025,2025-06-16,56,21.0,False,4083,2025-06-15,9,1
2025,2025-06-23,56,21.0,False,4023,2025-06-22,9,1
2025,2025-06-02,84,7.0,False,5740,2025-06-01,9,1
2025,2025-06-09,84,7.0,False,5727,2025-06-08,9,1
2025,2025-06-16,84,7.0,False,5963,2025-06-15,9,1
2025,2025-06-23,84,7.0,False,5923,2025-06-22,9,1
2025,2025-06-02,84,10.0,False,5740,2025-06-01,9,1
2025,2025-06-09,84,10.0,False,5727,2025-06-08,9,1
2025,2025-06-16,84,10.0,False,5963,2025-06-15,9,1
2025,2025-06-23,84,10.0,False,5923,2025-06-22,9,1
2025,2025-06-02,84,21.0,False,5740,2025-06-01,9,1
2025,2025-06-09,84,21.0,False,5727,2025-06-08,9,1
2025,2025-06-16,84,21.0,False,5963,2025-06-15,9,1
2025,2025-06-23,84,21.0,False,5923,2025-06-22,9,1
2025,2025-06-02,112,7.0,False,5899,2025-06-01,9,1
2025,2025-06-09,112,7.0,False,6441,2025-06-08,9,1
2025,2025-06-16,112,7.0,False,6949,2025-06-15,9,1
2025,2025-06-23,112,7.0,False,7407,2025-06-22,9,1
2025,2025-06-02,112,10.0,False,5899,2025-06-01,9,1
2025,2025-06-09,112,10.0,False,6441,2025-06-08,9,1
2025,2025-06-16,112,10.0,False,6949,2025-06-15,9,1
2025,2025-06-23,112,10.0,False,7407,2025-06-22,9,1
2025,2025-06-02,112,21.0,False,5899,2025-06-01,9,1
2025,2025-06-09,112,21.0,False,6441,2025-06-08,9,1
2025,2025-06-16,112,21.0,False,6949,2025-06-15,9,1
2025,2025-06-23,112,21.0,False,7407,2025-06-22,9,1
2025,2025-06-02,112,14.0,False,5899,2025-06-01,9,1
2025,2025-06-09,112,14.0,False,6441,2025-06-08,9,1
2025,2025-06-16,112,14.0,False,6949,2025-06-15,9,1
2025,2025-06-23,112,14.0,False,7407,2025-06-22,9,1
2025,2025-06-02,84,3.5,False,5740,2025-06-01,9,1
2025,2025-06-09,84,3.5,False,5727,2025-06-08,9,1
2025,2025-06-16,84,3.5,False,5963,2025-06-15,9,1
2025,2025-06-23,84,3.5,False,5923,2025-06-22,9,1
2025,2025-06-02,28,7.0,False,2024,2025-06-01,8,1
2025,2025-06-09,28,7.0,False,2012,2025-06-08,9,1
2025,2025-06-16,28,7.0,False,2077,2025-06-15,9,1
2025,2025-06-23,28,7.0,False,2033,2025-06-22,9,1
2025,2025-06-02,84,14.0,True,5740,2025-06-01,9,15
2025,2025-06-09,84,14.0,True,5727,2025-06-08,9,15
2025,2025-06-16,84,14.0,True,5963,2025-06-15,9,15
2025,2025-06-23,84,14.0,True,5923,2025-06-22,9,15
2025,2025-06-01,84,3.5,False,5723,2025-05-31,9,1
2025,2025-06-03,84,3.5,False,5625,2025-06-01,9,1
2025,2025-06-04,84,3.5,False,5610,2025-06-03,9,1
2025,2025-06-05,84,3.5,False,5702,2025-06-04,9,1
2025,2025-06-06,84,3.5,False,5675,2025-06-05,9,1
2025,2025-06-07,84,3.5,False,5680,2025-06-06,9,1
2025,2025-06-08,84,3.5,False,5709,2025-06-07,9,1
2025,2025-06-10,84,3.5,False,5662,2025-06-08,9,1
2025,2025-06-11,84,3.5,False,5743,2025-06-10,9,1
2025,2025-06-12,84,3.5,False,5836,2025-06-11,9,1
2025,2025-06-14,84,3.5,False,5959,2025-06-13,9,1
2025,2025-06-15,84,3.5,False,5966,2025-06-14,9,1
2025,2025-06-17,84,3.5,False,5963,2025-06-15,9,1
2025,2025-06-18,84,3.5,False,5962,2025-06-17,9,1
2025,2025-06-19,84,3.5,False,5971,2025-06-18,9,1
2025,2025-06-20,84,3.5,False,5975,2025-06-19,9,1
2025,2025-06-21,84,3.5,False,5920,2025-06-20,9,1
2025,2025-06-22,84,3.5,False,5902,2025-06-21,9,1
2025,2025-06-24,84,3.5,False,5923,2025-06-22,9,1
2025,2025-06-25,84,3.5,False,5968,2025-06-24,9,1
2025,2025-06-26,84,3.5,False,5949,2025-06-25,9,1
2025,2025-06-27,84,3.5,False,6000,2025-06-26,9,1
2025,2025-06-28,84,3.5,False,5993,2025-06-27,9,1
2025,2025-06-29,84,3.5,False,6019,2025-06-28,9,1
2025,2025-06-01,56,7.0,False,4029,2025-05-31,8,1
2025,2025-06-03,56,7.0,False,4034,2025-06-01,8,1
2025,2025-06-04,56,7.0,False,4037,2025-06-03,8,1
2025,2025-06-05,56,7.0,False,4041,2025-06-04,8,1
2025,2025-06-06,56,7.0,False,4039,2025-06-05,9,1
2025,2025-06-07,56,7.0,False,4039,2025-06-06,9,1
2025,2025-06-08,56,7.0,False,4068,2025-06-07,9,1
2025,2025-06-10,56,7.0,False,4062,2025-06-08,9,1
2025,2025-06-11,56,7.0,False,4090,2025-06-10,9,1
2025,2025-06-12,56,7.0,False,4113,2025-06-11,9,1
2025,2025-06-14,56,7.0,False,4076,2025-06-13,9,1
2025,2025-06-15,56,7.0,False,4084,2025-06-14,9,1
2025,2025-06-17,56,7.0,False,4083,2025-06-15,9,1
2025,2025-06-18,56,7.0,False,4122,2025-06-17,9,1
2025,2025-06-19,56,7.0,False,4118,2025-06-18,9,1
2025,2025-06-20,56,7.0,False,4124,2025-06-19,9,1
2025,2025-06-21,56,7.0,False,4047,2025-06-20,9,1
2025,2025-06-22,56,7.0,False,4026,2025-06-21,9,1
2025,2025-06-24,56,7.0,False,4023,2025-06-22,9,1
2025,2025-06-25,56,7.0,False,3973,2025-06-24,9,1
2025,2025-06-26,56,7.0,False,3943,2025-06-25,9,1
2025,2025-06-27,56,7.0,False,4003,2025-06-26,9,1
2025,2025-06-28,56,7.0,False,4000,2025-06-27,9,1
2025,2025-06-29,56,7.0,False,4012,2025-06-28,9,1
2025,2025-06-03,56,14.0,False,4034,2025-06-01,8,1
2025,2025-06-04,56,14.0,False,4037,2025-06-03,8,1
2025,2025-06-05,56,14.0,False,4041,2025-06-04,8,1
2025,2025-06-06,56,14.0,False,4039,2025-06-05,9,1
2025,2025-06-07,56,14.0,False,4039,2025-06-06,9,1
2025,2025-06-08,56,14.0,False,4068,2025-06-07,9,1
2025,2025-06-10,56,14.0,False,4062,2025-06-08,9,1
2025,2025-06-11,56,14.0,False,4090,2025-06-10,9,1
2025,2025-06-12,56,14.0,False,4113,2025-06-11,9,1
2025,2025-06-14,56,14.0,False,4076,2025-06-13,9,1
2025,2025-06-15,56,14.0,False,4084,2025-06-14,9,1
2025,2025-06-17,56,14.0,False,4083,2025-06-15,9,1
2025,2025-06-18,56,14.0,False,4122,2025-06-17,9,1
2025,2025-06-19,56,14.0,False,4118,2025-06-18,9,1
2025,2025-06-20,56,14.0,False,4124,2025-06-19,9,1
2025,2025-06-21,56,14.0,False,4047,2025-06-20,9,1
2025,2025-06-22,56,14.0,False,4026,2025-06-21,9,1
2025,2025-06-24,56,14.0,False,4023,2025-06-22,9,1
2025,2025-06-25,56,14.0,False,3973,2025-06-24,9,1
2025,2025-06-26,56,14.0,False,3943,2025-06-25,9,1
2025,2025-06-27,56,14.0,False,4003,2025-06-26,9,1
2025,2025-06-28,56,14.0,False,4000,2025-06-27,9,1
2025,2025-06-29,56,14.0,False,4012,2025-06-28,9,1
2025,2025-06-03,56,28.0,False,4034,2025-06-01,8,1
2025,2025-06-04,56,28.0,False,4037,2025-06-03,8,1
2025,2025-06-05,56,28.0,False,4041,2025-06-04,8,1
2025,2025-06-06,56,28.0,False,4039,2025-06-05,9,1
2025,2025-06-07,56,28.0,False,4039,2025-06-06,9,1
2025,2025-06-08,56,28.0,False,4068,2025-06-07,9,1
2025,2025-06-10,56,28.0,False,4062,2025-06-08,9,1
2025,2025-06-11,56,28.0,False,4090,2025-06-10,9,1
2025,2025-06-12,56,28.0,False,4113,2025-06-11,9,1
2025,2025-06-14,56,28.0,False,4076,2025-06-13,9,1
2025,2025-06-15,56,28.0,False,4084,2025-06-14,9,1
2025,2025-06-17,56,28.0,False,4083,2025-06-15,9,1
2025,2025-06-18,56,28.0,False,4122,2025-06-17,9,1
2025,2025-06-19,56,28.0,False,4118,2025-06-18,9,1
2025,2025-06-20,56,28.0,False,4124,2025-06-19,9,1
2025,2025-06-21,56,28.0,False,4047,2025-06-20,9,1
2025,2025-06-22,56,28.0,False,4026,2025-06-21,9,1
2025,2025-06-24,56,28.0,False,4023,2025-06-22,9,1
2025,2025-06-25,56,28.0,False,3973,2025-06-24,9,1
2025,2025-06-26,56,28.0,False,3943,2025-06-25,9,1
2025,2025-06-27,56,28.0,False,4003,2025-06-26,9,1
2025,2025-06-28,56,28.0,False,4000,2025-06-27,9,1
2025,2025-06-29,56,28.0,False,4012,2025-06-28,9,1
2025,2025-06-01,84,7.0,False,5723,2025-05-31,9,1
2025,2025-06-03,84,7.0,False,5625,2025-06-01,9,1
2025,2025-06-04,84,7.0,False,5610,2025-06-03,9,1
2025,2025-06-05,84,7.0,False,5702,2025-06-04,9,1
2025,2025-06-06,84,7.0,False,5675,2025-06-05,9,1
2025,2025-06-07,84,7.0,False,5680,2025-06-06,9,1
2025,2025-06-08,84,7.0,False,5709,2025-06-07,9,1
2025,2025-06-10,84,7.0,False,5662,2025-06-08,9,1
2025,2025-06-11,84,7.0,False,5743,2025-06-10,9,1
2025,2025-06-12,84,7.0,False,5836,2025-06-11,9,1
2025,2025-06-14,84,7.0,False,5959,2025-06-13,9,1
2025,2025-06-15,84,7.0,False,5966,2025-06-14,9,1
2025,2025-06-17,84,7.0,False,5963,2025-06-15,9,1
2025,2025-06-18,84,7.0,False,5962,2025-06-17,9,1
2025,2025-06-19,84,7.0,False,5971,2025-06-18,9,1
2025,2025-06-20,84,7.0,False,5975,2025-06-19,9,1
2025,2025-06-21,84,7.0,False,5920,2025-06-20,9,1
2025,2025-06-22,84,7.0,False,5902,2025-06-21,9,1
2025,2025-06-24,84,7.0,False,5923,2025-06-22,9,1
2025,2025-06-25,84,7.0,False,5968,2025-06-24,9,1
2025,2025-06-26,84,7.0,False,5949,2025-06-25,9,1
2025,2025-06-27,84,7.0,False,6000,2025-06-26,9,1
2025,2025-06-28,84,7.0,False,5993,2025-06-27,9,1
2025,2025-06-29,84,7.0,False,6019,2025-06-28,9,1
2025,2025-06-03,84,14.0,False,5625,2025-06-01,9,1
2025,2025-06-04,84,14.0,False,5610,2025-06-03,9,1
2025,2025-06-05,84,14.0,False,5702,2025-06-04,9,1
2025,2025-06-06,84,14.0,False,5675,2025-06-05,9,1
2025,2025-06-07,84,14.0,False,5680,2025-06-06,9,1
2025,2025-06-08,84,14.0,False,5709,2025-06-07,9,1
2025,2025-06-10,84,14.0,False,5662,2025-06-08,9,1
2025,2025-06-11,84,14.0,False,5743,2025-06-10,9,1
2025,2025-06-12,84,14.0,False,5836,2025-06-11,9,1
2025,2025-06-14,84,14.0,False,5959,2025-06-13,9,1
2025,2025-06-15,84,14.0,False,5966,2025-06-14,9,1
2025,2025-06-17,84,14.0,False,5963,2025-06-15,9,1
2025,2025-06-18,84,14.0,False,5962,2025-06-17,9,1
2025,2025-06-19,84,14.0,False,5971,2025-06-18,9,1
2025,2025-06-20,84,14.0,False,5975,2025-06-19,9,1
2025,2025-06-21,84,14.0,False,5920,2025-06-20,9,1
2025,2025-06-22,84,14.0,False,5902,2025-06-21,9,1
2025,2025-06-24,84,14.0,False,5923,2025-06-22,9,1
2025,2025-06-25,84,14.0,False,5968,2025-06-24,9,1
2025,2025-06-26,84,14.0,False,5949,2025-06-25,9,1
2025,2025-06-27,84,14.0,False,6000,2025-06-26,9,1
2025,2025-06-28,84,14.0,False,5993,2025-06-27,9,1
2025,2025-06-29,84,14.0,False,6019,2025-06-28,9,1
2025,2025-06-03,84,28.0,False,5625,2025-06-01,9,1
2025,2025-06-04,84,28.0,False,5610,2025-06-03,9,1
2025,2025-06-05,84,28.0,False,5702,2025-06-04,9,1
2025,2025-06-06,84,28.0,False,5675,2025-06-05,9,1
2025,2025-06-07,84,28.0,False,5680,2025-06-06,9,1
2025,2025-06-08,84,28.0,False,5709,2025-06-07,9,1
2025,2025-06-10,84,28.0,False,5662,2025-06-08,9,1
2025,2025-06-11,84,28.0,False,5743,2025-06-10,9,1
2025,2025-06-12,84,28.0,False,5836,2025-06-11,9,1
2025,2025-06-14,84,28.0,False,5959,2025-06-13,9,1
2025,2025-06-15,84,28.0,False,5966,2025-06-14,9,1
2025,2025-06-17,84,28.0,False,5963,2025-06-15,9,1
2025,2025-06-18,84,28.0,False,5962,2025-06-17,9,1
2025,2025-06-19,84,28.0,False,5971,2025-06-18,9,1
2025,2025-06-20,84,28.0,False,5975,2025-06-19,9,1
2025,2025-06-21,84,28.0,False,5920,2025-06-20,9,1
2025,2025-06-22,84,28.0,False,5902,2025-06-21,9,1
2025,2025-06-24,84,28.0,False,5923,2025-06-22,9,1
2025,2025-06-25,84,28.0,False,5968,2025-06-24,9,1
2025,2025-06-26,84,28.0,False,5949,2025-06-25,9,1
2025,2025-06-27,84,28.0,False,6000,2025-06-26,9,1
2025,2025-06-28,84,28.0,False,5993,2025-06-27,9,1
2025,2025-06-29,84,28.0,False,6019,2025-06-28,9,1
2025,2025-07-01,28,,False,2000,2025-06-29,9,1
2025,2025-07-01,28,14.0,False,2000,2025-06-29,9,1
2025,2025-07-01,28,28.0,False,2000,2025-06-29,9,1
2025,2025-07-01,28,28.0,True,2000,2025-06-29,9,15
2025,2025-07-01,56,,False,3943,2025-06-29,9,1
2025,2025-07-01,56,14.0,False,3943,2025-06-29,9,1
2025,2025-07-01,56,28.0,False,3943,2025-06-29,9,1
2025,2025-07-01,56,28.0,True,3943,2025-06-29,9,15
2025,2025-07-01,84,,False,6034,2025-06-29,9,1
2025,2025-07-01,84,14.0,False,6034,2025-06-29,9,1
2025,2025-07-01,84,28.0,False,6034,2025-06-29,9,1
2025,2025-07-01,84,28.0,True,6034,2025-06-29,9,15
2025,2025-06-30,28,,False,2000,2025-06-29,9,1
2025,2025-07-07,28,,False,1989,2025-07-06,9,1
2025,2025-07-14,28,,False,1786,2025-07-12,9,1
2025,2025-07-21,28,,False,1509,2025-07-20,9,1
2025,2025-07-28,28,,False,1570,2025-07-27,9,1
2025,2025-06-30,28,14.0,False,2000,2025-06-29,9,1
2025,2025-07-07,28,14.0,False,1989,2025-07-06,9,1
2025,2025-07-14,28,14.0,False,1786,2025-07-12,9,1
2025,2025-07-21,28,14.0,False,1509,2025-07-20,9,1
2025,2025-07-28,28,14.0,False,1570,2025-07-27,9,1
2025,2025-06-30,28,28.0,False,2000,2025-06-29,9,1
2025,2025-07-07,28,28.0,False,1989,2025-07-06,9,1
2025,2025-07-14,28,28.0,False,1786,2025-07-12,9,1
2025,2025-07-21,28,28.0,False,1509,2025-07-20,9,1
2025,2025-07-28,28,28.0,False,1570,2025-07-27,9,1
2025,2025-06-30,28,28.0,True,2000,2025-06-29,9,15
2025,2025-07-07,28,28.0,True,1989,2025-07-06,9,15
2025,2025-07-14,28,28.0,True,1786,2025-07-12,9,15
2025,2025-07-21,28,28.0,True,1509,2025-07-20,9,15
2025,2025-07-28,28,28.0,True,1570,2025-07-27,9,15
2025,2025-06-30,56,,False,4024,2025-06-29,9,1
2025,2025-07-07,56,,False,4001,2025-07-06,9,1
2025,2025-07-14,56,,False,3863,2025-07-12,9,1
2025,2025-07-21,56,,False,3542,2025-07-20,9,1
2025,2025-07-28,56,,False,3570,2025-07-27,9,1
2025,2025-06-30,56,14.0,False,4024,2025-06-29,9,1
2025,2025-07-07,56,14.0,False,4001,2025-07-06,9,1
2025,2025-07-14,56,14.0,False,3863,2025-07-12,9,1
2025,2025-07-21,56,14.0,False,3542,2025-07-20,9,1
2025,2025-07-28,56,14.0,False,3570,2025-07-27,9,1
2025,2025-06-30,56,28.0,False,4024,2025-06-29,9,1
2025,2025-07-07,56,28.0,False,4001,2025-07-06,9,1
2025,2025-07-14,56,28.0,False,3863,2025-07-12,9,1
2025,2025-07-21,56,28.0,False,3542,2025-07-20,9,1
2025,2025-07-28,56,28.0,False,3570,2025-07-27,9,1
2025,2025-06-30,56,28.0,True,4024,2025-06-29,9,15
2025,2025-07-07,56,28.0,True,4001,2025-07-06,9,15
2025,2025-07-14,56,28.0,True,3863,2025-07-12,9,15
2025,2025-07-21,56,28.0,True,3542,2025-07-20,9,15
2025,2025-07-28,56,28.0,True,3570,2025-07-27,9,15
2025,2025-06-30,84,,False,6034,2025-06-29,9,1
2025,2025-07-07,84,,False,6051,2025-07-06,9,1
2025,2025-07-14,84,,False,5869,2025-07-12,9,1
2025,2025-07-21,84,,False,5532,2025-07-20,9,1
2025,2025-07-28,84,,False,5594,2025-07-27,9,1
2025,2025-06-30,84,14.0,False,6034,2025-06-29,9,1
2025,2025-07-07,84,14.0,False,6051,2025-07-06,9,1
2025,2025-07-14,84,14.0,False,5869,2025-07-12,9,1
2025,2025-07-21,84,14.0,False,5532,2025-07-20,9,1
2025,2025-07-28,84,14.0,False,5594,2025-07-27,9,1
2025,2025-06-30,84,28.0,False,6034,2025-06-29,9,1
2025,2025-07-07,84,28.0,False,6051,2025-07-06,9,1
2025,2025-07-14,84,28.0,False,5869,2025-07-12,9,1
2025,2025-07-21,84,28.0,False,5532,2025-07-20,9,1
2025,2025-07-28,84,28.0,False,5594,2025-07-27,9,1
2025,2025-06-30,84,28.0,True,6034,2025-06-29,9,15
2025,2025-07-07,84,28.0,True,6051,2025-07-06,9,15
2025,2025-07-14,84,28.0,True,5869,2025-07-12,9,15
2025,2025-07-21,84,28.0,True,5532,2025-07-20,9,15
2025,2025-07-28,84,28.0,True,5594,2025-07-27,9,15
2025,2025-06-30,56,7.0,False,4024,2025-06-29,9,1
2025,2025-07-07,56,7.0,False,4001,2025-07-06,9,1
2025,2025-07-14,56,7.0,False,3863,2025-07-12,9,1
2025,2025-07-21,56,7.0,False,3542,2025-07-20,9,1
2025,2025-07-28,56,7.0,False,3570,2025-07-27,9,1
2025,2025-06-30,56,10.0,False,4024,2025-06-29,9,1
2025,2025-07-07,56,10.0,False,4001,2025-07-06,9,1
2025,2025-07-14,56,10.0,False,3863,2025-07-12,9,1
2025,2025-07-21,56,10.0,False,3542,2025-07-20,9,1
2025,2025-07-28,56,10.0,False,3570,2025-07-27,9,1
2025,2025-06-30,56,21.0,False,4024,2025-06-29,9,1
2025,2025-07-07,56,21.0,False,4001,2025-07-06,9,1
2025,2025-07-14,56,21.0,False,3863,2025-07-12,9,1
2025,2025-07-21,56,21.0,False,3542,2025-07-20,9,1
2025,2025-07-28,56,21.0,False,3570,2025-07-27,9,1
2025,2025-06-30,84,7.0,False,6034,2025-06-29,9,1
2025,2025-07-07,84,7.0,False,6051,2025-07-06,9,1
2025,2025-07-14,84,7.0,False,5869,2025-07-12,9,1
2025,2025-07-21,84,7.0,False,5532,2025-07-20,9,1
2025,2025-07-28,84,7.0,False,5594,2025-07-27,9,1
2025,2025-06-30,84,10.0,False,6034,2025-06-29,9,1
2025,2025-07-07,84,10.0,False,6051,2025-07-06,9,1
2025,2025-07-14,84,10.0,False,5869,2025-07-12,9,1
2025,2025-07-21,84,10.0,False,5532,2025-07-20,9,1
2025,2025-07-28,84,10.0,False,5594,2025-07-27,9,1
2025,2025-06-30,84,21.0,False,6034,2025-06-29,9,1
2025,2025-07-07,84,21.0,False,6051,2025-07-06,9,1
2025,2025-07-14,84,21.0,False,5869,2025-07-12,9,1
2025,2025-07-21,84,21.0,False,5532,2025-07-20,9,1
2025,2025-07-28,84,21.0,False,5594,2025-07-27,9,1
2025,2025-06-30,112,7.0,False,7740,2025-06-29,9,1
2025,2025-07-07,112,7.0,False,7716,2025-07-06,9,1
2025,2025-07-14,112,7.0,False,7749,2025-07-12,9,1
2025,2025-07-21,112,7.0,False,7432,2025-07-20,9,1
2025,2025-07-28,112,7.0,False,7604,2025-07-27,9,1
2025,2025-06-30,112,10.0,False,7740,2025-06-29,9,1
2025,2025-07-07,112,10.0,False,7716,2025-07-06,9,1
2025,2025-07-14,112,10.0,False,7749,2025-07-12,9,1
2025,2025-07-21,112,10.0,False,7432,2025-07-20,9,1
2025,2025-07-28,112,10.0,False,7604,2025-07-27,9,1
2025,2025-06-30,112,21.0,False,7740,2025-06-29,9,1
2025,2025-07-07,112,21.0,False,7716,2025-07-06,9,1
2025,2025-07-14,112,21.0,False,7749,2025-07-12,9,1
2025,2025-07-21,112,21.0,False,7432,2025-07-20,9,1
2025,2025-07-28,112,21.0,False,7604,2025-07-27,9,1
2025,2025-06-30,112,14.0,False,7740,2025-06-29,9,1
2025,2025-07-07,112,14.0,False,7716,2025-07-06,9,1
2025,2025-07-14,112,14.0,False,7749,2025-07-12,9,1
2025,2025-07-21,112,14.0,False,7432,2025-07-20,9,1
2025,2025-07-28,112,14.0,False,7604,2025-07-27,9,1
2025,2025-06-30,84,3.5,False,6034,2025-06-29,9,1
2025,2025-07-07,84,3.5,False,6051,2025-07-06,9,1
2025,2025-07-14,84,3.5,False,5869,2025-07-12,9,1
2025,2025-07-21,84,3.5,False,5532,2025-07-20,9,1
2025,2025-07-28,84,3.5,False,5594,2025-07-27,9,1
2025,2025-06-30,28,7.0,False,2000,2025-06-29,9,1
2025,2025-07-07,28,7.0,False,1989,2025-07-06,9,1
2025,2025-07-14,28,7.0,False,1786,2025-07-12,9,1
2025,2025-07-21,28,7.0,False,1509,2025-07-20,9,1
2025,2025-07-28,28,7.0,False,1570,2025-07-27,9,1
2025,2025-06-30,84,14.0,True,6034,2025-06-29,9,15
2025,2025-07-07,84,14.0,True,6051,2025-07-06,9,15
2025,2025-07-14,84,14.0,True,5869,2025-07-12,9,15
2025,2025-07-21,84,14.0,True,5532,2025-07-20,9,15
2025,2025-07-28,84,14.0,True,5594,2025-07-27,9,15
2025,2025-07-01,84,3.5,False,6034,2025-06-29,9,1
2025,2025-07-02,84,3.5,False,6029,2025-07-01,9,1
2025,2025-07-03,84,3.5,False,6023,2025-07-02,9,1
2025,2025-07-04,84,3.5,False,6016,2025-07-03,9,1
2025,2025-07-05,84,3.5,False,6009,2025-07-04,9,1
2025,2025-07-06,84,3.5,False,6057,2025-07-05,9,1
2025,2025-07-08,84,3.5,False,6051,2025-07-06,9,1
2025,2025-07-09,84,3.5,False,6085,2025-07-08,9,1
2025,2025-07-10,84,3.5,False,6109,2025-07-09,9,1
2025,2025-07-12,84,3.5,False,6034,2025-07-10,9,1
2025,2025-07-18,84,3.5,False,5621,2025-07-12,9,1
2025,2025-07-19,84,3.5,False,5557,2025-07-18,9,1
2025,2025-07-20,84,3.5,False,5528,2025-07-19,9,1
2025,2025-07-22,84,3.5,False,5532,2025-07-20,9,1
2025,2025-07-23,84,3.5,False,5524,2025-07-22,9,1
2025,2025-07-24,84,3.5,False,5536,2025-07-23,9,1
2025,2025-07-25,84,3.5,False,5574,2025-07-24,9,1
2025,2025-07-26,84,3.5,False,5585,2025-07-25,9,1
2025,2025-07-27,84,3.5,False,5602,2025-07-26,9,1
2025,2025-07-29,84,3.5,False,5513,2025-07-27,9,1
2025,2025-07-30,84,3.5,False,5522,2025-07-29,9,1
2025,2025-07-31,84,3.5,False,5520,2025-07-30,9,1
2025,2025-07-01,56,7.0,False,3943,2025-06-29,9,1
2025,2025-07-02,56,7.0,False,3937,2025-07-01,9,1
2025,2025-07-03,56,7.0,False,3912,2025-07-02,9,1
2025,2025-07-04,56,7.0,False,3996,2025-07-03,9,1
2025,2025-07-05,56,7.0,False,4052,2025-07-04,9,1
2025,2025-07-06,56,7.0,False,4042,2025-07-05,9,1
2025,2025-07-08,56,7.0,False,4001,2025-07-06,9,1
2025,2025-07-09,56,7.0,False,4030,2025-07-08,9,1
2025,2025-07-10,56,7.0,False,4051,2025-07-09,9,1
2025,2025-07-12,56,7.0,False,4071,2025-07-10,9,1
2025,2025-07-18,56,7.0,False,3643,2025-07-12,9,1
2025,2025-07-19,56,7.0,False,3586,2025-07-18,9,1
2025,2025-07-20,56,7.0,False,3533,2025-07-19,9,1
2025,2025-07-22,56,7.0,False,3542,2025-07-20,9,1
2025,2025-07-23,56,7.0,False,3549,2025-07-22,9,1
2025,2025-07-24,56,7.0,False,3568,2025-07-23,9,1
2025,2025-07-25,56,7.0,False,3567,2025-07-24,9,1
2025,2025-07-26,56,7.0,False,3575,2025-07-25,9,1
2025,2025-07-27,56,7.0,False,3580,2025-07-26,9,1
2025,2025-07-29,56,7.0,False,3570,2025-07-27,9,1
2025,2025-07-30,56,7.0,False,3577,2025-07-29,9,1
2025,2025-07-31,56,7.0,False,3590,2025-07-30,9,1
2025,2025-07-02,56,14.0,False,3937,2025-07-01,9,1
2025,2025-07-03,56,14.0,False,3912,2025-07-02,9,1
2025,2025-07-04,56,14.0,False,3996,2025-07-03,9,1
2025,2025-07-05,56,14.0,False,4052,2025-07-04,9,1
2025,2025-07-06,56,14.0,False,4042,2025-07-05,9,1
2025,2025-07-08,56,14.0,False,4001,2025-07-06,9,1
2025,2025-07-09,56,14.0,False,4030,2025-07-08,9,1
2025,2025-07-10,56,14.0,False,4051,2025-07-09,9,1
2025,2025-07-12,56,14.0,False,4071,2025-07-10,9,1
2025,2025-07-18,56,14.0,False,3643,2025-07-12,9,1
2025,2025-07-19,56,14.0,False,3586,2025-07-18,9,1
2025,2025-07-20,56,14.0,False,3533,2025-07-19,9,1
2025,2025-07-22,56,14.0,False,3542,2025-07-20,9,1
2025,2025-07-23,56,14.0,False,3549,2025-07-22,9,1
2025,2025-07-24,56,14.0,False,3568,2025-07-23,9,1
2025,2025-07-25,56,14.0,False,3567,2025-07-24,9,1
2025,2025-07-26,56,14.0,False,3575,2025-07-25,9,1
2025,2025-07-27,56,14.0,False,3580,2025-07-26,9,1
2025,2025-07-29,56,14.0,False,3570,2025-07-27,9,1
2025,2025-07-30,56,14.0,False,3577,2025-07-29,9,1
2025,2025-07-31,56,14.0,False,3590,2025-07-30,9,1
2025,2025-07-02,56,28.0,False,3937,2025-07-01,9,1
2025,2025-07-03,56,28.0,False,3912,2025-07-02,9,1
2025,2025-07-04,56,28.0,False,3996,2025-07-03,9,1
2025,2025-07-05,56,28.0,False,4052,2025-07-04,9,1
2025,2025-07-06,56,28.0,False,4042,2025-07-05,9,1
2025,2025-07-08,56,28.0,False,4001,2025-07-06,9,1
2025,2025-07-09,56,28.0,False,4030,2025-07-08,9,1
2025,2025-07-10,56,28.0,False,4051,2025-07-09,9,1
2025,2025-07-12,56,28.0,False,4071,2025-07-10,9,1
2025,2025-07-18,56,28.0,False,3643,2025-07-12,9,1
2025,2025-07-19,56,28.0,False,3586,2025-07-18,9,1
2025,2025-07-20,56,28.0,False,3533,2025-07-19,9,1
2025,2025-07-22,56,28.0,False,3542,2025-07-20,9,1
2025,2025-07-23,56,28.0,False,3549,2025-07-22,9,1
2025,2025-07-24,56,28.0,False,3568,2025-07-23,9,1
2025,2025-07-25,56,28.0,False,3567,2025-07-24,9,1
2025,2025-07-26,56,28.0,False,3575,2025-07-25,9,1
2025,2025-07-27,56,28.0,False,3580,2025-07-26,9,1
2025,2025-07-29,56,28.0,False,3570,2025-07-27,9,1
2025,2025-07-30,56,28.0,False,3577,2025-07-29,9,1
2025,2025-07-31,56,28.0,False,3590,2025-07-30,9,1
2025,2025-07-01,84,7.0,False,6034,2025-06-29,9,1
2025,2025-07-02,84,7.0,False,6029,2025-07-01,9,1
2025,2025-07-03,84,7.0,False,6023,2025-07-02,9,1
2025,2025-07-04,84,7.0,False,6016,2025-07-03,9,1
2025,2025-07-05,84,7.0,False,6009,2025-07-04,9,1
2025,2025-07-06,84,7.0,False,6057,2025-07-05,9,1
2025,2025-07-08,84,7.0,False,6051,2025-07-06,9,1
2025,2025-07-09,84,7.0,False,6085,2025-07-08,9,1
2025,2025-07-10,84,7.0,False,6109,2025-07-09,9,1
2025,2025-07-12,84,7.0,False,6034,2025-07-10,9,1
2025,2025-07-18,84,7.0,False,5621,2025-07-12,9,1
2025,2025-07-19,84,7.0,False,5557,2025-07-18,9,1
2025,2025-07-20,84,7.0,False,5528,2025-07-19,9,1
2025,2025-07-22,84,7.0,False,5532,2025-07-20,9,1
2025,2025-07-23,84,7.0,False,5524,2025-07-22,9,1
2025,2025-07-24,84,7.0,False,5536,2025-07-23,9,1
2025,2025-07-25,84,7.0,False,5574,2025-07-24,9,1
2025,2025-07-26,84,7.0,False,5585,2025-07-25,9,1
2025,2025-07-27,84,7.0,False,5602,2025-07-26,9,1
2025,2025-07-29,84,7.0,False,5513,2025-07-27,9,1
2025,2025-07-30,84,7.0,False,5522,2025-07-29,9,1
2025,2025-07-31,84,7.0,False,5520,2025-07-30,9,1
2025,2025-07-02,84,14.0,False,6029,2025-07-01,9,1
2025,2025-07-03,84,14.0,False,6023,2025-07-02,9,1
2025,2025-07-04,84,14.0,False,6016,2025-07-03,9,1
2025,2025-07-05,84,14.0,False,6009,2025-07-04,9,1
2025,2025-07-06,84,14.0,False,6057,2025-07-05,9,1
2025,2025-07-08,84,14.0,False,6051,2025-07-06,9,1
2025,2025-07-09,84,14.0,False,6085,2025-07-08,9,1
2025,2025-07-10,84,14.0,False,6109,2025-07-09,9,1
2025,2025-07-12,84,14.0,False,6034,2025-07-10,9,1
2025,2025-07-18,84,14.0,False,5621,2025-07-12,9,1
2025,2025-07-19,84,14.0,False,5557,2025-07-18,9,1
2025,2025-07-20,84,14.0,False,5528,2025-07-19,9,1
2025,2025-07-22,84,14.0,False,5532,2025-07-20,9,1
2025,2025-07-23,84,14.0,False,5524,2025-07-22,9,1
2025,2025-07-24,84,14.0,False,5536,2025-07-23,9,1
2025,2025-07-25,84,14.0,False,5574,2025-07-24,9,1
2025,2025-07-26,84,14.0,False,5585,2025-07-25,9,1
2025,2025-07-27,84,14.0,False,5602,2025-07-26,9,1
2025,2025-07-29,84,14.0,False,5513,2025-07-27,9,1
2025,2025-07-30,84,14.0,False,5522,2025-07-29,9,1
2025,2025-07-31,84,14.0,False,5520,2025-07-30,9,1
2025,2025-07-02,84,28.0,False,6029,2025-07-01,9,1
2025,2025-07-03,84,28.0,False,6023,2025-07-02,9,1
2025,2025-07-04,84,28.0,False,6016,2025-07-03,9,1
2025,2025-07-05,84,28.0,False,6009,2025-07-04,9,1
2025,2025-07-06,84,28.0,False,6057,2025-07-05,9,1
2025,2025-07-08,84,28.0,False,6051,2025-07-06,9,1
2025,2025-07-09,84,28.0,False,6085,2025-07-08,9,1
2025,2025-07-10,84,28.0,False,6109,2025-07-09,9,1
2025,2025-07-12,84,28.0,False,6034,2025-07-10,9,1
2025,2025-07-18,84,28.0,False,5621,2025-07-12,9,1
2025,2025-07-19,84,28.0,False,5557,2025-07-18,9,1
2025,2025-07-20,84,28.0,False,5528,2025-07-19,9,1
2025,2025-07-22,84,28.0,False,5532,2025-07-20,9,1
2025,2025-07-23,84,28.0,False,5524,2025-07-22,9,1
2025,2025-07-24,84,28.0,False,5536,2025-07-23,9,1
2025,2025-07-25,84,28.0,False,5574,2025-07-24,9,1
2025,2025-07-26,84,28.0,False,5585,2025-07-25,9,1
2025,2025-07-27,84,28.0,False,5602,2025-07-26,9,1
2025,2025-07-29,84,28.0,False,5513,2025-07-27,9,1
2025,2025-07-30,84,28.0,False,5522,2025-07-29,9,1
2025,2025-07-31,84,28.0,False,5520,2025-07-30,9,1
2025,2025-08-01,28,,False,1615,2025-07-31,9,1
2025,2025-08-01,28,14.0,False,1615,2025-07-31,9,1
2025,2025-08-01,28,28.0,False,1615,2025-07-31,9,1
2025,2025-08-01,28,28.0,True,1615,2025-07-31,9,15
2025,2025-08-01,56,,False,3592,2025-07-31,9,1
2025,2025-08-01,56,14.0,False,3592,2025-07-31,9,1
2025,2025-08-01,56,28.0,False,3592,2025-07-31,9,1
2025,2025-08-01,56,28.0,True,3592,2025-07-31,9,15
2025,2025-08-01,84,,False,5611,2025-07-31,9,1
2025,2025-08-01,84,14.0,False,5611,2025-07-31,9,1
2025,2025-08-01,84,28.0,False,5611,2025-07-31,9,1
2025,2025-08-01,84,28.0,True,5611,2025-07-31,9,15
2025,2025-08-04,28,,False,1559,2025-08-03,7,1
2025,2025-08-11,28,,False,1774,2025-08-10,9,1
2025,2025-08-18,28,,False,2078,2025-08-17,9,1
2025,2025-08-25,28,,False,2087,2025-08-24,9,1
2025,2025-08-04,28,14.0,False,1559,2025-08-03,7,1
2025,2025-08-11,28,14.0,False,1774,2025-08-10,9,1
2025,2025-08-18,28,14.0,False,2078,2025-08-17,9,1
2025,2025-08-25,28,14.0,False,2087,2025-08-24,9,1
2025,2025-08-04,28,28.0,False,1559,2025-08-03,7,1
2025,2025-08-11,28,28.0,False,1774,2025-08-10,9,1
2025,2025-08-18,28,28.0,False,2078,2025-08-17,9,1
2025,2025-08-25,28,28.0,False,2087,2025-08-24,9,1
2025,2025-08-04,28,28.0,True,1559,2025-08-03,7,15
2025,2025-08-11,28,28.0,True,1774,2025-08-10,9,15
2025,2025-08-18,28,28.0,True,2078,2025-08-17,9,15
2025,2025-08-25,28,28.0,True,2087,2025-08-24,9,15
2025,2025-08-04,56,,False,3548,2025-08-03,9,1
2025,2025-08-11,56,,False,3560,2025-08-10,9,1
2025,2025-08-18,56,,False,3587,2025-08-17,9,1
2025,2025-08-25,56,,False,3657,2025-08-24,9,1
2025,2025-08-04,56,14.0,False,3548,2025-08-03,9,1
2025,2025-08-11,56,14.0,False,3560,2025-08-10,9,1
2025,2025-08-18,56,14.0,False,3587,2025-08-17,9,1
2025,2025-08-25,56,14.0,False,3657,2025-08-24,9,1
2025,2025-08-04,56,28.0,False,3548,2025-08-03,9,1
2025,2025-08-11,56,28.0,False,3560,2025-08-10,9,1
2025,2025-08-18,56,28.0,False,3587,2025-08-17,9,1
2025,2025-08-25,56,28.0,False,3657,2025-08-24,9,1
2025,2025-08-04,56,28.0,True,3548,2025-08-03,9,15
2025,2025-08-11,56,28.0,True,3560,2025-08-10,9,15
2025,2025-08-18,56,28.0,True,3587,2025-08-17,9,15
2025,2025-08-25,56,28.0,True,3657,2025-08-24,9,15
2025,2025-08-04,84,,False,5560,2025-08-03,9,1
2025,2025-08-11,84,,False,5637,2025-08-10,9,1
2025,2025-08-18,84,,False,5620,2025-08-17,9,1
2025,2025-08-25,84,,False,5657,2025-08-24,9,1
2025,2025-08-04,84,14.0,False,5560,2025-08-03,9,1
2025,2025-08-11,84,14.0,False,5637,2025-08-10,9,1
2025,2025-08-18,84,14.0,False,5620,2025-08-17,9,1
2025,2025-08-25,84,14.0,False,5657,2025-08-24,9,1
2025,2025-08-04,84,28.0,False,5560,2025-08-03,9,1
2025,2025-08-11,84,28.0,False,5637,2025-08-10,9,1
2025,2025-08-18,84,28.0,False,5620,2025-08-17,9,1
2025,2025-08-25,84,28.0,False,5657,2025-08-24,9,1
2025,2025-08-04,84,28.0,True,5560,2025-08-03,9,15
2025,2025-08-11,84,28.0,True,5637,2025-08-10,9,15
2025,2025-08-18,84,28.0,True,5620,2025-08-17,9,15
2025,2025-08-25,84,28.0,True,5657,2025-08-24,9,15
2025,2025-08-04,56,7.0,False,3548,2025-08-03,9,1
2025,2025-08-11,56,7.0,False,3560,2025-08-10,9,1
2025,2025-08-18,56,7.0,False,3587,2025-08-17,9,1
2025,2025-08-25,56,7.0,False,3657,2025-08-24,9,1
2025,2025-08-04,56,10.0,False,3548,2025-08-03,9,1
2025,2025-08-11,56,10.0,False,3560,2025-08-10,9,1
2025,2025-08-18,56,10.0,False,3587,2025-08-17,9,1
2025,2025-08-25,56,10.0,False,3657,2025-08-24,9,1
2025,2025-08-04,56,21.0,False,3548,2025-08-03,9,1
2025,2025-08-11,56,21.0,False,3560,2025-08-10,9,1
2025,2025-08-18,56,21.0,False,3587,2025-08-17,9,1
2025,2025-08-25,56,21.0,False,3657,2025-08-24,9,1
2025,2025-08-04,84,7.0,False,5560,2025-08-03,9,1
2025,2025-08-11,84,7.0,False,5637,2025-08-10,9,1
2025,2025-08-18,84,7.0,False,5620,2025-08-17,9,1
2025,2025-08-25,84,7.0,False,5657,2025-08-24,9,1
2025,2025-08-04,84,10.0,False,5560,2025-08-03,9,1
2025,2025-08-11,84,10.0,False,5637,2025-08-10,9,1
2025,2025-08-18,84,10.0,False,5620,2025-08-17,9,1
2025,2025-08-25,84,10.0,False,5657,2025-08-24,9,1
2025,2025-08-04,84,21.0,False,5560,2025-08-03,9,1
2025,2025-08-11,84,21.0,False,5637,2025-08-10,9,1
2025,2025-08-18,84,21.0,False,5620,2025-08-17,9,1
2025,2025-08-25,84,21.0,False,5657,2025-08-24,9,1
2025,2025-08-04,112,7.0,False,7610,2025-08-03,9,1
2025,2025-08-11,112,7.0,False,7643,2025-08-10,9,1
2025,2025-08-18,112,7.0,False,7610,2025-08-17,9,1
2025,2025-08-25,112,7.0,False,7681,2025-08-24,9,1
2025,2025-08-04,112,10.0,False,7610,2025-08-03,9,1
2025,2025-08-11,112,10.0,False,7643,2025-08-10,9,1
2025,2025-08-18,112,10.0,False,7610,2025-08-17,9,1
2025,2025-08-25,112,10.0,False,7681,2025-08-24,9,1
2025,2025-08-04,112,21.0,False,7610,2025-08-03,9,1
2025,2025-08-11,112,21.0,False,7643,2025-08-10,9,1
2025,2025-08-18,112,21.0,False,7610,2025-08-17,9,1
2025,2025-08-25,112,21.0,False,7681,2025-08-24,9,1
2025,2025-08-04,112,14.0,False,7610,2025-08-03,9,1
2025,2025-08-11,112,14.0,False,7643,2025-08-10,9,1
2025,2025-08-18,112,14.0,False,7610,2025-08-17,9,1
2025,2025-08-25,112,14.0,False,7681,2025-08-24,9,1
2025,2025-08-04,84,3.5,False,5560,2025-08-03,9,1
2025,2025-08-11,84,3.5,False,5637,2025-08-10,9,1
2025,2025-08-18,84,3.5,False,5620,2025-08-17,9,1
2025,2025-08-25,84,3.5,False,5657,2025-08-24,9,1
2025,2025-08-04,28,7.0,False,1559,2025-08-03,7,1
2025,2025-08-11,28,7.0,False,1774,2025-08-10,9,1
2025,2025-08-18,28,7.0,False,2078,2025-08-17,9,1
2025,2025-08-25,28,7.0,False,2087,2025-08-24,9,1
2025,2025-08-04,84,14.0,True,5560,2025-08-03,9,15
2025,2025-08-11,84,14.0,True,5637,2025-08-10,9,15
2025,2025-08-18,84,14.0,True,5620,2025-08-17,9,15
2025,2025-08-25,84,14.0,True,5657,2025-08-24,9,15
2025,2025-08-01,84,3.5,False,5611,2025-07-31,9,1
2025,2025-08-02,84,3.5,False,5663,2025-08-01,9,1
2025,2025-08-03,84,3.5,False,5628,2025-08-02,9,1
2025,2025-08-05,84,3.5,False,5560,2025-08-03,9,1
2025,2025-08-06,84,3.5,False,5576,2025-08-05,9,1
2025,2025-08-07,84,3.5,False,5611,2025-08-06,9,1
2025,2025-08-08,84,3.5,False,5640,2025-08-07,9,1
2025,2025-08-09,84,3.5,False,5719,2025-08-08,9,1
2025,2025-08-10,84,3.5,False,5622,2025-08-09,9,1
2025,2025-08-12,84,3.5,False,5637,2025-08-10,9,1
2025,2025-08-13,84,3.5,False,5643,2025-08-12,9,1
2025,2025-08-14,84,3.5,False,5612,2025-08-13,9,1
2025,2025-08-15,84,3.5,False,5611,2025-08-14,9,1
2025,2025-08-16,84,3.5,False,5625,2025-08-15,9,1
2025,2025-08-17,84,3.5,False,5609,2025-08-16,9,1
2025,2025-08-19,84,3.5,False,5620,2025-08-17,9,1
2025,2025-08-20,84,3.5,False,5636,2025-08-19,9,1
2025,2025-08-21,84,3.5,False,5645,2025-08-20,9,1
2025,2025-08-22,84,3.5,False,5649,2025-08-21,9,1
2025,2025-08-23,84,3.5,False,5656,2025-08-22,9,1
2025,2025-08-24,84,3.5,False,5654,2025-08-23,9,1
2025,2025-08-26,84,3.5,False,5657,2025-08-24,9,1
2025,2025-08-27,84,3.5,False,5653,2025-08-26,9,1
2025,2025-08-28,84,3.5,False,5663,2025-08-27,9,1
2025,2025-08-29,84,3.5,False,5688,2025-08-28,9,1
2025,2025-08-30,84,3.5,False,5700,2025-08-29,9,1
2025,2025-08-31,84,3.5,False,5716,2025-08-30,9,1
2025,2025-08-01,56,7.0,False,3592,2025-07-31,9,1
2025,2025-08-02,56,7.0,False,3581,2025-08-01,9,1
2025,2025-08-03,56,7.0,False,3575,2025-08-02,9,1
2025,2025-08-05,56,7.0,False,3548,2025-08-03,9,1
2025,2025-08-06,56,7.0,False,3541,2025-08-05,9,1
2025,2025-08-07,56,7.0,False,3556,2025-08-06,9,1
2025,2025-08-08,56,7.0,False,3536,2025-08-07,9,1
2025,2025-08-09,56,7.0,False,3606,2025-08-08,9,1
2025,2025-08-10,56,7.0,False,3552,2025-08-09,9,1
2025,2025-08-12,56,7.0,False,3560,2025-08-10,9,1
2025,2025-08-13,56,7.0,False,3553,2025-08-12,9,1
2025,2025-08-14,56,7.0,False,3497,2025-08-13,9,1
2025,2025-08-15,56,7.0,False,3465,2025-08-14,9,1
2025,2025-08-16,56,7.0,False,3549,2025-08-15,9,1
2025,2025-08-17,56,7.0,False,3578,2025-08-16,9,1
2025,2025-08-19,56,7.0,False,3587,2025-08-17,9,1
2025,2025-08-20,56,7.0,False,3638,2025-08-19,9,1
2025,2025-08-21,56,7.0,False,3670,2025-08-20,9,1
2025,2025-08-22,56,7.0,False,3653,2025-08-21,9,1
2025,2025-08-23,56,7.0,False,3666,2025-08-22,9,1
2025,2025-08-24,56,7.0,False,3664,2025-08-23,9,1
2025,2025-08-26,56,7.0,False,3657,2025-08-24,9,1
2025,2025-08-27,56,7.0,False,3661,2025-08-26,9,1
2025,2025-08-28,56,7.0,False,3681,2025-08-27,9,1
2025,2025-08-29,56,7.0,False,3711,2025-08-28,9,1
2025,2025-08-30,56,7.0,False,3730,2025-08-29,9,1
2025,2025-08-31,56,7.0,False,3727,2025-08-30,9,1
2025,2025-08-02,56,14.0,False,3581,2025-08-01,9,1
2025,2025-08-03,56,14.0,False,3575,2025-08-02,9,1
2025,2025-08-05,56,14.0,False,3548,2025-08-03,9,1
2025,2025-08-06,56,14.0,False,3541,2025-08-05,9,1
2025,2025-08-07,56,14.0,False,3556,2025-08-06,9,1
2025,2025-08-08,56,14.0,False,3536,2025-08-07,9,1
2025,2025-08-09,56,14.0,False,3606,2025-08-08,9,1
2025,2025-08-10,56,14.0,False,3552,2025-08-09,9,1
2025,2025-08-12,56,14.0,False,3560,2025-08-10,9,1
2025,2025-08-13,56,14.0,False,3553,2025-08-12,9,1
2025,2025-08-14,56,14.0,False,3497,2025-08-13,9,1
2025,2025-08-15,56,14.0,False,3465,2025-08-14,9,1
2025,2025-08-16,56,14.0,False,3549,2025-08-15,9,1
2025,2025-08-17,56,14.0,False,3578,2025-08-16,9,1
2025,2025-08-19,56,14.0,False,3587,2025-08-17,9,1
2025,2025-08-20,56,14.0,False,3638,2025-08-19,9,1
2025,2025-08-21,56,14.0,False,3670,2025-08-20,9,1
2025,2025-08-22,56,14.0,False,3653,2025-08-21,9,1
2025,2025-08-23,56,14.0,False,3666,2025-08-22,9,1
2025,2025-08-24,56,14.0,False,3664,2025-08-23,9,1
2025,2025-08-26,56,14.0,False,3657,2025-08-24,9,1
2025,2025-08-27,56,14.0,False,3661,2025-08-26,9,1
2025,2025-08-28,56,14.0,False,3681,2025-08-27,9,1
2025,2025-08-29,56,14.0,False,3711,2025-08-28,9,1
2025,2025-08-30,56,14.0,False,3730,2025-08-29,9,1
2025,2025-08-31,56,14.0,False,3727,2025-08-30,9,1
2025,2025-08-02,56,28.0,False,3581,2025-08-01,9,1
2025,2025-08-03,56,28.0,False,3575,2025-08-02,9,1
2025,2025-08-05,56,28.0,False,3548,2025-08-03,9,1
2025,2025-08-06,56,28.0,False,3541,2025-08-05,9,1
2025,2025-08-07,56,28.0,False,3556,2025-08-06,9,1
2025,2025-08-08,56,28.0,False,3536,2025-08-07,9,1
2025,2025-08-09,56,28.0,False,3606,2025-08-08,9,1
2025,2025-08-10,56,28.0,False,3552,2025-08-09,9,1
2025,2025-08-12,56,28.0,False,3560,2025-08-10,9,1
2025,2025-08-13,56,28.0,False,3553,2025-08-12,9,1
2025,2025-08-14,56,28.0,False,3497,2025-08-13,9,1
2025,2025-08-15,56,28.0,False,3465,2025-08-14,9,1
2025,2025-08-16,56,28.0,False,3549,2025-08-15,9,1
2025,2025-08-17,56,28.0,False,3578,2025-08-16,9,1
2025,2025-08-19,56,28.0,False,3587,2025-08-17,9,1
2025,2025-08-20,56,28.0,False,3638,2025-08-19,9,1
2025,2025-08-21,56,28.0,False,3670,2025-08-20,9,1
2025,2025-08-22,56,28.0,False,3653,2025-08-21,9,1
2025,2025-08-23,56,28.0,False,3666,2025-08-22,9,1
2025,2025-08-24,56,28.0,False,3664,2025-08-23,9,1
2025,2025-08-26,56,28.0,False,3657,2025-08-24,9,1
2025,2025-08-27,56,28.0,False,3661,2025-08-26,9,1
2025,2025-08-28,56,28.0,False,3681,2025-08-27,9,1
2025,2025-08-29,56,28.0,False,3711,2025-08-28,9,1
2025,2025-08-30,56,28.0,False,3730,2025-08-29,9,1
2025,2025-08-31,56,28.0,False,3727,2025-08-30,9,1
2025,2025-08-01,84,7.0,False,5611,2025-07-31,9,1
2025,2025-08-02,84,7.0,False,5663,2025-08-01,9,1
2025,2025-08-03,84,7.0,False,5628,2025-08-02,9,1
2025,2025-08-05,84,7.0,False,5560,2025-08-03,9,1
2025,2025-08-06,84,7.0,False,5576,2025-08-05,9,1
2025,2025-08-07,84,7.0,False,5611,2025-08-06,9,1
2025,2025-08-08,84,7.0,False,5640,2025-08-07,9,1
2025,2025-08-09,84,7.0,False,5719,2025-08-08,9,1
2025,2025-08-10,84,7.0,False,5622,2025-08-09,9,1
2025,2025-08-12,84,7.0,False,5637,2025-08-10,9,1
2025,2025-08-13,84,7.0,False,5643,2025-08-12,9,1
2025,2025-08-14,84,7.0,False,5612,2025-08-13,9,1
2025,2025-08-15,84,7.0,False,5611,2025-08-14,9,1
2025,2025-08-16,84,7.0,False,5625,2025-08-15,9,1
2025,2025-08-17,84,7.0,False,5609,2025-08-16,9,1
2025,2025-08-19,84,7.0,False,5620,2025-08-17,9,1
2025,2025-08-20,84,7.0,False,5636,2025-08-19,9,1
2025,2025-08-21,84,7.0,False,5645,2025-08-20,9,1
2025,2025-08-22,84,7.0,False,5649,2025-08-21,9,1
2025,2025-08-23,84,7.0,False,5656,2025-08-22,9,1
2025,2025-08-24,84,7.0,False,5654,2025-08-23,9,1
2025,2025-08-26,84,7.0,False,5657,2025-08-24,9,1
2025,2025-08-27,84,7.0,False,5653,2025-08-26,9,1
2025,2025-08-28,84,7.0,False,5663,2025-08-27,9,1
2025,2025-08-29,84,7.0,False,5688,2025-08-28,9,1
2025,2025-08-30,84,7.0,False,5700,2025-08-29,9,1
2025,2025-08-31,84,7.0,False,5716,2025-08-30,9,1
2025,2025-08-02,84,14.0,False,5663,2025-08-01,9,1
2025,2025-08-03,84,14.0,False,5628,2025-08-02,9,1
2025,2025-08-05,84,14.0,False,5560,2025-08-03,9,1
2025,2025-08-06,84,14.0,False,5576,2025-08-05,9,1
2025,2025-08-07,84,14.0,False,5611,2025-08-06,9,1
2025,2025-08-08,84,14.0,False,5640,2025-08-07,9,1
2025,2025-08-09,84,14.0,False,5719,2025-08-08,9,1
2025,2025-08-10,84,14.0,False,5622,2025-08-09,9,1
2025,2025-08-12,84,14.0,False,5637,2025-08-10,9,1
2025,2025-08-13,84,14.0,False,5643,2025-08-12,9,1
2025,2025-08-14,84,14.0,False,5612,2025-08-13,9,1
2025,2025-08-15,84,14.0,False,5611,2025-08-14,9,1
2025,2025-08-16,84,14.0,False,5625,2025-08-15,9,1
2025,2025-08-17,84,14.0,False,5609,2025-08-16,9,1
2025,2025-08-19,84,14.0,False,5620,2025-08-17,9,1
2025,2025-08-20,84,14.0,False,5636,2025-08-19,9,1
2025,2025-08-21,84,14.0,False,5645,2025-08-20,9,1
2025,2025-08-22,84,14.0,False,5649,2025-08-21,9,1
2025,2025-08-23,84,14.0,False,5656,2025-08-22,9,1
2025,2025-08-24,84,14.0,False,5654,2025-08-23,9,1
2025,2025-08-26,84,14.0,False,5657,2025-08-24,9,1
2025,2025-08-27,84,14.0,False,5653,2025-08-26,9,1
2025,2025-08-28,84,14.0,False,5663,2025-08-27,9,1
2025,2025-08-29,84,14.0,False,5688,2025-08-28,9,1
2025,2025-08-30,84,14.0,False,5700,2025-08-29,9,1
2025,2025-08-31,84,14.0,False,5716,2025-08-30,9,1
2025,2025-08-02,84,28.0,False,5663,2025-08-01,9,1
2025,2025-08-03,84,28.0,False,5628,2025-08-02,9,1
2025,2025-08-05,84,28.0,False,5560,2025-08-03,9,1
2025,2025-08-06,84,28.0,False,5576,2025-08-05,9,1
2025,2025-08-07,84,28.0,False,5611,2025-08-06,9,1
2025,2025-08-08,84,28.0,False,5640,2025-08-07,9,1
2025,2025-08-09,84,28.0,False,5719,2025-08-08,9,1
2025,2025-08-10,84,28.0,False,5622,2025-08-09,9,1
2025,2025-08-12,84,28.0,False,5637,2025-08-10,9,1
2025,2025-08-13,84,28.0,False,5643,2025-08-12,9,1
2025,2025-08-14,84,28.0,False,5612,2025-08-13,9,1
2025,2025-08-15,84,28.0,False,5611,2025-08-14,9,1
2025,2025-08-16,84,28.0,False,5625,2025-08-15,9,1
2025,2025-08-17,84,28.0,False,5609,2025-08-16,9,1
2025,2025-08-19,84,28.0,False,5620,2025-08-17,9,1
2025,2025-08-20,84,28.0,False,5636,2025-08-19,9,1
2025,2025-08-21,84,28.0,False,5645,2025-08-20,9,1
2025,2025-08-22,84,28.0,False,5649,2025-08-21,9,1
2025,2025-08-23,84,28.0,False,5656,2025-08-22,9,1
2025,2025-08-24,84,28.0,False,5654,2025-08-23,9,1
2025,2025-08-26,84,28.0,False,5657,2025-08-24,9,1
2025,2025-08-27,84,28.0,False,5653,2025-08-26,9,1
2025,2025-08-28,84,28.0,False,5663,2025-08-27,9,1
2025,2025-08-29,84,28.0,False,5688,2025-08-28,9,1
2025,2025-08-30,84,28.0,False,5700,2025-08-29,9,1
2025,2025-08-31,84,28.0,False,5716,2025-08-30,9,1
2025,2025-09-01,28,,False,2179,2025-08-31,9,1
2025,2025-09-01,28,14.0,False,2179,2025-08-31,9,1
2025,2025-09-01,28,28.0,False,2179,2025-08-31,9,1
2025,2025-09-01,28,28.0,True,2179,2025-08-31,9,15
2025,2025-09-01,56,,False,3738,2025-08-31,9,1
2025,2025-09-01,56,14.0,False,3738,2025-08-31,9,1
2025,2025-09-01,56,28.0,False,3738,2025-08-31,9,1
2025,2025-09-01,56,28.0,True,3738,2025-08-31,9,15
2025,2025-09-01,84,,False,5727,2025-08-31,9,1
2025,2025-09-01,84,14.0,False,5727,2025-08-31,9,1
2025,2025-09-01,84,28.0,False,5727,2025-08-31,9,1
2025,2025-09-01,84,28.0,True,5727,2025-08-31,9,15
2025,2025-09-08,28,,False,2030,2025-09-07,9,1
2025,2025-09-15,28,,False,1956,2025-09-14,9,1
2025,2025-09-22,28,,False,1860,2025-09-21,9,1
2025,2025-09-29,28,,False,1596,2025-09-28,8,1
2025,2025-09-08,28,14.0,False,2030,2025-09-07,9,1
2025,2025-09-15,28,14.0,False,1956,2025-09-14,9,1
2025,2025-09-22,28,14.0,False,1860,2025-09-21,9,1
2025,2025-09-29,28,14.0,False,1596,2025-09-28,8,1
2025,2025-09-08,28,28.0,False,2030,2025-09-07,9,1
2025,2025-09-15,28,28.0,False,1956,2025-09-14,9,1
2025,2025-09-22,28,28.0,False,1860,2025-09-21,9,1
2025,2025-09-29,28,28.0,False,1596,2025-09-28,8,1
2025,2025-09-08,28,28.0,True,2030,2025-09-07,9,15
2025,2025-09-15,28,28.0,True,1956,2025-09-14,9,15
2025,2025-09-22,28,28.0,True,1860,2025-09-21,9,15
2025,2025-09-29,28,28.0,True,1596,2025-09-28,8,15
2025,2025-09-08,56,,False,3804,2025-09-07,9,1
2025,2025-09-15,56,,False,4034,2025-09-14,9,1
2025,2025-09-22,56,,False,3947,2025-09-21,9,1
2025,2025-09-29,56,,False,3775,2025-09-28,9,1
2025,2025-09-08,56,14.0,False,3804,2025-09-07,9,1
2025,2025-09-15,56,14.0,False,4034,2025-09-14,9,1
2025,2025-09-22,56,14.0,False,3947,2025-09-21,9,1
2025,2025-09-29,56,14.0,False,3775,2025-09-28,9,1
2025,2025-09-08,56,28.0,False,3804,2025-09-07,9,1
2025,2025-09-15,56,28.0,False,4034,2025-09-14,9,1
2025,2025-09-22,56,28.0,False,3947,2025-09-21,9,1
2025,2025-09-29,56,28.0,False,3775,2025-09-28,9,1
2025,2025-09-08,56,28.0,True,3804,2025-09-07,9,15
2025,2025-09-15,56,28.0,True,4034,2025-09-14,9,15
2025,2025-09-22,56,28.0,True,3947,2025-09-21,9,15
2025,2025-09-29,56,28.0,True,3775,2025-09-28,9,15
2025,2025-09-08,84,,False,5590,2025-09-07,9,1
2025,2025-09-15,84,,False,5543,2025-09-14,9,1
2025,2025-09-22,84,,False,5517,2025-09-21,9,1
2025,2025-09-29,84,,False,5334,2025-09-28,9,1
2025,2025-09-08,84,14.0,False,5590,2025-09-07,9,1
2025,2025-09-15,84,14.0,False,5543,2025-09-14,9,1
2025,2025-09-22,84,14.0,False,5517,2025-09-21,9,1
2025,2025-09-29,84,14.0,False,5334,2025-09-28,9,1
2025,2025-09-08,84,28.0,False,5590,2025-09-07,9,1
2025,2025-09-15,84,28.0,False,5543,2025-09-14,9,1
2025,2025-09-22,84,28.0,False,5517,2025-09-21,9,1
2025,2025-09-29,84,28.0,False,5334,2025-09-28,9,1
2025,2025-09-08,84,28.0,True,5590,2025-09-07,9,15
2025,2025-09-15,84,28.0,True,5543,2025-09-14,9,15
2025,2025-09-22,84,28.0,True,5517,2025-09-21,9,15
2025,2025-09-29,84,28.0,True,5334,2025-09-28,9,15
2025,2025-09-01,56,7.0,False,3738,2025-08-31,9,1
2025,2025-09-08,56,7.0,False,3804,2025-09-07,9,1
2025,2025-09-15,56,7.0,False,4034,2025-09-14,9,1
2025,2025-09-22,56,7.0,False,3947,2025-09-21,9,1
2025,2025-09-29,56,7.0,False,3775,2025-09-28,9,1
2025,2025-09-01,56,10.0,False,3738,2025-08-31,9,1
2025,2025-09-08,56,10.0,False,3804,2025-09-07,9,1
2025,2025-09-15,56,10.0,False,4034,2025-09-14,9,1
2025,2025-09-22,56,10.0,False,3947,2025-09-21,9,1
2025,2025-09-29,56,10.0,False,3775,2025-09-28,9,1
2025,2025-09-01,56,21.0,False,3738,2025-08-31,9,1
2025,2025-09-08,56,21.0,False,3804,2025-09-07,9,1
2025,2025-09-15,56,21.0,False,4034,2025-09-14,9,1
2025,2025-09-22,56,21.0,False,3947,2025-09-21,9,1
2025,2025-09-29,56,21.0,False,3775,2025-09-28,9,1
2025,2025-09-01,84,7.0,False,5727,2025-08-31,9,1
2025,2025-09-08,84,7.0,False,5590,2025-09-07,9,1
2025,2025-09-15,84,7.0,False,5543,2025-09-14,9,1
2025,2025-09-22,84,7.0,False,5517,2025-09-21,9,1
2025,2025-09-29,84,7.0,False,5334,2025-09-28,9,1
2025,2025-09-01,84,10.0,False,5727,2025-08-31,9,1
2025,2025-09-08,84,10.0,False,5590,2025-09-07,9,1
2025,2025-09-15,84,10.0,False,5543,2025-09-14,9,1
2025,2025-09-22,84,10.0,False,5517,2025-09-21,9,1
2025,2025-09-29,84,10.0,False,5334,2025-09-28,9,1
2025,2025-09-01,84,21.0,False,5727,2025-08-31,9,1
2025,2025-09-08,84,21.0,False,5590,2025-09-07,9,1
2025,2025-09-15,84,21.0,False,5543,2025-09-14,9,1
2025,2025-09-22,84,21.0,False,5517,2025-09-21,9,1
2025,2025-09-29,84,21.0,False,5334,2025-09-28,9,1
2025,2025-09-01,112,7.0,False,7739,2025-08-31,9,1
2025,2025-09-08,112,7.0,False,7667,2025-09-07,9,1
2025,2025-09-15,112,7.0,False,7576,2025-09-14,9,1
2025,2025-09-22,112,7.0,False,7517,2025-09-21,9,1
2025,2025-09-29,112,7.0,False,7323,2025-09-28,9,1
2025,2025-09-01,112,10.0,False,7739,2025-08-31,9,1
2025,2025-09-08,112,10.0,False,7667,2025-09-07,9,1
2025,2025-09-15,112,10.0,False,7576,2025-09-14,9,1
2025,2025-09-22,112,10.0,False,7517,2025-09-21,9,1
2025,2025-09-29,112,10.0,False,7323,2025-09-28,9,1
2025,2025-09-01,112,21.0,False,7739,2025-08-31,9,1
2025,2025-09-08,112,21.0,False,7667,2025-09-07,9,1
2025,2025-09-15,112,21.0,False,7576,2025-09-14,9,1
2025,2025-09-22,112,21.0,False,7517,2025-09-21,9,1
2025,2025-09-29,112,21.0,False,7323,2025-09-28,9,1
2025,2025-09-01,112,14.0,False,7739,2025-08-31,9,1
2025,2025-09-08,112,14.0,False,7667,2025-09-07,9,1
2025,2025-09-15,112,14.0,False,7576,2025-09-14,9,1
2025,2025-09-22,112,14.0,False,7517,2025-09-21,9,1
2025,2025-09-29,112,14.0,False,7323,2025-09-28,9,1
2025,2025-09-01,84,3.5,False,5727,2025-08-31,9,1
2025,2025-09-08,84,3.5,False,5590,2025-09-07,9,1
2025,2025-09-15,84,3.5,False,5543,2025-09-14,9,1
2025,2025-09-22,84,3.5,False,5517,2025-09-21,9,1
2025,2025-09-29,84,3.5,False,5334,2025-09-28,9,1
2025,2025-09-01,28,7.0,False,2179,2025-08-31,9,1
2025,2025-09-08,28,7.0,False,2030,2025-09-07,9,1
2025,2025-09-15,28,7.0,False,1956,2025-09-14,9,1
2025,2025-09-22,28,7.0,False,1860,2025-09-21,9,1
2025,2025-09-29,28,7.0,False,1596,2025-09-28,8,1
2025,2025-09-01,84,14.0,True,5727,2025-08-31,9,15
2025,2025-09-08,84,14.0,True,5590,2025-09-07,9,15
2025,2025-09-15,84,14.0,True,5543,2025-09-14,9,15
2025,2025-09-22,84,14.0,True,5517,2025-09-21,9,15
2025,2025-09-29,84,14.0,True,5334,2025-09-28,9,15
2025,2025-09-02,84,3.5,False,5727,2025-08-31,9,1
2025,2025-09-03,84,3.5,False,5703,2025-09-02,9,1
2025,2025-09-04,84,3.5,False,5696,2025-09-03,9,1
2025,2025-09-05,84,3.5,False,5625,2025-09-04,9,1
2025,2025-09-06,84,3.5,False,5681,2025-09-05,9,1
2025,2025-09-07,84,3.5,False,5625,2025-09-06,9,1
2025,2025-09-09,84,3.5,False,5590,2025-09-07,9,1
2025,2025-09-10,84,3.5,False,5545,2025-09-09,9,1
2025,2025-09-11,84,3.5,False,5528,2025-09-10,9,1
2025,2025-09-12,84,3.5,False,5511,2025-09-11,9,1
2025,2025-09-13,84,3.5,False,5509,2025-09-12,9,1
2025,2025-09-14,84,3.5,False,5559,2025-09-13,9,1
2025,2025-09-16,84,3.5,False,5562,2025-09-15,9,1
2025,2025-09-17,84,3.5,False,5615,2025-09-16,9,1
2025,2025-09-18,84,3.5,False,5611,2025-09-17,9,1
2025,2025-09-19,84,3.5,False,5584,2025-09-18,9,1
2025,2025-09-20,84,3.5,False,5528,2025-09-19,9,1
2025,2025-09-21,84,3.5,False,5553,2025-09-20,9,1
2025,2025-09-23,84,3.5,False,5540,2025-09-22,9,1
2025,2025-09-24,84,3.5,False,5505,2025-09-23,9,1
2025,2025-09-25,84,3.5,False,5486,2025-09-24,9,1
2025,2025-09-26,84,3.5,False,5451,2025-09-25,9,1
2025,2025-09-27,84,3.5,False,5441,2025-09-26,9,1
2025,2025-09-28,84,3.5,False,5391,2025-09-27,9,1
2025,2025-09-30,84,3.5,False,5387,2025-09-29,9,1
2025,2025-09-02,56,7.0,False,3738,2025-08-31,9,1
2025,2025-09-03,56,7.0,False,3708,2025-09-02,9,1
2025,2025-09-04,56,7.0,False,3700,2025-09-03,9,1
2025,2025-09-05,56,7.0,False,3658,2025-09-04,9,1
2025,2025-09-06,56,7.0,False,3723,2025-09-05,9,1
2025,2025-09-07,56,7.0,False,3749,2025-09-06,9,1
2025,2025-09-09,56,7.0,False,3804,2025-09-07,9,1
2025,2025-09-10,56,7.0,False,3853,2025-09-09,9,1
2025,2025-09-11,56,7.0,False,3931,2025-09-10,9,1
2025,2025-09-12,56,7.0,False,4014,2025-09-11,9,1
2025,2025-09-13,56,7.0,False,3999,2025-09-12,9,1
2025,2025-09-14,56,7.0,False,4057,2025-09-13,9,1
2025,2025-09-16,56,7.0,False,4053,2025-09-15,9,1
2025,2025-09-17,56,7.0,False,4064,2025-09-16,9,1
2025,2025-09-18,56,7.0,False,4018,2025-09-17,9,1
2025,2025-09-19,56,7.0,False,4013,2025-09-18,9,1
2025,2025-09-20,56,7.0,False,3943,2025-09-19,9,1
2025,2025-09-21,56,7.0,False,3963,2025-09-20,9,1
2025,2025-09-23,56,7.0,False,3970,2025-09-22,9,1
2025,2025-09-24,56,7.0,False,3920,2025-09-23,9,1
2025,2025-09-25,56,7.0,False,3878,2025-09-24,9,1
2025,2025-09-26,56,7.0,False,3836,2025-09-25,9,1
2025,2025-09-27,56,7.0,False,3830,2025-09-26,9,1
2025,2025-09-28,56,7.0,False,3805,2025-09-27,9,1
2025,2025-09-30,56,7.0,False,3828,2025-09-29,9,1
2025,2025-09-02,56,14.0,False,3738,2025-08-31,9,1
2025,2025-09-03,56,14.0,False,3708,2025-09-02,9,1
2025,2025-09-04,56,14.0,False,3700,2025-09-03,9,1
2025,2025-09-05,56,14.0,False,3658,2025-09-04,9,1
2025,2025-09-06,56,14.0,False,3723,2025-09-05,9,1
2025,2025-09-07,56,14.0,False,3749,2025-09-06,9,1
2025,2025-09-09,56,14.0,False,3804,2025-09-07,9,1
2025,2025-09-10,56,14.0,False,3853,2025-09-09,9,1
2025,2025-09-11,56,14.0,False,3931,2025-09-10,9,1
2025,2025-09-12,56,14.0,False,4014,2025-09-11,9,1
2025,2025-09-13,56,14.0,False,3999,2025-09-12,9,1
2025,2025-09-14,56,14.0,False,4057,2025-09-13,9,1
2025,2025-09-16,56,14.0,False,4053,2025-09-15,9,1
2025,2025-09-17,56,14.0,False,4064,2025-09-16,9,1
2025,2025-09-18,56,14.0,False,4018,2025-09-17,9,1
2025,2025-09-19,56,14.0,False,4013,2025-09-18,9,1
2025,2025-09-20,56,14.0,False,3943,2025-09-19,9,1
2025,2025-09-21,56,14.0,False,3963,2025-09-20,9,1
2025,2025-09-23,56,14.0,False,3970,2025-09-22,9,1
2025,2025-09-24,56,14.0,False,3920,2025-09-23,9,1
2025,2025-09-25,56,14.0,False,3878,2025-09-24,9,1
2025,2025-09-26,56,14.0,False,3836,2025-09-25,9,1
2025,2025-09-27,56,14.0,False,3830,2025-09-26,9,1
2025,2025-09-28,56,14.0,False,3805,2025-09-27,9,1
2025,2025-09-30,56,14.0,False,3828,2025-09-29,9,1
2025,2025-09-02,56,28.0,False,3738,2025-08-31,9,1
2025,2025-09-03,56,28.0,False,3708,2025-09-02,9,1
2025,2025-09-04,56,28.0,False,3700,2025-09-03,9,1
2025,2025-09-05,56,28.0,False,3658,2025-09-04,9,1
2025,2025-09-06,56,28.0,False,3723,2025-09-05,9,1
2025,2025-09-07,56,28.0,False,3749,2025-09-06,9,1
2025,2025-09-09,56,28.0,False,3804,2025-09-07,9,1
2025,2025-09-10,56,28.0,False,3853,2025-09-09,9,1
2025,2025-09-11,56,28.0,False,3931,2025-09-10,9,1
2025,2025-09-12,56,28.0,False,4014,2025-09-11,9,1
2025,2025-09-13,56,28.0,False,3999,2025-09-12,9,1
2025,2025-09-14,56,28.0,False,4057,2025-09-13,9,1
2025,2025-09-16,56,28.0,False,4053,2025-09-15,9,1
2025,2025-09-17,56,28.0,False,4064,2025-09-16,9,1
2025,2025-09-18,56,28.0,False,4018,2025-09-17,9,1
2025,2025-09-19,56,28.0,False,4013,2025-09-18,9,1
2025,2025-09-20,56,28.0,False,3943,2025-09-19,9,1
2025,2025-09-21,56,28.0,False,3963,2025-09-20,9,1
2025,2025-09-23,56,28.0,False,3970,2025-09-22,9,1
2025,2025-09-24,56,28.0,False,3920,2025-09-23,9,1
2025,2025-09-25,56,28.0,False,3878,2025-09-24,9,1
2025,2025-09-26,56,28.0,False,3836,2025-09-25,9,1
2025,2025-09-27,56,28.0,False,3830,2025-09-26,9,1
2025,2025-09-28,56,28.0,False,3805,2025-09-27,9,1
2025,2025-09-30,56,28.0,False,3828,2025-09-29,9,1
2025,2025-09-02,84,7.0,False,5727,2025-08-31,9,1
2025,2025-09-03,84,7.0,False,5703,2025-09-02,9,1
2025,2025-09-04,84,7.0,False,5696,2025-09-03,9,1
2025,2025-09-05,84,7.0,False,5625,2025-09-04,9,1
2025,2025-09-06,84,7.0,False,5681,2025-09-05,9,1
2025,2025-09-07,84,7.0,False,5625,2025-09-06,9,1
2025,2025-09-09,84,7.0,False,5590,2025-09-07,9,1
2025,2025-09-10,84,7.0,False,5545,2025-09-09,9,1
2025,2025-09-11,84,7.0,False,5528,2025-09-10,9,1
2025,2025-09-12,84,7.0,False,5511,2025-09-11,9,1
2025,2025-09-13,84,7.0,False,5509,2025-09-12,9,1
2025,2025-09-14,84,7.0,False,5559,2025-09-13,9,1
2025,2025-09-16,84,7.0,False,5562,2025-09-15,9,1
2025,2025-09-17,84,7.0,False,5615,2025-09-16,9,1
2025,2025-09-18,84,7.0,False,5611,2025-09-17,9,1
2025,2025-09-19,84,7.0,False,5584,2025-09-18,9,1
2025,2025-09-20,84,7.0,False,5528,2025-09-19,9,1
2025,2025-09-21,84,7.0,False,5553,2025-09-20,9,1
2025,2025-09-23,84,7.0,False,5540,2025-09-22,9,1
2025,2025-09-24,84,7.0,False,5505,2025-09-23,9,1
2025,2025-09-25,84,7.0,False,5486,2025-09-24,9,1
2025,2025-09-26,84,7.0,False,5451,2025-09-25,9,1
2025,2025-09-27,84,7.0,False,5441,2025-09-26,9,1
2025,2025-09-28,84,7.0,False,5391,2025-09-27,9,1
2025,2025-09-30,84,7.0,False,5387,2025-09-29,9,1
2025,2025-09-02,84,14.0,False,5727,2025-08-31,9,1
2025,2025-09-03,84,14.0,False,5703,2025-09-02,9,1
2025,2025-09-04,84,14.0,False,5696,2025-09-03,9,1
2025,2025-09-05,84,14.0,False,5625,2025-09-04,9,1
2025,2025-09-06,84,14.0,False,5681,2025-09-05,9,1
2025,2025-09-07,84,14.0,False,5625,2025-09-06,9,1
2025,2025-09-09,84,14.0,False,5590,2025-09-07,9,1
2025,2025-09-10,84,14.0,False,5545,2025-09-09,9,1
2025,2025-09-11,84,14.0,False,5528,2025-09-10,9,1
2025,2025-09-12,84,14.0,False,5511,2025-09-11,9,1
2025,2025-09-13,84,14.0,False,5509,2025-09-12,9,1
2025,2025-09-14,84,14.0,False,5559,2025-09-13,9,1
2025,2025-09-16,84,14.0,False,5562,2025-09-15,9,1
2025,2025-09-17,84,14.0,False,5615,2025-09-16,9,1
2025,2025-09-18,84,14.0,False,5611,2025-09-17,9,1
2025,2025-09-19,84,14.0,False,5584,2025-09-18,9,1
2025,2025-09-20,84,14.0,False,5528,2025-09-19,9,1
2025,2025-09-21,84,14.0,False,5553,2025-09-20,9,1
2025,2025-09-23,84,14.0,False,5540,2025-09-22,9,1
2025,2025-09-24,84,14.0,False,5505,2025-09-23,9,1
2025,2025-09-25,84,14.0,False,5486,2025-09-24,9,1
2025,2025-09-26,84,14.0,False,5451,2025-09-25,9,1
2025,2025-09-27,84,14.0,False,5441,2025-09-26,9,1
2025,2025-09-28,84,14.0,False,5391,2025-09-27,9,1
2025,2025-09-30,84,14.0,False,5387,2025-09-29,9,1
2025,2025-09-02,84,28.0,False,5727,2025-08-31,9,1
2025,2025-09-03,84,28.0,False,5703,2025-09-02,9,1
2025,2025-09-04,84,28.0,False,5696,2025-09-03,9,1
2025,2025-09-05,84,28.0,False,5625,2025-09-04,9,1
2025,2025-09-06,84,28.0,False,5681,2025-09-05,9,1
2025,2025-09-07,84,28.0,False,5625,2025-09-06,9,1
2025,2025-09-09,84,28.0,False,5590,2025-09-07,9,1
2025,2025-09-10,84,28.0,False,5545,2025-09-09,9,1
2025,2025-09-11,84,28.0,False,5528,2025-09-10,9,1
2025,2025-09-12,84,28.0,False,5511,2025-09-11,9,1
2025,2025-09-13,84,28.0,False,5509,2025-09-12,9,1
2025,2025-09-14,84,28.0,False,5559,2025-09-13,9,1
2025,2025-09-16,84,28.0,False,5562,2025-09-15,9,1
2025,2025-09-17,84,28.0,False,5615,2025-09-16,9,1
2025,2025-09-18,84,28.0,False,5611,2025-09-17,9,1
2025,2025-09-19,84,28.0,False,5584,2025-09-18,9,1
2025,2025-09-20,84,28.0,False,5528,2025-09-19,9,1
2025,2025-09-21,84,28.0,False,5553,2025-09-20,9,1
2025,2025-09-23,84,28.0,False,5540,2025-09-22,9,1
2025,2025-09-24,84,28.0,False,5505,2025-09-23,9,1
2025,2025-09-25,84,28.0,False,5486,2025-09-24,9,1
2025,2025-09-26,84,28.0,False,5451,2025-09-25,9,1
2025,2025-09-27,84,28.0,False,5441,2025-09-26,9,1
2025,2025-09-28,84,28.0,False,5391,2025-09-27,9,1
2025,2025-09-30,84,28.0,False,5387,2025-09-29,9,1
