season,park,ci_df,rows,pitches,games,pitchers,x_cm,x_cm_se,x_cm_low,x_cm_high,z_cm,z_cm_se,z_cm_low,z_cm_high,depth_cm,depth_cm_se,depth_cm_low,depth_cm_high,arrival_ms,arrival_ms_se,arrival_ms_low,arrival_ms_high,month
2020,고척,116,189,3124,12,53,4.2934819874604795,0.45733372087113544,3.3876749281017418,5.199289046819217,6.79755505174413,0.2664607370119184,6.269795987383912,7.325314116104348,9.667870758089695,0.4654452148737418,8.745997862790604,10.589743653388785,3.069183340702482,0.1472429317764209,2.777550161347793,3.360816520057171,5
2020,광주,116,190,3160,12,56,0.7127490419037503,0.5649093472038206,-0.40612510020032655,1.8316231840078272,-1.5316646913511343,0.2936457515324316,-2.1132671023479093,-0.9500622803543592,-3.679117474660753,0.4459034584829053,-4.562285459118432,-2.795949490203074,-1.1518248191718756,0.1473194426075206,-1.4436095378681104,-0.8600401004756408,5
2020,대구,116,216,3630,15,51,-1.3508043639391127,0.5678239354788923,-2.4754512153672588,-0.2261575125109665,0.9838853528549469,0.28512104429417773,0.41916719867760877,1.548603507032285,-2.803057457942213,0.3109985972444034,-3.4190293663727798,-2.187085549511646,-0.9107187430824943,0.09925992995423123,-1.1073155413521125,-0.7141219448128762,5
2020,대전구,116,149,2263,9,45,19.59680179007872,2.2629261718235227,15.114791372519848,24.078812207637597,-0.7754157444855618,0.29966223124874625,-1.3689345516517373,-0.1818969373193864,-6.519304902070008,1.8804163103015945,-10.243706341701525,-2.7949034624384907,-2.1291290451960885,0.6002442026763938,-3.317988320842278,-0.9402697695498994,5
2020,문학,116,182,3035,12,46,-6.007656509322806,0.5407850751744049,-7.078749490955026,-4.936563527690586,1.67417822873726,0.23148223612977475,1.2156984927512533,2.1326579647232666,7.140581634925531,0.5436008411093546,6.063911674065712,8.217251595785351,2.25446153881021,0.1892516245101715,1.8796248502977404,2.6292982273226793,5
2020,사직,116,178,2714,11,47,-5.176593865863018,0.4858992796698357,-6.138978613753236,-4.214209117972801,-4.098831010187843,0.2457023753539421,-4.585475523679824,-3.612186496695862,2.613939145460506,0.4752546169893716,1.6726374932626213,3.555240797658391,0.9043211963509865,0.15855880091598304,0.5902755123380565,1.2183668803639165,5
2020,수원,116,173,2984,12,54,9.674986188317323,0.5324193917287304,8.620462496845947,10.729509879788699,2.985324984273852,0.30978016699295663,2.371766330481483,3.598883638066221,-9.448094462663736,0.5523907699237051,-10.542173985093022,-8.35401494023445,-3.1127719267930374,0.18633972867837093,-3.4818412387045905,-2.7437026148814843,5
2020,잠실,116,361,5860,23,80,-5.206613240646717,0.6085968390214481,-6.412015965027005,-4.001210516266428,-3.213541760725927,0.25395680306374013,-3.716535208375353,-2.710548313076501,0.696979197231961,0.47690038251580497,-0.24758210096152833,1.6415404954254504,0.3116100075237683,0.15372602827922388,0.007136238659176175,0.6160837763883604,5
2020,창원,116,167,2748,11,50,-7.70966493780704,0.5056791683637849,-8.71122624757024,-6.70810362804384,-0.8173210174158387,0.27323420779496943,-1.358495794135865,-0.2761462406958123,0.6167351584428429,0.46624263867648047,-0.30671713517493215,1.5401874520606178,0.12431733157654717,0.1658855272460628,-0.2042398571186405,0.45287452027173486,5
2020,고척,114,171,2807,11,52,3.7214286963180285,0.3913396664436421,2.946187831200733,4.496669561435325,7.320889836163509,0.3348847920341604,6.657485642434591,7.984294029892427,9.93168126889528,0.32810745549301046,9.281702926655171,10.58165961113539,3.0852736672079724,0.08563767101290168,2.9156261005148236,3.254921233901121,7
2020,광주,114,199,3386,14,56,1.3021230109471025,0.14810904727174518,1.008720129041233,1.5955258928529719,-2.062995988907776,0.23916926449409937,-2.5367884597831374,-1.5892035180324147,-5.1579730694872525,0.26761374744740574,-5.68811384201302,-4.627832296961485,-1.6328526953128106,0.0797328332267557,-1.7908028238308071,-1.4749025667948141,7
2020,대구,114,236,3890,14,68,-0.5223357487073363,0.3543247149362116,-1.2242502799784625,0.17957878256378978,1.523287014523996,0.2619462532975242,1.0043735042579678,2.042200524790024,-3.683686665018489,0.2624091243075022,-4.20351711919024,-3.163856210846738,-1.1710345669428515,0.09076618422917647,-1.3508416788175077,-0.9912274550681952,7
2020,대전구,114,187,3040,11,44,10.551598933012414,0.3667814999980235,9.825007606476298,11.27819025954853,0.12158748785009399,0.29489015574999056,-0.46258763943953807,0.705762615139726,6.985866393314324,0.3813168578919439,6.230480634742029,7.741252151886619,2.2742688192367373,0.127617775204597,2.0214589894716166,2.527078649001858,7
2020,문학,114,169,2696,10,56,-6.029986329135836,0.37366599935906025,-6.770215795881586,-5.289756862390086,1.021468835071362,0.22894541993991227,0.5679297215135477,1.4750079486291765,5.025369345715282,0.22693889374959147,4.575805145086179,5.474933546344384,1.6046856184101486,0.07807225912140435,1.4500250744050711,1.759346162415226,7
2020,사직,114,146,2380,9,46,-3.487106396503597,0.3486057987303089,-4.177691798818061,-2.7965209941891334,-4.04259087328186,0.3074488760875724,-4.651644728832674,-3.4335370177310454,1.111245297831962,0.3397241625239989,0.43825434843562205,1.784236247228302,0.33971723043752783,0.10125183636663336,0.1391381224393154,0.5402963384357402,7
2020,수원,114,181,2749,13,58,10.022725064721431,0.45199045504484925,9.127335454518983,10.91811467492388,3.1219345474271654,0.3534666361972035,2.421719863529071,3.82214923132526,-11.915801639692344,0.29515427153116214,-12.50049997831025,-11.331103301074437,-3.7235570925677064,0.1094461756795119,-3.940369123631732,-3.506745061503681,7
2020,잠실,114,297,4734,23,80,-6.438356119278184,0.28772526438526447,-7.008337651958461,-5.868374586597908,-3.8449437206605515,0.2836710380087152,-4.406893862114632,-3.28299357920647,-0.037478456010299754,0.2641202687386868,-0.5606986741209518,0.48574176210035225,0.01981715598882061,0.09119958726781052,-0.16084852396728905,0.20048283594493027,7
2020,창원,114,153,2661,10,50,-6.545340295657768,0.43446215700055435,-7.406006482437844,-5.684674108877692,-1.2673408490957025,0.3494477307057354,-1.9595941121689058,-0.5750875860224993,-0.21797183911322715,0.3260287016806553,-0.8638321860616736,0.42788850783521926,-0.1813198448903119,0.09315316880897623,-0.36585555483293863,0.0032158650523148313,7
2020,고척,118,251,3981,15,60,3.7329716858555715,0.39066292250530726,2.959352741598433,4.50659063011271,8.435422184838364,0.27639807831418395,7.888078740600408,8.98276562907632,9.803619913659396,0.2565262760311218,9.295628048025627,10.311611779293166,3.0134033310168307,0.08909398116305162,2.8369729925423903,3.189833669491271,8
2020,광주,118,176,3221,12,49,7.301895623896674,0.40483700906165243,6.500208129373212,8.103583118420136,-1.9713011180115678,0.3311273069503996,-2.627023334941938,-1.3155789010811976,2.3720638325365737,0.16889258109526553,2.037610541085534,2.7065171239876133,0.7411970059180779,0.06312947734790995,0.616183453814905,0.8662105580212508,8
2020,대구,118,191,2884,11,54,-0.45072312829307926,0.30820773466471874,-1.0610583522609098,0.15961209567475132,1.2803338167226568,0.202112416258773,0.8800962075719008,1.6805714258734128,-6.1513144321350115,0.2639043562932794,-6.67391690536484,-5.628711958905183,-2.0038947372613616,0.06985068767971593,-2.142218115666137,-1.8655713588565865,8
2020,대전구,118,132,2027,9,44,10.362211109103075,0.4620864974523008,9.447154041434537,11.277268176771614,0.10242532478565636,0.2984198728078741,-0.48852726796734736,0.6933779175386601,6.051654100368923,0.3716261336453464,5.315733180806434,6.787575019931412,1.9585905517954216,0.11887844325586046,1.7231788695790693,2.194002234011774,8
2020,문학,118,182,2934,12,51,-5.823454004760185,0.5040038756295597,-6.82151889319543,-4.82538911632494,1.8951121648852103,0.1989762218428203,1.5010850745046902,2.2891392552657304,3.308554263815301,0.35030254254799503,2.6148598599577415,4.002248667672861,1.0268165254640185,0.11142979174093261,0.8061552011371828,1.247477849790854,8
2020,사직,118,219,3226,15,64,-4.048325320250521,0.4159219237950475,-4.871963963806083,-3.2246866766949602,-4.808089890342238,0.26333629386512575,-5.329567445309739,-4.286612335374737,-0.3702749996764343,0.2610982032182297,-0.8873205258445301,0.14677052649166156,-0.07174641220145028,0.08666632071999435,-0.24336932206984646,0.0998764976669459,8
2020,수원,118,146,2166,8,48,10.742715051424188,0.6103251637670032,9.534105066583408,11.951325036264969,3.013273030797359,0.3407801585790402,2.338435539660442,3.6881105219342762,-14.441816691584808,0.5346969991489677,-15.500662320769043,-13.382971062400573,-4.546606412798622,0.15285858743118858,-4.849308031551671,-4.243904794045572,8
2020,잠실,118,402,6172,24,87,-5.81095156626303,0.2819434480657581,-6.369276352331987,-5.252626780194074,-3.8823706915881395,0.249090287354661,-4.375637275200005,-3.3891041079762734,-1.712658310929749,0.2419994591341739,-2.191883124192223,-1.2334334976672754,-0.44765413140146704,0.07243963712831512,-0.5911043345540736,-0.3042039282488604,8
2020,창원,118,204,3350,13,69,-4.579790657740814,0.39837306157816177,-5.368677776441961,-3.7909035390396664,-1.1182305251490057,0.24710936463469332,-1.6075743424705653,-0.6288867078274459,-2.3451431439091426,0.24118259727967511,-2.822750348309663,-1.8675359395086224,-0.8193850190703186,0.08046184352084718,-0.9787213749199967,-0.6600486632206405,8
2020,고척,118,118,1693,7,39,3.844200948880678,0.5084537647368904,2.837324068533844,4.851077829227512,6.885571408553429,0.4131920254927701,6.067338706849205,7.703804110257653,7.368931802804777,0.3625832409913117,6.650918272618227,8.086945332991327,2.262137869118103,0.09886054708854725,2.0663670711707085,2.4579086670654973,10
2020,광주,118,260,4125,15,70,5.079611082752569,0.22510516949380396,4.6338415624361,5.525380603069038,-1.0861546047299286,0.27510543351845623,-1.6309382603507387,-0.5413709491091186,3.4246280163703244,0.3433076553493118,2.7447853935191118,4.104470639221537,1.075178030060492,0.10827409214145904,0.8607658500775357,1.2895902100434484,10
2020,대구,118,143,2167,8,47,-1.555849241246238,0.40183419776259177,-2.351590351884367,-0.7601081306081091,1.4827786380437975,0.48933805296305627,0.5137560712477882,2.451801204839807,-4.892937995618848,0.6303794139982329,-6.141260855672508,-3.6446151355651875,-1.6479473901885533,0.17283988850513923,-1.9902174249627156,-1.305677355414391,10
2020,대전구,118,206,2964,12,60,9.57129420750509,0.301227846095791,8.974781063173324,10.167807351836856,1.2340110892123595,0.31272811134261824,0.6147242887530237,1.8532978896716954,7.8641428310230985,0.36693350519090756,7.137514593365084,8.590771068681114,2.6321665895499233,0.11504807586437346,2.404340077583453,2.8599931015163937,10
2020,문학,118,228,3452,14,61,-6.964135594087458,0.3085823002532568,-7.575212559895803,-6.353058628279113,1.389086366170409,0.23193646789903427,0.9297890151955593,1.8483837171452584,4.509580107635504,0.4840888898745707,3.5509523128355305,5.468207902435477,1.3729339505148932,0.14236181568567305,1.091018797556441,1.6548491034733455,10
2020,사직,118,209,3490,14,63,-3.2088975452842208,0.31126703753659435,-3.825291021831348,-2.5925040687370937,-3.325199194354784,0.24932312202649565,-3.8189268540059524,-2.8314715347036152,-0.7478263424488707,0.41135246081385446,-1.5624162052686952,0.0667635203709539,-0.22841841744890884,0.1186082696160898,-0.46329508230393834,0.006458247406120693,10
2020,수원,118,212,3442,13,54,8.934347674163924,0.4424282630885082,8.058219262475708,9.81047608585214,3.9582120512873074,0.30368640413041015,3.3568302927063587,4.5595938098682565,-12.2892148355882,0.4338910705858487,-13.148437281876697,-11.429992389299704,-3.8919017705843437,0.1263038270473741,-4.142017734263232,-3.6417858069054554,10
2020,잠실,118,380,5936,23,101,-4.301847810472718,0.28754753703875086,-4.871270218417349,-3.7324254025280865,-3.2724785968206738,0.25147235771573934,-3.770462328264399,-2.7744948653769486,-1.8505884040626872,0.2737325169190778,-2.392653311041182,-1.3085234970841926,-0.5471111142127328,0.08232034246995357,-0.7101278039566293,-0.38409442446883635,10
2020,창원,118,235,3571,13,70,-6.28295330040553,0.3542278557166438,-6.984420893000671,-5.581485707810389,-0.40229311250680183,0.3946718991901775,-1.1838509220409712,0.3792646970273675,0.2853259058742632,0.4855697706112096,-0.676234435952959,1.2468862477014855,0.05764244881924435,0.15029144371119804,-0.23997552646521242,0.3552604241037011,10
2021,고척,115,234,3624,14,63,3.755340782860669,0.34984963365777516,3.062355990258908,4.44832557546243,6.560066417681079,0.3266857429051335,5.912964834563457,7.207168000798701,5.888562547901371,0.38578198777878836,5.12440267728709,6.652722418515651,1.8615105187110643,0.11510140270770755,1.6335167922359992,2.0895042451861294,4
2021,광주,115,210,3474,12,58,6.134048768344567,0.3431213338058739,5.45439144282826,6.813706093860874,-1.3629505600091514,0.3684439374569323,-2.09276708979786,-0.6331340302204427,12.96610348312748,0.3190175188819764,12.334191175981802,13.598015790273157,4.182844360002803,0.08634390884011016,4.011813694243925,4.353875025761681,4
2021,대구,115,210,3452,13,58,1.1621879072824546,0.4332735688374506,0.3039563547682286,2.0204194597966807,1.482971431006744,0.35773917413691986,0.7743589771280484,2.191583884885439,-8.756303484612763,0.35286560419971785,-9.455262334407752,-8.057344634817774,-2.955262623746767,0.11105887257306414,-3.1752488760459907,-2.735276371447543,4
2021,대전구,115,146,2507,9,45,9.43145195803396,0.6643950135270442,8.115413304967758,10.747490611100163,-0.4114710685746513,0.29706891910774685,-0.9999074237708635,0.17696528662156086,7.212150009200369,0.4530962296713064,6.314653580621696,8.109646437779041,2.3950732845792704,0.14387055286803785,2.110093408515472,2.6800531606430686,4
2021,문학,115,219,3491,13,64,-7.083006891806479,0.42449986562638564,-7.923859426836819,-6.242154356776138,0.5600763552049446,0.28017693076137945,0.00509977790945626,1.1150529325004328,5.114131202532844,0.4945323483607533,4.1345577975800385,6.09370460748565,1.6148431087011093,0.15348693928352142,1.3108150219073522,1.9188711954948663,4
2021,사직,115,173,2807,10,50,-5.261088848501023,0.2726803409435529,-5.801216124152798,-4.720961572849248,-4.82761052426379,0.39998193799127474,-5.619897763342263,-4.035323285185316,-1.6995898254659403,0.31260763098168026,-2.3188053783210805,-1.0803742726107999,-0.5280364116555888,0.09623822898729306,-0.7186658213761037,-0.33740700193507384,4
2021,수원,115,178,2880,11,48,8.872872634146523,0.4749678880444715,7.932052659725836,9.813692608567209,2.1640040244502043,0.44223211633148035,1.2880273135024667,3.039980735397942,-13.331743875206527,0.44660122259034557,-14.216374944779709,-12.447112805633346,-4.350303420867893,0.13054731106247383,-4.608892519091278,-4.091714322644507,4
2021,잠실,115,352,5590,23,90,-5.7173274424085125,0.28616769412610943,-6.284170568953827,-5.150484315863198,-2.327125809911963,0.2530199721129403,-2.828309678723176,-1.82594194110075,-4.468524786853878,0.3027561145713631,-5.068226381712154,-3.8688231919956033,-1.3354472422288293,0.09312623968442273,-1.519912400070384,-1.1509820843872745,4
2021,창원,115,209,2914,11,53,-5.722348132905237,0.41806022465819836,-6.5504449785437915,-4.894251287266683,-1.6315277935977306,0.3263753700169684,-2.2780145877579203,-0.9850409994375408,-1.3543933037106315,0.318701822733529,-1.985680277544767,-0.7231063298764959,-0.4260098567346161,0.1103356204132936,-0.6445634857016466,-0.20745622776758568,4
2021,고척,112,123,2125,8,43,3.3124180546059376,0.46022721032929403,2.4005368316203253,4.22429927759155,7.09971542611299,0.3576950400408663,6.390988555454966,7.808442296771014,6.054569864188493,0.45106510609025674,5.160842176307068,6.948297552069918,1.944609259213986,0.1325252061798015,1.6820275509286562,2.207190967499316,5
2021,광주,112,221,3597,13,54,5.433413595202056,0.49640414496537627,4.4498524135798885,6.416974776824224,-0.90804103617653,0.2798122441086507,-1.462453130110699,-0.35362894224236097,13.89279302987687,0.32044535813960817,13.257871629051106,14.527714430702634,4.493962812339531,0.10624698676920667,4.28344802733949,4.704477597339573,5
2021,대구,112,231,3628,13,61,-1.8101853205141445,0.38391282881264477,-2.570859378892951,-1.0495112621353382,0.9662630216795067,0.43794507556193984,0.09853099249720532,1.8339950508618081,-4.5795697050804645,0.3605477663880333,-5.2939488873183205,-3.865190522842609,-1.5700268889974656,0.11823522102638889,-1.8042948234648228,-1.3357589545301083,5
2021,대전구,112,203,3125,13,62,10.557318035425938,0.38897232037853946,9.786619243060864,11.328016827791012,0.5708567019598805,0.35663900606557947,-0.1357777727439584,1.2774911766637194,6.108223822819765,0.3400278668317332,5.434502191206855,6.781945454432675,1.9838810612769735,0.12912678391733332,1.7280328910775462,2.239729231476401,5
2021,문학,112,139,2251,8,41,-7.293397838931285,0.60718056206401,-8.496448291145668,-6.0903473867169025,0.978137047540093,0.3387132770041625,0.3070201071596549,1.649253987920531,4.763027282832503,0.7074445488624975,3.3613165931284676,6.164737972536539,1.5646091886093747,0.23674938103380172,1.095520637839589,2.03369773937916,5
2021,사직,112,222,3558,14,66,-5.2663573382138305,0.4051449174453803,-6.069100058580495,-4.463614617847166,-4.209619079725116,0.30913293420197435,-4.82212636260292,-3.597111796847313,-1.0554551059234367,0.2552854840235346,-1.5612705687147237,-0.5496396431321499,-0.26869697845950324,0.07623886826519159,-0.4197545232382215,-0.11763943368078503,5
2021,수원,112,212,3406,12,59,9.286245044543815,0.49055119266155245,8.31428073765026,10.25820935143737,2.9053116257369425,0.3812655239059038,2.1498828626857365,3.6607403887881484,-13.77518078253409,0.39622181139770535,-14.560243512076738,-12.990118052991441,-4.593292543169897,0.10353611255418992,-4.79843607840663,-4.388149007933165,5
2021,잠실,112,373,6229,24,92,-5.756697195255634,0.21090394923544392,-6.1745763359168455,-5.338818054594422,-2.270991436048859,0.2128022069148781,-2.6926317309734737,-1.8493511411242438,-4.085292351605276,0.2054022433242323,-4.492270567240275,-3.678314135970278,-1.2339979590412622,0.0692028707941172,-1.3711145767412527,-1.0968813413412717,5
2021,창원,112,134,2197,8,45,-6.200495873249857,0.7189391270599159,-7.6249815962181495,-4.776010150281565,-0.03807403737072057,0.3820879252410288,-0.7951322832478599,0.7189842085064188,0.03979454280041361,0.5167467562978582,-0.9840729155569174,1.0636620011577447,-0.016037059771892404,0.16779545383110336,-0.34850224265721896,0.31642812311343416,5
2021,고척,122,235,3753,14,58,3.157817684451647,0.4254121938536298,2.315671757192267,3.999963611711027,7.204306549066545,0.25337572990794993,6.702723984929304,7.705889113203786,7.92980308452114,0.23467733335534063,7.465235863927339,8.39437030511494,2.5401845583652154,0.07935597688202346,2.3830914761723734,2.6972776405580574,6
2021,광주,122,116,1790,7,41,6.069465426190497,0.3937448870919667,5.2900080955485045,6.84892275683249,-1.4505605378940998,0.24595262712305585,-1.9374483286603708,-0.9636727471278288,13.988071757160341,0.439676549241897,13.117688113707658,14.858455400613025,4.528924833177543,0.15466724105264731,4.222745581583859,4.835104084771227,6
2021,대구,122,220,3353,12,55,-0.46067909822741515,0.2616223068008459,-0.9785865849797638,0.057228388524933504,1.0765608099320612,0.2879686068288334,0.5064981908457359,1.6466234290183865,-5.591417027889499,0.3293298132130781,-6.243358286108135,-4.939475769670862,-1.8952813412889173,0.10727855048572801,-2.1076499467946874,-1.6829127357831475,6
2021,대전구,122,264,4318,16,70,10.17488828218028,0.3220217159379888,9.537414132439379,10.812362431921182,-0.07085261982207969,0.23908431321197438,-0.5441438972045656,0.40243865756040625,6.453818965352585,0.3050939076605547,5.849855102820737,7.057782827884433,1.9969937254520032,0.08937332011110306,1.820070311820116,2.17391713908389,6
2021,문학,122,203,3247,13,51,-7.4869405018387205,0.36271759332060255,-8.20497620550115,-6.7689047981762895,-0.4035500367606579,0.26473521191300325,-0.9276198300947737,0.12051975657345781,5.236810794640263,0.4203352521024863,4.404715180654531,6.068906408625995,1.743827672185162,0.14638874267581242,1.454036534972312,2.0336188093980123,6
2021,사직,122,183,2959,11,53,-4.700638047026757,0.37916687128087107,-5.451236739340528,-3.950039354712986,-4.941583039586256,0.2947916789661179,-5.525152611446455,-4.358013467726057,-0.7671697898310763,0.23299984353374673,-1.2284162517778872,-0.30592332788426546,-0.1626229434548584,0.07801340951032956,-0.3170582794418352,-0.008187607467881608,6
2021,수원,122,214,3387,13,58,8.785028967388365,0.38542579521589465,8.022040110013364,9.548017824763367,2.8940963651073517,0.2971614430826406,2.3058356084900424,3.482357121724661,-14.263317966603594,0.3057311304312262,-14.868543275254833,-13.658092657952356,-4.70413715621277,0.11462830738813475,-4.9310553395894505,-4.47721897283609,6
2021,잠실,122,368,5902,24,98,-6.426444029111536,0.22659832118772646,-6.875018038200036,-5.977870020023037,-2.810574402787992,0.1817213062336371,-3.1703098785265333,-2.450838927049451,-4.0471464281324465,0.21402779398537483,-4.470835823098658,-3.6234570331662352,-1.2167159759602098,0.06555375428476998,-1.3464861799766834,-1.086945771943736,6
2021,창원,122,225,3486,13,64,-5.368009217106017,0.46394739891723713,-6.286439431626772,-4.449579002585263,-1.4420106078580184,0.24454272193362447,-1.9261073504826132,-0.9579138652334235,-1.8521289414132271,0.352901535965543,-2.5507327791283645,-1.15352510369809,-0.5666281100932146,0.12469943979220066,-0.8134831059532069,-0.3197731142332222,6
2021,고척,32,35,646,4,17,3.996370327210462,0.8648042267228732,2.2348217622334126,5.7579188921875115,6.319858000990957,0.7073638865845912,4.879004914447274,7.76071108753464,7.59807951221595,0.5855890260415136,6.405273699507665,8.790885324924234,2.393550237024865,0.1928795491873965,2.0006674520135044,2.7864330220362254,7
2021,광주,32,34,456,5,14,6.244736835948945,1.5074686202110577,3.1741237392212494,9.315349932676641,-2.5961605287312195,1.0541210018348326,-4.7433347454101575,-0.4489863120522819,12.615771966999917,1.1526986819470344,10.267801586779491,14.963742347220343,3.729500534572593,0.19878912962798373,3.3245803281159407,4.1344207410292455,7
2021,대구,32,46,566,4,17,0.9544050258031744,0.9883657834735228,-1.0588301940891112,2.96764024569546,0.9316682641865004,0.7271844530793774,-0.5495579951366811,2.412894523509682,-7.058601962762919,0.8030341620121116,-8.694329023302931,-5.422874902222907,-2.1789686713655336,0.23424381514255554,-2.656107708928709,-1.701829633802358,7
2021,대전구,32,17,275,2,12,11.952594853097786,1.2153183959460452,9.47707228947484,14.428117416720731,-2.957075997522752,0.7689437975119613,-4.523363257921699,-1.3907887371238055,6.097934691088443,1.1796478460068178,3.6950706600162686,8.500798722160617,1.7563462195123942,0.33763169192569603,1.0686129684200951,2.4440794706046933,7
2021,문학,32,67,1115,7,30,-7.431524603345887,0.6755583937936526,-8.807592021118527,-6.055457185573246,-1.0626791477816173,0.5868564801223415,-2.258066679968445,0.13270838440521038,3.362258434506646,0.41910738789356083,2.5085646216157853,4.215952247397507,1.1673793935613221,0.11656903842203875,0.9299360323843897,1.4048227547382546,7
2021,수원,32,28,515,3,12,9.149853804702586,1.4426289999420479,6.211314692478128,12.088392916927043,1.62812379839171,1.2231272472104244,-0.8633048747457699,4.11955247152919,-16.355450582488995,1.2116642012615009,-18.823529795115498,-13.887371369862493,-5.256374924251771,0.24650562261155554,-5.758490446299641,-4.7542594022039015,7
2021,잠실,32,39,648,6,23,-7.066148830998225,0.930022129515884,-8.960541916764898,-5.171755745231552,-3.3585126785928723,0.63126328068839,-4.644353903529067,-2.0726714536566773,-5.13014721786689,0.46087057476774823,-6.0689098586309385,-4.191384577102841,-1.4769318072626167,0.10748097775746226,-1.6958633946444852,-1.2580002198807483,7
2021,창원,32,13,178,2,7,-6.199844898772364,1.68016870963841,-9.622236566073175,-2.777453231471553,-0.5066724517784866,0.925933047114782,-2.3927363492581994,1.379391445701226,-1.9350585296871234,0.8218489686014503,-3.6091100971197116,-0.26100696225453524,-0.7535267751753846,0.24724146436016559,-1.2571411578165081,-0.2499123925342609,7
2021,고척,80,128,2216,9,38,3.321443281910753,0.44090107603538037,2.4440221781010174,4.198864385720489,6.678552928791809,0.33251339583010525,6.016830182673216,7.3402756749104014,8.453716368969909,0.41470890220194906,7.628419352229223,9.279013385710595,2.67052901405801,0.10067326947844431,2.4701828229708664,2.8708752051451536,8
2021,광주,80,129,1906,7,40,5.777632105260604,0.4202564263339389,4.941295163666319,6.61396904685489,-1.2857342306980069,0.31393166449237375,-1.910478152977803,-0.6609903084182107,14.463585162050428,0.3595564516346763,13.748045019776216,15.179125304324641,4.623274722575166,0.10726203511018417,4.409816470013078,4.836732975137254,8
2021,대구,80,95,1488,6,31,-0.3271132530687524,0.47467590985538877,-1.2717484182226344,0.6175219120851295,1.7162553246434795,0.2883990248966736,1.1423229744711592,2.2901876748158,-5.762715142143165,0.5122490404328337,-6.782123220081237,-4.7433070642050925,-1.8076476084675739,0.15755161919077895,-2.121185322778553,-1.4941098941565947,8
2021,대전구,80,127,1975,9,38,9.854809850977627,0.3572906438527708,9.143778809889778,10.565840892065477,-0.391983313365899,0.3678512747185379,-1.1240306796450816,0.3400640529132837,6.375946216020773,0.35124699302286455,5.676942423380354,7.074950008661191,2.0230839218565286,0.10979149338447067,1.8045918869071942,2.241575956805863,8
2021,문학,80,121,1776,7,34,-8.089246403733569,0.6485142523715957,-9.379830895540454,-6.798661911926682,0.4897843713339778,0.33235319164507016,-0.17161955829604503,1.1511883009640007,4.812655812454096,0.5185233213531376,3.780761517561853,5.84455010734634,1.5900784272230843,0.15292791995833302,1.285742167625478,1.8944146868206906,8
2021,사직,80,127,1891,8,40,-4.925947865797812,0.5435361579415597,-6.007619291846489,-3.8442764397491347,-4.555128759998096,0.2330555230765986,-5.018924031594157,-4.091333488402036,0.11519436090921475,0.43397627782792103,-0.7484459552882877,0.9788346771067172,-0.02670519937812421,0.12839084697282166,-0.2822111275626137,0.22880072880636526,8
2021,수원,80,168,2666,11,43,7.219505022340621,0.43864553376879156,6.346572590690717,8.092437453990525,2.4902922946919097,0.3513165184967409,1.7911501419490847,3.189434447434735,-15.330114210754118,0.49632898767675737,-16.317840374037882,-14.342388047470354,-5.000017996964849,0.1522689863052735,-5.303042936802468,-4.69699305712723,8
2021,잠실,80,226,3669,16,75,-7.013845475049095,0.2703820417285916,-7.551922886057258,-6.475768064040932,-2.6240365644685264,0.19226530541247958,-3.0066567159462165,-2.2414164129908363,-3.6845966980412963,0.3101765736315799,-4.30186775135554,-3.067325644727053,-1.1088621806534886,0.10032525854457575,-1.3085158079109438,-0.9092085533960333,8
2021,창원,80,106,1770,8,36,-4.057018279551381,0.6486864310262676,-5.347945417800852,-2.766091141301911,-1.9188262071245465,0.3581102505785295,-2.631488317577142,-1.2061640966719511,-2.652453065565666,0.6951013116573077,-4.03574875996086,-1.2691573711704716,-0.7969951721163484,0.20437096577772132,-1.2037063554770357,-0.39028398875566106,8
2021,고척,130,227,3328,14,76,3.9197151786803026,0.40881411113673805,3.110925351737139,4.728505005623466,6.822351347636828,0.29551419762586645,6.237711849522415,7.406990845751241,8.068890350891444,0.31865602906819307,7.438467506905374,8.699313194877513,2.6221893146152055,0.0842246208731679,2.455560975023526,2.788817654206885,9
2021,광주,130,224,3465,15,66,7.415101233474495,0.30052923394663894,6.82054008577046,8.00966238117853,-1.544850652454197,0.272899050311928,-2.0847487862564162,-1.0049525186519777,13.54103849200035,0.28830470588477547,12.970662111079744,14.111414872920957,4.337248847834504,0.10599693015085139,4.127546598186522,4.546951097482485,9
2021,대구,130,234,3711,15,68,-0.4748133327838193,0.27853535585388556,-1.02586222302936,0.07623555746172139,1.635338293099135,0.2687356393409604,1.1036769699817008,2.166999616216569,-6.056677801894246,0.21640324726293025,-6.484805745954334,-5.628549857834158,-2.0389918233108064,0.08193626668336108,-2.20109292781265,-1.8768907188089632,9
2021,대전구,130,185,2798,11,67,10.819641405903948,0.3221893974775324,10.182228215091616,11.45705459671628,-0.7031824573962234,0.327015882140575,-1.3501442708931097,-0.05622064389933712,6.120421011791816,0.3445558929845202,5.43875838452994,6.802083639053691,1.9196345154504746,0.11975514206619328,1.6827132889351935,2.156555741965756,9
2021,문학,130,241,3815,14,73,-7.32673413729141,0.31098959965568784,-7.941989867548037,-6.711478407034783,0.1264837897530453,0.17697276310243862,-0.22363565706663702,0.47660323657272763,3.1438569916381565,0.5005576324963577,2.153563579710411,4.1341504035659025,1.0534168411688212,0.15251076989460535,0.7516925223896943,1.355141159947948,9
2021,사직,130,153,2442,9,49,-4.814393356685297,0.5325731270761515,-5.868025595760402,-3.7607611176101923,-4.8760183513725375,0.2751778665974876,-5.420424850661721,-4.331611852083354,-1.6119173027191671,0.3346933191769706,-2.274068007212912,-0.9497665982254224,-0.4890652129834344,0.11007320127338453,-0.7068318775475246,-0.27129854841934425,9
2021,수원,130,177,2870,12,54,7.418370710813704,0.4774543149909805,6.473784449539418,8.362956972087991,3.5930334375658273,0.37678748543916096,2.847604459355336,4.338462415776318,-15.469265938254456,0.4596532078421512,-16.378634837950234,-14.559897038558676,-5.08068574911885,0.14545938522791885,-5.368459746642135,-4.7929117515955655,9
2021,잠실,130,331,5459,26,100,-6.154145369005548,0.22195934191712674,-6.5932653818603075,-5.715025356150788,-2.952606777166395,0.1908548624915442,-3.330190297403952,-2.575023256928838,-4.8013110345265915,0.2042455889009935,-5.205386505507305,-4.397235563545878,-1.496605539063819,0.06613764828279098,-1.6274509664888397,-1.3657601116387985,9
2021,창원,130,219,3601,15,68,-4.231176707647176,0.4144184414142266,-5.051054031796976,-3.4112993834973753,-1.17249044076549,0.2573538991308245,-1.6816343520713026,-0.6633465294596772,-1.6306399112191876,0.48753277785668525,-2.5951652059440096,-0.6661146164943657,-0.45337469479116954,0.15236670815937584,-0.7548140046561436,-0.15193538492619546,9
2021,고척,122,135,2055,9,47,4.425256459646607,0.46841618854470607,3.4979798297223326,5.352533089570882,6.749904552562676,0.35609846853907334,6.044972067513449,7.454837037611904,6.41631454917999,0.4216369027767704,5.5816421876776126,7.250986910682368,2.029715802240966,0.13021329987377256,1.7719455696335016,2.2874860348484303,10
2021,광주,122,209,3326,13,64,6.387066860025814,0.3422940927064424,5.709461515697447,7.064672204354181,-0.5827076097438222,0.2618543057007355,-1.1010743614902014,-0.06434085799744305,13.95833897760202,0.5160670653720049,12.936732677700643,14.979945277503397,4.503240580769968,0.13345769686618908,4.2390477402705535,4.7674334212693825,10
2021,대구,122,129,2278,10,40,-0.9968708926446332,0.7676888425993144,-2.5165876321697844,0.5228458468805177,2.3658159727270998,0.3706897969547463,1.6319984957192473,3.0996334497349523,-5.250560142305838,0.4481165962273287,-6.1376517017453045,-4.363468582866372,-1.7648514206767056,0.14539368676138972,-2.052672745322277,-1.4770300960311342,10
2021,대전구,122,220,3156,12,63,12.312961560523883,0.3489823380373293,11.622116166551203,13.003806954496563,0.8708749744604165,0.29803025545971895,0.28089431696701495,1.4608556319538182,5.54960776423923,0.5985794292116005,4.364659998907344,6.734555529571116,1.8063749333970756,0.18599480862951112,1.4381796328349497,2.1745702339592015,10
2021,문학,122,182,2690,10,50,-7.763496237029637,0.39243143379884293,-8.540353455692163,-6.98663901836711,0.6032299926214351,0.27892379455320615,0.05107248281687604,1.155387502425994,4.706174274198926,0.40294975131847244,3.9084949954526564,5.503853552945195,1.4917951779588285,0.12710665403244084,1.2401748610813654,1.7434154948362917,10
2021,사직,122,265,4121,19,69,-3.990286304917058,0.2554392323555037,-4.495953778248733,-3.4846188315853825,-3.8853498891758265,0.2606536833834279,-4.401339889128755,-3.3693598892228978,-2.001736707284966,0.28664406411730314,-2.5691772617804953,-1.4342961527894365,-0.6359720774331638,0.11024661162549683,-0.8542162564105609,-0.4177278984557666,10
2021,수원,122,152,2569,10,50,8.325840785620173,0.6877944922195014,6.964282892398669,9.687398678841678,3.2140886749427526,0.4201217562405226,2.382415697339421,4.045761652546084,-15.265262478564072,0.8753112122788482,-16.998028448029274,-13.532496509098872,-4.956292187697411,0.23801518423175794,-5.4274670174805735,-4.485117357914248,10
2021,잠실,122,417,6327,25,100,-4.6283827958689105,0.2243730081286372,-5.072551575496043,-4.1842140162417785,-1.9030866921256746,0.19534668952910714,-2.2897949749802624,-1.516378409271087,-4.6022231269672496,0.24423554174007395,-5.085711775718019,-4.1187344782164805,-1.4369795067866618,0.08620022118099398,-1.6076214541620788,-1.2663375594112447,10
2021,창원,122,253,3871,15,68,-5.606730426559347,0.40790256662293617,-6.414214297880499,-4.799246555238194,-0.49033961314508584,0.3444764361373861,-1.1722651242641657,0.191585897973994,-0.3204533022362135,0.696526458119813,-1.6992969940929241,1.0583903896204971,-0.10256678551254439,0.19968020866099773,-0.49785370231404213,0.29272013128895336,10
2022,고척,122,202,3053,13,57,3.8021079220352196,0.33734950353024007,3.1342908858392287,4.469924958231211,6.736713528947952,0.24021937137691712,6.26117529056007,7.212251767335834,5.253656645248393,0.32369820310287434,4.6128637217196,5.894449568777186,1.7296284327155615,0.0988302652176938,1.5339840516998127,1.9252728137313104,4
2022,광주,122,178,2971,12,54,0.984449811482492,0.30661652999400485,0.37747176596436516,1.5914278570006188,-0.7106164353152062,0.33932946133379965,-1.3823529957385325,-0.03887987489187994,12.587511549933927,0.3541792336717449,11.88637838199485,13.288644717873003,4.005391731135012,0.0959567501222281,3.815435760253076,4.195347702016947,4
2022,대구,122,183,2935,12,51,-2.915773995242221,0.37004548803378595,-3.6483159983884326,-2.183231992096009,0.8682091053338156,0.3044688784203303,0.2654825506099665,1.4709356600576646,-4.688954793826392,0.4810012160758699,-5.641144742722109,-3.7367648449306747,-1.5656282329613789,0.15050991208544462,-1.8635776366367596,-1.2676788292859982,4
2022,대전구,122,218,3178,12,62,8.03941118754328,0.2611016699286846,7.522534353479798,8.556288021606763,-0.014962550739393565,0.27935399094606594,-0.5679716772709833,0.5380465757921962,5.12772564702213,0.40282329468646183,4.330296701809223,5.925154592235037,1.6786682038591612,0.13961609059637586,1.402284207879796,1.9550521998385264,4
2022,문학,122,177,2705,11,51,-9.891034703695954,0.23617970087710474,-10.358576010853282,-9.423493396538626,0.450025754428125,0.2031608972181252,0.04784846698188788,0.852203041874362,1.513941584576629,0.45021247411263415,0.6227010255300895,2.4051821436231684,0.46712328255451174,0.14900811211171233,0.17214684192464258,0.7620997231843809,4
2022,사직,122,191,3115,12,54,-2.1559520059658284,0.30946328856140987,-2.768565494398071,-1.5433385175335856,-1.6772709042226126,0.2172611428631355,-2.107361036234344,-1.2471807722108812,-1.2947195974416879,0.3997100711845306,-2.0859856057884705,-0.5034535890949053,-0.4553809581187305,0.1248452882881815,-0.702524675643644,-0.20823724059381699,4
2022,수원,122,185,3052,13,53,8.548312385936201,0.42343683124931286,7.710076886248294,9.386547885624108,2.0250541487407885,0.36870559183253077,1.2951646039517664,2.7549436935298104,-16.43316379331296,0.42107336806874246,-17.266720581575804,-15.599607005050117,-5.388135249607514,0.13435700834807987,-5.654108367007201,-5.122162132207827,4
2022,잠실,122,373,5907,25,92,-5.396819977729968,0.23086059340320753,-5.853831580378311,-4.939808375081625,-3.1996230367654457,0.19100310912757937,-3.577732768384972,-2.8215133051459196,-2.9872241755653786,0.3125230452380991,-3.605894757942994,-2.3685535931877633,-0.8813686321637715,0.10289785168439923,-1.0850652068547444,-0.6776720574727986,4
2022,창원,122,208,3310,13,59,2.3373165029577376,0.4855106461123797,1.3761996869097013,3.298433319005774,-1.2777947115769221,0.20064436076865574,-1.6749902637735823,-0.880599159380262,3.554878647387921,0.4110065361312924,2.7412501584052005,4.368507136370642,1.1738711090084366,0.11329083647364038,0.9496005828915685,1.3981416351253046,4
2022,고척,128,166,2760,11,51,3.98230182391755,0.29995325834720604,3.388793055312056,4.575810592523044,6.677378733149332,0.21141027684400537,6.259067381001953,7.095690085296712,6.169659060535898,0.32938601438410264,5.517912555529809,6.821405565541988,1.9477600600037468,0.1267493192086835,1.696964876848734,2.1985552431587596,5
2022,광주,128,205,3370,13,58,1.8485741637995805,0.35798685190650853,1.1402360153069582,2.556912312292203,-0.7424567854153874,0.2590985692951698,-1.2551275717144281,-0.22978599911634667,11.259965369343304,0.35329644915541525,10.560907984048269,11.959022754638339,3.597148659126181,0.10977519607425668,3.3799396786188165,3.8143576396335455,5
2022,대구,128,216,3677,14,54,-4.093521959461256,0.516656578261694,-5.11581527024463,-3.0712286486778826,1.8627030262343724,0.22533081079788125,1.4168475193382803,2.3085585331304648,-3.4151276017290946,0.33655353480478917,-4.081056270457214,-2.749198933000975,-1.1611844236816278,0.09701289245961471,-1.35314100604992,-0.9692278413133355,5
2022,대전구,128,210,3316,13,57,7.842085212001671,0.30724598032532646,7.234146547002099,8.450023877001243,0.2160507013671728,0.21844538534101596,-0.21618081488868857,0.6482822176230342,4.98905477061535,0.3666297771910527,4.263615117804873,5.714494423425826,1.6395563329083116,0.12323184149445739,1.3957210803713922,1.883391585445231,5
2022,문학,128,213,3433,14,57,-9.188933648178137,0.3069546302513781,-9.79629582727929,-8.581571469076986,0.4028305370666394,0.23233522180788188,-0.056884393715224135,0.862545467848503,1.0780918637253718,0.539712942189931,0.010177597733942667,2.1460061297168007,0.3739857572098339,0.17747214466367137,0.022826797905624086,0.7251447165140437,5
2022,사직,128,190,3167,13,49,-1.9353183800064022,0.33631740028014295,-2.600779816233964,-1.2698569437788405,-1.669257727860193,0.28284021400601633,-2.2289054144757925,-1.1096100412445935,-1.5139802580502293,0.28332302421391004,-2.0745832671501923,-0.9533772489502664,-0.48135080965299776,0.09134263886307857,-0.6620878265186358,-0.30061379278735967,5
2022,수원,128,193,3104,12,56,8.950634031017202,0.3800712408956959,8.198598145795195,9.70266991623921,2.4382554886775,0.38567065196589023,1.6751402119946404,3.20137076536036,-15.777399917556515,0.40971918368461546,-16.588099322932617,-14.966700512180413,-5.171265238860055,0.12803914166516184,-5.4246125561111675,-4.917917921608943,5
2022,잠실,128,421,6850,26,104,-4.668971834600429,0.21496895344528177,-5.094324636402755,-4.243619032798103,-3.072038049104309,0.1725600683925499,-3.4134776262786706,-2.7305984719299476,-2.848293178943899,0.23325594109083853,-3.3098299101318327,-2.3867564477559657,-0.8459909545955904,0.07897762255651677,-1.002261674137665,-0.6897202350535155,5
2022,창원,128,212,3519,13,61,3.893472371223594,0.5109410177345237,2.8824882734458157,4.9044564690013726,-1.7375196078279687,0.20197429605963216,-2.1371602598576795,-1.3378789557982578,3.017027564469557,0.3877688489315846,2.2497606466134594,3.7842944823256546,0.9724034751801371,0.11742845092154032,0.7400512224000725,1.204755727960202,5
2022,고척,116,216,3246,14,61,3.4970600752383447,0.285893448583629,2.9308120770409083,4.063308073435781,6.811667364754261,0.24140787195670552,6.333528656358496,7.289806073150027,6.538024479995631,0.2852093998485811,5.97313132650978,7.102917633481482,2.0515700436353494,0.09032958648807646,1.872660915845688,2.230479171425011,6
2022,광주,116,185,2878,11,48,2.342280603190229,0.2729852647647557,1.8015988895089747,2.8829623168714833,-1.4286958839339814,0.21173800889570749,-1.8480696900617335,-1.0093220778062293,12.475965772366099,0.320619884683837,11.840937691855856,13.11099385287634,3.8837467820866793,0.09777359252856345,3.690093862370767,4.077399701802592,6
2022,대구,116,169,2785,11,53,-3.5387941498289974,0.2364420994665803,-4.007097520108525,-3.0704907795494703,0.7246433820733268,0.20961367033173792,0.30947709614339936,1.1398096680032541,-4.480794084847311,0.3110804402889061,-5.09692809373994,-3.8646600759546814,-1.4704602919027758,0.10522778324551937,-1.6788771755799803,-1.2620434082255714,6
2022,대전구,116,192,2829,11,57,7.490676847660281,0.3922378249145958,6.713800412486437,8.267553282834125,-0.7188713972656678,0.21705396521127607,-1.1487741246999716,-0.28896866983136393,3.4992937472142804,0.35853351659136634,2.789172941500323,4.209414552928238,1.1666712833703277,0.11367344081176661,0.9415267107095484,1.391815856031107,6
2022,문학,116,155,2515,10,46,-9.488683263668973,0.3334066840774987,-10.14903721154653,-8.828329315791416,0.23901123561488324,0.24753187754524228,-0.2512568374887427,0.7292793087185092,1.6052545069037472,0.4000578898275325,0.8128894478224228,2.3976195659850714,0.5877498303379054,0.14263661652913825,0.30524003873750827,0.8702596219383025,6
2022,사직,116,230,3661,16,65,-2.930784627309123,0.2622406149673491,-3.4501852082143167,-2.411384046403929,-1.977249422384241,0.2413253506163378,-2.455224686867516,-1.4992741579009656,-0.6773331529424989,0.39999394176720243,-1.4695715548327266,0.11490524894772902,-0.20046017320090231,0.1239519689748063,-0.44596266600840595,0.04504231960660132,6
2022,수원,116,170,2753,11,48,8.19096650539101,0.4938232270867883,7.2128873812046574,9.169045629577363,2.624483322682426,0.323890863477224,1.982976656520509,3.2659899888443427,-17.241698702592508,0.35249887222143483,-17.939867134751786,-16.54353027043323,-5.685761913678065,0.15931283668931076,-6.001301060550432,-5.370222766805698,6
2022,잠실,116,291,4202,23,81,-5.5595480404614115,0.2516535467277914,-6.057979598721529,-5.061116482201294,-3.229236814004058,0.1958203531377867,-3.6170836972394795,-2.8413899307686368,-3.1461722756450143,0.2332601605505274,-3.608173414969171,-2.684171136320858,-0.9273345877648405,0.07124328798871317,-1.068440896455967,-0.7862282790737138,6
2022,창원,116,153,2487,10,45,2.40330009265028,0.5097268486384212,1.3937218420854947,3.4128783432150653,-2.011130987278796,0.25647456413424197,-2.5191111779724373,-1.5031507965851552,1.8417235943113035,0.405961621864026,1.0376654500469493,2.645781738575658,0.7089487771375189,0.13890447625983673,0.43383095959932505,0.9840665946757128,6
2022,고척,91,136,2162,9,43,2.6329031729635943,0.6578495918202014,1.3261657727283334,3.9396405731988553,7.763330308921008,0.24124662065898095,7.284123533063314,8.242537084778702,8.109020511137457,0.32781772023486305,7.457850880849331,8.760190141425582,2.469251333250737,0.077128221645659,2.3160455958128647,2.6224570706886094,7
2022,광주,91,156,2464,10,52,2.056647069921243,0.29429470126767177,1.4720667986566878,2.641227341185798,-1.4703104053558067,0.3008654730663533,-2.067942707608161,-0.8726781031034525,12.079690868597025,0.31222804464487175,11.459488213745654,12.699893523448395,3.921398712224664,0.0966448830431755,3.729425524456241,4.113371899993087,7
2022,대구,91,158,2296,9,43,-2.797389002207044,0.2953312379289523,-3.3840282262152837,-2.210749778198804,1.5841522952200218,0.2597126353036023,1.068265049739092,2.1000395407009513,-3.318374785329097,0.2140757851165905,-3.7436100341989214,-2.8931395364592722,-1.1773168912464795,0.08001596404178085,-1.3362587742078547,-1.0183750082851044,7
2022,대전구,91,130,2132,8,41,7.814087660727958,0.33892892854164997,7.140846980101244,8.487328341354672,-0.0046954270519690144,0.42468401087038415,-0.848278044091768,0.83888718998783,4.287787621481675,0.39121529391846377,3.5106864991828735,5.064888743780476,1.392082238312672,0.14570023099249682,1.102666628075661,1.6814978485496832,7
2022,문학,91,163,2513,11,50,-9.453334479900295,0.32091086395074414,-10.090784488656794,-8.815884471143796,0.5017132997596532,0.2448406082802764,0.015367508997754298,0.988059090521552,1.9778161969804045,0.33103220139133316,1.3202613947597572,2.6353709992010517,0.6941928493992142,0.09712990677083708,0.5012562215788132,0.8871294772196152,7
2022,사직,91,96,1507,6,30,-1.7891882717259746,0.3706134053469192,-2.5253662732283817,-1.0530102702235675,-1.7457428800388226,0.456987823070421,-2.6534930516334043,-0.837992708444241,-0.42618733520203533,0.529809363444882,-1.4785885509460193,0.6262138805419486,-0.14843494252791434,0.14520510599892064,-0.43686704778910407,0.1399971627332754,7
2022,수원,91,165,2634,11,47,9.032431339015252,0.44067925046707734,8.15707614346113,9.907786534569375,2.917056391663994,0.37332733975480864,2.175487492855165,3.6586252904728234,-16.78251427283633,0.3905830250057341,-17.558359470611435,-16.006669075061225,-5.537887610339669,0.17145190230942847,-5.878455752168731,-5.197319468510607,7
2022,잠실,91,272,4398,18,72,-6.323082352209663,0.20963546303136174,-6.739497446731129,-5.906667257688197,-3.5712285013013045,0.1777507324247372,-3.9243084953709793,-3.21814850723163,-3.799842202327281,0.24605433239311697,-4.288598906938693,-3.311085497715869,-1.059811215939372,0.08629551715238878,-1.231226659739617,-0.8883957721391269,7
2022,창원,91,176,2607,10,53,3.63378731403703,0.46935703980569343,2.7014672129014508,4.566107415172609,-2.8369439575904134,0.3166070912036891,-3.465845050484353,-2.208042864696474,2.9805237684842307,0.3701567815958343,2.2452527939691436,3.715794742999318,0.9441438289202226,0.10858401719933475,0.7284550178204658,1.1598326400199794,7
2022,고척,108,195,3012,12,45,3.8815033464594846,0.4220809114169408,3.0448657560384667,4.718140936880502,7.391811171631943,0.20790298996053028,6.979711377831787,7.803910965432099,6.738521215921496,0.30766346400075356,6.1286788557966005,7.348363576046392,2.1394603388787288,0.09347129251783616,1.954184021399374,2.3247366563580836,8
2022,광주,108,165,2696,10,46,1.233505122366398,0.25784369709314914,0.7224141831503281,1.7445960615824678,-1.8222173104976316,0.25099926936591277,-2.3197414065643573,-1.3246932144309058,11.726599002128179,0.4743100737067495,10.786434151160925,12.666763853095432,3.8340855723520058,0.16182991987387746,3.513310596372192,4.15486054833182,8
2022,대구,108,99,1472,6,36,-2.581697010429698,0.5853018998693164,-3.7418669160802915,-1.4215271047791047,2.196699016160991,0.3013888748996947,1.5992939801708663,2.7941040521511153,-2.7563129305598837,0.6053978953400431,-3.956316585553224,-1.5563092755665437,-0.9928823271662268,0.19140499314798798,-1.3722802291568659,-0.6134844251755878,8
2022,대전구,108,221,3320,13,57,7.8122100124738125,0.23121055265607954,7.3539105859380065,8.270509439009619,0.23652770621604957,0.247965286660239,-0.25498250978267545,0.7280379222147746,3.9539043060201484,0.27147387103892917,3.4157959974358816,4.492012614604415,1.2504953501574305,0.08638771587935488,1.0792599104578513,1.4217307898570097,8
2022,문학,108,171,2670,11,46,-9.138659632918163,0.3029135644394367,-9.739086868084241,-8.538232397752084,0.784608782081051,0.21240339527852875,0.3635884041954216,1.2056291599666804,1.2038591453604106,0.4003790945341236,0.41023832090411305,1.997479969816708,0.4418481104292176,0.14102875642357074,0.16230464906255143,0.7213915717958839,8
2022,사직,108,205,3011,13,63,-3.204792192752774,0.24068174325044067,-3.681865162140076,-2.727719223365472,-2.436783642116275,0.2337033616067007,-2.9000242484529544,-1.9735430357795958,-1.073908864137526,0.23863130200561047,-1.5469175032602451,-0.600900225014807,-0.3322443916894377,0.07931810904340397,-0.48946664418138386,-0.17502213919749152,8
2022,수원,108,182,2916,12,55,7.916250827307064,0.3198083343341469,7.282335227249106,8.550166427365022,2.395796805855426,0.28241155040012267,1.8360081192724793,2.955585492438373,-16.10836330581539,0.5716917166827473,-17.241555467250606,-14.975171144380177,-5.467218719413654,0.17810686868586353,-5.820257431717744,-5.114180007109564,8
2022,잠실,108,319,5199,22,75,-6.557998310785324,0.19976193693076413,-6.9539611251436755,-6.162035496426973,-3.4325760471023834,0.1518944412926767,-3.7336571808945695,-3.1314949133101972,-4.125655277923334,0.23034423386698524,-4.582237510327306,-3.6690730455193625,-1.181217293334252,0.07381175794779936,-1.3275250026947083,-1.0349095839737956,8
2022,창원,108,160,2529,10,43,3.1270064002053273,0.5098954053413155,2.1163052484773264,4.137707551933328,-2.083108277980818,0.2812205862524363,-2.640536267010651,-1.5256802889509853,2.9495841784068935,0.5058786465340297,1.9468449394755374,3.9523234173382495,0.9621751212685452,0.127364914412812,0.7097157652157111,1.2146344773213793,8
2022,고척,116,227,3440,13,77,4.044170278397139,0.35452007236017985,3.3419986046868893,4.7463419521073895,6.747234913990733,0.16523754453593456,6.419961136700369,7.074508691281096,6.071021205400081,0.3010602012199248,5.474733542558332,6.66730886824183,2.0088554309847786,0.10409075726101713,1.8026905705379508,2.2150202914316064,9
2022,광주,116,183,3007,11,59,2.694741833987267,0.3123610239693724,2.0760714677587813,3.3134122002157524,-1.4725805215755277,0.24778311953829193,-1.9633462111034974,-0.9818148320475579,11.897170479745451,0.3360100645148142,11.231660208879454,12.562680750611449,3.8762405664805772,0.11783735138016785,3.6428488442761084,4.109632288685046,9
2022,대구,116,200,3085,15,67,-3.2150567270257193,0.3180882460907752,-3.8450705783097145,-2.585042875741724,1.201040009209866,0.2231910038746937,0.7589821034207005,1.6430979149990317,-3.25970645567993,0.27891718298478685,-3.8121370808322386,-2.707275830527621,-1.1404638701806644,0.08982052979230691,-1.3183647470419588,-0.96256299331937,9
2022,대전구,116,190,2888,12,60,8.938464438020134,0.4770960657376582,7.993515564549197,9.88341331149107,0.0993834971295291,0.2612569686328072,-0.4180688482682474,0.6168358425273056,4.566823104415617,0.49533272230055597,3.5857542347582885,5.547891974072945,1.4333335036363368,0.1593110296225341,1.1177979358874155,1.7488690713852582,9
2022,문학,116,237,3774,15,70,-9.134532817597858,0.27899579115369955,-9.687119136133521,-8.581946499062195,0.3050196433983936,0.19636034325721263,-0.08389675830863402,0.6939360451054213,-0.05056710468543968,0.42422692624101166,-0.8908019857416815,0.7896677763708021,-0.00974126256631222,0.1553731455575791,-0.3174773547415143,0.2979948296088899,9
2022,사직,116,130,1773,7,42,-1.8934125982890209,0.32292148643059854,-2.5329992910662043,-1.2538259055118375,-2.231142818451481,0.32161690911661145,-2.868145631478363,-1.5941400054245987,-2.075078277747897,0.39983096455628486,-2.8669938827363732,-1.283162672759421,-0.7309338977277311,0.13828946363396968,-1.004833605267292,-0.45703419018817015,9
2022,수원,116,146,2454,10,52,8.529568486401416,0.4067858110589951,7.723877931586561,9.335259041216272,2.507089105221036,0.39517352813547074,1.7243981399124242,3.289780070529648,-16.395820726216353,0.4659431452525125,-17.318679835371054,-15.472961617061655,-5.387373280282928,0.18542371190136586,-5.754628305547256,-5.020118255018599,9
2022,잠실,116,324,5039,22,92,-5.933922908711453,0.30572698945463667,-6.539453733678842,-5.328392083744063,-3.8441901862864327,0.1689615205107917,-4.178839767225131,-3.509540605347734,-4.994889316662919,0.28857148488754186,-5.566441503199414,-4.4233371301264235,-1.5180040165231807,0.091933919719026,-1.70009072842667,-1.3359173046196915,9
2022,창원,116,192,3039,12,58,2.9250918444011282,0.3794423831503504,2.1735583938984995,3.676625294903757,-2.221624441085611,0.34487512285725963,-2.9046930770179724,-1.5385558051532495,3.1203192100620836,0.5159807875112601,2.098354245547964,4.142284174576203,0.9921327442191551,0.15738567402586562,0.6804105858289755,1.3038549026093347,9
2022,고척,35,58,956,4,23,2.622042112660578,0.5531708216024982,1.4990456420485905,3.745038583272566,6.031045945561349,0.37897368757938954,5.2616884578081615,6.8004034333145364,6.623295405635288,0.8052907076763086,4.988468355435284,8.258122455835291,1.8761158910298656,0.27461378169795947,1.3186202755980292,2.433611506461702,10
2022,광주,35,48,726,5,23,-0.23212826192771385,0.6894945289924757,-1.6318765717205745,1.1676200478651468,-1.066371093183367,0.3556149459241605,-1.7883078143083222,-0.34443437205841176,14.451719957696955,0.6321693299405884,13.16834798898786,15.735091926406051,4.5857562815150725,0.1747443182998284,4.231006455517889,4.940506107512256,10
2022,대구,35,18,245,2,10,-5.767350519913788,1.1463509324147056,-8.094566636366055,-3.440134403461521,1.6627798088526293,1.4314139196786564,-1.2431449380949107,4.568704555800169,-3.5998499405945195,1.0700763780034583,-5.772220479412751,-1.4274794017762877,-0.7943825480355269,0.40209914260390206,-1.6106872053783738,0.02192210930731997,10
2022,대전구,35,42,600,3,23,5.729236656558359,0.5258713103980229,4.661661140079936,6.796812173036782,-0.12959319515415446,0.503881485200662,-1.1525269931585762,0.8933406028502673,5.527765261090306,0.6505128823389066,4.20715390122511,6.848376620955503,1.8024868165536816,0.2467010366045192,1.3016570862352692,2.303316546872094,10
2022,사직,35,14,206,2,8,-3.5314118081683805,0.882725981362411,-5.323440821404775,-1.7393827949319856,-3.497023849832777,0.7575151849500034,-5.034861432569803,-1.9591862670957503,0.7797923758545702,1.3079666542773771,-1.8755210988810083,3.4351058505901486,0.33983079651951803,0.3105951285780638,-0.29071083648274393,0.9703724295217799,10
2022,수원,35,79,1089,6,30,6.069245248496732,0.6061752701398376,4.838644026676555,7.2998464703169095,2.759325571711615,0.5237654760900612,1.6960251261573662,3.822626017265864,-14.68377487392501,0.9240860510225202,-16.559769292491378,-12.80778045535864,-4.740001149365892,0.27160751717923814,-5.291393723363854,-4.188608575367929,10
2022,잠실,35,105,1605,10,48,-7.052243846119964,0.3483542302406856,-7.759440530771125,-6.345047161468803,-3.6383861478193875,0.30939292060513807,-4.2664871688844075,-3.010285126754368,-3.3542237677604794,0.505944974613688,-4.381346671982146,-2.3271008635388126,-0.9583040908403877,0.14709350926729925,-1.256919790198097,-0.6596883914826782,10
2022,창원,35,44,512,4,25,2.0980974058440576,0.7463623503120865,0.5829012811279308,3.6132935305601843,-3.44927444074259,0.5380215555412806,-4.541516266216526,-2.357032615268654,3.818374486816432,0.47722466284390996,2.8495569152204134,4.78719205841245,1.2114061631001152,0.18394619794302924,0.8379755282844645,1.5848367979157658,10
2023,고척,21,37,425,5,21,4.78526296427415,0.9715086184888913,2.7649001909923903,6.805625737555909,6.209385706834691,0.7007493962713776,4.752097560664172,7.666673853005211,4.308152741357615,1.0626085650212114,2.098337258013291,6.517968224701939,1.4024034570609112,0.31162737462020834,0.7543388544045868,2.0504680597172356,3
2023,광주,21,6,66,1,5,3.497177771634208,1.5503173795710028,0.2731162853564135,6.721239257912002,-1.6785116659933168,2.1596767984805547,-6.169805436250629,2.812782104263995,17.909577294970887,1.3586146920937272,15.08418337164234,20.734971218299435,5.616561699408507,0.33590145672029886,4.918016379548778,6.315107019268236,3
2023,대구,21,40,436,3,21,-4.912775797172486,0.7410288905145875,-6.453829737229814,-3.3717218571151584,-0.49239455521891484,0.7206942643204709,-1.9911603251155958,1.0063712146777661,-1.0587833930373718,0.7092977155337363,-2.533848742295045,0.4162819562203015,-0.3844580649467475,0.2259773590883045,-0.8544037095017838,0.08548757960828884,3
2023,대전구,21,11,174,1,6,9.08813102584502,1.3511158050899814,6.2783318917495095,11.897930159940529,0.9176992155494612,1.1236524857834762,-1.4190640505485281,3.2544624816474506,8.858957714872231,1.443608723445477,5.856809027225365,11.861106402519097,2.7958773644571173,0.42532057822586977,1.9113748015310166,3.680379927383218,3
2023,사직,21,37,478,7,18,-6.426411224572313,1.040932135490851,-8.591148104961036,-4.26167434418359,-2.8058800062527105,0.8026562718733751,-4.475095101798086,-1.1366649107073354,-1.7959527783060794,0.49169634441130133,-2.818491303545811,-0.7734142530663477,-0.5355570135010148,0.1489567673224773,-0.8453295690907182,-0.2257844579113114,3
2023,수원,21,22,224,3,13,9.06865453411244,1.412818983051827,6.13053661686378,12.006772451361101,0.4110961011435945,1.0136572431358002,-1.6969195354901072,2.5191117377772962,-12.206343917321838,1.7959113036659138,-15.941145928328408,-8.471541906315268,-3.9341957671502166,0.5307421237569733,-5.03793443569539,-2.8304570986050432,3
2023,잠실,21,14,180,2,8,-3.685939410943451,1.4747498030403154,-6.752849518855509,-0.6190293030313927,-6.80043153637064,1.1161310490458443,-9.121553118496806,-4.479309954244473,-2.7785535225452294,1.550787821300474,-6.003593345956769,0.44648630086631114,-0.8239854567526206,0.47834019533810385,-1.818748349467484,0.17077743596224282,3
2023,고척,119,219,3353,14,61,4.968432155194107,0.29518338270316136,4.383939575571436,5.552924734816779,6.269967514312235,0.25860812247750437,5.757897602943768,6.782037425680702,5.517307571722736,0.40546921543496645,4.714438028332866,6.320177115112605,1.7416499576573408,0.12927455716776684,1.48567342298042,1.9976264923342615,4
2023,광주,119,176,3075,12,50,0.3692917126891604,0.33427238484831934,-0.29260099525196337,1.031184420630284,-0.5898054156904152,0.2982923633420005,-1.1804540874919591,0.0008432561111285652,14.204125029469491,0.43031170563202314,13.352064874309548,15.056185184629435,4.555878716276666,0.09633230427807232,4.365131132476843,4.74662630007649,4
2023,대구,119,177,2920,12,52,-3.142844216860807,0.32385919596265256,-3.7841177707758993,-2.5015706629457144,1.4330330548549,0.3055827612779705,0.82794866700102,2.03811744270878,-2.1940616616760016,0.39513941845853906,-2.9764771753490216,-1.4116461480029814,-0.7295094670699598,0.13360802693793264,-0.9940667047034157,-0.4649522294365039,4
2023,대전구,119,220,3142,12,54,11.31935857400178,0.2837693905680584,10.757466838795708,11.881250309207854,-0.04348905913418788,0.250248048370848,-0.5390051887968943,0.4520270705285186,5.589163567272273,0.2933848331492491,5.008232295399105,6.170094839145441,1.8182978105134289,0.09501092651372856,1.6301666866615356,2.006428934365322,4
2023,문학,119,189,3121,12,49,-7.8348328884612535,0.3894985928340532,-8.606079004012114,-7.0635867729103925,0.28666639045326137,0.21724651687756666,-0.14350341077670886,0.7168361916832315,1.117301901664082,0.4342893246607134,0.25736566355683554,1.9772381397713283,0.4186257871329307,0.1312500733474016,0.1587375331127765,0.6785140411530849,4
2023,사직,119,190,2812,13,55,-6.0948313480056875,0.29528197071450907,-6.679519141737448,-5.5101435542739265,-3.020215167359563,0.2476284515003301,-3.51054423358259,-2.529886101136536,-4.9576030430801765,0.3212562773356647,-5.593722558143543,-4.3214835280168105,-1.6131217466526326,0.11564450713963018,-1.842109420952738,-1.3841340723525273,4
2023,수원,119,203,3139,11,56,8.79140433719784,0.388779543821463,8.021582010507975,9.561226663887703,2.0614074127134185,0.27679574926763223,1.513324183784774,2.609490641642063,-15.680436879929333,0.5181560486897672,-16.706437607925356,-14.654436151933309,-5.193647070881418,0.16164451115805176,-5.513719347455419,-4.873574794307418,4
2023,잠실,119,414,6620,25,92,-4.879647736273264,0.20028575224709383,-5.27623352955382,-4.483061942992708,-2.7017048291600836,0.1970305337248827,-3.0918449646469686,-2.3115646936731986,-2.9628648033378187,0.27191026723240125,-3.50127428989207,-2.4244553167835674,-0.9036731063359256,0.08013104784310168,-1.0623405842704163,-0.7450056284014348,4
2023,창원,119,141,2274,9,40,0.9301602620842206,0.5247117444578376,-0.10882139829224902,1.9691419224606903,-1.8666121249229515,0.31781521833493015,-2.495917999484082,-1.2373062503618208,2.6196254425513676,0.6679749607676573,1.2969683052590002,3.9422825798437353,0.9158917994816198,0.22202240688275818,0.4762652590423979,1.3555183399208417,4
2023,고척,112,204,3160,12,56,4.113021874192719,0.36262586977645805,3.3945251964726397,4.831518551912798,6.431292022019689,0.24358070679581914,5.948668074926804,6.9139159691125744,6.030364135604371,0.47576432008529873,5.087698121263571,6.973030149945171,1.9528152256440274,0.13554354549917452,1.684253064903559,2.221377386384496,5
2023,광주,112,201,3145,13,61,1.7863415789355959,0.3309492364238471,1.1306080897305506,2.442075068140641,-1.030117054992466,0.18461943515234508,-1.3959168002817064,-0.6643173097032258,12.920543962607354,0.3630834362226815,12.201140675627295,13.639947249587413,4.334914551005771,0.12270143308842478,4.091797389839435,4.578031712172107,5
2023,대구,112,165,2550,11,52,-2.4092545369664755,0.3799502594993857,-3.1620772721934967,-1.6564318017394544,0.6610878323552494,0.2712963424895139,0.12354890586749756,1.1986267588430013,-1.9284899661786796,0.35930778911605726,-2.6404122923987545,-1.2165676399586045,-0.6730855887120828,0.11830690714002819,-0.9074955600245229,-0.4386756173996426,5
2023,대전구,112,187,2831,12,52,10.628400139665954,0.27586457198764974,10.08180985200671,11.174990427325199,0.22414178299441145,0.18480897711692756,-0.14203351540118891,0.5903170813900118,5.250117035384983,0.4170405669872661,4.42380461029638,6.0764294604735865,1.6846402886742888,0.12563147887340462,1.4357176173732968,1.9335629599752808,5
2023,문학,112,200,2837,11,51,-9.133615741758485,0.33733367643902856,-9.80199918046338,-8.46523230305359,0.5713908546412865,0.20708587659018102,0.16107673550654894,0.981704973776024,0.9586817370511631,0.4111771672146723,0.14398688701132978,1.7733765870909965,0.33420113565470466,0.13341428605418187,0.06985782956510378,0.5985444417443055,5
2023,사직,112,140,2216,9,43,-6.577584018132565,0.2976543683109598,-7.167347994078711,-5.987820042186418,-2.6308717242268043,0.2203887051290646,-3.067543692886618,-2.1941997555669905,-5.7359468733109455,0.5691029866993288,-6.863551490918921,-4.60834225570297,-1.9136586155424196,0.1792382966613777,-2.268796324693711,-1.558520906391128,5
2023,수원,112,178,3050,12,58,8.705103579223653,0.3474837395080467,8.016609091634589,9.393598066812718,2.3995658644618887,0.23887088217175215,1.9262738311321401,2.8728578977916372,-15.617050311054713,0.3987331226687759,-16.407088881968242,-14.827011740141185,-5.2171062180267995,0.12373388453271228,-5.462269049385075,-4.971943386668524,5
2023,잠실,112,354,5565,22,93,-5.436504814532888,0.18096659605876728,-5.795066927397834,-5.077942701667941,-3.110253590455902,0.1215265619598037,-3.3510428950818762,-2.869464285829928,-3.1780937808518472,0.23867547370350084,-3.650998637350215,-2.7051889243534797,-1.021291429602564,0.058755845981571055,-1.137708606789662,-0.9048742524154658,5
2023,창원,112,188,2706,11,58,0.602728124709061,0.4883589616596168,-0.36489255746556193,1.570348806883684,-1.9233639250725703,0.25212074883788316,-2.42290887076546,-1.4238189793796805,2.0963341382376637,0.46318826600698754,1.17858596298999,3.0140823134853374,0.7506093344198944,0.15716389706681635,0.43920921845558364,1.0620094503842052,5
2023,고척,119,157,2397,10,45,3.6911937277703935,0.27929372452909446,3.138164258335135,4.244223197205652,7.028821402164455,0.2522941233155888,6.529253839756446,7.528388964572464,7.6063375562899935,0.3920228926499254,6.830093074985584,8.382582037594403,2.505343312828394,0.11765244064422513,2.2723797296439066,2.738306896012882,6
2023,광주,119,184,2756,10,48,2.030258987034887,0.3418465664390662,1.3533686430616632,2.707149331008111,-1.0570607185417664,0.262326849481891,-1.576494080792197,-0.5376273562913358,14.412945227580856,0.3590108903938067,13.702067807865383,15.123822647296329,4.665955186073586,0.10314331874080751,4.461721113377554,4.870189258769618,6
2023,대구,119,164,2706,10,51,-2.4778142855396657,0.46822239300807256,-3.404941388089323,-1.5506871829900084,1.7129443426496684,0.289186476357327,1.1403262365415074,2.2855624487578297,-3.025766155662598,0.504306508837115,-4.0243434115074,-2.027188899817796,-1.0320959398793663,0.15709175015930285,-1.3431532949622063,-0.7210385847965264,6
2023,대전구,119,265,3826,15,67,11.460249551028209,0.26458415128671503,10.93634650575292,11.984152596303497,-0.10868741199507936,0.2500426086125875,-0.6037967504178348,0.38642192642767603,6.110031061197581,0.31825151540749924,5.479861274856958,6.740200847538205,1.9650687814116692,0.1044468876073365,1.7582535121640703,2.1718840506592683,6
2023,문학,119,248,4144,15,61,-8.013124853365127,0.29437531732925026,-8.59601738284075,-7.4302323238895065,1.2175309711469002,0.2007049230318291,0.8201151778472758,1.6149467644465245,1.753252490101204,0.3297591513426969,1.1002964352669846,2.4062085449354234,0.5770993542132477,0.10481672485112634,0.3695517702849114,0.7846469381415839,6
2023,사직,119,205,3150,11,55,-5.523184886010367,0.28345554751060564,-6.084455180617152,-4.961914591403582,-3.0851915436902377,0.24009942167578363,-3.5606123788878397,-2.609770708492636,-5.011071429506287,0.3421186543481218,-5.688500534714617,-4.333642324297957,-1.6141889549583528,0.11090772112538556,-1.8337973198568496,-1.394580590059856,6
2023,수원,119,198,3247,13,56,8.536675290988404,0.3615682533852612,7.820734037129497,9.252616544847312,3.2338098332126957,0.3261244259124473,2.5880508977538685,3.879568768671523,-15.978291691145307,0.4304350663276743,-16.83059611280347,-15.125987269487144,-5.233838271456686,0.12910909888922725,-5.4894871822167115,-4.9781893606966605,6
2023,잠실,119,428,6433,25,94,-5.168920854649731,0.20018966515969966,-5.565316385900409,-4.772525323399054,-2.8384256289906045,0.14872713634334467,-3.1329202132898555,-2.5439310446913534,-3.1137923381012733,0.2588345629463798,-3.626310624214186,-2.601274051988361,-0.9982003203838934,0.075056071636157,-1.1468188385579912,-0.8495818022097956,6
2023,창원,119,201,3096,11,55,1.4704039121778896,0.4163164806255437,0.6460557003242625,2.2947521240315165,-1.8481583826090109,0.2013126521842525,-2.246777540328268,-1.4495392248897536,2.3540736833206743,0.5550413753701455,1.2550363245217593,3.4531110421195894,0.8135365163671242,0.16780437013039345,0.48126710380299753,1.1458059289312508,6
2023,고척,78,225,3221,14,59,3.5859997325098005,0.3060677134378256,2.976665722354209,4.195333742665392,6.795319933682201,0.21363186603532258,6.370011559381007,7.220628307983395,7.967080930279341,0.40628573224039555,7.158228171148538,8.775933689410143,2.546735131926551,0.10105736228326198,2.3455453784430778,2.747924885410024,7
2023,광주,78,86,1426,6,28,1.7540425326506286,0.35824659113809015,1.0408283567715815,2.4672567085296757,-2.5523651650616133,0.30396837259979564,-3.157519708663376,-1.9472106214598504,13.02109398432619,0.5322026542452656,11.961559890108202,14.08062807854418,4.089255001125216,0.18504252911808095,3.7208636244249824,4.45764637782545,7
2023,대구,78,118,1820,8,38,-3.523422459960955,0.3348843667099501,-4.190126019816319,-2.8567189001055917,0.43447126335882524,0.24013729725892954,-0.04360537100147627,0.9125478977191268,-1.2330227798913023,0.5300926515806588,-2.2883561814892737,-0.17768937829333087,-0.3908766016954437,0.16158840441473968,-0.7125744029784862,-0.06917880041240115,7
2023,대전구,78,109,1682,6,37,10.058723475863554,0.32452373521057815,9.412646348859752,10.704800602867355,-0.8987973744352058,0.2175182544778795,-1.3318429537755276,-0.465751795094884,1.9768409161593365,2.002518746240042,-2.009867660033113,5.963549492351786,0.6396006009458843,0.6401670421497014,-0.6348740784676987,1.9140752803594674,7
2023,문학,78,107,1533,6,35,-10.22706724995736,0.4377634025217226,-11.098587236700762,-9.355547263213957,-0.25550219851001765,0.26286982095286154,-0.778835811033076,0.26783141401304067,0.21227113529606756,0.7804221054300837,-1.3414299257352629,1.765972196327398,0.11003972237503173,0.24853787872930716,-0.38476118498188483,0.6048406297319483,7
2023,사직,78,109,1403,6,37,-6.364104629415628,0.36424152786494823,-7.089253807505052,-5.638955451326204,-4.27590965191587,0.36267980712879205,-4.997949682855415,-3.553869620976325,-5.5719991492259835,0.67716070310031,-6.920122550107699,-4.223875748344268,-1.7689402017175964,0.20578337033474203,-2.178623421358708,-1.3592569820764846,7
2023,수원,78,127,2049,8,43,7.693415355798647,0.40644365642858243,6.8842481937606985,8.502582517836597,2.564938749851933,0.31170006896588265,1.9443915812028039,3.1854859185010627,-16.64114855681714,1.0175134489751199,-18.66686222418573,-14.615434889448547,-5.464664980644367,0.2800777755215186,-6.02225699908068,-4.907072962208053,7
2023,잠실,78,168,2449,15,55,-6.581820635678303,0.30099584402000307,-7.181057329470027,-5.982583941886579,-3.6575996634236114,0.22040405297293214,-4.09639042623899,-3.218808900608233,-4.031096008873778,0.5437301937769795,-5.113579671379091,-2.9486123463684657,-1.2244260519851387,0.187507558214335,-1.5977249246361849,-0.8511271793340924,7
2023,창원,78,144,2405,10,47,0.1680206913730009,0.5302138721456544,-0.8875540418314716,1.2235954245774734,-3.091195470808281,0.235036379884664,-3.5591169587657756,-2.6232739828507867,2.5575792161948567,0.5402028434989697,1.4821179686511925,3.6330404637385207,0.8773912133120683,0.1739403292498036,0.5311026186769564,1.22367980794718,7
2023,고척,109,176,2614,9,45,5.07904382201159,0.414240497138165,4.258032623751468,5.9000550202717115,7.470764071460891,0.258640629100086,6.95814675305953,7.983381389862253,7.703201744279736,0.278592586810306,7.15104029434012,8.25536319421935,2.4460704609011703,0.09917051050528523,2.2495177331391245,2.642623188663216,8
2023,광주,109,184,2628,11,50,2.5499545093014278,0.2964640816426196,1.9623723376111735,3.137536680991682,-1.1801280579109767,0.22499011302609492,-1.6260511474408335,-0.73420496838112,13.61592425417906,0.21980299940227976,13.180281855217174,14.051566653140945,4.370534160568808,0.06823257614144808,4.235299412915489,4.5057689082221275,8
2023,대구,109,177,2634,12,50,-1.1710755930870795,0.3306815291421818,-1.826475633303231,-0.515675552870928,1.3150523741387428,0.22056734520411864,0.8778950666466956,1.75220968163079,-1.3812943691788702,0.28291683115075406,-1.9420263308189303,-0.8205624075388099,-0.5061965712358523,0.10194715731475086,-0.7082525227047393,-0.30414061976696527,8
2023,대전구,109,185,2855,11,43,12.511078577076855,0.5886716531892704,11.344350498326293,13.677806655827418,0.1572312228353857,0.2953596711187738,-0.42816204310128336,0.7426244887720548,-6.2870262920673445,0.3036105336168116,-6.888772499237411,-5.685280084897278,-2.0298338663154967,0.10229531361094898,-2.2325798522447955,-1.8270878803861978,8
2023,문학,109,203,3044,11,48,-8.557333059439706,0.3390793445078549,-9.229377296695432,-7.885288822183981,1.2936936913159183,0.28710729141364416,0.7246563736677772,1.8627310089640594,1.5851811040727384,0.32916404184012044,0.9327886743553605,2.2375735337901164,0.5601664955342613,0.10980341092271728,0.3425397048232599,0.7777932862452628,8
2023,사직,109,249,3674,15,56,-4.952350162890505,0.35963201261018246,-5.665129120152387,-4.239571205628622,-3.7344965831090633,0.22761057364876722,-4.185613340401191,-3.2833798258169353,-4.904817330940137,0.23677168593597894,-5.374091114955344,-4.43554354692493,-1.6014847434934227,0.07803751431370519,-1.7561525598430319,-1.4468169271438136,8
2023,수원,109,160,2739,11,52,5.0081892540623825,0.5148931189133334,3.987687831687135,6.0286906764376305,4.466800250102296,0.19526566991025468,4.0797900404785565,4.853810459726036,-2.5850667092310675,0.45006059535754556,-3.477072177641169,-1.6930612408209662,-0.8580536281284034,0.15235331273269148,-1.1600129409182531,-0.5560943153385536,8
2023,잠실,109,364,5591,21,85,-5.09313581588623,0.21898767937652874,-5.527162277063346,-4.659109354709114,-2.9590966993975094,0.15901682392251193,-3.2742628747330786,-2.64393052406194,-3.4933948630479956,0.21088801512896016,-3.9113680530086503,-3.075421673087341,-1.0546799920296728,0.0682875922684804,-1.1900237798581812,-0.9193362042011642,8
2023,창원,109,159,2238,9,45,2.854928992221501,0.5020037982008597,1.8599737844631634,3.8498841999798388,-2.791627895445431,0.296699873440546,-3.3796773988135222,-2.20357839207734,2.446848579848752,0.3790769157814896,1.695530456660265,3.1981667030372387,0.7481404630320068,0.1169768928355199,0.5162960643816179,0.9799848616823956,8
2023,고척,102,136,2132,9,49,4.907091902861757,0.5802639757565369,3.756141058233821,6.058042747489694,7.582605466609943,0.3097202831119269,6.968276753576683,8.196934179643202,6.637457016750907,0.37102050329479985,5.9015396076360584,7.373374425865755,2.161596879731309,0.11255581908788968,1.9383429462468187,2.3848508132157993,9
2023,광주,102,207,3033,12,50,1.9202930456781737,0.21390096539520967,1.4960214950147528,2.344564596341595,-1.2249386526512458,0.3203921065398853,-1.860434876854081,-0.5894424284484104,13.364666689599424,0.28333578144539895,12.802671510521268,13.92666186867758,4.296449304876562,0.11170543824245227,4.074882097766969,4.518016511986155,9
2023,대구,102,132,1900,8,43,-2.4175470947756654,0.49392932970948383,-3.397253578319568,-1.437840611231763,1.4073094480657438,0.4453362989730915,0.5239870105866758,2.2906318855448116,-1.9803514889843248,0.35855649891208974,-2.691546604503361,-1.2691563734652886,-0.6624751243319315,0.12147874224669872,-0.9034276335944404,-0.4215226150694224,9
2023,대전구,102,218,2879,12,62,12.214492020296943,0.3651205571459528,11.490277126394108,12.938706914199777,0.885565987134344,0.2742919699664649,0.3415091652439892,1.4296228090246987,-6.540133093031966,0.3500312986616845,-7.234418514276024,-5.845847671787908,-2.135806062291867,0.11403362549297845,-2.361991217773925,-1.9096209068098091,9
2023,문학,102,173,2746,10,47,-7.9472394625444815,0.3171867391745512,-8.576377855776224,-7.318101069312738,0.6998620592592604,0.22454655468904233,0.25447503270691463,1.145249085811606,0.6343714397656217,0.48113758543699303,-0.3199626796650462,1.5887055591962898,0.19238472419419622,0.1590818666807321,-0.12315340409036801,0.5079228524787605,9
2023,사직,102,110,1694,7,37,-5.855169930304823,0.4455158699205711,-6.738848545906792,-4.971491314702853,-3.246698284641571,0.26713125095977314,-3.776551854334252,-2.7168447149488903,-4.825017664416244,0.3695709990277654,-5.558059988690163,-4.091975340142325,-1.5735715839530766,0.1272009057437574,-1.825873977380723,-1.3212691905254301,9
2023,수원,102,153,2326,8,42,4.989687371436697,0.47118958226713903,4.055085069125603,5.924289673747792,4.396923733591576,0.31697795737873213,3.7681994580619147,5.025648009121237,-3.6992038448123044,0.307232517491136,-4.308598086532309,-3.0898096030922995,-1.2445992839947726,0.12065105175918327,-1.4839100730997372,-1.005288494889808,9
2023,잠실,102,358,5352,22,90,-5.4628463986101865,0.24860787302715354,-5.955958936000948,-4.969733861219425,-2.7418914984198457,0.17689456394348949,-3.092761027267305,-2.391021969572386,-4.814586610969208,0.19460762623134625,-5.20058991487926,-4.428583307059156,-1.5090746769484333,0.06638279007332944,-1.6407446263090573,-1.3774047275878094,9
2023,창원,102,216,3536,15,65,0.7111331263232958,0.38300592249499005,-0.0485573049470186,1.4708235575936102,-2.728751124134602,0.24087872052879072,-3.2065329241921514,-2.2509693240770527,2.4630175931862537,0.40950483718689257,1.6507666902674885,3.275268496105019,0.8135974311284779,0.1404898482126412,0.5349364833224854,1.0922583789344704,9
2023,고척,65,24,365,2,15,6.317222551242516,0.7091577223355182,4.900936780937322,7.73350832154771,8.004948512020858,0.6240284564933671,6.758677625642605,9.251219398399112,5.437757569392261,0.5248169967508969,4.389625650212602,6.48588948857192,1.6846396697401274,0.17124335198295187,1.3426430799348592,2.0266362595453957,10
2023,광주,65,94,1612,7,39,2.5023205964464967,0.26729848578984167,1.9684886576198226,3.036152535273171,-0.08043969697223785,0.26459031362857205,-0.6088630425131885,0.44798364856871276,13.631842028192791,0.3730255403703529,12.886858580720748,14.376825475664834,4.4250700707040185,0.1341041176551687,4.15724565366342,4.692894487744617,10
2023,대구,65,42,550,3,22,-1.3307914035180461,0.48797254350712227,-2.305339868410586,-0.35624293862550604,2.146010203560583,0.3465526117754624,1.45389684533155,2.838123561789616,-4.07069199574811,0.40667295295388256,-4.882873966410027,-3.258510025086193,-1.3933790049561297,0.13983640338890121,-1.6726515871373002,-1.114106422774959,10
2023,대전구,65,68,1007,5,26,12.7426036625349,0.5443211468756018,11.655519265770225,13.829688059299576,0.6307871945001353,0.3537280530362838,-0.07565650948032421,1.3372308984805947,-5.815018741723591,1.321664880546342,-8.45456577685308,-3.1754717065941027,-1.8483608308058583,0.4309554338773335,-2.709038264629805,-0.9876833969819121,10
2023,문학,65,154,2223,9,43,-7.180340388020342,0.2623685009180139,-7.70432646717169,-6.656354308868995,1.1466849554108767,0.22783023778303693,0.6916765508564094,1.6016933599653438,0.8155837523854217,0.4853958077513383,-0.1538186158493331,1.7849861206201765,0.22595762657481266,0.17170523621332562,-0.11696140973622338,0.5688766628858487,10
2023,사직,65,94,1439,7,38,-4.625465463728558,0.2562497660251765,-5.137231585474019,-4.1136993419830965,-2.825691287630048,0.38662962636269455,-3.597843970946422,-2.0535386043136743,-5.6204778851780315,0.5921922784429056,-6.803167533513391,-4.437788236842672,-1.8325259443339024,0.2009871888015191,-2.233925078190557,-1.4311268104772479,10
2023,수원,65,92,1493,12,45,6.1369954152658055,0.31943087497596523,5.499047905740479,6.774942924791132,4.395822461772115,0.4449716417288191,3.507152727916065,5.2844921956281645,-3.945450704836091,0.6388644610395244,-5.221351138302552,-2.6695502713696304,-1.2425662620717055,0.20798141450233343,-1.657933829215306,-0.8271986949281049,10
2023,잠실,65,150,2082,13,56,-4.327038933049103,0.32739136483729775,-4.9808846386458665,-3.6731932274523387,-2.1186156999127084,0.23812602195581695,-2.594186205335257,-1.6430451944901598,-4.683108056575181,0.5255801065414542,-5.732764011245827,-3.6334521019045347,-1.497369749665466,0.17990153769942,-1.8566579303829909,-1.1380815689479413,10
2023,창원,65,157,2226,8,44,1.8081351031347737,0.38793093855407623,1.033383519910339,2.5828866863592084,-2.355148999719034,0.22716999890003245,-2.8088388161716584,-1.9014591832664094,2.718287277461979,0.6825183832051188,1.3552039411886159,4.081370613735341,0.8926000242653098,0.22777929818669237,0.4376933531097405,1.3475066954208792,10
2024,고척,75,50,713,3,18,6.568213635975103,0.7764202937860402,5.021505096312879,8.114922175637327,8.157070742415904,0.6157346125302436,6.93046449450067,9.383676990331137,7.698102168152408,0.6913135826297022,6.320934891104772,9.075269445200044,2.5667761834033898,0.14515719480255584,2.2776082229682952,2.8559441438384843,3
2024,광주,75,116,1535,7,44,0.9696376095097888,0.5668230069813218,-0.15953172363572998,2.0988069426553078,-1.9764131926917852,0.4462548594375047,-2.865398459411206,-1.0874279259723645,13.120438043300437,0.646613732832281,11.83231743331782,14.408558653283054,4.213783727121044,0.19078561886513126,3.833719284827165,4.5938481694149225,3
2024,대구,75,129,1798,8,48,-3.335112410713191,0.5826274456495063,-4.495765800172396,-2.174459021253986,1.134691810953007,0.409743874536647,0.3184401558993283,1.9509434660066858,-5.518553807974911,0.5050776810163086,-6.524720144265956,-4.512387471683866,-1.8691861505796132,0.15800105326973424,-2.1839403891328737,-1.5544319120263528,3
2024,대전구,75,155,1996,10,57,5.988912922356368,0.6290149621350594,4.735850861387478,7.2419749833252585,0.7961561363287073,0.30646882094015676,0.18563893799929376,1.4066733346581208,-7.726365174710391,0.664401078820547,-9.049919994950216,-6.402810354470566,-2.4362443074233684,0.18513927504086658,-2.8050606560226923,-2.0674279588240445,3
2024,문학,75,174,2353,10,58,-13.119815256185898,1.0822393399686916,-15.275746576483494,-10.963883935888303,-0.4710808644146339,0.2678625492175497,-1.0046904256874463,0.0625286968581783,5.836869456464582,0.9953237786821312,3.8540828130222575,7.819656099906906,1.81347753298285,0.2990609859193734,1.2177174987548323,2.4092375672108677,3
2024,사직,75,123,1741,8,44,-5.852123952406892,0.6071253237224047,-7.061579617543602,-4.642668287270181,-1.8304161692252587,0.306896285214459,-2.4417849200562687,-1.2190474183942488,-2.807250937699621,0.6915546870824582,-4.184898519446932,-1.4296033559523098,-0.9207458930515663,0.2245825898278783,-1.3681373539990846,-0.47335443210404804,3
2024,수원,75,186,2450,10,61,14.206226636835318,0.4508627820086916,13.30806191763636,15.104391356034276,4.663818071733254,0.3744876301141583,3.9178004571356446,5.409835686330863,-3.166614809852339,0.6295607358195239,-4.420764107753649,-1.9124655119510292,-1.0165448512878297,0.1838562153851316,-1.3828052139832505,-0.6502844885924088,3
2024,잠실,75,194,2645,11,67,-2.263372472915375,0.4094747052681363,-3.0790879152894624,-1.4476570305412875,-3.339816116069054,0.3089649099636869,-3.9553057787188233,-2.7243264534192844,-4.026133298657736,0.4346646626130225,-4.892029709317796,-3.1602368879976757,-1.2304116901962696,0.1381447297726816,-1.5056101039404863,-0.955213276452053,3
2024,창원,75,147,2030,9,51,0.0551575851978765,0.5427247273734312,-1.0260055132330153,1.1363206836287683,-2.319622431980922,0.32241501197888034,-2.961906071826708,-1.677338792135136,4.569539065844247,0.5334845851336841,3.5067832746724426,5.632294857016052,1.4808623977242434,0.1589749045498363,1.1641681479382138,1.797556647510273,3
2024,고척,120,233,3632,15,61,5.053807769998954,0.31800244804754685,4.424185054218968,5.683430485778941,7.641252584391485,0.17484266475240556,7.295076276342561,7.987428892440409,7.377047493142604,0.34428094606015347,6.695395180147559,8.05869980613765,2.3385397301636304,0.09928242315353832,2.141967441871679,2.5351120184555818,4
2024,광주,120,195,2865,10,52,-0.9285478130206839,0.3106135602784885,-1.5435410452469707,-0.31355458079439713,-3.1143020306665874,0.2728467169068699,-3.6545195413974203,-2.5740845199357545,13.58479757451316,0.4075508473068966,12.777875260313126,14.391719888713196,4.446496799309882,0.11926316686416343,4.210364029029105,4.6826295695906595,4
2024,대구,120,179,2777,11,49,-2.1243454026856057,0.412219655494753,-2.9405116321722757,-1.3081791731989356,1.2252423087278632,0.23415142425287697,0.7616387844562342,1.6888458329994922,-5.603381202344852,0.30823059291398563,-6.21365632503184,-4.9931060796578635,-1.9298637203563147,0.09624132948219805,-2.1204148548236756,-1.7393125858889538,4
2024,대전구,120,221,3145,12,61,5.6325841981112,0.5051137947281016,4.632494037902461,6.632674358319939,0.5156855867872085,0.23158607607349468,0.05716127337556143,0.9742099001988557,-8.209963743228702,0.4093031692327144,-9.020355532889157,-7.3995719535682465,-2.662683336148761,0.12570348583651736,-2.9115674897813317,-2.4137991825161906,4
2024,문학,120,246,3217,15,67,-7.663818348052555,0.44005136856617316,-8.53508943247486,-6.792547263630249,-0.36305334320869154,0.2385549061002737,-0.83537545507821,0.10926876866082685,4.45116704744,0.40037404808446475,3.6584542962316293,5.243879798648371,1.4212343878085023,0.12077191923246144,1.182114392839991,1.6603543827770135,4
2024,사직,120,196,3006,12,58,-5.864285996579605,0.30241692631401573,-6.463050464000301,-5.265521529158909,-1.9817485982807685,0.214615784523776,-2.406672915470014,-1.5568242810915232,-2.3724509637793694,0.4454223042919966,-3.2543561271489763,-1.4905458004097625,-0.8152062283621667,0.12878339285708643,-1.070188383549589,-0.5602240731747445,4
2024,수원,120,149,2345,9,48,13.529882545018976,0.2698726696081519,12.995553440961029,14.064211649076924,5.424431217726917,0.2779013643118866,4.87420585691192,5.9746565785419135,-5.833129405579302,0.4028723648108807,-6.6307886500358295,-5.035470161122775,-1.8749776638718791,0.13063524303469137,-2.1336263535315987,-1.6163289742121596,4
2024,잠실,120,438,6668,25,103,-2.6915416547371454,0.24161686347139652,-3.1699262291048163,-2.2131570803694744,-3.4800341138372124,0.17794660618162494,-3.8323560098974427,-3.127712217776982,-4.342586468398996,0.22575517572404055,-4.789566004919753,-3.895606931878239,-1.3478058637738548,0.06863392937358574,-1.483696267360898,-1.2119154601868116,4
2024,창원,120,205,3210,12,52,0.30899129625775834,0.32610437815205606,-0.33667267727599925,0.9546552697915159,-1.9455538857949808,0.2300058525318446,-2.400949466569688,-1.4901583050202736,3.4623932268430035,0.42198956304378804,2.626883260345154,4.2979031933408525,1.17226543051108,0.13217349767977973,0.9105711037087907,1.4339597573133693,4
2024,고척,121,167,2502,10,44,5.49081267357801,0.5035588647114283,4.493885080933972,6.4877402662220485,8.147513010232352,0.4195628086721331,7.316877765528282,8.978148254936421,6.903790623591854,0.5055375051184465,5.902945790370971,7.904635456812736,2.269565805284665,0.17630340285300153,1.9205267171099036,2.618604893459426,5
2024,광주,121,243,3489,14,56,-1.3786132614326339,0.47397048099204336,-2.3169628441979295,-0.4402636786673382,-2.337582106897544,0.3100832064639078,-2.951473602416265,-1.723690611378823,14.693427726041927,0.476392030560793,13.750284047191311,15.636571404892543,4.626477419793145,0.14172558181792044,4.345894248690033,4.907060590896256,5
2024,대구,121,258,3626,14,61,-3.8140982195424424,0.3568289360554077,-4.52053521655829,-3.1076612225265943,1.115963452717843,0.37466726989145804,0.3742107687899089,1.8577161366457773,-4.036044015228714,0.8090001270447392,-5.637673150614143,-2.4344148798432848,-1.335209120035401,0.2657328724792137,-1.8612974314762134,-0.8091208085945888,5
2024,대전구,121,242,3484,14,64,5.9528105295444655,0.41741555060875923,5.126426348543011,6.77919471054592,1.1905403299027149,0.3338228916902876,0.5296498658395228,1.851430793965907,-7.239177239726127,0.6944633835944968,-8.614050680953389,-5.864303798498864,-2.3893081133625143,0.22820043943118618,-2.841091073936182,-1.9375251527888464,5
2024,문학,121,173,2636,9,48,-10.05277090650617,0.9195975898668025,-11.873356891011756,-8.232184922000584,-0.856660029717617,0.7812588675695474,-2.403368024867802,0.690047965432568,3.4103078483105884,0.5495052402644557,2.322417286328203,4.498198410292973,1.2086404548101273,0.1965966763874122,0.8194254790693302,1.5978554305509243,5
2024,사직,121,241,3434,14,64,-5.188783273288962,0.29681937322369883,-5.776415512406802,-4.601151034171122,-2.8269802224057936,0.2588546210742122,-3.3394512209655822,-2.314509223846005,-3.46852251968117,0.3375075027054209,-4.136707643111051,-2.800337396251289,-1.1475446239625153,0.10513830347206289,-1.3556936272277997,-0.9393956206972309,5
2024,수원,121,196,3031,11,54,13.730563343876529,0.425151165844159,12.888864472151345,14.572262215601713,5.330312927921842,0.30069182962724494,4.735014139944378,5.925611715899305,-3.1347408011773386,1.0317549394334493,-5.177371842053621,-1.0921097603010557,-1.0504203640522052,0.34398692797259334,-1.731433218827896,-0.36940750927651433,5
2024,잠실,121,402,5785,25,88,-2.233409907062812,0.2909935971146845,-2.8095084857515564,-1.6573113283740675,-2.9686246334302786,0.24881851340597308,-3.461226509711885,-2.476022757148672,-3.962028159929214,0.32433901891771894,-4.604142796349063,-3.319913523509365,-1.2067086231975876,0.10263944183503944,-1.409910470746378,-1.0035067756487972,5
2024,창원,121,200,2900,11,50,-0.07495817032158003,0.4346619182215027,-0.9354860849575909,0.7855697443144308,-2.5656064233212343,0.3299611790533365,-3.2188516086445813,-1.9123612379978874,2.296690601391547,0.4290384139440625,1.4472958967423062,3.146085306040788,0.7810034076451425,0.15133606682269046,0.48139374658948625,1.0806130687007989,5
2024,고척,122,240,3444,14,61,7.778162326461995,0.30007494052905503,7.184134010653793,8.372190642270198,9.541558966550038,0.26941949662081793,9.008216163777536,10.07490176932254,8.735751857779125,0.5896612866757419,7.568458446327551,9.903045269230699,2.808651881008119,0.18241637184485573,2.447540453470069,3.169763308546169,6
2024,광주,122,211,3204,12,54,-0.8186025570568649,0.5211835019565465,-1.8503373541992851,0.2131322400855553,-3.691662295177897,0.5440643779083881,-4.76869207157425,-2.614632518781543,10.600516535335885,0.5666199893230826,9.478835673323811,11.722197397347959,3.418847182651633,0.17831005440028022,3.065864620627892,3.7718297446753737,6
2024,대구,122,192,2778,11,50,-3.8481487849550557,0.3851690452965856,-4.610629380220991,-3.0856681896891205,-0.07995094704905359,0.36488997486007924,-0.8022870969430591,0.6423852028449519,-1.2436962879914963,0.4478967736539558,-2.130352686691425,-0.35703988929156794,-0.43405040418835417,0.15783860539527222,-0.7465076882493356,-0.12159312012737278,6
2024,대전구,122,162,2378,9,49,1.5796519261680722,0.41383541471388585,0.7604233894869961,2.3988804628491485,0.166244049175158,0.3269014059593288,-0.4808899343390407,0.8133780326893567,-5.019549354297111,0.7195192147046929,-6.443909504295323,-3.5951892042988995,-1.6331867956603072,0.22323043917899343,-2.0750937459335614,-1.1912798453870528,6
2024,문학,122,218,3158,12,57,-9.695611125569373,0.44063155576769764,-10.567885299824486,-8.82333695131426,1.395547156023528,0.3917745367916718,0.6199903305965754,2.1711039814504804,1.564111687677781,0.3533424497078239,0.8646350171720015,2.2635883581835605,0.47758643963869973,0.10939972330253028,0.26101876068253893,0.6941541185948605,6
2024,사직,122,220,3215,12,61,-5.235389153831209,0.26954528262621547,-5.7689809625647115,-4.701797345097706,-3.2202345326847897,0.35857279109112017,-3.930065186357386,-2.5104038790121934,-5.706302493748807,0.45733929346979274,-6.611651303528774,-4.8009536839688405,-1.8544558377969191,0.13841689615866745,-2.128465908613115,-1.5804457669807235,6
2024,수원,122,259,3687,15,64,12.200931279508971,0.30481534502343394,11.597518859539719,12.804343699478224,4.873368699843365,0.5273759327457515,3.8293753674630975,5.917362032223632,3.9802899761033936,0.5026805294408692,2.98518366110465,4.975396291102138,1.2520297868602057,0.16248770736899926,0.9303691410969623,1.573690432623449,6
2024,잠실,122,424,6341,26,107,-3.2012278984088294,0.2056853920971148,-3.6084026756107543,-2.7940531212069044,-4.2901060117098435,0.32767133140474314,-4.938764139542228,-3.6414478838774587,-7.653022770022061,0.293411777597596,-8.23386068930081,-7.072184850743311,-2.388265938291354,0.08867073924139225,-2.5637985229189346,-2.2127333536637734,6
2024,창원,122,210,3056,11,58,-0.49846170554686076,0.2481487177674086,-0.9896968770858381,-0.007226534007883478,-2.4494486131492192,0.29772189051096665,-3.038818831427541,-1.8600783948708974,0.2863005986240523,0.3733842617040804,-0.45285084047416857,1.0254520377222733,0.05031646582460825,0.11044877907190903,-0.16832792380514047,0.268960855454357,6
2024,청주,122,16,252,1,6,28.002079750714287,0.47782917393164676,27.05616917606183,28.947990325366746,5.796092001937832,0.47412365247810273,4.857516877104539,6.734667126771125,-9.026413903615094,0.4074975750207901,-9.83309605360985,-8.219731753620337,-2.815961568898231,0.12080896164984407,-3.055114974700359,-2.5768081630961026,6
2024,고척,97,214,3356,14,56,5.544572782825782,0.2873285455754431,4.974305156418524,6.1148404092330395,7.88177787647414,0.28092261609642394,7.324224246831862,8.439331506116417,8.665142401848655,0.5436310316326713,7.58618528873059,9.74409951496672,2.8159920752868395,0.18295363816415505,2.452879747656828,3.179104402916851,7
2024,광주,97,179,2623,10,48,0.017031183256671467,0.34003022350696366,-0.6578346852831167,0.6918970517964596,-1.8235084477759766,0.5607102893491522,-2.9363631596838493,-0.7106537358681042,13.149577491398535,0.28416432141982645,12.585589974038676,13.713565008758394,4.204989687835261,0.09548156778242063,4.015485206420525,4.394494169249997,7
2024,대구,97,167,2629,11,47,-3.224983697542515,0.3819306131811855,-3.983010240971752,-2.4669571541132775,-0.7039226570953013,0.6348270196647546,-1.9638785621320953,0.5560332479414928,-2.984883828116763,0.44765036571055383,-3.873345888170139,-2.0964217680633874,-0.9931994005531289,0.14351200095909672,-1.2780309963279093,-0.7083678047783485,7
2024,대전구,97,192,2716,11,48,2.5495487679180013,0.47350562929746953,1.6097711667431711,3.4893263690928316,0.15277447706010716,0.3879453715195785,-0.6171896967016095,0.9227386508218238,-6.434472595323858,0.3125694366364167,-7.054836403455483,-5.814108787192233,-2.0718575166937776,0.09259217556269526,-2.255627354376536,-1.8880876790110188,7
2024,문학,97,170,2505,11,54,-12.398794425916009,0.4582429220905828,-13.308279778215988,-11.48930907361603,0.978139204186927,0.366826539382013,0.2500900662301738,1.70618834214368,0.9504447134000732,0.38310608622765535,0.19008518136097285,1.7108042454391734,0.2536007434138413,0.11536712345074901,0.02462893859740209,0.4825725482302805,7
2024,사직,97,75,1076,4,24,-5.356081912207727,0.4430188836907242,-6.2353517625107395,-4.476812061904714,-3.5969722568902984,0.5308153670863186,-4.65049382343904,-2.5434506903415572,-6.761695917229048,0.5961933293079452,-7.944974641253397,-5.578417193204698,-2.1761406078975725,0.15261469714842066,-2.4790385358545453,-1.8732426799405997,7
2024,수원,97,150,2223,8,49,11.460069693951553,0.3173908724566888,10.830136670357556,12.09000271754555,4.377909859927932,0.44487913676405927,3.4949479222184174,5.2608717976374475,1.6839473983086646,0.3463060536252006,0.9966257442217267,2.3712690523956024,0.506671958557563,0.11292764376116166,0.28254184564285795,0.7308020714722681,7
2024,울산,97,47,795,3,19,8.308473581132686,0.44412195063522636,7.427014448289194,9.189932713976178,-1.9963770798189808,0.37160998230954473,-2.7339200278629807,-1.258834131774981,0.5321995985096625,0.4142499636372623,-0.28997190912666193,1.3543711061459869,0.07226292582537802,0.12478647757834284,-0.17540368952537322,0.31992954117612926,7
2024,잠실,97,319,4483,17,85,-2.8470654605984946,0.3439796398013683,-3.5297698272290092,-2.16436109396798,-4.978355993795303,0.23540564399018982,-5.445571033541186,-4.511140954049419,-7.973289535229726,0.3039217279089284,-8.57649003534401,-7.370089035115442,-2.500776811620346,0.10348189184885027,-2.706159721705351,-2.2953939015353413,7
2024,창원,97,145,2167,9,44,0.18744616612450485,0.41841563450254926,-0.6429930450634576,1.0178853773124672,-2.1409354809304038,0.3914623012568525,-2.9178797866852704,-1.3639911751755371,-0.8194778350129639,0.26277325081773734,-1.3410099985751955,-0.29794567145073236,-0.23461561053279117,0.08968126548117929,-0.41260809748436333,-0.05662312358121904,7
2024,고척,118,224,3482,14,65,4.062657201279255,0.41050633309996265,3.2497429016905914,4.8755715008679195,7.9090396705935015,0.3845650305025396,7.147496212648507,8.670583128538496,11.34973538585278,0.32868300179360294,10.698853558593168,12.000617213112392,3.6669688832096163,0.0933442734546919,3.482121808858742,3.8518159575604907,8
2024,광주,118,209,3040,11,51,1.1842757124312069,0.2964057709958626,0.5973115896037399,1.7712398352586738,-0.680383162757904,0.8488377197359255,-2.361312943287108,1.0005466177712996,14.106362949552166,0.3573389974439743,13.398734449330837,14.813991449773495,4.537065159501927,0.12653430133579657,4.286492793985505,4.78763752501835,8
2024,대구,118,226,3381,13,65,-1.4843045854060306,0.34965133100937934,-2.1767094131252636,-0.7918997576867978,-2.9054845017029853,0.4361646861576526,-3.769209325813841,-2.04175967759213,-1.745627730244859,0.4560810805743147,-2.6487924375246057,-0.8424630229651123,-0.5639267151226548,0.14852602799347592,-0.858048686652876,-0.2698047435924335,8
2024,대전구,118,157,2160,9,44,3.307988874937818,0.6142331719517422,2.0916399699388677,4.5243377799367686,1.6302852251606952,0.383214767759829,0.8714156550543182,2.389154795267072,-6.15949323673496,0.4361304232967359,-7.023150211053162,-5.295836262416758,-2.055689637247345,0.14502617139574372,-2.3428809398806427,-1.768498334614048,8
2024,문학,118,194,3021,11,49,-13.863218272239994,0.49278059112267314,-14.839058001820556,-12.887378542659432,2.510268794602692,0.5485605115185643,1.4239696365954913,3.5965679526098926,2.0161499771231224,0.5073015009113283,1.0115548928538904,3.020745061392354,0.6169681567475243,0.17624316502338455,0.26795870792767856,0.9659776055673699,8
2024,사직,118,148,2172,8,45,-4.241399306476881,0.3801755685272375,-4.994250434682945,-3.4885481782708165,-3.486306479306574,0.4231118172164406,-4.3241830692797505,-2.6484298893333973,-6.220018415432206,0.2478604917866926,-6.710849669008545,-5.729187161855866,-2.0415385131967816,0.08676455473426702,-2.213355953157577,-1.8697210732359866,8
2024,수원,118,169,2755,11,47,11.68317829781798,0.36022171147062754,10.96984123900708,12.39651535662888,3.83771890719282,0.33726907590312083,3.1698343156439295,4.505603498741711,2.3157641490477285,0.3207007997042782,1.680689255073696,2.950839043021761,0.690563226297555,0.09637805887085858,0.4997084308767967,0.8814180217183132,8
2024,울산,118,15,224,1,8,8.810789629849152,0.19604657019107008,8.42256404733463,9.199015212363674,-1.4128818956591926,0.46229183062468443,-2.3283455789108576,-0.4974182124075279,2.6452630157246393,0.28644165281629086,2.0780305596166544,3.212495471832624,0.7987651117912113,0.07354377351583305,0.6531284179909904,0.9444018055914323,8
2024,잠실,118,417,6339,24,102,-2.6483505025534004,0.2208500844554281,-3.0856937960500774,-2.2110072090567234,-4.565268616164704,0.24086233013506622,-5.042241604426401,-4.0882956279030065,-7.929055030141548,0.22698659052056808,-8.378550276306516,-7.479559783976579,-2.4628374191054654,0.07712378469747791,-2.6155635097007846,-2.3101113285101462,8
2024,창원,118,234,3211,13,68,0.7765128900676483,0.41860499210455243,-0.05243895920412933,1.6054647393394261,-2.0644194624169385,0.5229947734664329,-3.100091498827321,-1.0287474260065559,0.014658235820725452,0.4074256349357907,-0.7921554426850425,0.8214719143264934,0.03332625745560791,0.13943498977705537,-0.24279298337755573,0.30944549828877155,8
2024,청주,118,34,496,2,15,26.957991146070007,0.8022857870093304,25.369246866069304,28.54673542607071,6.5072605192930455,2.063122756678584,2.4217157773988864,10.592805261187205,-2.8308789608611207,0.8879763749435786,-4.589313934171903,-1.0724439875503382,-1.0390692808411846,0.30963204255131604,-1.6522250221912644,-0.42591353949110466,8
2024,포항,118,35,517,2,16,-3.902353507727314,0.8853958020186046,-5.655678244087545,-2.149028771367083,5.6168447382557725,0.7115320735492806,4.207817518538475,7.02587195797307,-21.52939894808035,0.44910270067336694,-22.418744563297366,-20.64005333286333,-7.166166286233701,0.11476251180878269,-7.393427303625495,-6.938905268841907,8
2024,고척,97,53,739,3,22,7.170167850935982,0.7026810507286066,5.775540477182248,8.564795224689718,9.146796318148628,0.4287433276981834,8.29585949481725,9.997733141480005,7.967852066698237,0.8087679510124303,6.362671562218845,9.57303257117763,2.395615587275683,0.25269422320483387,1.8940875035092564,2.8971436710421097,9
2024,광주,97,185,2487,13,57,2.3285356922835474,0.5156907529002602,1.3050322981893925,3.3520390863777023,0.562857668195379,0.6674504510439901,-0.7618467175071202,1.8875620538978781,14.079211273794753,0.7863702335860969,12.518484038405195,15.639938509184311,4.428246874262406,0.23024204446954236,3.9712801502084427,4.88521359831637,9
2024,대구,97,130,1993,8,50,-3.033109649180153,0.43553194973790144,-3.897520008074843,-2.1686992902854625,-2.6909893213122404,0.46501591630873323,-3.613917192275722,-1.768061450348759,1.8272255464867522,0.6990165741170364,0.4398711444286072,3.2145799485448974,0.5483588069216333,0.2297677528767512,0.09233342038881381,1.0043841934544528,9
2024,대전구,97,140,2008,8,46,3.2651126257784924,1.0079917317433638,1.2645280644770498,5.265697187079935,1.4435584564904558,0.5812970725415455,0.28984467865519736,2.597272234325714,-5.058366115843915,1.3631545382852057,-7.763850534098751,-2.35288169758908,-1.7127067523248605,0.42094195654017796,-2.5481600134362425,-0.8772534912134783,9
2024,문학,97,167,2274,9,53,-12.868742082753052,0.7062391897965918,-14.270431377614079,-11.467052787892024,5.150484544484939,0.7490061636586592,3.6639146450042137,6.637054443965665,3.1478269158565637,1.0214433086232122,1.1205446980332363,5.175109133679891,1.070175473994054,0.3237727642272758,0.4275761618323407,1.7127747861557676,9
2024,사직,97,251,3738,14,73,-2.3882751074067956,0.5013100816682964,-3.3832368498764276,-1.3933133649371636,-3.183608543456875,0.3197622320398308,-3.818248059397911,-2.548969027515839,-6.608358125680837,0.48606634082476824,-7.573065262256731,-5.643650989104944,-2.1034592283389064,0.15774566891152791,-2.416540714920901,-1.7903777417569116,9
2024,수원,97,193,2690,12,63,11.615188147603805,0.5366548251590715,10.550076873224315,12.680299421983294,6.691063570745649,0.5892585615554741,5.521548441069251,7.860578700422047,5.5228854382626675,0.7972127718861661,3.9406387657137163,7.105132110811619,1.8270869139384498,0.26062580369436394,1.3098168384727165,2.344356989404183,9
2024,잠실,97,317,4924,19,83,-1.726174642401082,0.37616978739897916,-2.472767541329787,-0.9795817434723769,-4.767925449722454,0.3340198155841198,-5.430862322300372,-4.104988577144536,-6.15640013873789,0.3470779476098584,-6.845253788713323,-5.467546488762458,-1.9632145493801016,0.11479856567870657,-2.19105792440378,-1.7353711743564235,9
2024,창원,97,213,3016,12,68,1.2747144361729787,0.40396010734940224,0.47296544489192194,2.0764634274540357,-0.009417232347700477,0.6897617355381161,-1.3784033416954458,1.359568877000045,-0.45963718414958077,0.7188907189460466,-1.8864362622520623,0.9671618939529008,-0.08488648159558443,0.22707015556470705,-0.5355578841966608,0.36578492100549204,9
2024,광주,16,28,377,3,13,-0.28308280317161083,0.7046909998254164,-1.7769609880150352,1.2107953816718136,-1.6866795136476591,1.3897726053713646,-4.632865824486944,1.2595067971916263,11.932395062196289,0.4489776529377189,10.980604956501697,12.88418516789088,3.744797240404181,0.1664325460617739,3.391976004044941,4.097618476763421,10
2024,대구,16,51,784,4,19,-4.266384837143768,0.5242857719192844,-5.377821023341765,-3.154948650945771,-2.0093313735588945,0.871536546801471,-3.856906317588326,-0.16175642952946312,-1.8397929693122053,0.4820037084467775,-2.8615951850928254,-0.8179907535315851,-0.48651623107652997,0.14909472541011964,-0.8025829295593805,-0.1704495325936795,10
2024,수원,16,45,688,3,19,10.2300538288412,0.49389409066232576,9.183045128792074,11.277062528890326,8.691734188465809,0.9492071043435756,6.679505017909401,10.703963359022216,7.926693241003529,0.6808211410512989,6.48341689626702,9.369969585740039,2.37691961350449,0.11433341179233124,2.1345436079678812,2.6192956190410985,10
2024,잠실,16,69,1132,7,21,-3.168470940924323,0.40498317658300714,-4.026996923058097,-2.309944958790549,-3.3292571980116046,0.5274620243315938,-4.447426738530121,-2.2110876574930884,-7.517385335969665,0.3899808610216372,-8.344107829844301,-6.690662842095029,-2.354841456324617,0.09417573892976702,-2.5544851043399075,-2.155197808309327,10
2025,고척,80,103,1598,7,40,6.748973587970719,0.855147877601522,5.047175076992556,8.450772098948882,7.065249521200911,0.6233457367369687,5.8247519717257665,8.305747070676057,0.8761921104365049,4.5171015277275846,-8.113126409986737,9.865510630859745,0.4296178286539046,1.3417362931248258,-2.2405224892633444,3.0997581465711534,3
2025,광주,80,117,1732,7,43,2.433950634317947,0.7682003034815975,0.9051833101626554,3.962717958473238,-1.8704601722449192,0.7321279492371181,-3.32744122369974,-0.41347912079009874,-4.083144297039532,2.777566838294114,-9.610678462018011,1.4443898679389457,-1.5996834236878237,0.8218547473770813,-3.235226494027266,0.035859646651619004,3
2025,대구,80,178,2208,11,66,-5.253752971891714,0.9274548328784731,-7.099446909668819,-3.4080590341146095,-3.098593834496302,0.49930227536687466,-4.092237028853034,-2.10495064013957,4.494244470299114,3.484084549236834,-2.4393047476948944,11.427793688293121,1.401238183607569,1.0582300245080627,-0.7047066794391226,3.5071830466542604,3
2025,대전신,80,51,903,4,20,1.7148716470478131,0.9379783884092155,-0.15176483365256188,3.5815081277481884,-4.408163564381894,0.7514127436932824,-5.903522579870337,-2.9128045488934506,4.660054805986411,4.1146724276072515,-3.5284042826390127,12.848513894611834,0.9116877797431591,1.2198790256281338,-1.5159488475149048,3.339324407001223,3
2025,문학,80,155,2224,11,57,-7.8064650823623545,0.5780314383006234,-8.956784304059521,-6.6561458606651875,3.341046233168835,0.6663125076277185,2.0150420846145884,4.667050381723081,4.7263811116959005,3.1127218576777995,-1.4681327978078755,10.920895021199676,1.5664048527928052,0.9211934318007816,-0.2668284997337824,3.399638205319393,3
2025,사직,80,139,1900,9,51,-1.669452445425426,0.6094133924429169,-2.8822237461486555,-0.45668114470219656,-3.443502165544677,1.3262379666232678,-6.082799830800517,-0.8042045002888374,-6.021118872481453,3.291408484602197,-12.571230502094814,0.5289927571319071,-1.7196565307319696,0.9658717456045558,-3.641802561282776,0.20248949981883668,3
2025,수원,80,138,1968,10,52,9.33715253638167,0.6608347015268223,8.02204956937754,10.652255503385799,6.742473225598102,0.843645182868411,5.06356580665416,8.421380644542046,-4.042181153855403,2.5604674898167663,-9.13767384665094,1.0533115389401342,-1.3078953681324426,0.725854664873272,-2.7523921858436458,0.13660144957876041,3
2025,잠실,80,155,2436,11,68,-0.12977206063796487,0.6962588619977073,-1.5153713536238493,1.2558272323479196,-4.1133911829358825,0.6835273214109983,-5.473653902703941,-2.753128463167824,-0.4329071326529015,2.6966635811058755,-5.799438684840726,4.933624419534923,-0.19307198269805997,0.7840611370133477,-1.7534033714954935,1.3672594060993735,3
2025,창원,80,132,1966,9,47,-6.805666056585892,0.7169929001717911,-8.232527400516915,-5.37880471265487,-1.407656292593232,0.6371964004358295,-2.675717541255577,-0.13959504393088729,1.5093090491907175,3.9894161108625,-6.429882025199915,9.44850012358135,0.6907673860253298,1.185049530284145,-1.66755633656791,3.04909110861857,3
2025,청주,80,32,434,2,16,25.12760639926699,0.8502405718989476,23.435573737864434,26.819639060669548,3.2310791371296426,1.0995257397970188,1.0429531816318618,5.419205092627424,-3.429823478588049,2.063949499787236,-7.537213881431039,0.6775669242549407,-0.8368428702404374,0.6090227123272174,-2.0488366927560016,0.37515095227512707,3
2025,고척,113,204,3271,14,57,4.532507931217344,0.39140952381903715,3.7570550701392227,5.307960792295465,6.215811251081837,0.6024844098284104,5.022180971476256,7.409441530687417,6.572309576751584,0.3350971412478163,5.90842170201541,7.236197451487758,2.274294929959388,0.13053317215380572,2.015685173036175,2.532904686882601,4
2025,광주,113,192,2920,12,50,5.35452578282745,0.5412538937209392,4.282204199130815,6.426847366524084,-0.7306326884409338,0.4627794218303,-1.6474821897123966,0.18621681283052904,-4.350389022329621,1.4901465579708661,-7.302638115630861,-1.39813992902838,-1.411437335888665,0.5040140031530477,-2.409979979805442,-0.4128946919718878,4
2025,대구,113,247,3626,14,63,-4.553789764981707,0.44351946287442884,-5.432481813846666,-3.675097716116749,-1.749733775920355,0.4958685515855031,-2.732138811172949,-0.7673287406677607,1.2428977802974575,0.43516926166868075,0.38074898605848784,2.105046574536427,0.37905972943946353,0.13686969852086364,0.10789617093092257,0.6502232879480045,4
2025,대전신,113,200,3200,13,59,1.8230895377107743,0.408687596946209,1.0134056975045698,2.632773377916979,-2.6990616765423336,0.5705150707903732,-3.829354929542286,-1.568768423542381,-5.241541754111303,0.5531849400150091,-6.337500892393017,-4.145582615829589,-1.7833441367277814,0.1659861377490057,-2.112192612771208,-1.4544956606843549,4
2025,문학,113,217,3387,13,54,-10.777528825861463,0.967369941461034,-12.694063154172174,-8.860994497550752,3.0211883347722077,0.5464736582127767,1.938525456183574,4.103851213360842,11.615523147191034,0.7296758768204726,10.169903631295643,13.061142663086425,3.713034223241488,0.22887949106636796,3.2595826708679763,4.1664857756149996,4
2025,사직,113,250,3809,14,66,-2.0124339990103595,0.38679726093007294,-2.7787491354404077,-1.2461188625803112,-6.868640372074252,0.583971567148589,-8.025593371365638,-5.711687372782868,-0.1665106589153893,0.5583425994785552,-1.2726880508268295,0.9396667329960509,-0.023889516759994178,0.17799230214464376,-0.37652436989596244,0.3287453363759741,4
2025,수원,113,166,2455,10,48,10.450057810981559,1.549349642387624,7.380516729617069,13.519598892346048,6.709740422124908,1.0190287409376275,4.6908606949002305,8.728620149349586,-6.001485657199092,0.9463084005613485,-7.8762932743403375,-4.126678040057847,-2.0745240265377403,0.3175655302134575,-2.7036786178237455,-1.445369435251735,4
2025,잠실,113,408,6245,24,100,-0.20319203398805197,0.41209843696618104,-1.0196333634509305,0.6132492954748267,-0.6019960872022072,0.27868389331222243,-1.154119143117593,-0.0498730312868213,-3.2830413018187175,0.37114035318857935,-4.018337280142151,-2.547745323495284,-1.0212468048279912,0.12190503882335264,-1.2627626734584991,-0.7797309361974832,4
2025,고척,130,244,3677,15,62,5.088835171697539,0.2720319155616632,4.550652560294126,5.6270177831009525,7.670876376570439,0.5922833945535046,6.499114514314138,8.84263823882674,4.334859083275585,0.3359764747112259,3.670169809015729,4.999548357535442,1.3686196560187716,0.10193885411123926,1.166945824491373,1.57029348754617,5
2025,광주,130,191,2952,11,50,0.9589115432520066,0.5219469601009403,-0.07369809529433247,1.9915211817983456,0.6756165789262303,0.5384886768849109,-0.3897188679779702,1.7409520258304307,10.185707774377326,0.44783876628681596,9.29971233435592,11.071703214398731,3.304314623310329,0.1390077049477915,3.029304503635457,3.5793247429852006,5
2025,대구,130,198,2903,11,48,-5.398919762757458,0.5048381609818705,-6.397681688365901,-4.400157837149016,-1.7331889751706488,0.5489483997607812,-2.8192177328588772,-0.6471602174824205,0.5541164220049479,0.5274103277791365,-0.48930183610368716,1.597534680113583,0.17129170468525667,0.18039403862468392,-0.18559632658927128,0.5281797359597846,5
2025,대전신,130,205,3089,12,53,-0.16488068636072128,0.3926606955419607,-0.9417129124101352,0.6119515396886926,-2.4895970778462257,0.7226045611706818,-3.9191837825529467,-1.0600103731395047,-4.315725790197348,0.3549534301102175,-5.017958701173612,-3.6134928792210848,-1.425582171685231,0.12026056888580453,-1.6635033247168185,-1.1876610186536436,5
2025,문학,130,209,3412,13,53,-15.100740893317699,0.6918084374692314,-16.469401150329748,-13.73208063630565,2.177485128697642,0.49180701022438533,1.204503776408235,3.1504664809870495,2.7351086178844746,0.8945321751791505,0.9653836904681401,4.504833545300809,0.8675315521906235,0.2971001598051923,0.27975441757685215,1.4553086868043947,5
2025,사직,130,245,3633,14,58,-1.6977806853405237,0.334969629483713,-2.360478036730951,-1.0350833339500967,-8.416948575135443,0.8111517530219635,-10.021715309158099,-6.812181841112788,-4.383691205790446,0.3966222693092781,-5.168360931755854,-3.599021479825038,-1.3713828449386418,0.14261363861268608,-1.6535268731194828,-1.0892388167578009,5
2025,수원,130,255,4009,17,68,17.64382734352529,0.48511775534687795,16.684079882012586,18.603574805037997,2.3176666828210664,0.9130493150745761,0.5113078086707006,4.124025556971432,-6.147629035118644,0.8891377471081615,-7.906681731740741,-4.388576338496548,-2.025833519683697,0.27498077430145734,-2.56985009543635,-1.4818169439310438,5
2025,울산,130,101,1483,6,33,-4.513675890606825,1.6233661098695151,-7.725311593239431,-1.3020401879742183,2.628599873689828,0.7392252071710126,1.1661312086101812,4.091068538769475,19.336921875420263,0.59534651995421,18.15909998589178,20.514743764948747,6.4375231725255215,0.21118450370057668,6.019719888470246,6.855326456580797,5
2025,잠실,130,451,6839,27,98,-0.3707981463209862,0.33580931967014915,-1.0351567243229045,0.29356043168093215,-1.6144854149400603,0.7019380568477614,-3.0031859124452294,-0.22578491743489115,-3.6554705048634872,0.29982417607548595,-4.248636779890527,-3.062304229836448,-1.1946078651337626,0.09054081982932297,-1.3737320489772045,-1.0154836812903207,5
2025,창원,130,39,545,2,16,-0.8885792316624235,0.3889476974483638,-1.6580657350380033,-0.1190927282868437,-1.4588432082323237,0.7947583797714847,-3.031177613837052,0.11349119737240465,1.3818798926380058,0.5447208510544933,0.3042148344733704,2.4595449508026412,0.5925233115920623,0.18410456869361896,0.22829444033533125,0.9567521828487933,5
2025,포항,130,46,796,3,20,-10.915033169842001,0.5721407979591937,-12.046945313681293,-9.783121026002709,5.424084500312036,1.4738550652290554,2.50823851879403,8.339930481830041,-9.390982108160813,0.7947113641174265,-10.963223498916804,-7.818740717404823,-3.060871625103436,0.269182529880202,-3.593417067707085,-2.5283261824997867,5
2025,고척,110,280,3716,16,68,4.90557422519989,0.24957662460551955,4.410971935324888,5.400176515074893,10.484748672764798,0.4202099278728011,9.651991226499133,11.317506119030464,6.285824297514743,0.25706149817888374,5.776388745050897,6.7952598499785895,2.0355816536774505,0.08170649886523526,1.8736585509017392,2.197504756453162,6
2025,광주,110,160,2267,9,44,1.1441827456843456,0.47290768560907825,0.20699071269070368,2.0813747786779877,1.7461852525294685,0.5798336496599132,0.5970910562213476,2.8952794488375897,13.352020749404883,0.41144978055958575,12.536623858950913,14.167417639858852,4.2337731027019885,0.12581131446512164,3.984444607595572,4.483101597808405,6
2025,대구,110,171,2449,10,52,-3.499619433649165,0.40510334472742315,-4.302439177905674,-2.696799689392656,-2.2342310342067666,0.37224027738309323,-2.9719238925359046,-1.4965381758776286,-0.03450210422125011,0.40793625691938656,-0.8429360155071219,0.7739318070646217,-0.021254292972821887,0.1280353304499543,-0.27499026574488705,0.23248167979924328,6
2025,대전신,110,151,2290,9,46,0.8783701014940165,0.37258783552053715,0.13998846451456948,1.6167517384734635,-1.379676043319394,0.7527198800050525,-2.8713901686842522,0.11203808204546406,-3.96459008145721,0.31572988649707273,-4.590292609048703,-3.338887553865717,-1.31031718084847,0.11015606002658525,-1.528620636225646,-1.0920137254712938,6
2025,문학,110,141,2147,10,43,-13.072408726391595,0.633885463664696,-14.32862093113067,-11.81619652165252,2.9567393485011086,0.6307226380512393,1.7067951217562205,4.206683575245997,-3.327206030936125,0.6466001474874056,-4.608615754648337,-2.0457963072239136,-0.9853103014675267,0.1916006347281431,-1.3650177874062868,-0.6056028155287667,6
2025,사직,110,187,3032,12,51,-1.650107717272304,0.3657917566540928,-2.375021121099598,-0.9251943134450098,-10.917830402045334,0.577644416268428,-12.062586051623725,-9.773074752466943,-4.732278195648227,0.5619342433787272,-5.845899970017512,-3.618656421278943,-1.5275637927687828,0.17540700686388408,-1.875179309214383,-1.1799482763231828,6
2025,수원,110,193,2873,11,51,15.760493604134938,0.46923919342899684,14.830571661581555,16.69041554668832,7.288804005105317,0.5594114121226895,6.1801818901319265,8.397426120078707,-6.9508089660763615,0.40538223610762736,-7.754181407587645,-6.1474365245650775,-2.211254058751331,0.12682190156120565,-2.4625853002793376,-1.9599228172233245,6
2025,잠실,110,372,5353,22,84,-4.404611213065936,0.31747838190170546,-5.033778848146298,-3.7754435779855733,-5.3930099824007725,0.43027094827283663,-6.245706009598054,-4.540313955203491,-1.929924918243206,0.29540862544660246,-2.515355476195728,-1.3444943602906836,-0.6314372767469759,0.0949160920423844,-0.819538692672254,-0.44333586082169785,6
2025,창원,110,201,2958,12,55,-0.9791419241139445,0.30508284889180454,-1.5837445222217594,-0.3745393260061297,0.13318216138905514,0.3300646739400006,-0.5209285502835795,0.7872928730616898,2.477550336655767,0.3112003118834032,1.8608243627764725,3.094276310535062,0.8014010645326212,0.10344821184807669,0.5963909897934281,1.0064111392718142,6
2025,고척,100,86,1399,6,33,5.142568746113306,0.4538780976098999,4.242087527573612,6.043049964653,11.289054045814478,0.5174408784353787,10.262466080478879,12.315642011150077,7.215130085365223,0.3914967045224499,6.438411773996852,7.991848396733594,2.2362359836485823,0.13240048685501637,1.973557188689578,2.498914778607587,7
2025,광주,100,199,2747,13,64,1.2733296384976374,0.32997248210701063,0.6186736321008058,1.927985644894469,2.413373878993396,0.686391716031362,1.051592263836668,3.7751554941501237,12.558423365938333,0.6487604903331184,11.271301030774053,13.845545701102614,3.9919652182260785,0.20335902701102218,3.588506700601549,4.395423735850608,7
2025,대구,100,127,1731,7,40,-4.164661366087825,0.2904570361097162,-4.740919853084268,-3.588402879091381,-0.5434641791433328,0.39686872547063906,-1.3308404270698233,0.24391206878315763,0.7666715468253591,0.40763530019991673,-0.042065278716073684,1.575408372366792,0.22475269912651946,0.12501546995982357,-0.023274432648607207,0.4727798309016461,7
2025,대전신,100,215,3013,13,64,1.2461352893757929,0.29771004953713653,0.6554870303158782,1.8367835484357076,-1.0667449240061582,0.5653198388783996,-2.1883233831972264,0.054833535184910076,-2.8689062093432494,0.43324614258215133,-3.7284542167364316,-2.009358201950067,-0.9337974835866707,0.1373181847833361,-1.2062328511721638,-0.6613621160011777,7
2025,문학,100,130,2028,8,39,-10.381070770281866,0.7303258009349133,-11.830016358579636,-8.932125181984096,4.790560851305236,0.5874907403566121,3.6249959550414026,5.95612574756907,-4.025956872344578,0.4814191712098828,-4.981078796496199,-3.0708349481929567,-1.2662515689740874,0.17076021601232644,-1.6050349740394725,-0.9274681639087023,7
2025,사직,100,193,3050,12,53,0.621581351443419,0.25016852349433977,0.12525412599955882,1.1179085768872792,-10.778178787962355,0.7564318912353827,-12.27891811587626,-9.27743946004845,-5.607455852784424,0.48552750441594167,-6.57072859300547,-4.644183112563378,-1.7496915023409747,0.15833815475384969,-2.063829891668187,-1.4355531130137624,7
2025,수원,100,142,2262,9,42,17.906124287719553,0.42929370748413076,17.054417798989657,18.75783077644945,8.804621253082008,0.554494186533146,7.7045205798133605,9.904721926350655,-5.259095204235534,0.5985102765701559,-6.446522546494377,-4.071667861976691,-1.7580018936487691,0.22202862338251936,-2.19850035873668,-1.3175034285608584,7
2025,잠실,100,342,5029,21,76,-5.565093037288547,0.24472343585986642,-6.050617363949748,-5.079568710627347,-2.7882937397507432,0.4902216868373774,-3.760879604198672,-1.8157078753028144,-0.5898589596641467,0.3215619715955524,-1.227828752750002,0.04811083342170863,-0.12987926837506464,0.1023226511641526,-0.33288449398456416,0.07312595723443488,7
2025,창원,100,190,2751,12,56,-0.2172587600963597,0.4167509483311352,-1.0440807719030123,0.6095632517102929,-0.3648207437253689,0.5431016214975507,-1.442318892440468,0.7126774049897301,1.0377335273635158,0.41071948451615004,0.22287776798079906,1.8525892867462326,0.3141921804356121,0.12412911743690995,0.06792354682131754,0.5604608140499067,7
2025,고척,126,172,2849,12,50,5.6317521890465345,0.3626331359069114,4.914111873779085,6.349392504313984,10.031139851357583,0.5085804086187092,9.024674173952777,11.03760552876239,7.97252917639644,0.21385803028727937,7.549310421458293,8.395747931334588,2.5234847793707442,0.09138982900372859,2.342626994451415,2.7043425642900734,8
2025,광주,126,126,1895,7,36,1.0839464160925516,0.4953596432114087,0.10364424476460743,2.064248587420496,1.0384913202913626,0.7360558525149292,-0.41814157325883183,2.495124213841557,11.355982106049424,0.3744153872448187,10.615025061758992,12.096939150339857,3.678371861810824,0.12726303631791824,3.426522054217598,3.93022166940405,8
2025,대구,126,155,2221,9,41,-2.9039656284627844,0.43418335687722376,-3.7632017275964156,-2.044729529329153,-1.5402146648815909,0.3433754728721959,-2.219744631140297,-0.8606846986228848,0.76430311902755,0.2463898798266748,0.27670479022255684,1.2519014478325432,0.23260606188345212,0.0900485103302263,0.05440270718688489,0.41080941658001935,8
2025,대전신,126,237,3245,15,65,2.183258753788283,0.3205354534554189,1.5489285145042735,2.817588993072292,-1.9614727544614556,0.403487454158052,-2.7599625645122816,-1.1629829444106297,-2.4053411878464095,0.2010317975178709,-2.8031772051996087,-2.0075051704932103,-0.7892642928581954,0.07395143182692482,-0.9356120024187937,-0.6429165832975972,8
2025,문학,126,257,3799,14,63,-9.062396106213988,0.4242628951132741,-9.901999903158591,-8.222792309269385,3.2895555150131326,0.33077433705264414,2.6349628260930107,3.9441482039332545,-3.6164940438455226,0.33223548595415736,-4.273978303486871,-2.959009784204175,-1.1863845360347607,0.12027252781169691,-1.4244003328012091,-0.9483687392683122,8
2025,사직,126,243,3615,14,61,-0.4101573796294363,0.39042621904188596,-1.1827993893596822,0.36248463010080956,-11.543695122182616,0.7519674702927096,-13.031816639545148,-10.055573604820083,-4.787460183347116,0.3449903833789083,-5.470186010023452,-4.104734356670781,-1.459038089948036,0.11097869849160907,-1.678661671710112,-1.23941450818596,8
2025,수원,126,153,2388,10,43,19.147901390296497,0.39476436836779333,18.366674310583235,19.929128470009758,6.540051878089138,0.5509294008246367,5.449778790084871,7.630324966093406,-8.634400296262378,0.4270097052511214,-9.47943994971903,-7.789360642805725,-2.738675857433374,0.13545314693856203,-3.006733653171905,-2.4706180616948425,8
2025,잠실,126,457,6670,26,103,-3.4248212321569333,0.24051424484249992,-3.900791852060217,-2.9488506122536498,-1.2161508816305482,0.3460900573611941,-1.9010529307896014,-0.5312488324714949,0.3689433576621408,0.23883047539306082,-0.10369513200017266,0.8415818473244543,0.11135126592915276,0.07460535172103504,-0.03629053187794648,0.25899306373625197,8
2025,창원,126,344,4712,20,76,-1.2106911305157118,0.39614588793091626,-1.9946521968304691,-0.4267300642009545,0.20514777827116304,0.2901746670763016,-0.36909935731525556,0.7793949138575816,2.351086239372099,0.3125716689982016,1.7325160954095127,2.9696563833346854,0.7350094023099721,0.09442121568310954,0.5481525922688819,0.9218662123510624,8
2025,고척,90,84,1186,5,34,4.25737969535267,0.3087393913069153,3.644015006930843,4.870744383774497,8.311410406148095,0.6866776319206412,6.947205437140604,9.675615375155587,5.531393893528852,0.4529598799579302,4.631510032056197,6.431277755001507,1.761599476784434,0.13012547504452224,1.5030825084164983,2.02011644515237,9
2025,광주,90,180,2566,11,59,0.9434285892067591,0.440856905264357,0.06758939942460795,1.8192677789889102,-1.7866937860160572,0.7033780701696056,-3.1840770905113613,-0.3893104815207531,11.684504386087369,0.3815162188056018,10.926555827320712,12.442452944854026,3.659461338144281,0.11535088722599528,3.4302966672448045,3.888626009043757,9
2025,대구,90,195,2640,12,56,-2.376331159912627,0.45749369190700434,-3.285222230156846,-1.467440089668408,-1.332062276178812,0.51040609483841,-2.346073070214314,-0.3180514821433096,-0.14272601548472985,0.38437939622206535,-0.9063627759301933,0.6209107449607336,-0.026762817948087103,0.12310145951329515,-0.2713253534866263,0.21779971759045208,9
2025,대전신,90,170,2259,9,56,2.922625492130617,0.35674091360416504,2.21389740144582,3.6313535828154144,-1.6384565152661006,0.7087678838427744,-3.0465476253650263,-0.23036540516717485,-4.472861937639476,0.37456005328047576,-5.216990859456445,-3.7287330158225083,-1.4976119140316961,0.14220254607215072,-1.7801220919364926,-1.2151017361268996,9
2025,문학,90,136,2114,9,46,-11.860969134570627,0.7430739570384466,-13.337215246878914,-10.38472302226234,7.489958487364121,0.9408382084566381,5.6208191717019735,9.35909780302627,-3.245470754505506,0.7520616267620016,-4.739572441433834,-1.7513690675771778,-1.0443176871543272,0.2419267643309642,-1.5249474305654942,-0.5636879437431601,9
2025,사직,90,98,1368,5,38,-0.06749176708197058,0.3903927471382082,-0.8430750986968527,0.7080915645329116,-10.24397533927313,0.6049258709971037,-11.445766166196128,-9.042184512350131,-5.412345562388545,0.42938622555359024,-6.265396244824748,-4.559294879952342,-1.6738883273292484,0.12033286437277838,-1.9129505653886067,-1.43482608926989,9
2025,수원,90,157,2316,10,51,16.376255962683267,0.42387725919480046,15.534149803457664,17.218362121908868,6.025050125709207,0.6716785699626237,4.690643411228148,7.359456840190266,-8.679536495066046,0.492836716135621,-9.658642651736734,-7.700430338395357,-2.7213431355265296,0.17419788267328146,-3.06741763407804,-2.375268636975019,9
2025,울산,90,32,521,2,14,4.195428882168887,0.5093791651564921,3.183458263187544,5.207399501150229,3.6158983337770856,1.1811546536013302,1.2693284548335444,5.962468212720626,12.341620710223216,0.3027305710739996,11.740193591977789,12.943047828468643,4.126840218706706,0.09622840097300174,3.9356657044010093,4.318014733012402,9
2025,잠실,90,244,3613,15,75,-3.803560378877634,0.2732914652708241,-4.346501575122809,-3.26061918263246,-3.271190810984896,0.6963275149881716,-4.654566957003418,-1.8878146649663738,-0.9587503329718838,0.39984086351633985,-1.7531039968528064,-0.1643966690909613,-0.28009540715164016,0.1299528045160541,-0.5382693353767385,-0.021921478926541837,9
2025,창원,90,232,3121,13,65,-2.884759027105303,0.3797667831213262,-3.6392320265374116,-2.1302860276731947,-1.2476320124288094,0.38981208075049023,-2.02206174891457,-0.473202275943049,1.7107085471092947,0.40772247326023087,0.9006966898104211,2.520720404408168,0.5243264519188632,0.12623814614378806,0.27353234090935785,0.7751205629283685,9
2025,광주,22,11,89,3,7,4.7488038756324595,1.4352553973172089,1.7722663615724086,7.7253413896925105,-2.616193765800498,1.457864681803299,-5.639620066040831,0.4072325344398351,15.362275272392115,1.1091121713907153,13.062117410860356,17.662433133923873,4.742058094736425,0.3286161468277734,4.060549918151911,5.423566271320939,10
2025,대구,22,56,632,6,27,-1.9688324185755595,0.6272620827769224,-3.2696943585640046,-0.6679704785871146,-1.4927117629306088,0.5977665318492843,-2.7324036742272333,-0.2530198516339843,2.4384395351702075,0.5086499323142643,1.3835641395524494,3.4933149307879656,0.6646105704358413,0.14912530412636896,0.35534361846516765,0.9738775224065148,10
2025,대전신,22,76,1154,6,26,4.43798189455223,0.6723866076213962,3.0435374177868653,5.832426371317595,-1.2205992754081327,0.4370135952916719,-2.1269100009914403,-0.314288549824825,-2.9505427789654384,0.4533473862150689,-3.8907277136415543,-2.0103578442893224,-0.8418279198705989,0.12919064121794913,-1.1097529113177553,-0.5739029284234425,10
2025,문학,22,39,505,3,21,-10.18234341477632,1.1080907963052264,-12.480383074026054,-7.8843037555265845,8.68473258363494,0.60724063643246,7.425392582000761,9.944072585269119,2.930029224361977,1.2291061946028767,0.3810189897810674,5.4790394589428875,0.7884295449707545,0.3362023412455091,0.09118856409541454,1.4856705258460945,10
2025,수원,22,12,145,1,8,17.942870624743524,1.430725488330733,14.975727566930582,20.910013682556468,5.172183874538935,1.50115201746373,2.058985134691112,8.285382614386759,-8.510112523268019,0.6357918015168729,-9.828664017228043,-7.191561029307994,-2.3032286589143025,0.17026475465298982,-2.6563361480024246,-1.9501211698261804,10
2025,잠실,22,44,613,3,21,-2.5574100451507644,0.7945180416714172,-4.205139613736964,-0.9096804765645643,-4.171777521820706,0.5587582049455627,-5.330571114527706,-3.012983929113706,-0.26451338461732754,0.5813204716496226,-1.4700982545927455,0.9410714853580904,-0.13032045739724218,0.16881001425266182,-0.4804109995483322,0.21977008475384785,10
2025,창원,22,8,133,1,5,-1.4414512868658602,0.6689088670063188,-2.8286833710324606,-0.05421920269926006,0.04774171038854924,1.351023130203848,-2.7541087734566045,2.849592194233703,3.1055514571212974,1.5884436248408151,-0.18867899631991447,6.39978191056251,1.090902588725787,0.5047561531453173,0.04410239685887385,2.1377027805927002,10
