season,park,ci_df,rows,pitches,games,pitchers,x_cm,x_cm_se,x_cm_low,x_cm_high,z_cm,z_cm_se,z_cm_low,z_cm_high,depth_cm,depth_cm_se,depth_cm_low,depth_cm_high,arrival_ms,arrival_ms_se,arrival_ms_low,arrival_ms_high,pitch_type
2020,고척,174,223,2871,78,93,3.2029626760702246,0.4472966469196696,2.3201371130132777,4.085788239127171,6.84607515302458,0.29708890915829783,6.259713316172378,7.4324369898767815,8.336054537624452,0.3255842958754952,7.693451599935979,8.978657475312925,2.9075881742385206,0.10511345769219664,2.7001266425882697,3.1150497058887714,슬라이더
2020,광주,174,264,3373,72,97,3.1607043609216245,0.37589040338424395,2.418812689475685,3.902596032367564,-1.3419058018288088,0.25752863274719673,-1.8501878597740364,-0.8336237438835811,-0.2229883628957219,0.523838313011805,-1.2568835571033838,0.8109068313119401,-0.055385492485781763,0.17440373315927152,-0.39960464768373843,0.28883366271217487,슬라이더
2020,대구,174,253,3297,72,95,-0.3473646907208839,0.3846124969607494,-1.1064710835955238,0.411741702153756,1.6101386638892305,0.29079340136632076,1.0362022168749712,2.18407511090349,-4.29723121478042,0.2826775731802688,-4.855149521177338,-3.7393129083835026,-1.5497031179346872,0.10894234626679088,-1.7647216941883943,-1.33468454168098,슬라이더
2020,대전구,174,211,2658,71,99,11.283847890133528,0.7584950574434146,9.786812688160168,12.780883092106887,1.0116190415391395,0.2484122184973023,0.5213299723601986,1.5019081107180803,4.760734354555734,0.7725552665833669,3.2359486381616716,6.285520070949797,1.7453257359682623,0.2739364173004208,1.2046597741049743,2.2859916978315504,슬라이더
2020,문학,174,196,2913,71,84,-5.738701921004497,0.39594856808815543,-6.520182220423765,-4.95722162158523,1.5204731450245357,0.2524020543160649,1.022309371044071,2.0186369190050004,4.84224762328217,0.4009501055392942,4.050895832209971,5.63359941435437,1.6696741175997272,0.13412250269507586,1.404957682151795,1.9343905530476593,슬라이더
2020,사직,174,239,3520,72,112,-3.6040004494948468,0.35137706123406415,-4.2975103473791645,-2.9104905516105286,-3.5768272093879707,0.21262806137194437,-3.996489393969706,-3.1571650248062353,0.7505002377005078,0.3152926876048415,0.12820975915714627,1.3727907162438693,0.2804496536882157,0.10966936433461565,0.06399616809749481,0.49690313927893665,슬라이더
2020,수원,174,211,2916,70,94,8.949520897843607,0.43985495998180335,8.081382928593271,9.817658867093943,3.7879855910539377,0.29542780191643675,3.2049022673455134,4.371068914762362,-10.737741692419128,0.31971115638349357,-11.368752864967744,-10.106730519870512,-3.8325754141610977,0.1257741089450987,-4.080814696328987,-3.5843361319932088,슬라이더
2020,잠실,174,466,5688,143,124,-4.903251900644513,0.40631468684085187,-5.705191719909472,-4.101312081379554,-4.182154661855201,0.2717994787091857,-4.718602966313684,-3.6457063573967177,-0.9345753030536446,0.24684506370405812,-1.4217712922323866,-0.44737931387490243,-0.2856076550101581,0.08896155932696019,-0.4611903231211315,-0.11002498689918472,슬라이더
2020,창원,174,238,2934,72,97,-5.967332586295992,0.430852069416549,-6.817701627504625,-5.116963545087359,-0.7575735662271783,0.241361648805519,-1.233946986360043,-0.28120014609431376,-0.609012438041606,0.29069361649019365,-1.1827519405000362,-0.03527293558317579,-0.2526217602645581,0.103749518249893,-0.4573912963131884,-0.0478522242159278,슬라이더
2020,고척,231,517,9120,84,157,4.048917586298732,0.2138212195019259,3.62762849004251,4.470206682554953,8.110832668480485,0.1752555458463731,7.765529004534054,8.456136332426917,10.174278745320489,0.2606511828159001,9.660721197092043,10.687836293548935,2.804021702806399,0.08214804504551182,2.6421665055670656,2.9658769000457323,직구
2020,광주,231,450,9123,73,156,4.153915898381992,0.33713892006500945,3.4896555818528983,4.8181762149110865,-1.9007541775897774,0.14233246578829903,-2.181189936115287,-1.6203184190642679,-0.44841290245974524,0.48086315160847015,-1.3958511550145907,0.49902535009510013,-0.10398619829754237,0.13399311457029164,-0.3679910443711381,0.1600186477760534,직구
2020,대구,231,531,9512,73,158,-0.19870385610915278,0.23934546944669938,-0.6702830415197607,0.2728753293014551,1.3592432174158517,0.19993963841608134,0.9653048151828223,1.7531816196488812,-5.184679804310066,0.2851265822988574,-5.746460905620401,-4.622898702999731,-1.4803757325424904,0.08326780580335952,-1.6444371794645996,-1.3163142856203813,직구
2020,대전구,231,523,8563,73,155,12.81424380699681,0.4650854721226225,11.89789210584737,13.73059550814625,-0.21385317330106773,0.155348317535088,-0.519933890882478,0.09222754428034252,5.88599535689746,0.5869935473311374,4.72944980150584,7.0425409122890805,1.6512037284301302,0.16437787839722712,1.3273321875428652,1.9750752693173952,직구
2020,문학,231,547,9392,74,146,-7.260568383075493,0.24630109910327652,-7.745852152805367,-6.77528461334562,1.4637610208551926,0.12753249572680148,1.2124854458996364,1.7150365958107487,4.819407169519302,0.2980988627324296,4.2320669571302245,5.406747381908379,1.3357800223397172,0.0826243074939426,1.1729864515519233,1.498573593127511,직구
2020,사직,231,445,8062,72,160,-4.22070475551826,0.18582166725701518,-4.5868267075204425,-3.854582803516078,-4.488245111001108,0.16490966406523253,-4.8131644220956415,-4.163325799906574,-0.061698807245388364,0.2562610484356332,-0.5666065322719368,0.4432089177811601,-0.0017828008312751958,0.0733577177544008,-0.1463185334782032,0.14275293181565282,직구
2020,수원,231,492,8592,73,161,10.917904712226965,0.33356743362193275,10.260681247790474,11.575128176663457,3.2384161079327027,0.20887878765327805,2.8268650192122866,3.649967196653119,-12.287290155447609,0.35142232902076126,-12.979692882091301,-11.594887428803917,-3.4967097287807727,0.10536228283144003,-3.704303629035139,-3.2891158285264064,직구
2020,잠실,231,926,17275,147,187,-6.3811039994885705,0.19881825061764416,-6.772832946302457,-5.989375052674684,-3.4728761553847804,0.14381739155236903,-3.7562376433332623,-3.1895146674362986,-1.6447734764198678,0.20895724555146497,-2.056479149690397,-1.2330678031493387,-0.3908252642987584,0.061115492708890426,-0.5112403042585797,-0.27041022433893713,직구
2020,창원,231,516,9396,73,170,-6.813014843703976,0.26847918932794673,-7.3419958087318875,-6.284033878676064,-1.396557830304359,0.1710967867831161,-1.7336675467492844,-1.0594481138594338,-0.060052439554290314,0.27463214801740277,-0.6011564970031549,0.4810516178945743,-0.04448403578079469,0.07930425832037456,-0.20073615797374472,0.11176808641215535,직구
2020,고척,91,130,1964,77,52,2.7912875170266815,0.465921200748583,1.8657922881004056,3.7167827459529574,6.247754668473444,0.30456193899740264,5.642779790743567,6.852729546203322,8.893052311612106,0.3146250859808552,8.268088228612742,9.51801639461147,3.351012882941802,0.11992054104601031,3.112805459862487,3.5892203060211174,체인지업
2020,광주,91,131,2459,69,53,2.4436226480378522,0.43021305120626824,1.589057271588994,3.2981880244867106,-1.6124281157340465,0.18265537326313744,-1.975250576315748,-1.2496056551523451,-0.811728803569793,0.37120346145099403,-1.5490788790371597,-0.0743787281024264,-0.29782766790093096,0.13912741443958898,-0.5741871854970615,-0.021468150304800482,체인지업
2020,대구,91,114,1994,66,50,-1.1014829524989556,0.3868716180630913,-1.8699558963124452,-0.33301000868546593,0.7419843595105682,0.32502438259524113,0.09636335129436502,1.3876053677267715,-3.7632944980417675,0.34366159364258747,-4.445936036504498,-3.0806529595790373,-1.4114097102860976,0.1382832793662539,-1.686092457257312,-1.1367269633148833,체인지업
2020,대전구,91,127,1814,65,51,11.187814263329718,0.789131281331494,9.620301914255748,12.755326612403689,-0.06783729379981707,0.27021477986366405,-0.6045857593072552,0.4689111717076211,3.742836688900841,0.9237757969395417,1.9078695500552831,5.577803827746399,1.5654054242015487,0.3527297819028938,0.864751043746579,2.2660598046565186,체인지업
2020,문학,91,127,1731,67,53,-5.706884745714999,0.6144058936621667,-6.927326576425681,-4.486442915004316,1.5182147865954332,0.2760558817440738,0.9698636897561174,2.066565883434749,4.22143219560416,0.4004880348461388,3.4259119125677824,5.016952478640537,1.5524610868085522,0.14215530605803683,1.2700870344754813,1.834835139141623,체인지업
2020,사직,91,123,1972,67,55,-4.787424634041602,0.5244711493274448,-5.829222143217313,-3.7456271248658903,-3.6691405382606086,0.31067858924526764,-4.286265390304414,-3.0520156862168033,0.3627050443187794,0.34384663423022166,-0.3203040545398676,1.0457141431774264,0.10486970364381415,0.12626714381464177,-0.14594446618328033,0.35568387347090863,체인지업
2020,수원,91,151,1924,69,54,10.262858963312171,0.6591017878893175,8.953634229412366,11.572083697211976,2.099236366488565,0.37637129698183025,1.3516210205849526,2.8468517123921777,-9.977426136043928,0.47937075621340214,-10.929637254682607,-9.025215017405248,-3.8148868951810955,0.17863444579351911,-4.169722277297573,-3.4600515130646183,체인지업
2020,잠실,91,219,3300,128,62,-5.923380995763819,0.4538607879279686,-6.824919696190369,-5.021842295337269,-2.39500080817353,0.24565746994727283,-2.8829691942890707,-1.907032422057989,-1.0989413903653475,0.3566971225902119,-1.8074764057254016,-0.3904063750052935,-0.4178511016898277,0.13902491096914968,-0.6940070087340289,-0.14169519464562647,체인지업
2020,창원,91,113,1856,62,51,-5.640333689435338,0.4960295161114668,-6.625635388156478,-4.655031990714199,-0.6411649517786396,0.3158387878543084,-1.2685399044517063,-0.013789999105572992,0.024305419918016314,0.3671696159211165,-0.705031916944348,0.7536427567803805,-0.02677140025150138,0.1612601164147283,-0.34709481141660437,0.2935520109136016,체인지업
2020,고척,94,125,1602,68,49,2.982973838644406,0.44513319481259017,2.0991514455910343,3.8667962316977773,5.790045989085982,0.3182622490402121,5.1581288329554535,6.421963145216511,6.725141630542075,0.38494762924314685,5.960819088788833,7.4894641722953175,2.9891859879515352,0.1353891005481931,2.720367755039863,3.2580042208632074,커브
2020,광주,94,108,1294,64,53,2.7460506435380356,0.46632495132182983,1.8201515211612396,3.6719497659148317,-1.4755187194799073,0.3058864178910326,-2.0828633727511567,-0.868174066208658,-1.5124859204635275,0.5487256702925253,-2.6019936019833017,-0.4229782389437535,-0.7144625728187276,0.2698024546281961,-1.2501616711561616,-0.1787634744812936,커브
2020,대구,94,130,1792,68,53,-1.033691906884519,0.302314782486638,-1.633944994334542,-0.4334388194344958,0.7942505635071877,0.36765858138397045,0.06425583156589387,1.5242452954484815,-4.088442452057891,0.2692365708643588,-4.623017974916855,-3.5538669291989278,-1.9636895162501127,0.1304795484120718,-2.22275971830645,-1.7046193141937758,커브
2020,대전구,94,123,1796,67,50,7.785623340541014,0.5719711630969423,6.649961188140329,8.9212854929417,1.2268695855337546,0.4020900108929262,0.4285104431654516,2.0252287279020575,3.9846712413781753,0.3950377930799678,3.2003144427946504,4.7690280399617,1.9690261277071448,0.2145092415728551,1.5431130000672146,2.394939255347075,커브
2020,문학,94,81,1423,56,35,-4.773750282140741,0.4992235918054532,-5.764970426403313,-3.782530137878169,1.2338769986468414,0.5495687280042925,0.1426954062775072,2.325058591016176,3.632903186043335,0.41778643516726105,2.8033784253248566,4.462427946761814,1.6297903146837203,0.20022651175784495,1.23223588190534,2.0273447474621005,커브
2020,사직,94,101,1261,62,44,-2.7377103260746134,0.40714608243366607,-3.54610841701081,-1.9293122351384167,-2.9780277183182804,0.33128786647012637,-3.6358075432006896,-2.3202478934358712,0.47932773407390417,0.32643746379928,-0.16882150260304718,1.1274769707508554,0.2894697169227936,0.14236816154380763,0.006794394802112025,0.5721450390434752,커브
2020,수원,94,82,1067,62,44,7.87817515324291,0.46109308156562556,6.96266403091185,8.793686275573968,2.0511496056222573,0.511047223608775,1.0364533632461905,3.0658458479983244,-9.748220927569504,0.3943359556854832,-10.531184211553901,-8.965257643585106,-4.317523621995035,0.14877446941134875,-4.612918818562534,-4.022128425427535,커브
2020,잠실,94,220,2957,130,67,-3.918800337214214,0.3103633039547774,-4.535033952711594,-3.3025667217168335,-3.6194154918175174,0.3808134694275823,-4.375529562344533,-2.8633014212905015,-1.0410767601597015,0.1725992607801899,-1.3837766384876158,-0.6983768818317874,-0.5233653802636937,0.09018352337050238,-0.7024268799859509,-0.34430388054143657,커브
2020,창원,94,99,1197,62,52,-5.877642575958688,0.557152122603746,-6.983881176074162,-4.771403975843214,-0.40064016132155317,0.25038055491532557,-0.8977766224935005,0.09649629985039421,-0.7859136034870712,0.3122791069532941,-1.4059510907480048,-0.16587611622613752,-0.3437130262647346,0.17398518094151022,-0.6891646815615058,0.0017386290320365871,커브
2020,고척,14,17,319,17,10,4.617873676343882,1.2964605232477275,1.8372424046712053,7.398504948016559,7.977786022826829,0.8510551018386822,6.152454369718693,9.803117675934965,10.629234058412903,0.4667074980270299,9.628246029493106,11.630222087332701,3.144372170837135,0.1631317145534452,2.7944894410856986,3.494254900588571,커터
2020,광주,14,17,329,17,9,2.224494473331968,1.1129421982283458,-0.1625291378501661,4.611518084514102,-0.8236967872506811,0.6338774805194567,-2.1832287692396886,0.5358351947383266,-1.1640378193484742,1.1841697307193633,-3.703829294030575,1.3757536553336267,-0.31718466386128874,0.35743746103380647,-1.0838117720497356,0.4494424443271582,커터
2020,대구,14,35,695,29,9,-0.3206732079205524,0.9953787704285546,-2.4555483441717083,1.8142019283306032,0.8688907385940179,0.4737238753828715,-0.1471459230759975,1.8849274002640333,-3.485757432258438,0.2305791301784307,-3.9803004811768026,-2.9912143833400733,-1.039217064852617,0.05903231592252794,-1.1658287902002131,-0.9126053395050208,커터
2020,대전구,14,21,397,19,7,10.295767118067369,1.2745944016222368,7.562034012973436,13.029500223161302,1.0575524017308189,0.44723070486098465,0.09833793951688274,2.016766863944755,7.239128796449022,0.9019541132160206,5.3046296213105935,9.17362797158745,2.2102467521340503,0.25000920092205137,1.674030346139467,2.7464631581286336,커터
2020,문학,14,14,273,13,7,-5.64825699997774,0.855553040623547,-7.483235772314723,-3.813278227640756,1.162368643496652,1.0430071804230026,-1.0746592724772868,3.399396559470591,6.089367784618481,0.6198745222491864,4.759869161119017,7.418866408117944,1.8605571656939908,0.15855612991974383,1.5204880889543584,2.200626242433623,커터
2020,사직,14,14,316,14,9,-3.0655851808926844,1.3153722993471872,-5.886778178188364,-0.24439218359700465,-4.533705317156784,0.613872045059809,-5.85032990748594,-3.2170807268276276,1.6437547570423106,0.3615981387305902,0.8682038827170854,2.4193056313675356,0.45383428624380473,0.10463037071710458,0.22942445997785402,0.6782441125097555,커터
2020,수원,14,37,636,32,10,9.472908673744149,0.9803874251470257,7.370186775286795,11.575630572201502,3.115790451081407,0.6302792909687783,1.763975818141299,4.467605084021515,-10.687002513590047,0.66307462435558,-12.109156141003993,-9.2648488861761,-3.2804471554938313,0.23884425188684408,-3.792717127426421,-2.7681771835612414,커터
2020,잠실,14,40,805,38,11,-3.6391088220000722,0.8696133020209619,-5.504243855810876,-1.7739737881892685,-5.083151819283151,0.46381521624687294,-6.077936520743162,-4.0883671178231396,-0.006548592889659175,0.589175886612999,-1.2702051913393888,1.2571080055600705,0.07654687650344025,0.17879235333716895,-0.3069245828356161,0.4600183358424965,커터
2020,창원,14,39,1012,34,10,-6.575197912532692,1.0092540575979276,-8.739832579995756,-4.410563245069628,-0.07117207203966693,0.36956343709303124,-0.8638068122579491,0.7214626681786153,1.1475211152712592,0.49338882659019534,0.08930732803322239,2.2057349025092963,0.3156989585078799,0.15261124844902876,-0.011619615592113608,0.6430175326078733,커터
2020,고척,44,121,2469,65,31,2.8424183547892965,0.8004340695167782,1.2292494856051164,4.455587223973477,7.048929887651458,0.3552130072801659,6.333045110758356,7.764814664544561,9.391256897779506,0.41292258286054767,8.55906611352679,10.223447682032223,2.6610959504942984,0.06844934199107194,2.52314536615348,2.799046534835117,투심
2020,광주,44,124,1901,64,30,2.8787441095677164,0.47281924331707526,1.9258395380134468,3.831648681121986,-2.4818744017876306,0.40939295629220745,-3.3069516911046186,-1.6567971124706427,-1.6968595829923594,0.5450921865674764,-2.795420700883102,-0.598298465101617,-0.47666007684791956,0.15290021872322335,-0.7848102197880631,-0.16850993390777602,투심
2020,대구,44,80,1157,54,35,-2.461562129362275,0.6294343945070423,-3.730103798291412,-1.193020460433138,1.3335592190790406,0.5486142493453131,0.2278998500706908,2.4392185880873907,-4.233968560575605,0.4411369899406481,-5.123021745989711,-3.3449153751614977,-1.3165782242718338,0.1461264483545445,-1.6110767300542141,-1.0220797184894534,투심
2020,대전구,44,67,1429,45,29,11.610532280751265,0.9142447091637869,9.7679931387958,13.45307142270673,-0.6929242258539308,0.4458897184683384,-1.5915559062328786,0.20570745452501704,4.7119437146805305,0.9981927430155747,2.7002184273618646,6.7236690019991965,1.3624910220220832,0.28597490554819477,0.7861464702756334,1.9388355737685328,투심
2020,문학,44,94,1723,59,30,-6.6128063545686855,0.4519290846433667,-7.523609577706978,-5.702003131430393,0.6257722498864436,0.4527810461224749,-0.2867479887915184,1.5382924885644056,4.879146196474719,0.4786248256415341,3.914541242552971,5.843751150396466,1.3867680518387542,0.13824101493202753,1.1081615928865498,1.6653745107909586,투심
2020,사직,44,93,1283,54,29,-4.3695080561326645,0.5059862508156364,-5.389256339140868,-3.3497597731244615,-5.574495769149831,0.4206713468442065,-6.42230316107723,-4.726688377222431,0.29365265948722613,0.5064364201654079,-0.7270028802315147,1.314308199205967,0.07841841951953896,0.14674903439592554,-0.21733482598294193,0.3741716650220198,투심
2020,수원,44,106,2036,63,34,9.782066860637368,0.6259478337785311,8.520551893146802,11.043581828127934,3.1114230328709445,0.32847603395766434,2.449423085050779,3.7734229806911097,-12.521848645715288,0.4132417761977719,-13.354682721869825,-11.68901456956075,-3.6053324981723365,0.1242716496263412,-3.855785551251901,-3.354879445092772,투심
2020,잠실,44,196,3203,111,42,-6.516503652159555,0.684635539325314,-7.896295918427611,-5.136711385891499,-3.7104958434315036,0.2771404710261544,-4.2690357623036865,-3.1519559245593207,-1.6778783461268023,0.39681326478094747,-2.477602933075491,-0.8781537591781133,-0.39935627978802984,0.10828823302263386,-0.6175968733156565,-0.18111568626040317,투심
2020,창원,44,88,1320,51,33,-6.271082925178012,0.4963488057297546,-7.2714082138596465,-5.270757636496378,-1.2233110421906015,0.47343869613777656,-2.17746403887361,-0.2691580455075927,0.21913164365969012,0.4670262410934199,-0.7220978990543439,1.1603611863737242,0.03162816985501623,0.1279490684496412,-0.22623623387867622,0.28949257358870867,투심
2020,고척,60,79,864,51,32,3.543817738202508,0.7372450173560917,2.0691081356942522,5.018527340710763,7.0849562083205795,0.49238744966180725,6.100034665174911,8.06987775146625,7.89756265755376,0.4788553360137044,6.93970937186564,8.85541594324188,2.9242697496330967,0.1776860178545097,2.568844795116334,3.2796947041498594,포크
2020,광주,60,49,618,37,34,3.5326398582196523,1.099611208034637,1.3330899537254988,5.732189762713806,-1.3452860189734623,0.6533437071195793,-2.6521680133514796,-0.03840402459544512,-1.0311623282236653,0.9177359929135052,-2.8669076360326438,0.8045829795853134,-0.3806269985394618,0.3334313361137098,-1.0475889739590203,0.28633497688009657,포크
2020,대구,60,47,482,33,32,0.21473600977967583,0.9304213608635772,-1.6463838119112815,2.075855831470633,0.9671872629232988,0.671691609119338,-0.3763959998633667,2.310770525709964,-6.548987486110045,0.594763938651211,-7.738692497206685,-5.359282475013405,-2.5255011764748816,0.22930795788401231,-2.984185385200809,-2.066816967748954,포크
2020,대전구,60,97,1192,55,37,11.250830410184786,1.0869796860147565,9.076547311675725,13.425113508693848,0.6660954606958854,0.3459635408933535,-0.025934656649430954,1.3581255780412018,2.4000532004033905,0.997875513115129,0.40400498487783576,4.396101415928945,0.8561968657838112,0.3884849624320129,0.0791112415457641,1.633282490021858,포크
2020,문학,60,91,945,53,34,-6.13306318419484,0.5957022712462262,-7.324645139937614,-4.941481228452066,1.9299884065001538,0.3537133956007165,1.2224562716627723,2.637520541337535,3.3914953912053822,0.8327280517509409,1.7257912829577973,5.057199499452967,1.2435499910606156,0.31786595723944266,0.6077234091020806,1.8793765730191505,포크
2020,사직,60,108,1089,57,31,-4.05188176600692,0.5689084898476815,-5.189868179174659,-2.913895352839181,-3.3711944672736314,0.4563565901833628,-4.284043560679266,-2.4583453738679966,-0.6812701484032228,0.548060593098852,-1.7775545591106998,0.4150142623042544,-0.24466814431664186,0.19923391170871912,-0.6431953039789741,0.15385901534569035,포크
2020,수원,60,46,452,35,28,7.751477091949585,0.9690185702184777,5.8131513564501915,9.689802827448979,3.3794438565134115,0.4105124466659706,2.5582967035377253,4.200591009489098,-11.365713473657216,0.5546350765634187,-12.475148809319736,-10.256278137994697,-4.28933192650824,0.1625386939291737,-4.614457721967808,-3.9642061310486714,포크
2020,잠실,60,107,1356,80,41,-5.123743276818907,0.7182775310186531,-6.560512257717298,-3.686974295920515,-4.145707190798596,0.5589078181557093,-5.263689282162204,-3.027725099434989,-1.7020238492051367,0.32957715400956417,-2.361276312556126,-1.0427713858541472,-0.5262786185749417,0.11974579637322223,-0.7658058742556613,-0.2867513628942222,포크
2020,창원,60,86,926,53,30,-5.515281181198592,0.7596563263861482,-7.034820076348158,-3.995742286049026,-0.6573686780180692,0.42362970985140613,-1.5047542639743696,0.19001690793823134,-0.980885947432801,0.6160246798423609,-2.213118772828507,0.2513468779629052,-0.37898052954765904,0.2404733826627962,-0.859998913140452,0.10203785404513388,포크
2021,고척,204,229,2876,75,112,3.5592751652319428,0.3660830534557894,2.837483526426709,4.281066804037176,6.521653312692686,0.21522145448556465,6.097309588303537,6.945997037081835,6.920883537678719,0.21189076716427033,6.5031067992160985,7.33866027614134,2.4357697353580074,0.06590046076802639,2.3058363742620718,2.565703096453943,슬라이더
2021,광주,204,244,2982,69,105,5.931041683102678,0.3388812460182859,5.262882784145511,6.599200582059845,-0.8830117777426395,0.26088890269152,-1.397396223682453,-0.3686273318028259,13.33380380652146,0.2641567294666366,12.81297631433551,13.854631298707412,4.70706460232859,0.08349288681520116,4.542444942844128,4.871684261813051,슬라이더
2021,대구,204,294,3977,74,119,0.24535074557545206,0.35739740140403736,-0.459315732779591,0.9500172239304951,1.6093525457629332,0.29477596653614135,1.0281543013809016,2.1905507901449646,-5.588007057138832,0.22424556252932978,-6.030143262420439,-5.145870851857224,-2.021189036366165,0.07703133196142882,-2.173068700860125,-1.869309371872205,슬라이더
2021,대전구,204,234,3090,72,107,10.263103770640994,0.48010472360012413,9.316500064257417,11.20970747702457,0.478608788613534,0.23107318742425567,0.02301082235846752,0.9342067548686005,6.038846888645185,0.3009911471770655,5.445394415672305,6.632299361618066,2.1973815306476934,0.11248615775674681,1.9755969727892904,2.4191660885060964,슬라이더
2021,문학,204,255,3561,70,103,-6.7066296218546855,0.36030902077638916,-7.417036826251287,-5.996222417458084,-0.008334227386160142,0.28913189296507547,-0.5784042726506958,0.5617358178783755,4.423356452486003,0.2924256589591479,3.8467922176318106,4.999920687340196,1.5721627873660504,0.10163427049180501,1.3717744712051285,1.7725511035269723,슬라이더
2021,사직,204,242,3435,71,113,-4.418037707812189,0.3729140752355691,-5.153297805095895,-3.682777610528484,-4.531544363203862,0.23421219028085843,-4.993331378623301,-4.069757347784423,-0.905151402387389,0.23480596261322154,-1.3681091354918122,-0.44219366928296583,-0.31711981667565664,0.086299041651262,-0.487272261900243,-0.14696737145107028,슬라이더
2021,수원,204,240,2985,70,103,8.517606407233663,0.45707473827041356,7.616410022210291,9.418802792257035,3.5199490731227963,0.33626571642489383,2.8569471115702334,4.18295103467536,-13.688761477848733,0.3061055090365887,-14.292297738074753,-13.085225217622712,-4.937785102291137,0.09411053709135138,-5.123339167563406,-4.752231037018868,슬라이더
2021,잠실,204,484,6392,147,145,-4.971161764813193,0.2250806779838993,-5.414944534574786,-4.527378995051599,-2.399312447292908,0.1823601684323063,-2.7588648591923812,-2.039760035393435,-3.797287404870559,0.1478032510238655,-4.088705294254344,-3.5058695154867747,-1.3101833473535642,0.046495447457092075,-1.4018566026442247,-1.2185100920629037,슬라이더
2021,창원,204,253,3392,71,109,-4.481932121403489,0.4680909954752623,-5.404848829906264,-3.5590154129007128,-1.054699229433522,0.24834975293037628,-1.5443607242017836,-0.5650377346652605,-1.0647287682412598,0.2697526492582252,-1.5965895166210307,-0.532868019861489,-0.3504024658057843,0.09045371331642049,-0.5287465146612516,-0.17205841695031704,슬라이더
2021,고척,247,414,7393,76,159,4.2380102294771405,0.21440235246983336,3.8157201925065527,4.660300266447728,7.772462035491389,0.17254982464606913,7.432605354864206,8.112318716118573,7.665998916952013,0.2525499842053371,7.1685727416398795,8.163425092264147,2.1312371277396847,0.06546612056434103,2.0022940907115516,2.2601801647678177,직구
2021,광주,247,482,8896,72,158,6.958961583492502,0.21202019365368557,6.541363481675389,7.376559685309615,-1.6031460300800406,0.1551845059381986,-1.9087997227517421,-1.2974923374083391,14.757211302125327,0.19974894462551912,14.363782833458618,15.150639770792036,4.139379032619627,0.05338508212346761,4.034230987162575,4.244527078076679,직구
2021,대구,247,490,8878,74,153,-0.1823509887024442,0.2552833722004221,-0.685160885341338,0.32045890793644954,1.8390261107713903,0.18151541241139915,1.4815106761927224,2.1965415453500583,-6.836271500095718,0.21605924579475946,-7.261824978606844,-6.410718021584591,-1.9811083343034508,0.06193865963902953,-2.103103632244758,-1.8591130363621438,직구
2021,대전구,247,555,9916,72,165,11.640071445521702,0.18186245420384123,11.281872472307974,11.99827041873543,-0.4495546612463088,0.16188208805168766,-0.7684000104727899,-0.13070931201982755,6.7798043605128235,0.24090923744701062,6.3053059717772415,7.254302749248406,1.9056055054688523,0.06900200264706118,1.7696981429180056,2.0415128680196992,직구
2021,문학,247,509,9012,72,155,-8.253356286659804,0.2557556249764826,-8.757096339334602,-7.749616233985005,0.6521183571677631,0.115604994875204,0.4244210534886751,0.8798156608468511,4.9484183457987765,0.269100754244247,4.418393529608361,5.478443161989192,1.384199786955659,0.07401651445090099,1.238415767965929,1.5299838059453892,직구
2021,사직,247,455,8523,71,153,-5.159425405485358,0.21419144344458665,-5.581300032927818,-4.737550778042897,-4.483619938046454,0.14505009335286728,-4.7693127421549715,-4.197927133937936,-1.5078433799005797,0.1846691630914441,-1.8715704883528335,-1.144116271448326,-0.4041529869596324,0.05288428162628717,-0.5083146483680351,-0.29999132555122976,직구
2021,수원,247,435,7981,72,157,9.405288283052881,0.2787278431844311,8.856301810436417,9.954274755669346,3.1265107532182066,0.19578060929077826,2.740898376380319,3.5121231300560942,-15.887782168921644,0.2995309192843628,-16.477742687177734,-15.297821650665554,-4.488330416326707,0.07667985270744748,-4.639360185644575,-4.337300647008838,직구
2021,잠실,247,969,18126,150,198,-6.400846173543023,0.12934126712954436,-6.655598641735475,-6.146093705350571,-2.2540065439004433,0.09200971940103361,-2.4352302448529914,-2.072782842947895,-4.817139841907076,0.12434609643031629,-5.062053748185669,-4.572225935628483,-1.3104481933122507,0.036159712727033076,-1.3816688970426032,-1.2392274895818982,직구
2021,창원,247,477,8394,72,157,-5.686372016731124,0.2714004882226028,-6.220926422898305,-5.151817610563942,-0.8135420711015992,0.17759736201592158,-1.163340455809783,-0.46374368639341534,-1.4437615128190582,0.2679392722362232,-1.9714986569085902,-0.9160243687295261,-0.39827494964890964,0.07464977978712066,-0.5453062573888042,-0.25124364190901505,직구
2021,고척,88,132,1922,65,57,2.492765745733073,0.4444343850483264,1.6095457967440607,3.375985694722085,5.721539370053991,0.27515092457357415,5.174734726350001,6.2683440137579804,6.616794357471222,0.30505941093620903,6.010552881946327,7.223035832996117,2.578239776112191,0.07238877761297367,2.4343822920344107,2.722097260189971,체인지업
2021,광주,88,132,2214,66,50,4.990228769900274,0.3506780051579021,4.293329924430763,5.687127615369786,-0.8095565201300753,0.24737213877076866,-1.3011566643508334,-0.3179563759093172,12.00736749322496,0.3465510999072788,11.31867000473313,12.69606498171679,4.6453888940185415,0.09495332094328254,4.456689121675895,4.834088666361188,체인지업
2021,대구,88,119,2104,68,47,-1.3217378935576285,0.4290538480802753,-2.1743922573143717,-0.4690835298008852,0.5850379514923356,0.242310615113222,0.10349652193682324,1.0665793810478479,-4.7215685536560414,0.24203116598130375,-5.202554636783957,-4.240582470528126,-1.8705559228757165,0.102162736086815,-2.0735828928644655,-1.6675289528869675,체인지업
2021,대전구,88,139,1813,69,51,8.847541342702423,0.5774390176069502,7.700002635454063,9.995080049950781,-0.019451217148697752,0.28478897724882235,-0.5854094652509169,0.5465070309535213,5.81041467955439,0.38290326375736156,5.049474904278609,6.571354454830171,2.198470425296839,0.14446873891141165,1.9113691646732502,2.4855716859204278,체인지업
2021,문학,88,117,1601,62,58,-6.99850028709477,0.4604690907891971,-7.913585844288165,-6.083414729901375,0.39104031150449137,0.25765123621049796,-0.12098737887785271,0.9030680018868354,4.560946055102869,0.41606694691009904,3.7341004284171815,5.387791681788557,1.7386787729605466,0.16405754996473862,1.4126488666665884,2.0647086792545046,체인지업
2021,사직,88,104,1651,65,50,-4.734028809790131,0.4107112616365777,-5.550231137412525,-3.917826482167738,-4.128811519147961,0.2993268797744148,-4.723660793595194,-3.5339622447007284,-1.0935244560237232,0.29547510467916843,-1.6807191368625634,-0.506329775184883,-0.4237496593125331,0.10919887746088747,-0.6407594817414956,-0.20673983688357064,체인지업
2021,수원,88,157,2549,70,53,7.647148712167116,0.6107595154079589,6.4333925173476825,8.86090490698655,1.4215725275432312,0.2733544040568707,0.8783380908540477,1.9648069642324146,-12.670574054536749,0.32683474323469147,-13.320089427241749,-12.021058681831748,-4.911027412933707,0.10715230696688344,-5.123970106562273,-4.6980847193051405,체인지업
2021,잠실,88,196,3020,121,67,-6.197482136763584,0.3340421230028811,-6.861320662233897,-5.533643611293272,-1.962306969244943,0.21787022111520546,-2.3952782515157165,-1.5293356869741694,-3.490625768951032,0.18016247092846918,-3.848660821450119,-3.132590716451945,-1.3048982684725274,0.0763223769497111,-1.4565729546445123,-1.1532235823005426,체인지업
2021,창원,88,117,2040,65,57,-5.320991997950063,0.4660268680788492,-6.247122469622172,-4.394861526277954,-0.9347570456462952,0.25602523290109735,-1.4435533961316858,-0.42596069516090485,-1.2546934471949962,0.31008226536473465,-1.8709167904182225,-0.63847010397177,-0.44875365784663596,0.1127425940735368,-0.6728058723837502,-0.22470144330952163,체인지업
2021,고척,96,132,1770,69,55,2.674601613942796,0.5494612900971163,1.5839295733111307,3.765273654574462,5.207446365901368,0.45607860445356335,4.302137491239988,6.112755240562747,5.326987897572879,0.34834241668054194,4.635533665424185,6.018442129721573,2.35919523741853,0.1500792000498765,2.0612903798336846,2.657100095003375,커브
2021,광주,96,109,1308,61,47,4.040366400955765,0.4096820258856965,3.2271540068599203,4.85357879505161,0.22187505983536152,0.3404504122060664,-0.453913667245034,0.897663786915757,10.626678010175652,0.31375633931880637,10.003876598987105,11.2494794213642,5.056479803113057,0.12480359468206248,4.808746625647556,5.3042129805785585,커브
2021,대구,96,130,1336,67,50,-0.6877149207768678,0.4455535968378104,-1.5721318204423231,0.19670197888858765,0.5488243917501403,0.4128954734715543,-0.2707666453895319,1.3684154288898125,-5.430449427274016,0.31266807273483854,-6.0510906463666325,-4.809808208181399,-2.714415548569602,0.1622140577486806,-3.0364079083091307,-2.3924231888300733,커브
2021,대전구,96,114,1288,63,57,6.443866843034632,0.4070929277965795,5.635793768026677,7.251939918042587,1.2418370890831734,0.2974611739793762,0.6513813254470595,1.8322928527192872,4.555733484704313,0.3309585280651271,3.898785998730471,5.212680970678155,2.1773398528147414,0.16169841036756016,1.8563710450370143,2.4983086605924685,커브
2021,문학,96,109,1320,65,52,-6.004866331386097,0.5232512013843929,-7.043511757119394,-4.9662209056528,-0.6445554953530033,0.410526041005419,-1.459443246220185,0.1703322555141783,3.4819584161871857,0.41286556910924094,2.6624267387375515,4.3014900936368194,1.6126247956274389,0.18656983483697057,1.2422866004727164,1.9829629907821613,커브
2021,사직,96,103,1204,61,55,-4.070900090379621,0.4307426000869311,-4.925917393856571,-3.215882786902671,-4.017435891372151,0.41438431051610775,-4.839982246687676,-3.194889536056627,-0.5980075032932312,0.28936768449104017,-1.172397817269526,-0.023617189316936238,-0.33933711565286745,0.15496745622306266,-0.64694508505219,-0.03172914625354495,커브
2021,수원,96,102,1377,60,51,6.851704165891732,0.6277895534341432,5.605551751387269,8.097856580396195,1.6032269079490327,0.402843951815022,0.8035879836045055,2.4028658322935597,-11.995156855735294,0.5504336062504497,-13.087758928677166,-10.902554782793421,-5.6547498188674625,0.23870967717082422,-6.128584783060139,-5.180914854674786,커브
2021,잠실,96,194,2291,122,69,-3.947457718844771,0.2693404171330947,-4.482094221312878,-3.4128212163766634,-2.8465381495782895,0.2657840527915009,-3.3741153246222755,-2.3189609745343036,-3.5764196334578426,0.17977269758041328,-3.9332656177950343,-3.219573649120651,-1.56641375922945,0.14067174299210358,-1.8456449621432949,-1.2871825563156052,커브
2021,창원,96,87,1003,55,42,-4.948296316163955,0.47913516820388996,-5.89937210814735,-3.9972205241805594,-1.8330276056942316,0.3459912137387349,-2.5198147368902335,-1.1462404744982297,-1.1031340122407138,0.3153420604688376,-1.7290830550345224,-0.47718496944690514,-0.31152954162121355,0.1560534327814668,-0.6212931574516494,-0.001765925790777667,커브
2021,고척,12,15,279,15,8,4.019633189625923,1.331271899259814,1.1190408957431819,6.920225483508664,5.419082255686501,0.9125720626198592,3.430758537654466,7.407405973718536,10.025773625673787,0.2924021448770116,9.388684080993539,10.662863170354036,3.0380992624750403,0.07219467182276303,2.880800585273989,3.1953979396760914,커터
2021,광주,12,25,546,24,9,5.791784400312549,0.5925158686276788,4.500803223965141,7.082765576659957,-2.22242432233689,0.295303808153983,-2.865836048192378,-1.5790125964814017,15.593533701834893,0.6059107136353811,14.273367665333298,16.913699738336486,4.721843448320976,0.20062862987909028,4.284711215541856,5.158975681100095,커터
2021,대구,12,28,735,27,7,-0.8035318979988448,0.3070971263363283,-1.4726390568143746,-0.134424739183315,1.4316657489291673,0.6885740776479897,-0.06860828562655108,2.9319397834848857,-5.027696311185124,0.45000918558468184,-6.008182098205129,-4.047210524165118,-1.542477196642543,0.1500617867150543,-1.8694337427800907,-1.2155206505049954,커터
2021,대전구,12,11,221,11,7,9.08594217132647,0.7835777104091495,7.378673002845743,10.793211339807197,1.0251591197784635,1.4962050773814128,-2.234791698633407,4.285109938190335,7.330979323529866,0.4256346901339109,6.403600999914666,8.258357647145067,2.1830046616644294,0.1415824864854167,1.8745229236538166,2.4914863996750425,커터
2021,문학,12,14,239,14,9,-6.784161974857178,1.3219652498458219,-9.664476821595498,-3.9038471281188585,-1.3094267947402038,0.9754084142214754,-3.4346591618113207,0.8158055723309132,7.602395657707389,0.9427642570316717,5.54828879913509,9.656502516279687,2.256468374294153,0.28578730822405163,1.6337913205795265,2.8791454280087794,커터
2021,사직,12,13,250,12,8,-5.091468341238229,0.9791587048377026,-7.224871889618962,-2.9580647928574955,-5.738037701030136,1.1418308088138307,-8.22587331658302,-3.250202085477254,1.5716644402228825,0.459779809563053,0.5698902923249476,2.5734385881208173,0.5047352989428534,0.1385794338793298,0.20279665047854822,0.8066739474071586,커터
2021,수원,12,40,723,37,7,4.206849584502994,0.9555469627781046,2.124891602652506,6.288807566353482,3.7644456529424777,0.962142299323033,1.6681176672119267,5.860773638673029,-14.153505242498708,0.7007874801430874,-15.680389995104635,-12.626620489892781,-4.269754880763193,0.1866938807248991,-4.676525903306966,-3.8629838582194194,커터
2021,잠실,12,30,511,29,12,-4.9902575182572475,0.4883176134379597,-6.054210199368356,-3.9263048371461386,-3.8342077099697427,0.5865208434704559,-5.112126848590416,-2.5562885713490693,-3.017883549739468,0.27540011069315967,-3.6179288442094992,-2.417838255269437,-0.9104935779389094,0.0709521288330122,-1.0650849865324785,-0.7559021693453403,커터
2021,창원,12,27,544,25,8,-6.063305290029546,0.7645139550009651,-7.729038103645283,-4.397572476413809,-1.0887249969797803,0.36909163465142614,-1.892906585881157,-0.2845434080784036,0.6051180651687019,0.6092540292330825,-0.7223324302507909,1.9325685605881948,0.2064994912080815,0.1716104327592095,-0.1674075213924294,0.5804065038085924,커터
2021,고척,58,165,3220,69,36,3.519864941301252,0.5832762487086193,2.352310676174564,4.68741920642794,6.5501929511300245,0.4782621492502177,5.592847244970986,7.507538657289063,6.743747586402069,0.4246518445307906,5.893714564530261,7.593780608273877,1.9716271187574457,0.08617634415980026,1.7991264239330564,2.144127813581835,투심
2021,광주,58,96,1481,54,37,6.4847349561233525,0.5863634069433283,5.3110010723819245,7.65846883986478,-1.6469269298938831,0.37536133591269927,-2.398294278862446,-0.8955595809253201,14.003024408018183,0.37736516511507245,13.247645959099989,14.758402856936376,4.037720006144076,0.11079983592561281,3.815930037331353,4.259509974956798,투심
2021,대구,58,65,1096,45,35,-0.9382578995595912,0.5860730634962564,-2.1114105977466084,0.23489479862742613,0.4165025660978474,0.5306366906443643,-0.645682175293943,1.4786873074896378,-6.637705024447775,0.45073434167577764,-7.539947836884871,-5.735462212010678,-2.0110802667895795,0.10390286627049042,-2.2190644508560244,-1.8030960827231346,투심
2021,대전구,58,53,1044,41,32,11.597704664139153,0.6176609194963046,10.361322002310176,12.83408732596813,-0.7988784910827014,0.5870154608108784,-1.9739176024514091,0.3761606202860064,6.539971141387815,0.5722595262697756,5.394469242184935,7.685473040590694,1.8575944485431672,0.1744558765712019,1.5083830701987093,2.206805826887625,투심
2021,문학,58,65,1503,40,28,-7.545668264242621,0.6045998891071308,-8.755906433180636,-6.3354300953046065,0.432307630169696,0.49589130219872235,-0.5603266596770353,1.4249419200164273,4.276003154448388,0.7636897648487868,2.7473119996878075,5.804694309208967,1.2218780409085204,0.21127699727786775,0.7989611814597071,1.6447949003573337,투심
2021,사직,58,94,1636,54,32,-5.361895017286768,0.5087009083585673,-6.380170519748676,-4.34361951482486,-6.083295802166542,0.4669119560037693,-7.0179216280557375,-5.148669976277346,-1.7808372647639523,0.31330977485839545,-2.40799491905161,-1.1536796104762947,-0.5261090525498933,0.09724062194969395,-0.7207573056757526,-0.33146079942403395,투심
2021,수원,58,90,1930,60,36,8.336195703083542,0.6860345928876167,6.96294826377194,9.709443142395143,1.7641852540132403,0.5434418165402711,0.676368268228932,2.8520022397975486,-16.028011630729985,0.5454681053503143,-17.119884674253285,-14.936138587206685,-4.666025776774313,0.10869979216908907,-4.883612051282132,-4.448439502266494,투심
2021,잠실,58,165,2777,94,41,-6.4560611310907525,0.29317383861183116,-7.042912329734029,-5.869209932447476,-3.3256249838843965,0.31292016803954276,-3.9520027553908146,-2.6992472123779785,-4.523213107013181,0.253218779567649,-5.030085565387662,-4.0163406486387,-1.252221153587395,0.07233291663805731,-1.397011217501014,-1.107431089673776,투심
2021,창원,58,93,1634,55,33,-6.159551339612652,0.573186194718458,-7.306908167251265,-5.012194511974039,-1.9229397692888102,0.4767658404053666,-2.8772902878714297,-0.9685892507061907,-1.2389897624243156,0.5182293350839704,-2.276338483258859,-0.20164104158977203,-0.34064117270703803,0.15036960596308527,-0.6416386420473754,-0.03964370336670059,투심
2021,고척,64,61,643,46,34,4.921689324287785,0.6724467103214956,3.5783225901301536,6.265056058445416,6.723461048631853,0.6454684226272989,5.433989639823633,8.012932457440073,6.60933064488083,0.5076561207552351,5.595170958252213,7.623490331509448,2.359314101771567,0.18864834686977525,1.9824457049918067,2.7361824985513277,포크
2021,광주,64,55,587,36,32,6.975530361075034,0.6542273900579287,5.668560903289442,8.282499818860627,-0.47343394101340724,0.5003702600051242,-1.4730384475642981,0.5261705655374838,12.35920164341889,0.3672127234153029,11.62560989640938,13.092793390428401,4.466775696960215,0.1443925187637953,4.178318480364157,4.755232913556273,포크
2021,대구,64,46,502,36,32,-0.24321717123665493,0.8749915536635711,-1.9912137452678818,1.504779402794572,3.124186037869041,0.7089244757851731,1.7079465899213755,4.540425485816707,-5.390167805576081,0.6972021442245967,-6.782989204147439,-3.9973464070047235,-1.9628516449486288,0.25070171619321796,-2.4636858977761587,-1.462017392121099,포크
2021,대전구,64,56,782,33,32,9.866441090890943,0.4821443876213957,8.903246950076836,10.82963523170505,1.0629128543120545,0.4284002335724457,0.20708500378775363,1.9187407048363554,5.271521714615617,0.34369838632876093,4.584905256105513,5.958138173125722,1.9539995874720233,0.12108021662023126,1.7121140481785773,2.1958851267654693,포크
2021,문학,64,103,1149,55,28,-6.332139585416442,0.44511308192102056,-7.2213551886948055,-5.442923982138079,0.19310843122455987,0.37737073013855377,-0.5607762670447486,0.9469931294938684,4.20903580673662,0.25534381732848954,3.6989278908128163,4.719143722660423,1.4659196948423188,0.0967478854112685,1.2726435751636975,1.65919581452094,포크
2021,사직,64,112,1079,58,38,-3.0455581875632776,0.6380109528080296,-4.3201315877673645,-1.7709847873591908,-4.202036301751907,0.27213916437659513,-4.745696780528268,-3.6583758229755454,-1.328487092505446,0.2559678148764601,-1.839841586835052,-0.81713259817584,-0.4641831801439662,0.09808736283288264,-0.6601352135890349,-0.26823114669889747,포크
2021,수원,64,65,748,42,35,7.947984825097779,0.5311406355733819,6.886909426799687,9.00906022339587,3.8400893830881024,0.7423753892317714,2.357024053384153,5.323154712792052,-13.111142362490982,0.4793652692117247,-14.068784576045228,-12.153500148936736,-4.7726423499223625,0.16181762391745577,-5.0959102158134915,-4.4493744840312335,포크
2021,잠실,64,115,1391,80,41,-5.158630259874156,0.47296382159854444,-6.103484111700991,-4.213776408047321,-2.626440151532802,0.36054133407263295,-3.346704266216963,-1.9061760368486411,-4.094485861720458,0.27987880164682377,-4.653608043385217,-3.5353636800556987,-1.4527824434949064,0.10614398927243378,-1.6648294384920264,-1.2407354484977864,포크
2021,창원,64,105,1010,57,31,-3.03009580222567,0.46302675610336586,-3.9550980836358898,-2.1050935208154504,-1.3383287125071115,0.4717932337896986,-2.2808440463552326,-0.39581337865899036,-0.8131653070357112,0.39344633369451787,-1.599164715239824,-0.027165898831598367,-0.2717264104443733,0.14662673697842893,-0.5646469910220214,0.021194170133274848,포크
2022,고척,184,258,3611,79,99,4.30820204030239,0.20931490057801883,3.895236186825819,4.721167893778961,6.536892779503371,0.1979300350387686,6.146388588818838,6.927396970187904,6.380014501938878,0.20133346370199728,5.982795548861531,6.777233455016225,2.1609718702979186,0.07637756029483743,2.010283485063446,2.311660255532391,슬라이더
2022,광주,184,249,3180,71,107,1.8625293499095341,0.23500356196672345,1.3988812948994753,2.326177404919593,-1.1601645580423905,0.17379134091295168,-1.5030445404457635,-0.8172845756390175,11.550883111853478,0.204601210398891,11.147217088835571,11.954549134871385,4.113713619123764,0.07757828133203362,3.9606562826749077,4.266770955572621,슬라이더
2022,대구,184,244,3455,67,107,-2.891584012420638,0.2941039635723332,-3.4718336458298973,-2.3113343790113783,1.3727712771698888,0.2102811023256307,0.9578991650933265,1.7876433892464512,-3.537928408473036,0.2060058279513764,-3.9443656584067934,-3.131491158539278,-1.2759785324772457,0.07336450494116788,-1.4207223386480003,-1.131234726306491,슬라이더
2022,대전구,184,256,3239,72,105,7.526505468359238,0.31760837354570054,6.8998830315885815,8.153127905129894,0.674759096336891,0.22979937282963345,0.22137859706565932,1.1281395956081228,4.620502866760784,0.2414618503038047,4.144112992856058,5.096892740665511,1.6868482984371562,0.08971257910725554,1.509850713954139,1.8638458829201734,슬라이더
2022,문학,184,270,3743,75,104,-8.670434534002997,0.2406393634169562,-9.145201690183077,-8.195667377822916,-0.12514513714624603,0.18424446958674398,-0.4886485209049566,0.23835824661246452,0.9779280394684743,0.24961486803761634,0.485452746333891,1.4704033326030577,0.357743416904687,0.09158829749812307,0.177045151562222,0.5384416822471519,슬라이더
2022,사직,184,245,3583,70,100,-1.7169736013047616,0.24048660628619004,-2.1914393767484137,-1.2425078258611095,-1.6209264806066648,0.1945749194466069,-2.0048112277150194,-1.2370417334983101,-0.8806260526370773,0.29666018897279633,-1.465918966774396,-0.2953331384997585,-0.3078615400575244,0.10426170834631501,-0.5135636914727444,-0.10215938864230445,슬라이더
2022,수원,184,239,3245,72,107,8.327862771345378,0.30035006609019604,7.735289949046707,8.92043559364405,2.685189157149236,0.2823117079429684,2.1282049429573693,3.242173371341103,-15.26290442605743,0.3018320871508959,-15.858401187791431,-14.667407664323429,-5.509191293171655,0.0973507981305785,-5.701258629637436,-5.317123956705875,슬라이더
2022,잠실,184,482,6611,147,136,-4.935877573432228,0.21339185089279802,-5.356887007474135,-4.514868139390322,-3.575294185714526,0.14622643697847715,-3.8637902515985063,-3.2867981198305456,-3.360953945457775,0.1478522485759521,-3.6526576409567006,-3.0692502499588494,-1.1283268400904312,0.05071311366364547,-1.228380798068237,-1.0282728821126252,슬라이더
2022,창원,184,245,3251,71,105,2.566851882450438,0.4049546191311724,1.7679004965387057,3.36580326836217,-1.7363387058466586,0.2241390595823899,-2.17855174362978,-1.2941256680635373,2.685322391413924,0.2473392577895604,2.1973367419964074,3.173308040831441,0.9722098533815161,0.08862351213430976,0.797360933282801,1.1470587734802313,슬라이더
2022,고척,219,496,8095,81,153,3.9476347158471317,0.22723401307838326,3.4997893415704144,4.395480090123849,7.89541698867322,0.12991152977428766,7.639380152961667,8.151453824384772,6.727600822340438,0.18899079514553443,6.355127299384126,7.1000743452967505,1.8488052867731413,0.05673459990638449,1.736989596043998,1.9606209775022845,직구
2022,광주,219,468,8857,73,151,2.270654103750673,0.1882170964529695,1.899705429015166,2.6416027784861797,-1.526824684885229,0.1642531042678026,-1.850543797004032,-1.203105572766426,12.877736455622967,0.2142490494621407,12.455482566581692,13.299990344664243,3.5475222771731616,0.05182672273970613,3.445379302499326,3.649665251846997,직구
2022,대구,219,427,7156,71,148,-3.1101190433769244,0.2246391756963387,-3.552850368472333,-2.6673877182815158,1.361705880346355,0.1568885460248804,1.0525012473673738,1.6709105133253364,-4.258255201177222,0.24079987346639656,-4.732836924209791,-3.783673478144652,-1.1984382772550077,0.06545361297861295,-1.3274378816938859,-1.0694386728161296,직구
2022,대전구,219,545,8880,73,149,9.12273763596372,0.1816560060505029,8.764719921462333,9.480755350465106,-0.4581526689243545,0.14237240258891445,-0.7387480827021056,-0.17755725514660342,4.6057411117093965,0.23963029246255452,4.133464463675577,5.078017759743216,1.3011301240790676,0.06552326413268758,1.1719932472893526,1.4302670008687826,직구
2022,문학,219,460,8155,76,151,-10.472372770362838,0.16274948339297612,-10.793128463210317,-10.15161707751536,0.9366850826425293,0.1278118436008115,0.6847864246953229,1.1885837405897357,1.2116585074684187,0.27020142816779863,0.6791305725497584,1.744186442387079,0.3357887581666195,0.0767134096448444,0.18459772303497476,0.48697979329826424,직구
2022,사직,219,444,7793,70,135,-2.571844520660779,0.17888996259655465,-2.924410763575156,-2.219278277746402,-1.958932987870614,0.1485215185338055,-2.25164741981164,-1.6662185559295886,-1.5659983249984004,0.22241738073301295,-2.0043508135656105,-1.12764583643119,-0.4273198219708641,0.06085826149569689,-0.5472626532756529,-0.30737699066607527,직구
2022,수원,219,445,7438,77,148,9.376130469132068,0.23718423159330482,8.908674653290808,9.843586284973329,2.8649730262998103,0.21867621451573158,2.4339938352513646,3.295952217348256,-18.121945176737682,0.24566428694716475,-18.606113955186906,-17.63777639828846,-5.08293662314617,0.06463937668250837,-5.210331485610735,-4.955541760681606,직구
2022,잠실,219,907,16504,147,184,-6.25594024816764,0.12045389892958927,-6.493337461368306,-6.018543034966974,-3.1745711566192885,0.0973087290468299,-3.3663525875327,-2.982789725705877,-4.114096944181106,0.13814182268065592,-4.386354496840468,-3.841839391521743,-1.0946165332531186,0.03931284548940088,-1.1720964657842154,-1.0171366007220217,직구
2022,창원,219,480,8580,74,150,3.2787621169601415,0.30810169281819433,2.6715382420384843,3.8859859918817987,-2.02278962054066,0.15270423783244513,-2.323747587260731,-1.7218316538205891,3.0382152346146523,0.2322374546496528,2.5805088006629298,3.4959216685663748,0.8274691284853476,0.060567801354011574,0.7080987521097452,0.94683950486095,직구
2022,고척,79,127,1795,72,44,2.5444318476226173,0.4848156745501065,1.5794303862914965,3.509433308953738,5.643288264223886,0.18120324550418465,5.282612226115701,6.003964302332072,6.107684936709142,0.34310784133144206,5.424745861799368,6.790624011618917,2.351507553197753,0.1017973572336346,2.1488849820911935,2.554130124304313,체인지업
2022,광주,79,124,2157,64,50,0.481083113195843,0.29694238329481704,-0.10996591605956091,1.0721321424512469,-0.9334737955995069,0.23923318939126212,-1.4096555477173687,-0.4572920434816451,10.975232064007905,0.3382531635498603,10.30195598350908,11.64850814450673,4.2498401914619155,0.08637362276375209,4.077917795873467,4.421762587050364,체인지업
2022,대구,79,101,1703,61,50,-3.4905396819210974,0.28562533017481206,-4.059062680414602,-2.922016683427593,0.9143425132048552,0.21668546938849678,0.4830408751067077,1.3456441513030026,-2.9123695311614033,0.26360145897816134,-3.4370551106014533,-2.3876839517213533,-1.138402931401172,0.10362793817031016,-1.3446691827179806,-0.9321366800843635,체인지업
2022,대전구,79,100,1607,56,50,6.2912878924783096,0.3070689264183624,5.68008248333374,6.902493301622879,-0.022109058473003887,0.20381662041734944,-0.42779589343111135,0.3835777764851036,4.278394188383982,0.3431863910944249,3.5952987640819645,4.961489612685999,1.6874491425706093,0.12386389562123078,1.4409042254914077,1.9339940596498109,체인지업
2022,문학,79,99,1478,57,52,-8.986894352876993,0.3167726752516485,-9.617414590926797,-8.356374114827188,0.06550162449202791,0.24885389554605356,-0.4298296642142008,0.5608329131982567,0.9575022216547255,0.3374332755431551,0.28585808741121155,1.6291463558982395,0.4475065662715536,0.14994127991667042,0.14905591413924246,0.7459572184038648,체인지업
2022,사직,79,71,1196,48,37,-2.90614734602795,0.23398376824844402,-3.371880386728503,-2.4404143053273972,-2.036189811005274,0.37544715381556626,-2.783498677247771,-1.2888809447627767,-0.2138297307551009,0.2988186613457747,-0.8086133980514838,0.38095393654128196,-0.04412467690568091,0.12366948387120699,-0.29028262707617636,0.20203327326481452,체인지업
2022,수원,79,158,2725,70,47,6.830223518712268,0.2570405497859725,6.318597102353111,7.341849935071425,1.332873519127185,0.27443688282859846,0.7866205680061,1.87912647024827,-13.682387779406405,0.25019291431917356,-14.180384318311091,-13.184391240501718,-5.44665360875057,0.17660517077838386,-5.798177408054133,-5.095129809447008,체인지업
2022,잠실,79,182,2767,121,57,-5.907431979531564,0.24478580017294868,-6.39466592694716,-5.420198032115969,-2.8257351019903068,0.21283731840904183,-3.249377187162401,-2.4020930168182124,-2.4923948756985737,0.24234960384877796,-2.974779695628562,-2.010010055768585,-0.8950076777440865,0.09784488149571474,-1.0897630426871738,-0.7002523128009991,체인지업
2022,창원,79,111,2014,62,49,2.3442032133701534,0.31662026331839765,1.71398634368493,2.9744200830553766,-1.5454792451076464,0.22806809415072254,-1.9994374310567369,-1.091521059158556,3.212031391109566,0.35269939337273626,2.5100008094227646,3.9140619727963677,1.2656821280461446,0.11809032666044665,1.030629212518714,1.5007350435735751,체인지업
2022,고척,98,134,1780,70,54,3.1142042527797145,0.2598708364033917,2.598499035561286,3.629909469998143,4.77258324645553,0.24388928578035882,4.28859289632109,5.25657359658997,4.565656014241963,0.35612961243668523,3.858928388774642,5.272383639709283,2.08535861463627,0.18165447036372584,1.7248712302334808,2.4458459990390597,커브
2022,광주,98,114,1398,62,53,0.47688226344368523,0.23754963569647228,0.005472742573689793,0.9482917843136807,0.07548226483235353,0.2820837281353498,-0.4843037130986666,0.6352682427633737,9.491597700594465,0.2782182527367213,8.939482632788225,10.043712768400704,4.463286007460811,0.14395840776554414,4.1776052324472275,4.748966782474394,커브
2022,대구,98,104,1217,63,52,-3.330522147938747,0.4501204392798147,-4.2237715102986,-2.4372727855788936,0.9640632450429223,0.27110896444932786,0.4260563284677342,1.5020701616181102,-3.389714723576195,0.26127992307113107,-3.908216227427334,-2.871213219725056,-1.8006463074469765,0.13112018207305107,-2.060850041400173,-1.54044257349378,커브
2022,대전구,98,149,1594,70,61,5.289296371988775,0.34900381398104185,4.5967096616440655,5.981883082333485,0.7707753574208178,0.24659025083184705,0.28142503004593433,1.2601256847957014,3.3566030468808683,0.21103642862880595,2.937808122551301,3.7753979712104355,1.6366367825681398,0.12001467882675268,1.398471558373161,1.8748020067631186,커브
2022,문학,98,132,1617,70,55,-6.797823470314537,0.2828170719703154,-7.359064745219011,-6.236582195410063,0.35454361777535964,0.17548332760535787,0.006302665333677182,0.7027845702170421,0.7510210599017711,0.2862549422494609,0.18295744331551111,1.319084676488031,0.4742207540899695,0.20316498267345906,0.07104645807871046,0.8773950501012285,커브
2022,사직,98,86,1029,56,46,-1.7801410678370455,0.25029265218633207,-2.2768386902034328,-1.2834434454706585,-1.9486291777338474,0.25355104919225385,-2.4517929829123544,-1.4454653725553406,-0.761931280890985,0.2603755264223129,-1.2786380390265781,-0.24522452275539197,-0.4791355664039459,0.12838479642402037,-0.7339110165611111,-0.2243601162467806,커브
2022,수원,98,113,1337,67,45,7.553042204832677,0.22595936068364528,7.104633207514439,8.001451202150914,0.4701506751839729,0.27969556465248707,-0.08489607003926047,1.0251974204072063,-13.764634656357217,0.5826981367156424,-14.920980144472143,-12.60828916824229,-6.700996698613692,0.32460713336708985,-7.345168990281977,-6.056824406945408,커브
2022,잠실,98,203,2491,127,74,-4.06557475744108,0.28758882877613007,-4.636285428427523,-3.494864086454638,-3.0628672045774836,0.18179509218717904,-3.4236336484123093,-2.702100760742658,-3.0008959586704025,0.18670914092048996,-3.3714141722863524,-2.6303777450544525,-1.256940872445983,0.1095086996038343,-1.474257322795338,-1.039624422096628,커브
2022,창원,98,93,1089,62,50,2.0798136511263117,0.55846330738207,0.9715613930894276,3.1880659091631958,-2.3597338163871258,0.26706924724795855,-2.8897240456507785,-1.829743587123473,2.595877753770068,0.29189253717901015,2.0166265135244155,3.1751289940157204,1.3291673003142432,0.1412284088955066,1.0489041192090942,1.6094304814193923,커브
2022,고척,21,19,370,19,12,3.8918604385509936,0.7297598895199704,2.3742416689783212,5.409479208123666,7.17051106725026,0.46450119559645453,6.204527949995313,8.136494184505207,8.365074231114994,0.6180030549440909,7.079866521969262,9.650281940260726,2.449899354285661,0.17580507842899626,2.084292679211285,2.815506029360037,커터
2022,광주,21,26,515,24,12,1.5282345596166753,0.553979964666928,0.376170155393581,2.6802989638397694,-1.9688045815175463,0.7229066999314878,-3.4721713631414666,-0.4654377998936261,14.403346413447917,0.7465285335148208,12.850855339666245,15.955837487229589,4.278520661805822,0.2596627584680217,3.7385223943355443,4.8185189292761,커터
2022,대구,21,26,577,22,11,-3.693066104326,0.6364335543798514,-5.016602135263585,-2.3695300733884146,2.5235614076374553,0.5667941041031254,1.3448485416345741,3.7022742736403362,-3.167681466050418,0.3173750723838558,-3.8276990605513337,-2.507663871549502,-0.9323883814915604,0.08317897910221746,-1.1053685380228462,-0.7594082249602747,커터
2022,대전구,21,15,241,13,14,7.340482014783505,0.6175618918286022,6.056191754560526,8.624772275006483,1.0395772539683426,0.4830680395971386,0.03498227087667427,2.044172237060011,5.095512582532231,0.648005679331878,3.747911000331492,6.44311416473297,1.5474068222664228,0.1949365870006181,1.1420139970959755,1.95279964743687,커터
2022,문학,21,23,441,21,11,-11.316066739206985,1.1045053682288442,-13.613011394551734,-9.019122083862236,-0.7619049305621506,0.7116949506954103,-2.2419556032511094,0.718145742126808,3.0501663452584573,1.0627901792299561,0.8399731744912287,5.2603595160256855,0.8631331028601941,0.31168724421659527,0.21494399456234514,1.5113222111580429,커터
2022,사직,21,25,355,22,10,-2.824451703057146,0.46012531635025467,-3.781334681248839,-1.8675687248654533,-2.3776407911269954,0.605879731372096,-3.6376366687282937,-1.1176449135256972,0.2660176487549473,0.43836655853659484,-0.645615515443382,1.1776508129532768,0.09874739602140578,0.12822462779383986,-0.1679103151737172,0.36540510721652875,커터
2022,수원,21,42,749,36,12,7.833011983467675,0.8671683214946359,6.029636736378167,9.636387230557183,3.124232097919798,0.7107115456584159,1.6462265279607482,4.602237667878848,-16.10611452999913,0.6954123904921973,-17.552303765061872,-14.659925294936384,-4.776878256374524,0.12105495937034884,-5.028625825854048,-4.525130686895,커터
2022,잠실,21,36,626,36,14,-6.5704385511387855,0.5621834160602295,-7.73956296645394,-5.401314135823631,-4.775731070408618,0.5555924454579827,-5.9311488120091465,-3.620313328808089,-2.4755385530424894,0.43795059185673774,-3.3863066671744426,-1.5647704389105361,-0.7214742305292524,0.11091908727338476,-0.9521431000675411,-0.4908053609909637,커터
2022,창원,21,34,574,31,11,4.135972404421568,0.5290925400118656,3.035664233070759,5.236280575772377,-2.6414066582794145,0.4492978898376581,-3.57577277039274,-1.707040546166089,3.938223168448711,0.31780428214357254,3.2773129833891956,4.5991333535082255,1.1654874711247662,0.08573540721188681,0.9871909313035611,1.3437840109459713,커터
2022,고척,59,129,2692,69,32,3.0397736862207436,0.6927257108575652,1.6536327405118465,4.425914631929641,6.748352757616098,0.3139711927356208,6.120097852099261,7.376607663132936,6.890275145124547,0.4612925888307363,5.967230806927872,7.813319483321222,2.0036599825522843,0.09902935242555595,1.8055027060536728,2.201817259050896,투심
2022,광주,59,92,1504,59,31,1.501511217897189,0.4332400019433463,0.6345999764056013,2.3684224593887766,-2.4841739592001826,0.4960943805446734,-3.4768565217656358,-1.4914913966347292,13.313114686275517,0.4236777665540372,12.465337433602128,14.160891938948906,3.7456897818605244,0.09396222601601854,3.557671801887586,3.9337077618334626,투심
2022,대구,59,92,1810,52,32,-4.911334302658821,0.48940392861888543,-5.89062930184345,-3.9320393034741907,1.0742853073657486,0.5044397362144103,0.06490372667664901,2.0836668880548483,-3.4044052722367955,0.4627282916213342,-4.330322445081765,-2.478488099391826,-0.9414130601830953,0.13841785999722356,-1.2183865582824085,-0.6644395620837822,투심
2022,대전구,59,70,1523,51,37,7.821992220681391,0.4374246993243529,6.9467074190717115,8.697277022291072,-0.8392826872303785,0.38955796442566915,-1.618786373543616,-0.059779000917140945,5.066912374553378,0.3489110604410343,4.368742955246992,5.765081793859764,1.435468508292241,0.10486210711424135,1.2256399166200471,1.6452970999644347,투심
2022,문학,59,66,1332,48,35,-10.260984678690726,0.43047400655196083,-11.122361176188338,-9.399608181193113,-0.2644041353758947,0.5866323813564933,-1.4382528191071513,0.909444548355362,1.9912498998328054,0.3677922031547985,1.2552994012231529,2.727200398442458,0.5285479484851789,0.10615890106508555,0.3161244781110132,0.7409714188593447,투심
2022,사직,59,76,1344,44,32,-3.5594953342565994,0.2835141903061756,-4.126805918681694,-2.9921847498315044,-2.8852326591819786,0.49054929402185865,-3.86681952924418,-1.903645789119777,-0.3049876456892445,0.4041754902780255,-1.113740933672133,0.5037656422936438,-0.1266414147511014,0.11266864128178562,-0.35209084521143935,0.09880801570923653,투심
2022,수원,59,88,2167,60,37,8.903797496826792,0.49572926555961744,7.911845527658906,9.895749465994678,3.007838349754226,0.8965713736816312,1.2138031748910334,4.8018735246174185,-17.997898016997272,0.5859649175964258,-19.170411108829594,-16.82538492516495,-5.211818835759231,0.20039933119916534,-5.612816971260741,-4.810820700257721,투심
2022,잠실,59,165,2907,109,49,-6.784288818133751,0.319470836387023,-7.423548485178177,-6.145029151089325,-4.655395317471281,0.5392000609913791,-5.734332147379942,-3.5764584875626193,-3.0127668335335476,0.3774327790912096,-3.768008080034068,-2.2575255870330273,-0.7671402980232143,0.11525653876098789,-0.9977680993784022,-0.5365124966680264,투심
2022,창원,59,91,1467,53,37,3.6907082758276535,0.6990656726898472,2.291881095795104,5.089535455860203,-2.6253642646985176,0.5849573648268439,-3.7958612480957243,-1.4548672813013108,3.67459954643102,0.36067339354101463,2.9528937529560393,4.396305339906001,1.0092961508795517,0.08683333670995912,0.8355430454589413,1.1830492563001622,투심
2022,고척,63,69,716,52,28,2.4529918836145694,0.6155832361624172,1.2228469454950912,3.6831368217340477,7.087675988381626,0.6607890130438853,5.767194513563764,8.408157463199489,5.460324241153478,0.35037800059861957,4.7601496773499,6.160498804957055,2.0707390164197848,0.12694821996557037,1.8170532416617444,2.324424791177825,포크
2022,광주,63,55,638,36,31,3.1870068582461273,0.3546691418029053,2.478257133000344,3.895756583491911,0.05485045489311881,0.6152414066080644,-1.1746113913692644,1.284312301155502,9.61230274217337,0.24025955056213602,9.132182341557241,10.092423142789498,3.47335046483477,0.08814341961234887,3.2972098958669958,3.6494910338025446,포크
2022,대구,63,58,694,39,31,-2.6844891369716066,0.5010591294852527,-3.6857759096221367,-1.6832023643210765,1.7216588818870542,0.5040272582627945,0.7144407771649397,2.7288769866091687,-3.7142298686916844,0.36735494768186233,-4.448330154139936,-2.980129583243433,-1.4652593684159843,0.14699449643183618,-1.759004430163143,-1.1715143066688256,포크
2022,대전구,63,75,1266,44,32,7.343313956920776,0.6209488074109086,6.102446780241653,8.584181133599898,0.13876989360076017,0.7688966850575893,-1.3977475251596223,1.6752873123611427,3.21469181166161,0.4512724610163039,2.3128957570896196,4.116487866233601,1.2478582133147724,0.1154271849048197,1.0171953900104331,1.4785210366191117,포크
2022,문학,63,96,1189,58,34,-7.78719009213108,0.3577309628655018,-8.502058378540195,-7.072321805721966,0.9744550609883599,0.35484997687536807,0.26534396568576446,1.6835661562909552,1.4286931861529315,0.27770825707126096,0.8737375170546585,1.9836488552512046,0.5565295233527084,0.10881275843197975,0.3390845766345677,0.7739744700708492,포크
2022,사직,63,113,1203,59,30,-1.940627099538067,0.3162543952933617,-2.5726110794031722,-1.3086431196729618,-1.5902754667077115,0.3720797730131702,-2.333817562171844,-0.8467333712435788,-2.2478943075987234,0.3567081536635326,-2.9607186729122787,-1.535069942285168,-0.8678268923284939,0.11862098883103006,-1.1048720235034413,-0.6307817611535464,포크
2022,수원,63,44,480,32,26,7.567940318221717,0.4934087756731276,6.581941557758585,8.553939078684849,2.347773279011776,0.4568489762736979,1.4348334479149494,3.2607131101086027,-15.418590497914554,0.47028893579814807,-16.358387945018926,-14.47879305081018,-5.914799411823503,0.18863193639776377,-6.291750257941348,-5.537848565705658,포크
2022,잠실,63,143,1463,91,43,-4.837638793446124,0.3728396101724739,-5.582699302311407,-4.092578284580841,-3.3750964398730576,0.29856288967466804,-3.971726766802094,-2.778466112944021,-3.6996290235820246,0.2647628171923915,-4.228715295329588,-3.170542751834461,-1.3021779159764146,0.11130033002971067,-1.5245938778707242,-1.079761954082105,포크
2022,창원,63,100,1107,54,36,3.4463821587361663,0.40084360350041615,2.6453601346511757,4.247404182821157,-1.7298783294384672,0.33002434236440714,-2.3893793528040073,-1.0703773060729271,2.0637901927198254,0.2922833548995651,1.4797085147200462,2.6478718707196047,0.7813251384432034,0.11012484810001931,0.5612581897459966,1.00139208714041,포크
2023,고척,183,255,3466,73,111,4.413153170569398,0.37275287125842704,3.6777073141752665,5.148599026963529,6.498372212048592,0.21290024692301734,6.078317488134025,6.918426935963159,6.089371921191953,0.2959579251908159,5.505443408411465,6.67330043397244,2.1718264103933036,0.11848314597051117,1.9380577516506554,2.4055950691359516,슬라이더
2023,광주,183,280,3708,71,101,1.806247590310533,0.2190440571259215,1.3740710556613007,2.2384241249597654,-1.227652787610508,0.18689050626641257,-1.596389983299989,-0.8589155919210267,12.30784528505726,0.28265936850055295,11.750154983080776,12.865535587033744,4.43619872945042,0.11637036974740435,4.2065986033699785,4.665798855530862,슬라이더
2023,대구,183,209,3162,67,90,-2.264801683413404,0.3420012002043303,-2.9395741264074515,-1.5900292404193563,1.5778961085399394,0.24997088411985113,1.0847005757343262,2.0710916413455527,-1.9696761642116698,0.34506123188412996,-2.6504860861706563,-1.288866242252683,-0.7089427961246,0.12735410781510612,-0.9602139682853531,-0.45767162396384686,슬라이더
2023,대전구,183,272,3267,72,104,10.820072008905827,0.30916548052348203,10.210084832084167,11.430059185727487,0.7277760379263494,0.21220733783652918,0.30908843189553015,1.1464636439571687,0.9361315406555956,0.7072593332652496,-0.4592995509680736,2.331562632279265,0.3243589928379368,0.2520817427869338,-0.17300128926899927,0.8217192749448728,슬라이더
2023,문학,183,287,4260,74,92,-7.408438536916597,0.24931069682417636,-7.900331512321622,-6.916545561511572,0.21967216488726662,0.17660151839172478,-0.12876473513076295,0.5681090649052962,0.16508187496549676,0.2807058604371345,-0.3887541323255477,0.7189178822565412,0.06777832416192363,0.10352174052136406,-0.13647130336237256,0.2720279516862198,슬라이더
2023,사직,183,191,2862,65,92,-4.982205260547526,0.24838285077646555,-5.472267584645006,-4.492142936450047,-3.2124662838323643,0.21420038351195864,-3.6350861927282168,-2.789846374936512,-5.0377255353480965,0.3186580264671318,-5.666441618421556,-4.4090094522746375,-1.7997645768794672,0.1255215463438256,-2.047420083422164,-1.5521090703367701,슬라이더
2023,수원,183,215,3037,70,101,7.051702593207248,0.3963833106592865,6.269633598315315,7.833771588099181,3.4172994820810856,0.23495440464529785,2.953731642202165,3.880867321960006,-10.21879421876639,0.7992648849032071,-11.795753360030435,-8.641835077502346,-3.7938228447523183,0.28597870118555285,-4.358062229666608,-3.2295834598380284,슬라이더
2023,잠실,183,482,6383,146,139,-4.42103762862265,0.17845734030225918,-4.773136087382535,-4.068939169862765,-2.92818985312597,0.1496212736861048,-3.223394408866519,-2.632985297385421,-4.034800339014463,0.20072599137717181,-4.430835111679163,-3.638765566349764,-1.410015833303944,0.07380573090656874,-1.5556354197879452,-1.264396246819943,슬라이더
2023,창원,183,242,3154,73,110,0.7739552145442469,0.4020514781120535,-0.019297142268982714,1.5672075713574765,-2.7798354388960234,0.21683660395961826,-3.207656642146034,-2.3520142356460125,2.1971627118604733,0.28891147568424125,1.6271369279158634,2.767188495805083,0.8209203126538367,0.10678004099511404,0.6102420194717376,1.0315986058359357,슬라이더
2023,고척,230,453,7438,75,165,5.048301516091756,0.22248008654451118,4.609941932652117,5.486661099531395,8.04079303962332,0.1455699465339029,7.753971948733618,8.327614130513023,7.740214146708973,0.3107305497980773,7.127971871514588,8.352456421903359,2.138979980305444,0.0858454031701845,1.9698360548496203,2.3081239057612675,직구
2023,광주,230,478,8328,72,147,2.00078151435508,0.20098814548333072,1.6047681852576399,2.3967948434525197,-1.355697035138408,0.12692044816751463,-1.6057724268411744,-1.1056216434356414,14.07829059959358,0.27123214679693103,13.543873282825976,14.612707916361183,3.9327830837343876,0.07432734646434516,3.786333551372463,4.079232616096312,직구
2023,대구,230,406,6526,67,144,-2.7265800566611063,0.2083850697625156,-3.137167780690334,-2.3159923326318785,1.2639549173709943,0.16631707547825578,0.9362550991179979,1.5916547356239907,-1.6331333250798516,0.31803407638280573,-2.2597659707610864,-1.0065006793986169,-0.4714020202484755,0.08662157449886053,-0.6420752607346945,-0.30072877976225654,직구
2023,대전구,230,550,9115,74,151,12.6260014600042,0.20218260223732828,12.227634654812556,13.024368265195845,-0.13314022715936982,0.14694862391121594,-0.42267776989068817,0.15639731557194855,1.5209272551245123,0.666000389909486,0.20868552587226263,2.833168984376762,0.4229832181952978,0.18424354890733918,0.05996229976220696,0.7860041366283887,직구
2023,문학,230,489,8439,74,144,-9.328524519427082,0.17791139788198815,-9.679068999501748,-8.977980039352417,1.0347763519444066,0.11773001235557605,0.8028091679321478,1.2667435359566654,0.6951053941198123,0.29938112647029785,0.10522524831650049,1.2849855399231243,0.19621816730829134,0.08379745567172733,0.031109377878677236,0.36132695673790544,직구
2023,사직,230,496,7884,75,152,-6.556289144398113,0.14553741939390438,-6.843046146030383,-6.269532142765843,-3.2144752842324107,0.13096304777175352,-3.4725159383820383,-2.956434630082783,-5.089429217838227,0.2628380798956278,-5.607307437883196,-4.571550997793259,-1.412805922447492,0.07299892611780646,-1.556638025992366,-1.268973818902618,직구
2023,수원,230,509,8774,81,159,7.722534562336046,0.29618964155403643,7.138942700667172,8.306126424004919,3.584050861639825,0.16416655679054215,3.260588278686252,3.9075134445933974,-10.926156008178772,0.7324256884649127,-12.369277613724062,-9.483034402633482,-3.084212464470356,0.20229840794221124,-3.482807445321858,-2.685617483618854,직구
2023,잠실,230,1015,17349,148,193,-5.800983865939549,0.12787615654434106,-6.052942320223162,-5.549025411655936,-2.8366976251151534,0.08787438776085055,-3.009839323377452,-2.663555926852855,-3.912519248314973,0.20288886080436047,-4.312277617201389,-3.5127608794285576,-1.0634157078068598,0.05676312525593846,-1.1752578970490284,-0.9515735185646913,직구
2023,창원,230,501,8364,75,159,1.4099516843282065,0.2873840207092314,0.8437098171932653,1.9761935514631477,-2.5316021037023644,0.15434651242914138,-2.8357159412356983,-2.2274882661690305,2.389085844047225,0.3061625973726592,1.7858439506554502,2.992327737439,0.663759324737567,0.08508403522775161,0.4961155467298721,0.831403102745262,직구
2023,고척,92,111,1538,61,48,4.0275081355832185,0.5600083416744426,2.915283230805115,5.139733040361322,6.243978250831515,0.20253460400856532,5.8417270451009875,6.646229456562042,6.559062371798464,0.4467912306335366,5.67169642210344,7.446428321493488,2.4967527331248873,0.18173504946720237,2.1358112380676397,2.857694228182135,체인지업
2023,광주,92,130,2055,66,48,1.6018129973212387,0.30202861469284936,1.0019580983520657,2.2016678962904117,-0.83789916485825,0.2118106292954277,-1.258573357486707,-0.4172249722297929,11.698209369771657,0.30294157877607836,11.096541245328915,12.2998774942144,4.563070541251061,0.10554706633852917,4.353444957001774,4.772696125500347,체인지업
2023,대구,92,115,1876,61,49,-2.303756024686364,0.22710571383941056,-2.7548075754442363,-1.8527044739284917,1.0452861306254861,0.17270605471622197,0.7022769984989845,1.3882952627519878,-0.8674520845577126,0.37301949285480135,-1.6083009952726832,-0.1266031738427419,-0.365415784942779,0.13956029966210426,-0.6425945864912836,-0.08823698339427433,체인지업
2023,대전구,92,117,1717,66,57,10.673501484323427,0.33183821344707887,10.014442149154675,11.33256081949218,-0.5062313100995631,0.23956404071492252,-0.9820261733969942,-0.03043644680213209,1.2936660406600877,0.7592818504963531,-0.21433325332005282,2.8016653346402283,0.5155008996865057,0.3023056061969033,-0.08490412831878069,1.115905927691792,체인지업
2023,문학,92,143,2361,71,58,-7.617757904712328,0.26111888262146093,-8.13636254458438,-7.099153264840276,0.905628204654357,0.21687503240988784,0.4748956702967459,1.336360739011968,0.6360529778321873,0.3277567776394934,-0.014900273525604635,1.2870062291899793,0.2956815322471915,0.1282617739844615,0.040942577948774095,0.5504204865456089,체인지업
2023,사직,92,108,1623,61,53,-5.128603646650186,0.30335117241882625,-5.7310852594223,-4.526122033878072,-3.173722911751507,0.20876501362667826,-3.5883482487735687,-2.759097574729445,-4.6164874442451085,0.30596522678429844,-5.224160794624253,-4.008814093865964,-1.8063012636716922,0.13226513053482544,-2.068991229636664,-1.5436112977067202,체인지업
2023,수원,92,147,2594,72,53,6.366518768634459,0.4193721035762183,5.53360957201072,7.199427965258199,2.3395312874451073,0.21509575008373472,1.912332561369462,2.766730013520753,-8.867702324386958,0.8335994526100843,-10.523302791033798,-7.212101857740118,-3.545068405490736,0.3311732501837597,-4.2028070662209345,-2.887329744760538,체인지업
2023,잠실,92,230,3316,129,67,-4.775797081538338,0.1938857144460369,-5.160870846051906,-4.3907233170247695,-2.474081994210968,0.19592559835993284,-2.8632071442540936,-2.0849568441678428,-3.0405737667006503,0.3005515327607575,-3.63749505345548,-2.4436524799458206,-1.1459461203383516,0.11168503035571531,-1.3677622309361095,-0.9241300097405939,체인지업
2023,창원,92,124,2241,67,52,0.9551336902224695,0.3501543482043399,0.25969693043288855,1.6505704500120504,-1.706844069546143,0.20416886528387232,-2.1123410592338807,-1.3013470798584057,1.9431761790706126,0.4098834510324954,1.129112265430265,2.75724009271096,0.8088696716476552,0.16457348307385164,0.4820125287816901,1.1357268145136203,체인지업
2023,고척,100,127,1753,69,50,3.6617636581283426,0.29720754610796934,3.072112351559856,4.25141496469683,5.18862794037735,0.3111298471469583,4.571355185075198,5.805900695679501,5.1924252317623285,0.47846727418347523,4.243159787236714,6.141690676287943,2.4233394364782974,0.26800568345062586,1.8916237937098168,2.955055079246778,커브
2023,광주,100,86,1020,51,45,0.7941839929464987,0.37984178771282684,0.040588704579180956,1.5477792813138165,0.057919809817928825,0.4125513323029022,-0.7605702833999746,0.8764099030358321,10.441587639140502,0.4873529864788726,9.474693194499025,11.40848208378198,4.768129387224654,0.23457593975688,4.302737403816108,5.2335213706332,커브
2023,대구,100,88,1084,56,47,-2.379771584150391,0.32192421110377223,-3.0184600501034384,-1.7410831181973436,1.0359501102039668,0.3004602765216838,0.4398454791372355,1.632054741270698,-1.913191824978293,0.402536281453475,-2.7118123425543676,-1.1145713074022185,-0.9379833020663482,0.1873850725500281,-1.3097499490020734,-0.5662166551306229,커브
2023,대전구,100,131,1597,69,58,7.929875199829408,0.29677349112303786,7.341085045988499,8.518665353670318,0.8825920460592148,0.3670290619074177,0.1544168407644806,1.610767251353949,0.20561139409160542,0.6803581569124086,-1.1441998116177912,1.5554225998010018,0.17567904268470372,0.3304097975589604,-0.47984458511340633,0.8312026704828137,커브
2023,문학,100,131,1549,66,55,-6.22415975444683,0.24106290996754082,-6.7024217019948376,-5.745897806898822,0.3496135390567189,0.28014420995484296,-0.20618459457297167,0.9054116726864094,0.63735897130818,0.3837617911510196,-0.1240134922330266,1.3987314348493864,0.2858467554558948,0.18393467203505753,-0.07907439513062986,0.6507679060424194,커브
2023,사직,100,106,1227,63,53,-4.473992359326699,0.2696582175840317,-5.008986582749245,-3.9389981359041535,-2.867945054845883,0.2836702602002508,-3.4307387717353457,-2.3051513379564206,-3.8121571690361042,0.44072897227681807,-4.686550897421467,-2.937763440650741,-1.7960636003239823,0.21688574121362172,-2.2263587336656774,-1.3657684669822872,커브
2023,수원,100,89,1025,61,51,5.742173381985906,0.45705977739936027,4.835379801362861,6.648966962608951,2.3288639737786654,0.35407031424156726,1.6263985547687119,3.031329392788619,-8.959386484505913,0.8525010896231787,-10.650724365828594,-7.2680486031832325,-4.229778291350916,0.478860884075709,-5.179824646692131,-3.2797319360097013,커브
2023,잠실,100,194,2692,118,71,-3.5014764801219087,0.20843660386683402,-3.9150087656114834,-3.087944194632334,-3.2078185926810376,0.22421977915868158,-3.6526642484215026,-2.7629729369405727,-3.220320254050609,0.3495229570410899,-3.913763845890262,-2.526876662210956,-1.427816886827078,0.11865998573640531,-1.663234918916517,-1.192398854737639,커브
2023,창원,100,93,1286,65,53,1.0556620451568162,0.39485784290023634,0.2722753309771001,1.8390487593365323,-1.9140226390685748,0.23532144714412298,-2.3808936879002602,-1.4471515902368894,2.749237005507957,0.4002058510922732,1.9552399953944093,3.543234015621505,1.2168022414668547,0.13883187937971947,0.9413637469143941,1.4922407360193153,커브
2023,고척,33,44,675,34,18,5.761508701102748,0.6668798740464916,4.404731395794073,7.118286006411424,6.450975735790086,0.6998922929062549,5.027034159305417,7.874917312274755,7.422871158048147,0.6359955285920529,6.128928526018237,8.716813790078056,2.270518366010253,0.19081316053837802,1.8823060719402662,2.658730660080239,커터
2023,광주,33,42,892,34,20,2.3563663629626386,0.6035402157594633,1.1284545613741364,3.584278164551141,-1.2974562035423463,0.5791022235743633,-2.475648536191315,-0.11926387089337731,13.257673063065228,0.5559698821853609,12.126543832838005,14.388802293292452,4.029418004502269,0.1515618787979169,3.721063043577745,4.337772965426794,커터
2023,대구,33,37,889,31,20,-3.158991707517461,0.443188647144078,-4.060665789787965,-2.2573176252469573,1.4344099554122383,0.533899148713197,0.34818397006005974,2.520635940764417,-1.99226784169328,0.7117139438096666,-3.4402607477820455,-0.5442749356045145,-0.5795216871940946,0.20037404577849058,-0.9871857485422477,-0.1718576258459415,커터
2023,대전구,33,34,648,30,21,12.411296891047751,0.5715357551874565,11.248498654079611,13.574095128015891,0.48527961100172035,0.44040242917816136,-0.4107258681950978,1.3812850901985385,0.5642485770588066,1.7514869664931458,-2.9991784495546354,4.127675603672248,0.15852695715192322,0.5356421121928895,-0.9312451140625853,1.2482990283664317,커터
2023,문학,33,64,1087,48,20,-8.17969095766329,0.31851620860372315,-8.82771705655313,-7.531664858773451,0.849964792001348,0.27516267343636364,0.2901421236080095,1.4097874603946865,-0.06471119969549569,0.8444715028183191,-1.7828013904393978,1.6533789910484065,-0.02510260581161028,0.2599225443986776,-0.5539189985426748,0.5037137869194542,커터
2023,사직,33,49,797,38,24,-5.13665807786944,0.49572317115783504,-6.145214452890152,-4.128101702848729,-3.5951847935029306,0.4310770056932967,-4.4722175559645985,-2.718152031041263,-4.581454217488679,0.5849779838030291,-5.771600874207014,-3.391307560770345,-1.4258564222353527,0.1807902559439872,-1.793676963583176,-1.0580358808875294,커터
2023,수원,33,53,1035,44,17,7.375914041178894,0.4823668083502877,6.39453139060842,8.357296691749367,3.836798943865235,0.36932788788535476,3.0853957061878265,4.588202181542643,-8.935178233610653,1.4883736246956545,-11.963297141374083,-5.907059325847223,-2.777368649983587,0.4642426611817068,-3.7218774458863595,-1.8328598540808145,커터
2023,잠실,33,68,1202,58,26,-5.551287294249298,0.34151085773793394,-6.24609635856217,-4.856478229936426,-3.5137106231007182,0.23505061543497555,-3.9919246958780574,-3.035496550323379,-4.329944916999237,0.31478778185781514,-4.970385474639107,-3.6895043593593666,-1.273404997129885,0.09151952155913057,-1.4596028637571807,-1.0872071305025894,커터
2023,창원,33,65,1193,47,26,0.6695246669626921,0.4067950970691964,-0.15810618095197648,1.4971555148773605,-2.1734161884377308,0.3984821698165467,-2.9841342586903,-1.3626981181851616,2.2996428975876984,0.6859960198274362,0.9039735012594199,3.695312293915977,0.716288361215499,0.2079451118393542,0.29322085014851934,1.1393558722824786,커터
2023,고척,51,128,2106,63,33,3.7376668541653695,0.36487661220126294,3.005146489342289,4.47018721898845,6.409175235744728,0.3889007223381643,5.628424457314524,7.189926014174932,5.859564630034903,0.6457459231340562,4.563175595003354,7.155953665066452,1.7242586377369475,0.15140881461148564,1.4202927588401697,2.0282245166337254,투심
2023,광주,51,67,1065,45,31,1.6825098291473466,0.48672895284209006,0.7053606828787448,2.6596589754159483,-1.5106524687766782,0.40429689070425673,-2.3223123449436995,-0.6989925926096571,13.73840881136777,0.5195946282298689,12.695279068590194,14.781538554145344,3.981042519823103,0.20799204882530617,3.56348105824668,4.398603981399527,투심
2023,대구,51,99,1402,54,27,-3.264453997643387,0.3853934307404309,-4.0381635943842165,-2.4907444009025577,0.45230909962210175,0.32650084369525906,-0.20316869517492786,1.1077868944191314,-2.365569406316464,0.566422411029063,-3.502709845841576,-1.2284289667913515,-0.6971645008722867,0.1676603677007261,-1.0337567339934497,-0.36057226775112355,투심
2023,대전구,51,57,839,40,31,12.293463920113549,0.628560732217723,11.03157559545541,13.555352244771688,-0.929192279867032,0.49114642562329325,-1.9152098727969893,0.056825313062925376,1.6898355861247658,1.4606833346734964,-1.2426085701365601,4.622279742386092,0.585787729871588,0.4217110638407122,-0.26083255765765123,1.4324080174008271,투심
2023,문학,51,63,1032,44,30,-8.952266783298855,0.679130560466394,-10.315678274416685,-7.588855292181025,0.11393813390929741,0.37408332934755606,-0.6370654868345698,0.8649417546531646,0.5391906831252992,0.580086538145296,-0.6253816362338952,1.7037630024844934,0.20396288730411222,0.17709659302960193,-0.1515733586403452,0.5594991332485697,투심
2023,사직,51,52,870,38,28,-6.559164983109538,0.27498171698262674,-7.111213815257441,-6.007116150961634,-4.4010242691724715,0.3432767531617474,-5.0901811075467105,-3.711867430798232,-5.619558810943888,0.4888244378698624,-6.600914818945185,-4.63820280294259,-1.622298776477871,0.1548729148381994,-1.9332191267685466,-1.3113784261871952,투심
2023,수원,51,68,1283,50,34,6.906460164984726,0.5112082848771726,5.88016670901432,7.932753620955133,2.1209121699493005,0.5349401562274181,1.0469749942169182,3.194849345681683,-13.156960596032828,1.3378339026116417,-15.842774226294257,-10.4711469657714,-4.052928262292932,0.47931982667123607,-5.015202967108705,-3.0906535574771588,투심
2023,잠실,51,131,1923,88,34,-5.759760733834544,0.30091954365366314,-6.3638819258444865,-5.155639541824602,-3.879092599396891,0.44997623107771934,-4.782457577936409,-2.9757276208573735,-3.4911052193820464,0.4336037586061642,-4.361601087907727,-2.6206093508563657,-0.9514875341440725,0.10601505571707001,-1.1643216394107914,-0.7386534288773536,투심
2023,창원,51,71,1224,50,28,1.4374128006247673,0.5358282303593535,0.36169274167827425,2.51313285957126,-2.69097343750985,0.3534726156585086,-3.400599323956959,-1.9813475510627412,2.331254018018373,0.5376940488964419,1.2517881720584667,3.4107198639782794,0.6906678714819067,0.16423991355175438,0.36094248659732864,1.0203932563664848,투심
2023,고척,57,60,691,41,32,3.294567771944701,0.3313745777572297,2.6310016258987066,3.958133917990695,6.346765818000692,0.5331010900976962,5.279249298769672,7.414282337231711,7.733231630403247,0.49327749052534253,6.745460493780501,8.721002767025992,2.8164108144096733,0.18004910047443878,2.4558687097331937,3.176952919086153,포크
2023,광주,57,55,673,34,33,2.506249486670949,0.44876702795384726,1.607609013924688,3.4048899594172095,-0.12109840317194943,0.43085152583765524,-0.9838637017446809,0.741666895400782,12.191700873086905,0.39432684640576154,11.402074983488218,12.981326762685592,4.388329839987351,0.13392154257126762,4.120156576733418,4.656503103241285,포크
2023,대구,57,61,577,42,33,-2.0027198854944577,0.43395293816826686,-2.871695655134258,-1.1337441158546573,1.871890377566078,0.5944084729251614,0.6816079418235286,3.0621728133086275,-1.4161334824050809,0.5524566227525998,-2.522408787223724,-0.3098581775864375,-0.5305965399851089,0.1940096350656043,-0.9190941329736348,-0.14209894699658293,포크
2023,대전구,57,102,1213,55,27,10.518810935934559,0.5219023674609761,9.473719471971751,11.563902399897366,0.8871555514799362,0.25460704258905437,0.3773137430031205,1.3969973599567518,1.3865258913744816,0.8466088756499957,-0.30877913964382997,3.0818309223927933,0.538908837901447,0.3140419651464717,-0.08994935007223293,1.167767025875127,포크
2023,문학,57,97,920,54,30,-7.101229564735595,0.26679391114211576,-7.635475156546836,-6.566983972924354,1.0969710981557617,0.2808676056801077,0.5345434191475793,1.659398777163944,1.4411766016928693,0.413745647843353,0.6126652329545742,2.2696879704311645,0.5133421987256018,0.1560375347943768,0.20088242494694364,0.82580197250426,포크
2023,사직,57,132,1603,62,34,-4.702744651600182,0.2934793512768599,-5.290426915547226,-4.115062387653138,-2.6101531558475597,0.32069672780224834,-3.2523372761792118,-1.9679690355159074,-4.175087823705208,0.21140969084217048,-4.598428427376044,-3.751747220034371,-1.5139979128558176,0.07278173833629173,-1.659740829941398,-1.3682549957702372,포크
2023,수원,57,77,852,51,34,6.000949725382546,0.4907412042195966,5.01825741448193,6.983642036283163,4.172719234184405,0.3157514391534567,3.540437883558182,4.805000584810628,-8.28522874954925,0.9924737813004054,-10.272623215855248,-6.297834283243251,-2.9806077612369157,0.34442879129082055,-3.670314518982135,-2.2909010034916966,포크
2023,잠실,57,162,1913,107,42,-4.840313902597398,0.2078771479384303,-5.256580711120031,-4.424047094074765,-2.3453832784167497,0.31537353863854667,-2.9769078963148172,-1.713858660518682,-2.782773150413747,0.3976090761351964,-3.578971591675086,-1.986574709152408,-1.0099380008652492,0.16728089081801908,-1.3449122067277626,-0.6749637950027358,포크
2023,창원,57,126,1268,61,35,2.090963469568675,0.4241893535971877,1.2415389407913273,2.9403879983460226,-1.8563823849353935,0.3416332128276234,-2.5404910933693228,-1.1722736765014643,2.630771772960427,0.39209847457199076,1.8456081209893223,3.415935424931532,0.9299092806291609,0.1330900868790512,0.6634009786798216,1.1964175825785002,포크
2024,고척,203,244,3334,72,102,5.455666522577958,0.2841273727407359,4.895447226380647,6.015885818775268,7.6038960282340335,0.27991854983648073,7.051975347486888,8.15581670898118,8.172577902692206,0.34087309242009306,7.500472001433484,8.844683803950927,2.931161225617138,0.11478096478321179,2.70484543390926,3.1574770173250166,슬라이더
2024,광주,203,337,4479,80,110,0.11726696114803481,0.25971124987802907,-0.39481060539447665,0.6293445276905463,-0.9692810047856144,0.40681135158328013,-1.7713986144712601,-0.16716339509996858,12.384994785912328,0.3020276876010237,11.789481101511559,12.980508470313097,4.460117134532027,0.09638665640241291,4.270069747363019,4.650164521701035,슬라이더
2024,대구,203,358,5001,80,116,-2.6716162083975785,0.26912482331242615,-3.2022546951120856,-2.1409777216830714,-0.16249589913276385,0.3008591023692948,-0.7557054620060978,0.4307136637405701,-2.590876387244105,0.3370690600815373,-3.255481806240732,-1.926270968247478,-0.9771938921218681,0.12354744177222388,-1.2207947117436029,-0.7335930725001334,슬라이더
2024,대전구,203,247,3279,72,111,3.949674464391906,0.38919033608718623,3.1823005430889753,4.717048385694837,1.2700975564441703,0.2707907062591649,0.7361744169242447,1.804020695964096,-5.972290999221011,0.38191915530438614,-6.725328196323909,-5.2192538021181125,-2.15329890047817,0.13159689478242378,-2.412770978319937,-1.8938268226364035,슬라이더
2024,문학,203,327,3976,77,120,-9.702416502058366,0.35147012939259065,-10.395416780853626,-9.009416223263106,1.1035281043575096,0.35360464498896105,0.40631916092854736,1.800737047786472,2.4244468082978194,0.36857119600783,1.6977280341284633,3.1511655824671756,0.8544152195259889,0.13223149648934254,0.5936918855374234,1.1151385535145544,슬라이더
2024,사직,203,261,3712,71,109,-4.049323426131563,0.26883335659296265,-4.579387222421604,-3.519259629841522,-2.6779944521873773,0.25098880821809644,-3.1728738161043766,-2.183115088270378,-4.708656758852452,0.3143464497695768,-5.328459578810697,-4.088853938894208,-1.7391618953349237,0.126574464403309,-1.9887311525330944,-1.489592638136753,슬라이더
2024,수원,203,297,3869,78,122,11.46740567562686,0.3283314625763766,10.820028342321447,12.114783008932275,4.559132728087776,0.2637181234678528,4.039154733364798,5.0791107228107535,0.7478970933003719,0.48814873827153304,-0.2145949748032625,1.7103891614040063,0.2694262972859027,0.1779836273704594,-0.08150737551832771,0.6203599700901332,슬라이더
2024,울산,203,15,281,4,14,7.290208685824059,0.561064393393065,6.183947446169239,8.396469925478879,-1.2616030327689032,0.45874594981220124,-2.1661210686698893,-0.35708499686791695,2.747098465570353,0.5987226831815997,1.5665856661385809,3.9276112650021258,0.8796595202616482,0.21519664964321827,0.45535223003392883,1.3039668104893676,슬라이더
2024,잠실,203,591,7595,151,165,-2.0927205599653416,0.16729255670361876,-2.4225744472255077,-1.7628666727051756,-3.979569679880128,0.19520264854453923,-4.364454421285383,-3.594684938474873,-5.948151919483233,0.19647349100388922,-6.335542404919016,-5.56076143404745,-2.0815757863225173,0.07062043479833206,-2.220819428701073,-1.9423321439439616,슬라이더
2024,창원,203,318,3834,77,124,0.37595702077828896,0.2959807040178476,-0.20763371211518344,0.9595477536717614,-2.0297547433966514,0.29246393881879007,-2.6064114040615216,-1.453098082731781,0.7008785049627653,0.281096500198272,0.14663523728472183,1.2551217726408086,0.2787461356937162,0.10117780760863172,0.07925194538556812,0.4782403260018643,슬라이더
2024,청주,203,14,154,3,11,24.59223561743282,1.581845600301043,21.473280831960267,27.711190402905373,6.762405788273015,1.2326003893977022,4.332064367874175,9.192747208671856,-5.054050186932937,1.7931018189631096,-8.589542840596602,-1.5185575332692722,-1.8999395633267473,0.6430763881759299,-3.1679053988950283,-0.6319737277584665,슬라이더
2024,포항,203,11,132,2,11,-3.3872446617122574,1.65915815222286,-6.658638063031864,-0.11585126039265026,6.604749019650314,0.9034679526901479,4.823364228348463,8.386133810952165,-20.74922082669915,0.5225623420590777,-21.77956684603424,-19.718874807364063,-7.570279876740521,0.1943206381163413,-7.953425541559957,-7.1871342119210855,슬라이더
2024,고척,249,480,8624,73,153,6.425322109676464,0.23920309636235706,5.954202792537075,6.896441426815853,9.369041997338876,0.21573484258267162,8.944144271237716,9.793939723440035,9.517139750549362,0.3399199351514485,8.847654906222667,10.186624594876056,2.6522983088933243,0.09124771828603759,2.4725825636409127,2.832014054145736,직구
2024,광주,249,520,8569,80,167,0.26188979289792513,0.2649147716622618,-0.2598696166734247,0.7836492024692749,-2.6986952705278844,0.32507294999506303,-3.338938430215769,-2.05845211084,14.448152256003663,0.3048293569232098,13.847779599204301,15.048524912803025,3.995178384433178,0.07435624504804292,3.848731018471757,4.141625750394598,직구
2024,대구,249,540,9043,80,166,-2.8212663830528655,0.21349201759353392,-3.241746782650253,-2.400785983455478,-0.7906415602379928,0.2708446714804183,-1.3240801261226156,-0.25720299435337,-3.040015771377271,0.3748425105760212,-3.7782819155156124,-2.3017496272389293,-0.8935791941234648,0.10449131644625342,-1.0993786942126353,-0.6877796940342942,직구
2024,대전구,249,563,9011,73,160,4.548973784447605,0.3198993440320627,3.918920232442493,5.179027336452716,0.7611207702568041,0.2102601273096055,0.34700569772578244,1.1752358427878258,-6.74941047896364,0.3639938899256119,-7.466309864767957,-6.032511093159324,-1.8973779291695685,0.09912709658831156,-2.0926124004823943,-1.702143457856743,직구
2024,문학,249,580,9693,77,169,-12.535603097547302,0.37263325908573586,-13.269518039425638,-11.801688155668966,1.3786147951192276,0.28709483848392714,0.8131709262158814,1.9440586640225739,3.5664696872110397,0.33598996611328974,2.9047250617936835,4.2282143126283955,0.9743027264774788,0.0912143540699362,0.7946526932787389,1.153952759676219,직구
2024,사직,249,502,8170,72,159,-5.282898232058706,0.26168844723425333,-5.798303276722124,-4.767493187395288,-3.2310786153173927,0.21726111683224814,-3.658982394823223,-2.8031748358115625,-5.092588116176401,0.3474936803408868,-5.776989730879809,-4.4081865014729935,-1.415395434885145,0.09616068791652445,-1.604787454954398,-1.226003414815892,직구
2024,수원,249,538,9106,79,171,13.785495232945799,0.18117341953976485,13.428667503725759,14.142322962165839,5.801946454246029,0.21094138545002106,5.386489618691079,6.21740328980098,1.2174646425048792,0.5595950515594313,0.11532155750947637,2.3196077275002818,0.3121571992317378,0.15337351488265502,0.010082407150762751,0.6142319913127128,직구
2024,울산,249,25,424,4,21,10.511920557247768,0.3897586074869126,9.74427661032213,11.279564504173406,-1.6396058693142725,0.3673550830960827,-2.363125248987092,-0.9160864896414531,3.1015069500445094,0.4306915557720217,2.2532440523701327,3.949769847718886,0.7827826286061308,0.12881849153970681,0.5290698602848616,1.0364953969274,직구
2024,잠실,249,1110,19054,154,202,-2.7844804886481214,0.14285158706538006,-3.065831955974323,-2.5031290213219197,-4.283724385048891,0.14232741679448643,-4.564043479701646,-4.0034052903961355,-6.582488630815404,0.22140123460090205,-7.0185465249029715,-6.146430736727837,-1.7708386352176753,0.05727075298619917,-1.8836354946615181,-1.6580417757738324,직구
2024,창원,249,546,8984,77,179,0.6439240826973889,0.21299513508032508,0.2244223115286521,1.0634258538661256,-2.07086006658833,0.22021000252318929,-2.504571785180926,-1.6371483479957343,1.0650862735487179,0.3194524009462047,0.43591299242894055,1.6942595546684953,0.30446003988159465,0.08737676471381259,0.13236828040260432,0.476551799360585,직구
2024,청주,249,16,301,3,14,32.02712671433113,1.1861611109761139,29.690938675302437,34.36331475335982,7.578634308377411,1.3921698913153393,4.83670438141299,10.32056423534183,-5.319930127821563,2.3461914508942456,-9.940840688900385,-0.6990195667427415,-1.488236490836233,0.6280717988757872,-2.7252470542472915,-0.2512259274251749,직구
2024,포항,249,11,235,2,11,-3.50121180936177,0.45730873024245045,-4.401898213468072,-2.6005254052554685,6.217037680672086,0.4032667393500325,5.422788970029085,7.011286391315087,-23.32572313149653,0.6554695700706501,-24.616694615367045,-22.034751647626017,-6.512699550992227,0.1492139012480074,-6.806581830664625,-6.21881727131983,직구
2024,고척,94,106,1724,64,47,4.6263909557917415,0.4559919118009436,3.7210083256093993,5.531773585974084,7.189926278225521,0.2862926348496381,6.621485540497808,7.758367015953233,7.745098733192714,0.4948008773868994,6.7626599920848625,8.727537474300567,2.9417345507703874,0.16788712364159647,2.608390731192441,3.275078370348334,체인지업
2024,광주,94,145,1995,72,58,-0.8030259820221279,0.5207233879324603,-1.8369344754902253,0.23088251144596939,-1.3803830905441203,0.5280806799373211,-2.428899659756526,-0.33186652133171424,11.13598736163578,0.2938436952853461,10.552553816402018,11.71942090686954,4.297527788189992,0.12423109138818059,4.050864044030087,4.544191532349897,체인지업
2024,대구,94,141,2195,73,56,-2.5948793220667956,0.2917670864451226,-3.1741897117687063,-2.015568932364885,-0.983152070370017,0.3510289084142134,-1.6801281967992827,-0.2861759439407512,-2.7657545751025108,0.44194386261599033,-3.643244474315633,-1.8882646758893882,-1.118263418892956,0.16657517834000884,-1.4490023403201537,-0.7875244974657585,체인지업
2024,대전구,94,105,1529,63,52,3.41042378491192,0.5990665163022617,2.2209631735564175,4.599884396267423,0.13910117704798441,0.43889255011294115,-0.7323302696618733,1.0105326237578423,-5.782127147911586,0.3215148933788346,-6.420502505624504,-5.143751790198668,-2.2703154388213895,0.12001745359580772,-2.5086129063690032,-2.032017971273776,체인지업
2024,문학,94,114,1548,67,52,-10.18024077415303,0.5086995786173134,-11.190275712365368,-9.17020583594069,1.3002692187380873,0.5141734351799558,0.27936581000320637,2.3211726274729685,1.8222657089072456,0.4325892154977431,0.9633496808377928,2.6811817369766984,0.7707306371389206,0.1750019601483184,0.4232601428918293,1.118201131386012,체인지업
2024,사직,94,92,1549,63,44,-4.807312869502603,0.34001650289826213,-5.482423606628606,-4.1322021323766,-2.693743723980538,0.31803628093107184,-3.325212215133254,-2.0622752328278224,-4.156734726245823,0.4134354596938345,-4.977620523166826,-3.3358489293248192,-1.5682762161267392,0.14389711404554725,-1.8539873092811254,-1.282565122972353,체인지업
2024,수원,94,144,2435,72,47,10.559101410927886,0.40406693108620484,9.75681704717313,11.361385774682642,3.9845843592426533,0.24442939512624406,3.499264065338221,4.469904653147085,0.19385727233099814,0.4930304783819631,-0.7850663000510955,1.1727808447130919,0.09898193111427567,0.21273987648466,-0.3234180806658226,0.521381942894374,체인지업
2024,울산,94,5,91,4,4,7.574027978940727,0.5191342027252523,6.543274849955009,8.604781107926446,-0.13191476224807897,0.172759500417696,-0.47493280013257766,0.21110327563641973,3.293541997462281,0.34742296441117765,2.603725557381101,3.983358437543461,1.093884096945354,0.15140853143445923,0.7932589084836387,1.3945092854070693,체인지업
2024,잠실,94,221,3137,133,74,-2.9146566424270266,0.2223485656062204,-3.3561349317035916,-2.4731783531504616,-3.631059970152713,0.2208337754424851,-4.069530608049672,-3.192589332255753,-5.800478576826269,0.34678509564516324,-6.489028513519694,-5.111928640132845,-2.2173578343909996,0.13939415454847312,-2.4941281959061694,-1.9405874728758299,체인지업
2024,창원,94,121,2166,68,53,-0.4738832129786563,0.3681341869343489,-1.2048222708893084,0.25705584493199585,-1.850465881365388,0.413047459856767,-2.670581295514454,-1.0303504672163222,0.5150089800827065,0.33387934723964985,-0.14791629061673806,1.177934250782151,0.19698322398844903,0.13616891304350462,-0.07338334491292453,0.4673497928898226,체인지업
2024,청주,94,3,48,2,3,24.309170119950032,0.6540716535172009,23.010495519231178,25.607844720668886,0.7283389609830171,1.5223069454293847,-2.294237164883371,3.750915086849405,-5.814916212142187,2.397488605436252,-10.575186039843938,-1.054646384440436,-2.2239825710295995,0.7266746122865599,-3.66681204833389,-0.7811530937253093,체인지업
2024,포항,94,2,24,2,2,-3.5365998517234307,2.0364112174752322,-7.579942061300615,0.5067423578537533,5.7034174357439085,0.367993772995892,4.972757172999628,6.434077698488189,-18.803061853407492,0.2378544303852537,-19.275327400689243,-18.33079630612574,-7.8198495166765465,0.12683674651067717,-8.071686850163589,-7.568012183189505,체인지업
2024,고척,97,111,1262,67,44,4.0966991194787,0.26895632074441816,3.5628952736722392,4.63050296528516,5.869343406447243,0.4009681328803583,5.07353265626686,6.665154156627626,7.474847650372371,0.42932379782059366,6.622758754530258,8.326936546214483,3.680248947595208,0.23231578663219474,3.219166419389213,4.141331475801202,커브
2024,광주,97,94,993,56,49,-0.000353659954697938,0.4304070849220454,-0.8545925808241714,0.8538852609147756,0.15988450880206484,0.39905672137306436,-0.6321326186417784,0.9519016362459081,10.936313036830054,0.36500629379216487,10.211876582499713,11.660749491160395,5.156085464400141,0.1741689036793691,4.81040840298506,5.501762525815221,커브
2024,대구,97,102,1158,59,46,-2.585335662768145,0.30864250989569114,-3.197905608347674,-1.9727657171886162,0.22758401497783654,0.4618440602825785,-0.6890485997878374,1.1442166297435103,-1.445290136366622,0.5705939908424004,-2.577761259791785,-0.31281901294145875,-0.8226926164450918,0.27338693333358843,-1.3652900017855243,-0.2800952311046594,커브
2024,대전구,97,102,1206,60,44,2.249319791364968,0.500274115841134,1.2564141542924234,3.2422254284375125,0.6629337664338943,0.4358241693902161,-0.20205656758015378,1.5279241004479425,-4.9998634552513,0.5153012891612874,-6.022593871632604,-3.9771330388699964,-2.441326990310738,0.23414377022858435,-2.9060375599441404,-1.9766164206773358,커브
2024,문학,97,106,1421,67,42,-7.243182372214434,0.4169780649237807,-8.070768405727906,-6.415596338700962,0.6211319526148169,0.5130817793989998,-0.39719335127969035,1.6394572565093242,2.248848708058265,0.4860273409555826,1.2842189754269961,3.213478440689534,1.1279593148121352,0.27340288358061765,0.5853302726466012,1.6705883569776692,커브
2024,사직,97,118,1289,65,57,-3.1477983933391016,0.3296451920647196,-3.8020528491879837,-2.4935439374902195,-2.5470661806701447,0.2709729357093611,-3.0848724489547905,-2.009259912385499,-3.370499023792517,0.39625823150422385,-4.156961923507847,-2.584036124077187,-1.673316940407541,0.18983625716737046,-2.0500893615537343,-1.2965445192613474,커브
2024,수원,97,97,1055,62,49,9.808540642847717,0.4049057065421128,9.004914898924211,10.612166386771223,4.305706073296207,0.3463552317519416,3.6182868142408817,4.993125332351533,0.16747260425583477,0.7807448297306563,-1.3820897616711392,1.7170349701828087,0.15227270184548125,0.39323036195366606,-0.6281807149686311,0.9327261186595937,커브
2024,울산,97,5,68,3,5,6.656166570017895,0.6157560347252807,5.4340612909705985,7.878271849065191,-1.7520902432622316,0.6741908400364917,-3.090172435280902,-0.4140080512435613,2.0864872525836233,0.5346208585747007,1.0254128388437116,3.147561666323535,0.9048179205161979,0.29836718972241916,0.3126416411282792,1.4969941999041168,커브
2024,잠실,97,214,2821,132,69,-1.3468625080701953,0.18296272744591469,-1.7099928754084592,-0.9837321407319312,-3.545825625119193,0.17994929783855834,-3.902975168846316,-3.18867608139207,-4.316574844444658,0.25262993494899016,-4.817975333819124,-3.815174355070193,-2.067159576013462,0.10958044573902041,-2.284646427405443,-1.8496727246214808,커브
2024,창원,97,89,1044,57,56,0.7808005388212113,0.3244565917393321,0.1368440183410854,1.4247570593013372,-1.2325620261478334,0.41031127947491786,-2.0469163360047666,-0.41820771629090003,1.5330092155109325,0.43494667520760816,0.6697604645466987,2.3962579664751664,0.8164801684932756,0.20469368174644834,0.41021987230053214,1.2227404646860192,커브
2024,청주,97,6,86,3,5,20.9548127677283,0.5820892619505081,19.799526713205356,22.110098822251242,4.768183176221434,2.010903824516309,0.7770957308597195,8.759270621583148,-3.4426030028171217,3.165777213592929,-9.725794440389754,2.84058843475551,-1.8647865336023233,1.3316204566948944,-4.507684528975211,0.7781114617705644,커브
2024,포항,97,5,50,2,5,-3.1374005134089344,1.9559192939853076,-7.019358886153677,0.7445578593358082,4.555000283930966,2.0839333785112206,0.4189693894912896,8.691031178370642,-17.72961810234287,0.8645731017876962,-19.44555638346494,-16.013679821220798,-7.9245019428868435,0.736651334854399,-9.38655092718052,-6.4624529585931665,커브
2024,고척,38,37,512,33,21,5.272117585052683,0.7931480131091785,3.6664733761960884,6.877761793909278,8.216291200808158,0.32492503228420627,7.558514861743102,8.874067539873213,7.611068072226858,0.7424460572697206,6.108064606870584,9.114071537583133,2.43014620205069,0.2594200987287301,1.904977668182782,2.9553147359185985,커터
2024,광주,38,68,954,46,26,-1.1305503703207653,0.5024702141184859,-2.147748139321826,-0.11335260131970482,-2.2477857318630337,0.585004640693537,-3.4320657123444485,-1.0635057513816188,13.45377843171387,0.6982314214699363,12.040282817030173,14.867274046397567,4.292863766123541,0.21277418317712324,3.8621249514686364,4.723602580778445,커터
2024,대구,38,47,671,37,24,-3.913982660486132,0.45649415701764967,-4.838106767812576,-2.9898585531596877,-0.0819023809490339,0.5950830543979619,-1.2865850433151769,1.1227802814171093,-2.089467735263335,0.6823763974214494,-3.470866531794592,-0.7080689387320782,-0.6976081635097018,0.21298404311342606,-1.1287718173948966,-0.26644450962450683,커터
2024,대전구,38,71,885,49,21,4.210442272570323,0.5643819711536706,3.067910703949699,5.3529738411909475,1.441472619542467,0.4268766273287257,0.5773060664677699,2.305639172617164,-5.976129810232058,0.6268489496661924,-7.245119165590646,-4.707140454873469,-1.9441353084735813,0.19503835932323133,-2.3389698248264965,-1.549300792120666,커터
2024,문학,38,47,613,39,20,-10.746893737613389,1.0059165551890161,-12.783265341320465,-8.710522133906313,0.5711501146460086,1.0160554801728443,-1.4857466696266712,2.6280468989186883,3.281759175316784,0.770737725159851,1.7214822225963942,4.842036128037174,1.0831629980126354,0.2537390604938205,0.569495124792439,1.5968308712328318,커터
2024,사직,38,61,985,43,25,-5.5592439523871295,0.5991839800518504,-6.772228504713642,-4.346259400060617,-2.7222195265080833,0.3429542782022751,-3.416494165789411,-2.027944887226756,-4.314790157087749,0.7247363571421322,-5.7819422088611026,-2.847638105314396,-1.3721011957224512,0.2358662887827933,-1.849587534197913,-0.8946148572469892,커터
2024,수원,38,74,1269,53,24,12.225062770794722,0.5866088329515525,11.037535272868388,13.412590268721056,5.8175516655880095,0.4665907529081665,4.872988068465426,6.762115262710593,0.9353986458208543,0.8677741434314582,-0.8213182657354978,2.6921155573772064,0.24798060773746786,0.2808827732363766,-0.320636839145662,0.8165980546205978,커터
2024,울산,38,1,17,1,1,5.1571964508909085,0.5254723122522464,4.093433368670133,6.220959533111684,1.4263764274724064,0.5233395111173724,0.3669309754218546,2.485821879522958,4.952037160992863,0.6862504047837644,3.562795846566384,6.341278475419342,1.4138988088216957,0.22044950519029916,0.9676221170771727,1.8601755005662186,커터
2024,잠실,38,84,1542,71,28,-3.926169440714063,0.24442519853806027,-4.420982386147537,-3.431356495280589,-4.157568344345991,0.36817647558998046,-4.902902652820025,-3.412234035871957,-6.4480600643059685,0.4560567068922652,-7.371298600151581,-5.524821528460356,-2.0043446626388026,0.14133104086444487,-2.290454396944389,-1.7182349283332163,커터
2024,창원,38,58,857,44,25,-0.5414026188171749,0.4907305148151491,-1.5348346090624791,0.45202937142812927,-2.342612952054756,0.46406703124396637,-3.2820675417689946,-1.4031583623405168,1.1620027871777554,0.4438589203462747,0.2634573792284892,2.0605481951270215,0.382300650396796,0.13557885807878076,0.10783560135226311,0.6567656994413289,커터
2024,청주,38,1,11,1,1,23.620116732963528,0.9193749552775231,21.75893943905288,25.481294026874174,5.458105457451336,0.656429446977484,4.1292335159701565,6.786977398932516,-11.5133724446316,0.761125936640197,-13.054191348768045,-9.972553540495154,-3.5533782893318326,0.25136259187465765,-4.062235253348676,-3.0445213253149896,커터
2024,고척,60,109,1368,56,27,5.932206544725508,0.6386828846589765,4.654650561584373,7.209762527866643,8.165902694981334,0.4925015275422287,7.180752962099918,9.15105242786275,8.149685199608305,0.4707208180358772,7.208103372514369,9.09126702670224,2.3055115264010966,0.13467724493315925,2.036116926686417,2.574906126115776,투심
2024,광주,60,124,1828,70,32,-0.9057877842601074,0.6326202538780956,-2.17121670025457,0.3596411317343555,-2.5864775921962666,0.8213012908107503,-4.22932477542251,-0.9436304089700225,12.618182513865856,0.35946347427951664,11.89914850917086,13.33721651856085,3.4865018105172596,0.11434453053706639,3.2577786951247227,3.7152249259097965,투심
2024,대구,60,70,985,55,28,-4.170810837209666,0.5084711101082084,-5.187904491316289,-3.153717183103044,-0.26435249259727556,0.737548252249758,-1.7396686552028904,1.2109636700083393,-4.065454523608599,0.766817759490778,-5.599318417799857,-2.531590629417341,-1.1753480686257167,0.2190129262493788,-1.6134391479953187,-0.7372569892561146,투심
2024,대전구,60,64,768,44,35,3.6421242891967065,0.7093315940831649,2.2232498464662482,5.060998731927165,0.6338076538306492,0.6409352440229552,-0.6482537188406463,1.9158690265019447,-7.594965988847724,0.6508675776694824,-8.896894986879687,-6.293036990815761,-2.1919086006905464,0.1854602293498673,-2.562884293529351,-1.8209329078517418,투심
2024,문학,60,50,754,35,33,-12.93547719676341,0.5424340917206593,-14.020506929018527,-11.850447464508292,1.119716187273247,0.7728969414996741,-0.42630788145003407,2.6657402559965284,1.7589747089019667,0.8500564131708139,0.05860871704713366,3.4593407007568,0.48559952622304703,0.22873612042941377,0.028059162712099184,0.9431398897339949,투심
2024,사직,60,74,1068,47,36,-6.451339438762767,0.5215973383937409,-7.494689458720202,-5.407989418805332,-2.940545035091212,0.3930278412972428,-3.726717770029053,-2.154372300153371,-6.609595731865742,0.6416374049239589,-7.893061635458019,-5.326129828273465,-1.8508331575339492,0.1819468562392501,-2.214781057791663,-1.4868852572762354,투심
2024,수원,60,106,1261,61,38,13.11493824255192,0.5280515585884035,12.058677859996301,14.17119862510754,5.210807075983816,0.3832376750841502,4.444217589199181,5.97739656276845,-0.7763216823668202,0.9590310048080164,-2.6946693125284424,1.1420259477948023,-0.23412091695656478,0.2655756299824734,-0.7653512711905713,0.29710943727744177,투심
2024,울산,60,4,35,2,3,10.451429550125459,0.45366095993927225,9.543972520026035,11.358886580224883,-1.069786581017631,0.3934227355926649,-1.8567492221545305,-0.2828239398807314,0.9727228405297943,1.361358358997754,-1.7503993199543202,3.695845001013909,0.2832675447584787,0.3743246347507537,-0.4654932068597374,1.0320282963766947,투심
2024,잠실,60,141,1834,103,43,-3.464705739317859,0.26108558266698245,-3.9869546616859477,-2.94245681694977,-4.4061610268868145,0.35345025338008235,-5.113166798913381,-3.6991552548602478,-8.708876356138326,0.39724018994427707,-9.503475042900394,-7.914277669376258,-2.359191866636728,0.11240110854064818,-2.584027559242575,-2.134356174030881,투심
2024,창원,60,101,1509,62,34,-1.3283656086123388,0.504015858401729,-2.336547432433965,-0.3201837847907125,-2.3447462223190803,0.6044156208875485,-3.5537574723718404,-1.1357349722663204,-0.2788001391284718,0.45697054704894324,-1.192877329115138,0.6352770508581943,-0.05502343467721715,0.13016543179655912,-0.31539306440142006,0.20534619504698576,투심
2024,청주,60,5,104,3,4,28.61019792790355,2.7527741704860276,23.103829750183237,34.11656610562386,4.484042427913728,2.3477906300026508,-0.21223805582606126,9.180322911653517,-6.345633040049625,1.8400968866055096,-10.026374834621848,-2.6648912454774036,-1.8020722138629641,0.4960003881591448,-2.794220710015929,-0.8099237177099992,투심
2024,포항,60,3,24,2,2,-1.0593603899868727,1.2144298098641657,-3.4885816936473555,1.36986091367361,10.265872456124278,2.6049200489677413,5.055256555652825,15.47648835659573,-26.957844449464353,1.5409439015193922,-30.04019117951975,-23.87549771940896,-8.045741106016573,0.4235392997008294,-8.892945844745586,-7.198536367287559,투심
2024,고척,77,94,1044,57,42,4.676632082697371,0.40674174518310746,3.866705794813566,5.486558370581176,8.221185418435581,0.4388341570546406,7.347354974353972,9.095015862517192,8.35593622523562,0.4371876093076579,7.485384476592406,9.226487973878834,3.0553785722630944,0.16368264438802443,2.729444787176647,3.381312357349542,포크
2024,광주,77,78,802,52,40,0.59729541492756,0.5984264523813355,-0.5943238886934521,1.788914718548572,-0.9899969351432816,0.587456776730295,-2.159772823908174,0.179778953621611,12.99446620858864,0.6816372407590229,11.637153056866826,14.351779360310456,4.6945850346567095,0.14887578103120036,4.398135481311453,4.991034588001966,포크
2024,대구,77,74,713,47,38,-2.2612129317714227,0.4520349733516691,-3.1613295593272053,-1.3610963042156403,-0.10540509389541297,0.5256364012414292,-1.1520808882435414,0.9412707004527154,-1.919128174189657,0.8517646382761931,-3.615208253993524,-0.2230480943857902,-0.7238938369477688,0.32022006117784424,-1.3615334412596884,-0.08625423263584897,포크
2024,대전구,77,117,1209,61,38,4.173867706765238,0.42776281647452585,3.3220831182766233,5.0256522952538525,0.7810050396630639,0.441730641592284,-0.09859304198530272,1.6606031213114305,-4.5848212013427805,0.5096760485363478,-5.599715873214967,-3.569926529470594,-1.740732279761176,0.17747430447414922,-2.094128768613822,-1.38733579090853,포크
2024,문학,77,118,1159,60,46,-9.435283526251009,0.6555854428808828,-10.740720920940207,-8.129846131561811,0.6248346160513556,0.38581287458849944,-0.14341696627042155,1.3930861983731329,3.1182897569567114,0.4512254695119852,2.2197850574797835,4.016794456433639,1.1075787369687893,0.16300929360936453,0.7829857645799865,1.432171709357592,포크
2024,사직,77,146,1609,66,43,-3.6857586440504635,0.37321305595452503,-4.428920782136243,-2.9425965059646844,-2.6819129433039706,0.38033552204101184,-3.439257723290471,-1.92456816331747,-4.370979598787631,0.35107125087497126,-5.070051770186916,-3.6719074273883465,-1.5968716172987607,0.12576485695380954,-1.8473014414934255,-1.346441793104096,포크
2024,수원,77,91,874,53,40,10.800397196308964,0.3948191173139627,10.014211893574174,11.586582499043754,4.67390422227659,0.3938986920166136,3.889551720460773,5.458256724092408,1.813651940575637,0.7512153095138466,0.31779115362314414,3.30951272752813,0.716185825132519,0.2912590885706147,0.13621488481946764,1.2961567654455703,포크
2024,울산,77,7,103,3,6,7.769384001771301,0.8924649764650254,5.992259194655128,9.546508808887474,-1.6868202104599206,1.6085597538114769,-4.889871890481881,1.5162314695620407,1.5914794776844143,0.6279946250921616,0.34098242018936675,2.841976535179462,0.613548980735259,0.2076302713973407,0.20010429019962117,1.0269936712708967,포크
2024,잠실,77,219,2334,112,57,-1.8961000708316194,0.2619411535035541,-2.417691544078675,-1.3745085975845637,-3.214967864117439,0.33832213170117686,-3.888653295924575,-2.541282432310303,-4.697773491915829,0.22880229930530152,-5.153377076082479,-4.242169907749179,-1.683800738697231,0.07283510972628736,-1.828833971078296,-1.5387675063161659,포크
2024,창원,77,121,1196,64,43,1.216109373316388,0.38436056433794147,0.45074971016450194,1.9814690364682739,-1.7683474023345167,0.40150637634527275,-2.567848739008504,-0.9688460656605294,1.178630229593506,0.5315626941604931,0.12015367842193259,2.2371067807650795,0.4693969209452704,0.20691216671897156,0.0573821595067841,0.8814116823837568,포크
2024,청주,77,5,44,2,4,24.980617752814016,1.337329012159047,22.317655479271906,27.643580026356126,6.242494626187799,1.8238268540335947,2.610791386666034,9.874197865709565,-0.6514803228154769,1.4114980393628582,-3.4621319977788554,2.1591713521479017,-0.18813134063796122,0.6042446786962843,-1.3913362129819795,1.015073531706057,포크
2024,포항,77,3,52,2,3,-5.7197484053402095,1.0604466670940342,-7.831367492266168,-3.608129318414251,7.033696650059078,1.0225842904208522,4.997471187103443,9.069922113014712,-18.853677388460728,2.2337882148269537,-23.301717989601674,-14.405636787319782,-6.938078648079612,0.3636147703668343,-7.662128157800709,-6.214029138358515,포크
2025,고척,187,248,3149,74,107,5.299224107182951,0.25157228707724366,4.802939649320018,5.795508565045885,8.198316704420085,0.46538646675723605,7.280234378919562,9.116399029920608,4.885424386550116,0.511214581301546,3.876935517285414,5.893913255814818,1.7922236521735042,0.17029466811458294,1.4562780755597957,2.128169228787213,슬라이더
2025,광주,187,248,3178,72,103,1.7367109073646905,0.39255829306315343,0.9622989802169782,2.5111228345124026,1.278305847430821,0.3883895910517721,0.5121176481099948,2.0444940467516473,7.1740885052855985,0.9626582898892502,5.275022622252724,9.073154388318473,2.5112019739876823,0.34897389775308163,1.8227703360405103,3.1996336119348543,슬라이더
2025,대구,187,272,3420,77,117,-3.6032593781528917,0.32364526196443894,-4.241724430245896,-2.964794326059887,-0.5491962371910337,0.33521991060562706,-1.2104949578593147,0.11210248347724727,1.6338083913272825,0.7496817102981717,0.15488801624301152,3.1127287664115535,0.5663497447244479,0.2573981713766652,0.0585723841069955,1.0741271053419004,슬라이더
2025,대전신,187,268,3170,77,104,1.538960465803143,0.26149035994750325,1.0231103177974372,2.054810613808849,-0.9197110184104464,0.45233955280270205,-1.812055291862645,-0.02736674495824798,-3.2855044225944106,0.5569862842630339,-4.384288550743214,-2.186720294445607,-1.2339063350209758,0.18231980020241878,-1.5935742628851992,-0.8742384071567523,슬라이더
2025,문학,187,274,3306,78,105,-9.915962537440691,0.4037613118055736,-10.712475007329438,-9.119450067551945,2.9071589248958594,0.35726779566365197,2.20236565715258,3.611952192639139,0.8374004226144836,0.8133829327857337,-0.7671853309370866,2.4419861761660537,0.28453461952238923,0.2793613601722418,-0.26657020522471586,0.8356394442694943,슬라이더
2025,사직,187,355,4948,80,115,-1.1979198489641112,0.23274932967069692,-1.657071674610616,-0.7387680233176063,-7.504332153720236,0.4455304404358598,-8.383243879896396,-6.625420427544076,-3.67472270024913,0.5662633502362582,-4.791807984342295,-2.557637416155965,-1.2578904737944756,0.19436460493072608,-1.6413195617375813,-0.8744613858513699,슬라이더
2025,수원,187,212,2837,76,100,14.761453398978881,0.4914588770644317,13.791937220549583,15.73096957740818,5.422483804489181,0.4940554483867482,4.447845289231889,6.397122319746472,-6.334263919448598,0.6013690575239011,-7.520603321757866,-5.14792451713933,-2.2890900262432012,0.19475847002186253,-2.673296104074568,-1.9048839484118343,슬라이더
2025,울산,187,29,387,8,26,-2.901546896066244,1.734831106090257,-6.323902056773599,0.5208082646411105,4.232656228625124,0.8308744333996005,2.593564448991687,5.87174800825856,17.066120666726732,1.1551673937044007,14.787286100383973,19.34495523306949,6.3792083860536755,0.524676868751601,5.344162044555579,7.414254727551772,슬라이더
2025,잠실,187,527,6573,148,143,-2.025353505628259,0.2766671875395543,-2.5711434524135006,-1.4795635588430176,-2.2168201137356163,0.316809139346804,-2.8417993345926242,-1.5918408928786083,-1.8296423622637932,0.3524278262712717,-2.524887672185975,-1.1343970523416116,-0.6790504927515997,0.12053399864501622,-0.9168316524594906,-0.44126933304370874,슬라이더
2025,창원,187,243,2963,67,97,-1.7282498696533257,0.38833531551187955,-2.4943309979322508,-0.9621687413744006,-0.20677750339907508,0.3376103531141839,-0.872791924187566,0.45923691738941586,2.2543508724089376,0.5196334356222672,1.2292538679600005,3.2794478768578745,0.8415249962709193,0.17355534673937897,0.49914697774410255,1.1839030147977359,슬라이더
2025,청주,187,8,100,2,8,23.012369585801395,1.4115673049056923,20.22772695766856,25.79701221393423,3.4953670367232865,1.3021067716962011,0.9266605993863006,6.064073474060272,-7.160286107474714,2.1944334098357214,-11.489312995806973,-2.8312592191424537,-1.8503528016275936,0.6580619218638385,-3.148531976793097,-0.5521736264620904,슬라이더
2025,포항,187,6,65,2,6,-10.392779467877943,0.8415213695196516,-12.052874788806127,-8.73268414694976,3.8127230426473266,3.1696878837827134,-2.440218611911045,10.065664697205698,-7.901599287348257,0.712869936730327,-9.30789993432042,-6.495298640376095,-2.8612957331817768,0.26197706060130715,-3.378106010671222,-2.3444854556923316,슬라이더
2025,고척,230,484,8725,75,154,5.783710071497102,0.24126789141325009,5.308332279174494,6.259087863819709,9.896915779135782,0.37808121133242895,9.151970355569167,10.641861202702396,5.999859880216658,0.5865661875819839,4.844129883695047,7.155589876738269,1.6643057156204173,0.16180556160772464,1.3454950764920997,1.983116354748735,직구
2025,광주,230,472,7959,73,156,2.630509569128522,0.3461627452586173,1.9484541134213422,3.3125650248357017,0.14816474031721416,0.36146986840525547,-0.5640508264832214,0.8603803071176497,7.402342989272142,0.9286498589134837,5.572594666007489,9.232091312536797,2.0234515550798333,0.25796739506606003,1.5151702001121712,2.5317329100474955,직구
2025,대구,230,571,8624,80,163,-4.237662115866381,0.28258863967645736,-4.794455491387486,-3.680868740345275,-2.203735394932408,0.2786267365182596,-2.752722506778278,-1.6547482830865383,1.2515174006612124,0.6943319890979507,-0.11654697865976371,2.6195817799821883,0.3452283717827127,0.19328197862440014,-0.035601251902416975,0.7260579954678423,직구
2025,대전신,230,578,9626,81,158,1.8345401615754646,0.23952254311848867,1.362601284453457,2.3064790386974723,-2.463606141296054,0.33306279450128495,-3.119850347797723,-1.8073619347943848,-2.744649480740919,0.46980713948811265,-3.670325414985823,-1.8189735464960148,-0.7671647785468254,0.1275715454646194,-1.018523047941571,-0.5158065091520798,직구
2025,문학,230,537,9769,81,157,-12.20593930122336,0.4308166697580686,-13.054791074104237,-11.357087528342483,4.491628436180151,0.33892331185902885,3.823837066120689,5.1594198062396135,0.9222071574992015,0.7239240526578703,-0.5041634048906598,2.3485777198890627,0.24726124564363072,0.19914249157416197,-0.14511553291410478,0.6396380242013662,직구
2025,사직,230,575,9849,80,161,-0.8783120937271462,0.2434465040388329,-1.357982475727598,-0.3986417117266946,-10.374832995687303,0.4997349942735134,-11.359476733121845,-9.39018925825276,-4.870022207270154,0.4600549792313228,-5.776483150303035,-3.963561264237273,-1.3296023499564429,0.12560396853879446,-1.5770838400178726,-1.0821208598950132,직구
2025,수원,230,476,7956,78,158,17.06864237097969,0.5099853670512066,16.063801998373343,18.073482743586034,7.01166002195292,0.39664670305896566,6.230134420151036,7.7931856237548045,-6.174361960511022,0.4835088280236873,-7.127034767025088,-5.221689153996956,-1.704920241807753,0.13101052800500623,-1.9630544477695608,-1.446786035845945,직구
2025,울산,230,53,962,8,38,-2.014909911024513,1.9725653119992714,-5.901518020116942,1.8716981980679157,3.1431928758237295,0.7130310415919804,1.7382851592436281,4.548100592403831,19.811071880357417,1.004771580625635,17.83133851016691,21.790805250547926,5.5581334011264145,0.30953980557073135,4.9482372871170135,6.1680295151358155,직구
2025,잠실,230,1041,17750,149,187,-2.6002866842792396,0.233025254078146,-3.0594237463649083,-2.141149622193571,-2.678933151508843,0.29153236439243824,-3.2533486320092715,-2.1045176710084146,-2.183206032891407,0.30662257519826536,-2.787354235207976,-1.5790578305748384,-0.5972580109681875,0.08406944836434611,-0.7629027162421671,-0.43161330569420797,직구
2025,창원,230,478,7707,69,146,-1.9634342166494338,0.3286227957137444,-2.6109301524667092,-1.3159382808321587,-0.1717771285194365,0.25829080464576165,-0.6806957076577663,0.33714145061889333,2.100159108590673,0.5433239627330828,1.0296306416359564,3.1706875755453896,0.5737728218929896,0.14950379095675911,0.2792007523458121,0.8683448914401671,직구
2025,청주,230,15,240,2,15,28.357673339599152,0.9136903187668949,26.55740027359891,30.157946405599397,3.6563685634170047,1.5047282034638063,0.6915547739891434,6.6211823528448654,-4.100882882348857,1.5925488572421322,-7.238732496265943,-0.96303326843177,-1.1503186840821344,0.4443301444244466,-2.0257964854655253,-0.27484088269874374,직구
2025,포항,230,19,344,3,17,-11.630248589445355,0.5257006339021811,-12.66605325165367,-10.59444392723704,7.795837310203751,1.6212268644594259,4.601482507472219,10.990192112935283,-8.913206790127163,0.8108129038575546,-10.510777216779132,-7.315636363475193,-2.5166308928136063,0.22839592505600054,-2.9666466408379972,-2.0666151447892154,직구
2025,고척,74,75,1148,54,44,3.707822162323308,0.4788477914478642,2.7536971102921104,4.661947214354505,6.499167557025221,0.5693696347567337,5.364673794937149,7.633661319113294,5.939051290381964,0.6506551612475524,4.642592581232253,7.235509999531675,2.4047785904771395,0.3227817517304808,1.7616219107034636,3.0479352702508153,체인지업
2025,광주,74,117,1825,63,42,0.8987043843670675,0.5440890531384551,-0.18541671926311354,1.9828254879972484,0.81048512202062,0.6483661237488588,-0.4814125803508438,2.102382824392084,7.429409047504631,1.1037314233790574,5.2301761794239,9.628641915585362,2.690988990559856,0.4104164510783999,1.873216360648347,3.5087616204713648,체인지업
2025,대구,74,123,1830,71,48,-4.422306011576357,0.369210874561437,-5.157974738033811,-3.6866372851189024,-1.7789513494235247,0.3374499977275897,-2.451335147344454,-1.1065675515025957,1.0961601947961075,0.8362509318259176,-0.5701061597526174,2.7624265493448323,0.4132069285629034,0.28182510062836386,-0.14834184247285453,0.9747556995986614,체인지업
2025,대전신,74,109,1719,63,44,0.5814964542662473,0.40985734871848906,-0.23516213987488088,1.3981550484073755,-3.119625564614603,0.642237824246339,-4.399312363675801,-1.8399387655534059,-2.410486303017512,0.5426680817694173,-3.4917760593894784,-1.3291965466455458,-0.9887774231486509,0.2027776135934748,-1.3928206380826416,-0.5847342082146603,체인지업
2025,문학,74,125,1846,68,45,-10.694430377215657,0.6008216891646267,-11.891593725724253,-9.49726702870706,2.3911520582271892,0.39142851568887194,1.6112137154630002,3.1710904009913783,-0.5419407820125794,0.7708047441468827,-2.077802761017053,0.9939211969918942,-0.16128176120708204,0.3018395344145127,-0.7627101620931603,0.44014663967899625,체인지업
2025,사직,74,93,1337,63,50,-1.3436603944853998,0.41978516231555013,-2.1801005890307206,-0.5072201999400787,-7.821226225376764,0.6860700139740076,-9.188250568959363,-6.454201881794164,-3.424050069308981,0.6982635631595318,-4.815370590004366,-2.032729548613596,-1.2803236608578636,0.21637227508218065,-1.711454830110362,-0.8491924916053654,체인지업
2025,수원,74,165,2563,72,47,13.495369356189393,0.7067742578765966,12.08709090609605,14.903647806282736,4.583810918435259,0.469678075483206,3.647956924302098,5.51966491256842,-5.245680709952728,0.46448368608401414,-6.171184657277092,-4.320176762628364,-2.032592213752242,0.20900593863231529,-2.4490456372282465,-1.616138790276237,체인지업
2025,울산,74,12,197,6,8,-1.0213683320932416,2.672021157047871,-6.345486707554804,4.302750043368321,3.0023336058955126,0.6856963028311136,1.6360538980197628,4.368613313771262,14.796477668773926,1.8495445160907669,11.111179774189704,18.48177556335815,6.190629664380725,0.4957867968339765,5.202752907352595,7.178506421408855,체인지업
2025,잠실,74,209,2763,122,61,-2.7068365927517384,0.4458309758169223,-3.5951742035659144,-1.8184989819375625,-1.9466872895650937,0.40828955177967047,-2.7602219801140144,-1.133152599016173,-1.1425115261263041,0.4059272533998971,-1.951339234404931,-0.3336838178476774,-0.4510042037325412,0.14096201031659938,-0.7318771404565088,-0.17013126700857367,체인지업
2025,창원,74,105,1524,63,38,-2.1938519638015883,0.4157659233367585,-3.0222836498641406,-1.365420277739036,-1.1541215356393077,0.5071809543521503,-2.1647016471133416,-0.1435414241652737,1.2346245884285967,0.541979084425717,0.1547076892320174,2.314541487625176,0.5509501569128012,0.18155305340886804,0.18919780131272496,0.9127025125128776,체인지업
2025,청주,74,2,21,1,2,19.630535517558336,1.1097980361142077,17.419214659734397,21.841856375382275,1.1147185664921835,0.4237469186235167,0.2703844001859316,1.9590527327984355,-9.197339524274048,1.5584445120785306,-12.302607999416544,-6.092071049131551,-2.7231858174411023,0.5746995474793148,-3.868299662454436,-1.5780719724277685,체인지업
2025,포항,74,6,109,3,6,-11.39760338992664,0.7773264970253845,-12.94646024520635,-9.848746534646931,4.543599842950937,1.734642237896817,1.0872497353635402,7.999949950538333,-6.078557849458354,1.1748479205749014,-8.419493431426718,-3.7376222674899906,-2.431549310584213,0.41228503520450005,-3.2530451756413807,-1.610053445527045,체인지업
2025,고척,101,144,1492,69,57,4.799374324368441,0.42316266404039976,3.9599334284182124,5.638815220318669,6.192027636032329,0.420462690760677,5.357942760784239,7.02611251128042,4.408838645416575,0.825133449619305,2.771995839831052,6.045681451002098,2.1330465557111014,0.3135848050916386,1.5109786557950269,2.755114455627176,커브
2025,광주,101,96,1071,61,50,1.691084351037067,0.44077310167705447,0.8167090839713905,2.5654596181027434,0.9705409865778527,0.49774615224733854,-0.016853487237053932,1.9579354603927595,4.572884418416345,1.3555887482133817,1.8837609913276792,7.262007845505011,2.1356970581821013,0.5993037970074114,0.9468395358694861,3.3245545804947163,커브
2025,대구,101,116,1374,67,62,-3.1652189436173996,0.5954579141365296,-4.346447268845311,-1.9839906183894886,-0.6556732773207508,0.3294709799242372,-1.3092550747706242,-0.002091479870877433,0.6991463533300597,1.1277089819943074,-1.537924916563553,2.9362176232236723,0.2657464028818013,0.450059840900445,-0.6270512566976788,1.1585440624612815,커브
2025,대전신,101,130,1528,75,56,1.5702576668344133,0.437022783738394,0.7033220217345981,2.4371933119342284,-1.8103293421829598,0.5269510876885453,-2.855658551871905,-0.7650001324940146,-2.799051821926389,0.4370450861887649,-3.666031709088447,-1.9320719347643314,-1.4086651669115913,0.18432408663665742,-1.7743145721642037,-1.0430157616589788,커브
2025,문학,101,136,1817,74,47,-7.383539343371426,0.5318702190254172,-8.438626786400935,-6.328451900341918,2.206058681282692,0.4254468043894046,1.3620866653070411,3.050030697258343,0.2299709576102158,0.7642874164232446,-1.286169685517416,1.7461116007378477,0.12325820681723876,0.3489969829074683,-0.5690579281142737,0.8155743417487512,커브
2025,사직,101,104,1130,62,49,-0.7612241185997881,0.42516154149118207,-1.604630249720242,0.08218201252066593,-7.004040962118614,0.5763663488057729,-8.14739675730495,-5.860685166932278,-2.169641644366754,0.5221145692735345,-3.205376502529477,-1.1339067862040313,-0.9173171159092721,0.21406322754298898,-1.3419609769790397,-0.4926732548395045,커브
2025,수원,101,97,988,65,50,12.436274082727913,0.7090354483662724,11.02973848160921,13.842809683846616,3.8068996543191043,0.44407140547782414,2.925981439746675,4.687817868891534,-5.0645221271547936,0.7204608629145481,-6.493722677334532,-3.6353215769750555,-2.426324203418149,0.30052956466360214,-3.022494018146088,-1.83015438869021,커브
2025,울산,101,14,142,7,13,-0.4595589531554811,2.1729617412408606,-4.770130527491373,3.851012621180411,4.701766156435647,1.2421687904371785,2.237637415941551,7.165894896929743,13.069281989704418,1.4176363211302379,10.257072868562435,15.881491110846401,6.297332777066314,0.8177648738259864,4.6751072437296255,7.919558310403003,커브
2025,잠실,101,230,2880,127,73,-1.5464005656480793,0.40074674108692043,-2.3413743002756267,-0.7514268310205321,-2.1751293912178014,0.3761853016909264,-2.9213798370383,-1.4288789453973028,-1.3656031482462696,0.40925595485534744,-2.177456874037022,-0.5537494224555171,-0.7034291833147125,0.1634816546869442,-1.0277328101316863,-0.37912555649773866,커브
2025,창원,101,79,925,56,45,-1.0494420922392624,0.42489155625264563,-1.8923126452716914,-0.20657153920683347,-1.3177592050369704,0.47828004588673745,-2.266538160157521,-0.36898024991641953,1.6909212757011813,1.0915815021152548,-0.47448279229769996,3.8563253437000626,0.9469014881424851,0.4004101076011909,0.15259554379721263,1.7412074324877576,커브
2025,청주,101,3,32,2,3,21.948092162000588,4.053544462011622,13.90695034084913,29.989233983152047,6.954005644490061,1.2296820926833305,4.51464715345481,9.393364135525312,-12.532379851616758,3.1031095565655016,-18.688114484543565,-6.3766452186899505,-3.4920550863415674,1.107961053489006,-5.689951778215063,-1.2941583944680715,커브
2025,포항,101,3,24,3,3,-10.243303523782647,2.222471229064972,-14.652088604055681,-5.834518443509611,5.299392903091154,2.882300898303604,-0.41831674872049796,11.017102554902806,-8.650153634684818,0.881677439507545,-10.399164506042451,-6.901142763327186,-4.38329253962087,0.546746211567383,-5.467889950255612,-3.298695128986127,커브
2025,고척,37,35,552,31,16,4.745991718992696,0.4767355384732175,3.7800337640801382,5.711949673905253,6.983858681088268,1.270691085056719,4.409193981708063,9.558523380468472,5.185597885314025,0.7171653577582209,3.7324828426787433,6.638712927949307,1.6595080218029374,0.22237401210170124,1.2089354745089265,2.110080569096948,커터
2025,광주,37,58,699,42,18,1.2565499459580822,0.8035919702640061,-0.371682047541559,2.8847819394577234,0.8721969797401212,0.7117593879218347,-0.5699645275573122,2.3143584870375546,8.507457246619555,1.63381496341295,5.1970336817680565,11.817880811471055,2.743051105569359,0.5527983549344753,1.6229752452262347,3.863126965912483,커터
2025,대구,37,58,766,44,25,-4.9451507714757845,0.6634487531538081,-6.2894256347220905,-3.6008759082294786,-1.6687089048061121,0.8832778649901051,-3.458399857609506,0.12098204799728185,2.347472081512634,0.862620501662716,0.5996369225892499,4.095307240436019,0.7580773448943977,0.26360734258199614,0.2239581341556247,1.2921965556331707,커터
2025,대전신,37,48,728,40,22,0.28405819503032786,0.7284327568971694,-1.1918867668182322,1.7600031568788879,-2.788269130855241,0.8434299573981812,-4.497220553628399,-1.0793177080820835,-2.903086781880146,0.783650589942589,-4.490913700870135,-1.315259862890157,-0.951659384848912,0.2702549663377445,-1.4992479607386355,-0.40407080895918845,커터
2025,문학,37,40,537,32,17,-11.781896395617427,0.6583623814211819,-13.115865290794922,-10.447927500439931,2.164831274558992,0.8657285039443482,0.41069870483748705,3.918963844280497,0.9775435806159318,1.6146057134761558,-2.2939583467931923,4.249045508025056,0.30513337634717774,0.5219472204681753,-0.752432147864432,1.3626989005587875,커터
2025,사직,37,41,647,34,19,-2.823857452518108,0.7336315932462608,-4.310336257393719,-1.3373786476424974,-10.379795539886581,0.915757923431532,-12.23529734230274,-8.524293737470423,-3.3758087708440656,1.0296127403584525,-5.462002345197109,-1.289615196491022,-1.1167940628920425,0.3146512318202201,-1.7543380172889975,-0.47925010849508753,커터
2025,수원,37,60,927,47,23,15.031517996127887,0.700140753154187,13.61289807902735,16.450137913228424,6.76905732021883,0.6080598455953528,5.537011044002883,8.001103596434778,-7.454359416696469,1.1230343903895157,-9.729843234226195,-5.178875599166742,-2.4240689693222666,0.35427716134519516,-3.1419026834632486,-1.7062352551812845,커터
2025,울산,37,4,100,4,3,-1.5658827881630342,4.236249527002062,-10.149339651285242,7.017574074959175,2.186278298255463,1.5320210918483632,-0.9178912912493171,5.290447887760243,16.728693733585274,2.2167503778514193,12.2371308255658,21.22025664160475,5.777730318527357,0.4569461147420134,4.8518695448266556,6.703591092228059,커터
2025,잠실,37,67,940,59,26,-2.937385252133172,0.776636710823609,-4.511000702115687,-1.3637698021506577,-2.224732510964353,0.7796944676391585,-3.8045435647603094,-0.6449214571683963,-1.943265035860796,0.9217075376840717,-3.8108219018333807,-0.07570816988821116,-0.6020633900505405,0.3040443996923374,-1.2181158611333647,0.013989081032283468,커터
2025,창원,37,44,723,36,17,-2.5985524033604603,1.0352609548655891,-4.696190347377436,-0.5009144593434849,-0.8704523025995486,0.47648938027910304,-1.8359114936344785,0.09500688843538108,1.5387483471721233,1.087327067326687,-0.664385561492755,3.7418822558370017,0.5096712470073109,0.3347666813302822,-0.16863047957737454,1.1879729735919964,커터
2025,포항,37,6,90,3,6,-10.008266209710767,1.951351832882187,-13.962080586214693,-6.0544518332068415,6.928779964789238,2.6163850881177995,1.6274802188632007,12.230079710715277,-9.813286986024243,1.9782950639762151,-13.82169353430054,-5.804880437747947,-3.286945016492872,0.6877961541900621,-4.680552400213183,-1.8933376327725613,커터
2025,고척,53,91,1244,49,35,4.651292469702762,0.4998345080093386,3.648751406941354,5.653833532464169,7.404568526301675,0.7796269813820018,5.840834830552967,8.968302222050385,6.376730244548351,0.9620527549548605,4.447096784013116,8.306363705083585,1.804358637123226,0.28744394455581884,1.2278190964520208,2.3808981777944314,투심
2025,광주,53,97,1409,56,36,2.894265331742336,0.4947388765356488,1.9019448114028972,3.886585852081775,-0.9832227365899412,0.6882031957134406,-2.363583540357134,0.39713806717725164,5.663801486435642,1.703379595636928,2.2472546839807035,9.080348288890582,1.5025661812257858,0.4782925063503932,0.5432329020229383,2.4618994604286333,투심
2025,대구,53,78,1220,56,32,-4.470650369715394,0.5995357749875492,-5.673166849446466,-3.2681338899843224,-3.8840647907757226,0.40735797224935894,-4.701121412275682,-3.0670081692757636,1.8347963322756105,1.2936234931959982,-0.7598838086513751,4.429476473202596,0.5376066976096963,0.34994078137616996,-0.16428562323396245,1.239499018453355,투심
2025,대전신,53,53,932,46,33,0.86272050919563,0.5268593000241989,-0.1940254219238824,1.9194664403151425,-2.5500475431618046,0.6202980145328287,-3.794207801714651,-1.3058872846089582,-1.287882658153155,1.4927434291367678,-4.28194681318129,1.7061814968749796,-0.37183121285264553,0.3985425326968143,-1.1712063017731213,0.4275438760678304,투심
2025,문학,53,94,1535,63,29,-12.970367489280468,0.8115799479370213,-14.598190719735433,-11.342544258825503,3.8808726888091054,0.6493399935551081,2.578461597136217,5.183283780481994,2.3146284967084743,1.5253771585679625,-0.7448906304385661,5.374147623855515,0.6613490178845951,0.4233623692742185,-0.18780835885545333,1.5105063946246435,투심
2025,사직,53,55,734,43,27,-0.905364024484193,0.5901020791009555,-2.0889589064696823,0.2782308575012966,-10.794719975780284,0.9091939886716461,-12.618332177525518,-8.97110777403505,-2.8617739241196616,0.8023534843058141,-4.471091212095386,-1.2524566361439367,-0.791027930289591,0.2278246668859566,-1.247986343530726,-0.33406951704845605,투심
2025,수원,53,95,1965,58,29,16.112492117286394,0.7268136793062394,14.654688490675658,17.57029574389713,5.692285820568814,0.5018883079452293,4.685625356810808,6.698946284326819,-7.659828389836626,0.8289547181902172,-9.322500996146507,-5.997155783526746,-2.136265302695228,0.2220942098505631,-2.581729874686281,-1.6908007307041746,투심
2025,울산,53,8,61,5,5,-5.242641235948195,2.9274719102806883,-11.114406296399236,0.6291238245028463,4.623950765146186,2.743262827925717,-0.878337666070192,10.126239196362565,21.54752764208555,3.52868887096851,14.469874070417731,28.625181213753372,5.78441125309097,0.8196678200645332,4.140365805505605,7.4284567006763345,투심
2025,잠실,53,166,3000,103,40,-3.301924004566959,0.35598166240086165,-4.0159327983340845,-2.5879152107998333,-3.1976618251676396,0.4800662374736708,-4.160552758467771,-2.2347708918675075,-2.2008781192291984,0.4428503304387883,-3.089123396031993,-1.312632842426404,-0.5925050584256142,0.11870080146207795,-0.8305887155991984,-0.3544214012520299,투심
2025,창원,53,78,1176,48,28,-3.777142756935662,0.7694973314671462,-5.3205589479336775,-2.233726565937647,-1.174121077779449,0.5951949978417801,-2.367931061133827,0.01968890557492875,2.84442618709947,1.3286970121141553,0.17939747606068535,5.509454898138255,0.7719319170162243,0.3637902191612708,0.04226114179769569,1.501602692234753,투심
2025,포항,53,4,145,3,4,-11.266154878989907,0.7579023891172398,-12.786314560803655,-9.745995197176159,5.253896950964084,2.5015462592152358,0.23643055944072966,10.271363342487437,-9.715541566943298,2.060676039854219,-13.848734281528383,-5.582348852358213,-2.696497531245141,0.504247070830334,-3.707889074213849,-1.685105988276433,투심
2025,고척,77,94,1358,57,39,3.3973266855592996,0.39075836681588194,2.6192273701023883,4.175426001016211,9.598779765939124,0.5576051091802493,8.488446141392933,10.709113390485316,4.798094655415599,0.9153948501520578,2.975310636534422,6.620878674296776,1.801304190132595,0.304699599792716,1.1945697727722675,2.4080386074929225,포크
2025,광주,77,78,838,49,41,2.5410236761299743,0.43683236719272467,1.6711793049095485,3.4108680473504,0.41965000387352314,0.6320345613630513,-0.8388915944780224,1.6781916022250687,7.171456672873622,1.0628702824086969,5.055011551299611,9.287901794447633,2.596868223742644,0.3939602981136731,1.8123930485152742,3.381343398970014,포크
2025,대구,77,102,1045,59,49,-3.497259422067663,0.5548582074026911,-4.6021232663755915,-2.3923955777597348,-1.9596770032263224,0.5405714672395844,-3.036092313388693,-0.8832616930639519,1.790907625502274,0.9431154753122891,-0.08707521007212726,3.6688904610766753,0.5964909694101952,0.3045466484052113,-0.009938882827482787,1.202920821647873,포크
2025,대전신,77,110,1269,60,43,1.0865769625023,0.40777766093128914,0.2745879028316762,1.898566022172924,-0.7994085949051506,0.6086130305383884,-2.0113119670553616,0.41249477724506045,-3.0707992337927807,0.5268742997352739,-4.119939998957822,-2.0216584686277397,-1.1693591395865208,0.19003293636295915,-1.5477630593878244,-0.7909552197852172,포크
2025,문학,77,76,757,49,37,-10.865840777621008,0.7676989393104822,-12.394524664858006,-9.33715689038401,3.0127985171953022,0.746988542717092,1.5253542982051287,4.500242736185475,2.4550034736737016,1.5416592103903841,-0.6148322052071369,5.52483915255454,0.8528042944241865,0.5140574810943243,-0.17081492428716816,1.8764235131355411,포크
2025,사직,77,126,1629,61,41,-0.8576261991000003,0.2853809885631539,-1.4258923469366627,-0.28936005126333775,-7.6928873436635055,0.49526509669508323,-8.679086144340044,-6.706688542986968,-4.343418509234067,0.6218809193676686,-5.581741623333107,-3.1050953951350273,-1.5557907345833424,0.21633090340671812,-1.98656059685031,-1.1250208723163748,포크
2025,수원,77,106,1076,63,44,12.586427620235465,0.6797278938121992,11.232916464013835,13.939938776457096,5.295425258867363,0.7280132748077393,3.8457656255053605,6.745084892229365,-5.561771275220207,0.5683810625014437,-6.693562564181727,-4.429979986258687,-2.101298425323153,0.19917550003555443,-2.49790751522263,-1.704689335423676,포크
2025,울산,77,13,155,7,13,-2.481181153249371,2.0921597918524215,-6.647203534630353,1.684841228131611,3.2836556506791177,1.854239145560419,-0.40860619801926923,6.975917499377505,17.054257629474268,0.910805326604969,15.24061251952897,18.867902739419566,6.715066096574146,0.42942662723553787,5.859968437594572,7.57016375555372,포크
2025,잠실,77,220,2593,118,56,-2.7153990002342767,0.2939222660586152,-3.3006730044260086,-2.130124996042545,-2.4884563345775392,0.3355848610578672,-3.1566911641848177,-1.8202215049702608,-1.6568536139284735,0.35896205448776836,-2.3716383827048872,-0.94206884515206,-0.6072971766478357,0.12261065139677368,-0.8514461751630942,-0.3631481781325771,포크
2025,창원,77,118,1153,58,40,-1.5315059251041192,0.3947751188987744,-2.317603615801276,-0.7454082344069625,-0.06505558199083827,0.4665652974329582,-0.9941057812399053,0.8639946172582288,2.435182074658729,1.0860985471108555,0.2724835688992995,4.597880580418159,0.9133182050483528,0.3432284313552293,0.2298630824899921,1.5967733276067135,포크
2025,청주,77,4,41,2,4,25.673858976446468,3.2681902270124175,19.16606082194263,32.181657130950306,3.5824146234305325,0.9014191654477958,1.7874597481452799,5.377369498715785,-9.341075533067437,2.8675866851733773,-15.051170124076133,-3.6309809420587422,-2.5217193213896563,0.9114488773443931,-4.336645904573487,-0.706792738205825,포크
2025,포항,77,2,19,2,1,-13.097280071033572,0.2999584921412617,-13.694573736943932,-12.499986405123211,5.283184887558116,0.23878766486005912,4.807697900340995,5.758671874775238,-3.718937245199794,0.39915198667820634,-4.5137503931007785,-2.92412409729881,-1.4597199660431268,0.13485154703918228,-1.728243701809822,-1.1911962302764316,포크
