season,park,ci_df,rows,pitches,games,pitchers,x_cm,x_cm_se,x_cm_low,x_cm_high,z_cm,z_cm_se,z_cm_low,z_cm_high,depth_cm,depth_cm_se,depth_cm_low,depth_cm_high,arrival_ms,arrival_ms_se,arrival_ms_low,arrival_ms_high,variant
2020,고척,256,1458,22467,84,182,3.56035744366707,0.20493961480647924,3.156775211272576,3.963939676061564,7.390323549761316,0.1344816505542057,7.1254923466871185,7.6551547528355135,9.29317144471025,0.20014668731621157,8.899027799277354,9.687315090143146,2.9212895153781107,0.05980408504437408,2.8035188922054766,3.0390601385507447,season_fe
2020,광주,256,1254,20739,73,178,3.350016552437915,0.3228105810805217,2.7143141038114633,3.985719001064367,-1.698038301996376,0.14036433938510107,-1.974454130586225,-1.421622473406527,-0.702943781348744,0.5306222613984245,-1.7478843459907167,0.3419967832932287,-0.2187246620551493,0.16778877793314584,-0.5491467214161299,0.11169739730583128,season_fe
2020,대구,256,1351,20885,75,184,-0.8007904839892839,0.2283772409773962,-1.2505278216376752,-0.35105314634089246,1.2812323323289063,0.1489439118233496,0.9879209757520049,1.5745436889058078,-5.030288266646551,0.23488360319868312,-5.492838413533964,-4.567738119759137,-1.670871084808092,0.07685548336630507,-1.8222205814782237,-1.5195215881379605,season_fe
2020,대전구,256,1336,20124,73,178,11.399746116836404,0.4808039940928816,10.452911365227125,12.346580868445683,0.21460941113705984,0.15106565465565996,-0.08288023820007456,0.5120990604741942,5.039819095769662,0.6023012250650998,3.8537230195413272,6.225915171997997,1.6591263716957885,0.19588448860681637,1.2733761628938278,2.044876580497749,season_fe
2020,문학,256,1305,20174,74,169,-6.157658009716218,0.2261392210613128,-6.602988073179336,-5.712327946253099,1.467296073132729,0.10384008562038953,1.2628065038208847,1.6717856424445732,4.296841508938218,0.22368680871378627,3.8563409170777527,4.737342100798684,1.3610716110215924,0.07083520359123968,1.2215776941209193,1.5005655279222654,season_fe
2020,사직,256,1299,19786,73,187,-3.9183423181195094,0.2041027812776092,-4.320276596095611,-3.516408040143408,-4.175234787644764,0.13434884694531105,-4.439804464039513,-3.910665111250015,0.4005763055472997,0.23221859386061838,-0.05672570803497473,0.8578783191295742,0.14846334657484395,0.07630374807132352,-0.0017996321848790242,0.2987263253345669,season_fe
2020,수원,256,1277,19897,73,186,10.016687675793039,0.2390545534211685,9.54592378553743,10.487451566048646,3.122149548113844,0.1628989931798614,2.801356814193543,3.442942282034145,-12.169957721047131,0.27206646831514486,-12.705731113350982,-11.634184328743281,-3.9238273191848925,0.08347459695246327,-4.088211663412911,-3.7594429749568743,season_fe
2020,잠실,256,2518,40058,149,211,-5.72814869537316,0.17577131811311622,-6.074290562683684,-5.382006828062636,-3.710066387127732,0.12652137854536344,-3.9592216343803597,-3.4609111398751042,-0.8853658245639948,0.16597472614999054,-1.2122155191139243,-0.5585161300140653,-0.22089519185249795,0.051738306092718865,-0.322782087135903,-0.11900829656909288,season_fe
2020,창원,256,1320,20087,73,189,-6.483868472974865,0.245126006054314,-6.966588716373208,-6.001148229576522,-1.1148367397866732,0.15931806081423844,-1.42857763709873,-0.8010958424746164,-0.3770464085273175,0.27161057781038317,-0.9119220275635997,0.1578292105089647,-0.15250360753012426,0.08945209945654849,-0.328659291364789,0.023652076304540443,season_fe
2020,고척,249,1189,18710,84,174,3.3811478319140083,0.25863040216695,2.8717657197535496,3.890529944074467,7.379362831560957,0.16916599185881434,7.046184173844075,7.7125414892778394,9.510444540365357,0.25340372095656544,9.011356569544153,10.009532511186562,2.992400982957309,0.08425337182113632,2.82646086093257,3.1583411049820476,28day_fe
2020,광주,249,1115,18800,73,172,3.38664139699159,0.3548902412697223,2.687671982845093,4.085610811138087,-1.8243963975060633,0.13240495286063286,-2.0851728336232624,-1.5636199613888642,-0.6875023703430988,0.43626243886008687,-1.5467373276447343,0.17173258695853655,-0.2213259823017529,0.1382221812298126,-0.4935596641595349,0.05090769955602906,28day_fe
2020,대구,249,1207,19192,75,179,-0.7610983577694788,0.22920531189428076,-1.21252666980427,-0.3096700457346875,1.3474662373601816,0.16063487660625478,1.0310899256553043,1.6638425490650588,-4.598543614358066,0.23442037464923224,-5.060243184755793,-4.136844043960339,-1.5269845350983462,0.07954013251204926,-1.683641758537826,-1.3703273116588663,28day_fe
2020,대전구,249,1159,17855,73,170,11.422068125868881,0.4137591907607684,10.60715414534051,12.236982106397251,0.12045740125011084,0.14507284407976653,-0.1652689136584295,0.4061837161586512,5.3106039020319695,0.49046275761430935,4.344619418706034,6.276588385357905,1.7137004654555386,0.1562415816993842,1.4059769100401596,2.0214240208709175,28day_fe
2020,문학,249,1173,18894,74,164,-6.35279151269023,0.26263104786872604,-6.870053044054703,-5.835529981325756,1.4330162928730927,0.13833109295674384,1.1605681053538013,1.7054644803923842,4.465434305681461,0.26960405703209045,3.934439175691347,4.996429435671574,1.408755022669655,0.08380580602399677,1.2436963979830775,1.5738136473562325,28day_fe
2020,사직,249,1152,17836,73,177,-3.8759216944596577,0.18218744524014363,-4.234746584681328,-3.5170968042379873,-4.016694053649262,0.13068570990427023,-4.274084377379474,-3.75930372991905,0.45093634278382466,0.24933055097453508,-0.04012936958960389,0.9420020551572532,0.16816010817753146,0.08218999349447276,0.006283885839046821,0.3300363305160161,28day_fe
2020,수원,249,1148,18388,73,179,9.925213374245983,0.268567687272857,9.396259412705186,10.45416733578678,3.0982307012753054,0.19348491879685562,2.717155020372499,3.479306382178112,-11.69657028476018,0.28094976176284636,-12.24991119850688,-11.14322937101348,-3.7556612488236967,0.08765957494950628,-3.928310013488432,-3.5830124841589615,28day_fe
2020,잠실,249,2165,34499,149,207,-5.573000285167394,0.18912715303753458,-5.9454931857466775,-5.200507384588111,-3.6253672750742516,0.14459188564349865,-3.9101463246107597,-3.3405882255377435,-1.266064475312613,0.1806577384613523,-1.6218765516367744,-0.9102523989884514,-0.3208751774686308,0.060448325028009585,-0.43993038219840264,-0.20181997273885902,28day_fe
2020,창원,249,1172,18521,73,181,-6.335806134016709,0.2666924624463291,-6.861066771126543,-5.810545496906874,-1.0319605011094732,0.14527107583008514,-1.318077240758603,-0.7458437614603435,-0.2828832170651786,0.22241414749378674,-0.7209360804389902,0.155169646308633,-0.1407309450825521,0.07265794461537403,-0.283833445729502,0.002371555564397748,28day_fe
2020,고척,222,548,8879,79,141,3.2750764058254416,0.24518982418697666,2.7918790060428598,3.7582738056080234,7.350998916258233,0.20151139549190686,6.953878918921,7.748118913595467,9.03481189326863,0.2904036641079728,8.46251124478291,9.60711254175435,2.803626585567668,0.08331298249171085,2.639441074845055,2.967812096290281,away_only
2020,광주,222,479,7988,72,134,3.2195023354174563,0.42445337144713235,2.383028937337919,4.055975733496993,-1.7023681559590236,0.1807774930567064,-2.0586276984333556,-1.3461086134846914,-1.0255980116671934,0.5974430158197477,-2.202983381225688,0.15178735789130138,-0.2973260954187771,0.1898388330234893,-0.6714428875771605,0.07679069673960637,away_only
2020,대구,222,508,8202,73,143,-1.0037059523414777,0.30450893075256663,-1.603803954116666,-0.4036079505662895,1.214823472973894,0.21069242112142708,0.7996103605319393,1.6300365854158487,-4.649070984513443,0.35105173192787925,-5.340891228763747,-3.95725074026314,-1.512607343914443,0.11425787425266964,-1.7377761816777664,-1.2874385061511195,away_only
2020,대전구,222,502,8026,73,136,11.592121756825907,0.5468522216305692,10.514436039511159,12.669807474140656,0.06351269674339732,0.19058613430988655,-0.31207680758662165,0.4391022010734163,4.979907893425419,0.6629163549738402,3.6734937301996338,6.286322056651204,1.5829209947719034,0.20744016007185367,1.1741171372318555,1.9917248523119513,away_only
2020,문학,222,492,8170,72,127,-6.22683781435396,0.39386047163346827,-7.003021558526413,-5.450654070181507,1.318936846756929,0.17942439249346756,0.9653438695691837,1.6725298239446742,4.731549276428992,0.4124185522547967,3.9187929855331345,5.54430556732485,1.45066626429117,0.12500895868267628,1.2043101849339186,1.6970223436484215,away_only
2020,사직,222,474,7587,70,138,-3.642716268747747,0.208300206130654,-4.053215025416189,-3.2322175120793046,-4.229293725893262,0.1902209522101549,-4.604163563158702,-3.854423888627823,0.15260748091642184,0.28362516074487704,-0.4063347208624424,0.7115496826952861,0.052259664864882316,0.08340047477528262,-0.11209826754799895,0.21661759727776358,away_only
2020,수원,222,508,8438,72,142,10.013520440634235,0.35546477693894607,9.31300337594474,10.714037505323729,3.081898210095541,0.24294030542918701,2.6031339535648477,3.5606624666262348,-11.585354886727377,0.4079820772343279,-12.389368183491243,-10.78134158996351,-3.692613050088921,0.12634451536968025,-3.941601120886121,-3.4436249792917213,away_only
2020,잠실,222,972,15225,144,178,-6.004868528940513,0.25903667088850757,-6.515354011919669,-5.4943830459613565,-3.670557826781014,0.2064604046500169,-4.077430873065643,-3.263684780496385,-1.198440767869621,0.27335429016402557,-1.7371420890384224,-0.6597394467008194,-0.2822978590722409,0.08898001484263914,-0.45765143235834815,-0.10694428578613371,away_only
2020,창원,222,528,8574,73,144,-6.317024715711458,0.33644556617267446,-6.980060481090704,-5.653988950332212,-1.2775384068985007,0.21101882952618867,-1.693394774797614,-0.8616820389993876,0.2710772402723396,0.3036077116396671,-0.32724472233225343,0.8693992028769326,0.045642441349812435,0.09803719053425429,-0.14756017505247684,0.2388450577521017,away_only
2020,고척,231,517,9120,84,157,4.048917586298732,0.2138212195019259,3.62762849004251,4.470206682554953,8.110832668480485,0.1752555458463731,7.765529004534054,8.456136332426917,10.174278745320489,0.2606511828159001,9.660721197092043,10.687836293548935,2.804021702806399,0.08214804504551182,2.6421665055670656,2.9658769000457323,fastball_only
2020,광주,231,450,9123,73,156,4.153915898381992,0.33713892006500945,3.4896555818528983,4.8181762149110865,-1.9007541775897774,0.14233246578829903,-2.181189936115287,-1.6203184190642679,-0.44841290245974524,0.48086315160847015,-1.3958511550145907,0.49902535009510013,-0.10398619829754237,0.13399311457029164,-0.3679910443711381,0.1600186477760534,fastball_only
2020,대구,231,531,9512,73,158,-0.19870385610915278,0.23934546944669938,-0.6702830415197607,0.2728753293014551,1.3592432174158517,0.19993963841608134,0.9653048151828223,1.7531816196488812,-5.184679804310066,0.2851265822988574,-5.746460905620401,-4.622898702999731,-1.4803757325424904,0.08326780580335952,-1.6444371794645996,-1.3163142856203813,fastball_only
2020,대전구,231,523,8563,73,155,12.81424380699681,0.4650854721226225,11.89789210584737,13.73059550814625,-0.21385317330106773,0.155348317535088,-0.519933890882478,0.09222754428034252,5.88599535689746,0.5869935473311374,4.72944980150584,7.0425409122890805,1.6512037284301302,0.16437787839722712,1.3273321875428652,1.9750752693173952,fastball_only
2020,문학,231,547,9392,74,146,-7.260568383075493,0.24630109910327652,-7.745852152805367,-6.77528461334562,1.4637610208551926,0.12753249572680148,1.2124854458996364,1.7150365958107487,4.819407169519302,0.2980988627324296,4.2320669571302245,5.406747381908379,1.3357800223397172,0.0826243074939426,1.1729864515519233,1.498573593127511,fastball_only
2020,사직,231,445,8062,72,160,-4.22070475551826,0.18582166725701518,-4.5868267075204425,-3.854582803516078,-4.488245111001108,0.16490966406523253,-4.8131644220956415,-4.163325799906574,-0.061698807245388364,0.2562610484356332,-0.5666065322719368,0.4432089177811601,-0.0017828008312751958,0.0733577177544008,-0.1463185334782032,0.14275293181565282,fastball_only
2020,수원,231,492,8592,73,161,10.917904712226965,0.33356743362193275,10.260681247790474,11.575128176663457,3.2384161079327027,0.20887878765327805,2.8268650192122866,3.649967196653119,-12.287290155447609,0.35142232902076126,-12.979692882091301,-11.594887428803917,-3.4967097287807727,0.10536228283144003,-3.704303629035139,-3.2891158285264064,fastball_only
2020,잠실,231,926,17275,147,187,-6.3811039994885705,0.19881825061764416,-6.772832946302457,-5.989375052674684,-3.4728761553847804,0.14381739155236903,-3.7562376433332623,-3.1895146674362986,-1.6447734764198678,0.20895724555146497,-2.056479149690397,-1.2330678031493387,-0.3908252642987584,0.061115492708890426,-0.5112403042585797,-0.27041022433893713,fastball_only
2020,창원,231,516,9396,73,170,-6.813014843703976,0.26847918932794673,-7.3419958087318875,-6.284033878676064,-1.396557830304359,0.1710967867831161,-1.7336675467492844,-1.0594481138594338,-0.060052439554290314,0.27463214801740277,-0.6011564970031549,0.4810516178945743,-0.04448403578079469,0.07930425832037456,-0.20073615797374472,0.11176808641215535,fastball_only
2020,고척,248,1213,19215,84,175,3.457481442242905,0.2296905749854428,3.0050884778841978,3.9098744066016122,7.286796060710169,0.17159315658579843,6.94883035716993,7.624761764250408,9.074207269242873,0.24400979639612652,8.593611515014802,9.554803023470944,2.89740919441166,0.07531150857384093,2.7490774806867697,3.04574090813655,equal_cells
2020,광주,248,1143,19097,73,173,3.487568032497806,0.30644057996843765,2.8840101269089105,4.0911259380867016,-1.7145868313479449,0.13082832426158997,-1.9722631136182727,-1.456910549077617,-0.5758652250291766,0.43875915027720863,-1.44003456522084,0.2883041151624868,-0.18729592250401308,0.14276464252867238,-0.46848168662711887,0.09388984161909267,equal_cells
2020,대구,248,1190,18929,74,177,-0.7065474206229907,0.2258258534487542,-1.1513285235349915,-0.26176631771098985,1.2965049742030839,0.16438817184258436,0.9727300331978268,1.620279915208341,-4.686008074682656,0.2640837506448111,-5.20614100047094,-4.165875148894371,-1.564832175383763,0.08713294600363806,-1.7364471044612457,-1.3932172463062804,equal_cells
2020,대전구,248,1169,17849,73,174,11.641497112776431,0.48390749019161006,10.688404701487727,12.594589524065135,0.2829314145594512,0.1309498084901331,0.025015859910285265,0.5408469692086171,5.063193840462349,0.5982391325861336,3.884916609874306,6.241471071050391,1.6730468732224737,0.1991795117300058,1.280747756217921,2.0653459902270264,equal_cells
2020,문학,248,1150,18400,74,159,-6.501564606610472,0.23719409569180316,-6.968736322668906,-6.034392890552039,1.3561072772173006,0.11807035125393478,1.1235587879724693,1.588655766462132,4.537332528991704,0.27070708345681155,4.0041544481510405,5.070510609832367,1.4477803425074325,0.08794658420618072,1.2745628914353617,1.6209977935795032,equal_cells
2020,사직,248,1128,17535,72,178,-4.0232183265126835,0.22373664418415265,-4.463884573721795,-3.582552079303572,-4.049084134038795,0.14184736982242632,-4.328463260171943,-3.769705007905647,0.2316718994735677,0.2821978025068138,-0.3241380218506379,0.7874818207977733,0.0963891197900541,0.0932284110650783,-0.08723128886996978,0.280009528450078,equal_cells
2020,수원,248,1125,17623,73,176,9.665705846551075,0.28276637254119025,9.108776083529781,10.22263560957237,3.11583249565746,0.18567834689778878,2.750124944202035,3.4815400471128854,-11.526354048184182,0.28988543247872406,-12.097305338335147,-10.955402758033216,-3.7554106558850933,0.0958016887439842,-3.9440993296115097,-3.566721982158677,equal_cells
2020,잠실,248,2176,34596,148,207,-5.532388324617624,0.18713274072705186,-5.90096041474995,-5.1638162344852985,-3.695350246826653,0.13169875615273757,-3.9547409105579248,-3.435959583095381,-1.3533634733842352,0.17634044282395858,-1.7006793163199485,-1.006047630448522,-0.3643480788722911,0.0593195702615616,-0.48118246024302536,-0.24751369750155683,equal_cells
2020,창원,248,1180,18646,73,184,-6.232797597798328,0.2381352038473933,-6.701822897567441,-5.763772298029215,-0.9590029821752992,0.15440513381566767,-1.2631155745335176,-0.6548903898170808,-0.1412892665037906,0.2405191866426211,-0.6150100007450479,0.3324314677374667,-0.10088953251078933,0.0793775418668353,-0.2572296064163942,0.05545054139481553,equal_cells
2020,고척,248,1213,19215,84,175,3.526491981008073,0.2457880206231385,3.042393879635791,4.0105900823803555,7.3369332081180785,0.1599596654733979,7.021880545439499,7.651985870796658,9.244052816667402,0.23070117057423256,8.789669407841354,9.69843622549345,2.9007822601544992,0.07304605544739437,2.7569125277518896,3.044651992557109,original_labels
2020,광주,248,1143,19097,73,173,3.4708700127034575,0.3170839367094118,2.846349210804682,4.095390814602233,-1.7372803143597013,0.12290611771529786,-1.979353211493455,-1.4952074172259477,-0.7067977785624641,0.4314986891072011,-1.556667091199583,0.1430715340746549,-0.22048366660047516,0.13650893953945137,-0.48934835041969527,0.04838101721874491,original_labels
2020,대구,248,1190,18929,74,177,-0.6348064914028451,0.21766270164452461,-1.0635096492643814,-0.20610333354130872,1.2474306604944836,0.15789510571060406,0.9364443044601591,1.558417016528808,-4.685836836313502,0.2404357523262992,-5.159393240356655,-4.212280432270349,-1.5520574887991512,0.08078364224208062,-1.7111669837703938,-1.3929479938279086,original_labels
2020,대전,248,1169,17849,73,174,11.617207959899424,0.5000366232263668,10.632348000871367,12.602067918927482,0.17385469965437733,0.132979101085505,-0.08805770028471682,0.4357670995934715,5.035150371246794,0.5991159068204592,3.8551462674730974,6.215154475020491,1.6380012354327327,0.19263406908992053,1.258593862894298,2.0174086079711673,original_labels
2020,문학,248,1150,18400,74,159,-6.4734132216186,0.25529374035372326,-6.976233557142435,-5.970592886094765,1.4036054598462957,0.12095518735472394,1.1653750676526484,1.641835852039943,4.644251802627271,0.28895503378795745,4.075133003085805,5.213370602168737,1.4577350867580232,0.09170443905440767,1.2771162562670237,1.6383539172490227,original_labels
2020,사직,248,1128,17535,72,178,-3.998099478843148,0.19553098318967319,-4.3832125428631015,-3.6129864148231947,-4.108914283507666,0.13162148098851256,-4.3681527479568505,-3.8496758190584814,0.2338955796434341,0.25646604429550107,-0.27123369718277657,0.7390248564696448,0.09949677966855297,0.08359103553465959,-0.06514208878190636,0.2641356481190123,original_labels
2020,수원,248,1125,17623,73,176,9.953138556378985,0.29001858650068235,9.381925009308187,10.524352103449782,3.1109267641374707,0.18051292963297094,2.7553928927676505,3.466460635507291,-11.563586634101224,0.2901706243669489,-12.13509963125185,-10.992073636950598,-3.7021799018668107,0.09506074521809395,-3.889409231263922,-3.5149505724696994,original_labels
2020,잠실,248,2176,34596,148,207,-5.671897273251574,0.1996604324133534,-6.065143599925373,-5.278650946577774,-3.587438044439896,0.13248408449181348,-3.8483754717479144,-3.3265006171318774,-1.3859367084489342,0.18188748620212294,-1.744177872971888,-1.0276955439259805,-0.36729383853242503,0.0602306620012925,-0.48592268401195315,-0.24866499305289694,original_labels
2020,창원,248,1180,18646,73,184,-6.400609563579689,0.2688245079055411,-6.930079769448458,-5.87113935771092,-1.0193854561895102,0.14460732560103717,-1.3042005240292944,-0.7345703883497258,-0.1675206337008851,0.24197608209284513,-0.6441108337507823,0.30906956634901206,-0.1073865693944153,0.08032396733728288,-0.2655906998645854,0.050817561075754775,original_labels
2021,고척,274,1323,20330,76,193,3.7052687572219503,0.19059165908223943,3.3300586524606843,4.080478861983217,6.800411128215363,0.12751509312730253,6.549377312353081,7.051444944077645,6.964882115150808,0.1756403817461757,6.619105986475341,7.310658243826276,2.2375617575851856,0.04737201044230025,2.144302393107238,2.330821122063133,season_fe
2021,광주,274,1305,20104,72,190,6.167041287337029,0.1911428004619814,5.790746172791877,6.543336401882181,-1.1368104128713195,0.1313876869821648,-1.39546804791319,-0.878152777829449,13.613537557405655,0.18541894858113295,13.24851075897776,13.97856435583355,4.404067296877454,0.058226474972167735,4.289439186290729,4.518695407464178,season_fe
2021,대구,274,1311,20308,75,181,-0.3000832101754596,0.21071431915063044,-0.7149079834311031,0.1147415630801839,1.440181964132599,0.1633358379055546,1.118629294163091,1.761734634102107,-6.247321398077741,0.19344186286903137,-6.628142583967021,-5.866500212188461,-2.080373369873851,0.06151412604910217,-2.201473746408283,-1.9592729933394186,season_fe
2021,대전구,274,1318,20285,72,194,10.74429483680833,0.20490360971763683,10.34090937262628,11.147680300990379,-0.15789224777791191,0.1472737746533673,-0.4478241822726591,0.13203968671683522,6.092363789938581,0.23169450483715187,5.636236172123755,6.548491407753407,1.9602503673386813,0.07428285523083708,1.8140127091571034,2.106488025520259,season_fe
2021,문학,274,1302,20060,72,182,-7.323071608718603,0.1950832123990422,-7.707124053163849,-6.939019164273358,0.31202936250747326,0.13231676020260766,0.05154269852461002,0.5725160264903365,4.535467486360806,0.2522992569821263,4.03877612484322,5.032158847878393,1.4755942154227655,0.07846341779823073,1.3211264524904023,1.6300619783551287,season_fe
2021,사직,274,1284,19773,71,178,-4.642592495438468,0.15703303092428456,-4.951737083757813,-4.3334479071191225,-4.381195936234953,0.13171677687831485,-4.640501437269516,-4.121890435200389,-1.006365724167064,0.14579437795984515,-1.2933852301167592,-0.7193462182173689,-0.3005525014634317,0.04990088189763302,-0.398790353081122,-0.20231464984574143,season_fe
2021,수원,274,1257,19670,72,187,8.37759631561725,0.24096510689828002,7.903218037792927,8.851974593441573,2.6716319107885242,0.1728759902004729,2.331297928146408,3.0119658934306406,-14.757957563930285,0.25321150786503177,-15.256444836932097,-14.259470290928473,-4.842126286022985,0.07077760486460175,-4.981463299320822,-4.702789272725148,season_fe
2021,잠실,274,2590,40236,151,226,-5.733005064962171,0.11519504164634004,-5.95978489285302,-5.506225237071322,-2.328590251103828,0.08865557026728904,-2.5031228931293947,-2.1540576090782615,-4.214176327932638,0.117937731182299,-4.446355577986399,-3.9819970778788765,-1.3087361669331279,0.03721883481481645,-1.3820073844523255,-1.2354649494139303,season_fe
2021,창원,274,1314,19826,73,192,-5.375747637371781,0.24794822806204908,-5.8638733039120385,-4.887621970831523,-1.0052485062143686,0.1444299457853345,-1.289581909626298,-0.7209151028024391,-1.1715723434417769,0.2780320136323546,-1.7189227441063082,-0.6242219427772456,-0.3681589158352126,0.08760050977986142,-0.5406145028735702,-0.19570332879685506,season_fe
2021,고척,265,1103,17408,73,181,3.6554608023358774,0.23769008020237822,3.187459425911705,4.123462178760049,6.83284618189504,0.14768827462238485,6.542054425898588,7.123637937891493,7.153133432714638,0.21420317821865323,6.7313767394802895,7.574890125948986,2.2850968655227977,0.05963297812303902,2.1676821386730585,2.402511592372537,28day_fe
2021,광주,265,1106,17556,70,175,6.224159197904687,0.18154125749211406,5.866712398645142,6.581605997164231,-1.0872870661980478,0.1254505515486289,-1.3342937176659642,-0.8402804147301315,13.619150392442755,0.20521573397995435,13.215089583995292,14.023211200890218,4.3701573081530585,0.05445685328423855,4.262934144817621,4.477380471488496,28day_fe
2021,대구,265,1142,18147,73,172,-0.43071022727859143,0.2329997580077052,-0.8894765643561033,0.02805610979892048,1.582533385525411,0.1547459334437259,1.2778454078611985,1.8872213631896233,-6.066909690532425,0.1884517352535461,-6.437962918387329,-5.695856462677521,-2.0207868098986577,0.06019152967317935,-2.139301300331492,-1.9022723194658235,28day_fe
2021,대전구,265,1162,18347,72,188,10.48064468602792,0.19838144319819273,10.090040297343638,10.871249074712203,-0.19263936372410462,0.13485431671609216,-0.4581616176866447,0.07288289023843547,6.379576437893162,0.2331896651021075,5.920436182049258,6.838716693737066,2.038473781566781,0.07459708469824128,1.891595383081314,2.1853521800522477,28day_fe
2021,문학,265,1174,18481,72,175,-7.348969063329541,0.21699662055533847,-7.776225922399237,-6.921712204259845,0.2646423537371678,0.12738335157945055,0.013830103508011504,0.5154546039663241,4.597459012076323,0.2541046577739009,4.097138050037332,5.097779974115314,1.4927171230194778,0.081353375682362,1.332535882962337,1.6528983630766185,28day_fe
2021,사직,265,1086,17107,71,172,-4.769534542362965,0.1649376302840593,-5.094289525538358,-4.444779559187573,-4.584866750247718,0.12586918320786314,-4.832697669150647,-4.337035831344789,-1.285802830119985,0.15297508586332748,-1.587004086317495,-0.9846015739224752,-0.38173646699823227,0.048598287389797816,-0.47742437021622824,-0.2860485637802363,28day_fe
2021,수원,265,1137,18410,72,178,8.28924135423143,0.2578975981470536,7.781452258420012,8.797030450042849,2.8328714497061283,0.18900091785023035,2.4607369053278867,3.20500599408437,-14.455195308388465,0.2361485784177371,-14.920161535191088,-13.990229081585841,-4.753289663151197,0.06761567206626413,-4.88642196538238,-4.620157360920014,28day_fe
2021,잠실,265,2147,34308,148,220,-5.855732511651784,0.12351956367506539,-6.098937132416876,-5.612527890886692,-2.440118435567496,0.09015236123714296,-2.6176244935020496,-2.262612377632942,-4.297383819212504,0.11440046720822368,-4.522633337709159,-4.072134300715849,-1.299467671467184,0.038467521871238974,-1.3752085402827379,-1.2237268026516301,28day_fe
2021,창원,265,1083,16857,69,177,-5.438430784342533,0.24319340283496674,-5.917267962432322,-4.959593606252743,-1.1826999754231755,0.14034375651670164,-1.4590306963621056,-0.9063692544842455,-1.1855046051314644,0.24656496006067902,-1.6709802319986822,-0.7000289782642466,-0.3675890138461907,0.0770429491084467,-0.5192832124254116,-0.21589481526696977,28day_fe
2021,고척,234,486,7696,70,143,3.7498878649574543,0.285809759514919,3.186798726151739,4.312977003763169,7.15907804318852,0.2078282172747134,6.7496245238847585,7.568531562492282,7.507350293403665,0.2729492337641706,6.969598366251842,8.045102220555487,2.3616206980209666,0.0793345414177642,2.2053194622608796,2.5179219337810537,away_only
2021,광주,234,479,7639,70,140,6.333190284781804,0.2771514120364156,5.787159420799964,6.879221148763643,-1.3046431218209211,0.18822001529201393,-1.6754654705631669,-0.9338207730786754,13.82512104937053,0.2502141273602337,13.332160774915861,14.318081323825199,4.361768899320222,0.07366668035409474,4.216634220680609,4.506903577959836,away_only
2021,대구,234,486,8293,73,139,-0.5661961534695401,0.29418073846049647,-1.1457774069372109,0.013385099998130645,1.3518152222142377,0.21872963378580626,0.9208842374613883,1.782746206967087,-6.2392585067295245,0.26861120703590713,-6.76846385472086,-5.710053158738189,-2.0357365206442717,0.09198087389940005,-2.216952974408884,-1.8545200668796595,away_only
2021,대전구,234,512,7856,67,142,11.033908560629481,0.29225062870519775,10.458129919926876,11.609687201332086,-0.04278342708849009,0.21648021203855392,-0.4692827053921934,0.38371585121521323,6.1916746607463145,0.32889773437086456,5.54369559132488,6.839653730167749,1.9750540064558184,0.1080333257334927,1.7622117562372275,2.1878962566744096,away_only
2021,문학,234,489,7582,71,131,-7.337940096498485,0.2994326355859988,-7.927868394218649,-6.748011798778322,0.15661775997095573,0.2049194020627895,-0.24710494644731512,0.5603404663892266,4.855526413116727,0.3554789554554165,4.155178254150178,5.555874572083276,1.5565359935848195,0.11189872017447731,1.3360783224281454,1.7769936647414937,away_only
2021,사직,234,469,7555,71,133,-4.770871853018871,0.26792889558362754,-5.298732942617094,-4.243010763420648,-4.515946160287612,0.2054320121615707,-4.920678787359242,-4.111213533215982,-1.6927208114704877,0.1967007599563362,-2.0802515302053095,-1.305190092735666,-0.5397654510107289,0.06938298792720873,-0.6764605974116339,-0.40307030460982396,away_only
2021,수원,234,491,7704,69,143,8.381864447668304,0.3565376794909508,7.679430439686614,9.084298455649995,2.832485570037406,0.272005351088693,2.296593236776885,3.368377903297927,-14.451198021265643,0.3189394569237013,-15.079557754100291,-13.822838288430995,-4.681960771999086,0.09540715554262791,-4.8699275270237585,-4.493994016974414,away_only
2021,잠실,234,928,14996,144,185,-5.959555787667888,0.16118815576568724,-6.27712121989745,-5.641990355438327,-2.470968291891554,0.13365563392767443,-2.7342904259313388,-2.2076461578517694,-4.307961054495132,0.14380230721610832,-4.591273693874637,-4.024648415115626,-1.2916234836988711,0.04901239234572101,-1.3881854270124943,-1.195061540385248,away_only
2021,창원,234,467,7412,68,140,-5.7676045598357994,0.30580951859655275,-6.370096296847791,-5.165112822823808,-1.0578688328242898,0.2095070195832716,-1.4706298506115028,-0.6451078150370769,-1.130352792396537,0.29597612107371085,-1.7134712254595355,-0.5472343593335387,-0.32554819142408553,0.09611707145891608,-0.5149135898771895,-0.1361827929709816,away_only
2021,고척,247,414,7393,76,159,4.2380102294771405,0.21440235246983336,3.8157201925065527,4.660300266447728,7.772462035491389,0.17254982464606913,7.432605354864206,8.112318716118573,7.665998916952013,0.2525499842053371,7.1685727416398795,8.163425092264147,2.1312371277396847,0.06546612056434103,2.0022940907115516,2.2601801647678177,fastball_only
2021,광주,247,482,8896,72,158,6.958961583492502,0.21202019365368557,6.541363481675389,7.376559685309615,-1.6031460300800406,0.1551845059381986,-1.9087997227517421,-1.2974923374083391,14.757211302125327,0.19974894462551912,14.363782833458618,15.150639770792036,4.139379032619627,0.05338508212346761,4.034230987162575,4.244527078076679,fastball_only
2021,대구,247,490,8878,74,153,-0.1823509887024442,0.2552833722004221,-0.685160885341338,0.32045890793644954,1.8390261107713903,0.18151541241139915,1.4815106761927224,2.1965415453500583,-6.836271500095718,0.21605924579475946,-7.261824978606844,-6.410718021584591,-1.9811083343034508,0.06193865963902953,-2.103103632244758,-1.8591130363621438,fastball_only
2021,대전구,247,555,9916,72,165,11.640071445521702,0.18186245420384123,11.281872472307974,11.99827041873543,-0.4495546612463088,0.16188208805168766,-0.7684000104727899,-0.13070931201982755,6.7798043605128235,0.24090923744701062,6.3053059717772415,7.254302749248406,1.9056055054688523,0.06900200264706118,1.7696981429180056,2.0415128680196992,fastball_only
2021,문학,247,509,9012,72,155,-8.253356286659804,0.2557556249764826,-8.757096339334602,-7.749616233985005,0.6521183571677631,0.115604994875204,0.4244210534886751,0.8798156608468511,4.9484183457987765,0.269100754244247,4.418393529608361,5.478443161989192,1.384199786955659,0.07401651445090099,1.238415767965929,1.5299838059453892,fastball_only
2021,사직,247,455,8523,71,153,-5.159425405485358,0.21419144344458665,-5.581300032927818,-4.737550778042897,-4.483619938046454,0.14505009335286728,-4.7693127421549715,-4.197927133937936,-1.5078433799005797,0.1846691630914441,-1.8715704883528335,-1.144116271448326,-0.4041529869596324,0.05288428162628717,-0.5083146483680351,-0.29999132555122976,fastball_only
2021,수원,247,435,7981,72,157,9.405288283052881,0.2787278431844311,8.856301810436417,9.954274755669346,3.1265107532182066,0.19578060929077826,2.740898376380319,3.5121231300560942,-15.887782168921644,0.2995309192843628,-16.477742687177734,-15.297821650665554,-4.488330416326707,0.07667985270744748,-4.639360185644575,-4.337300647008838,fastball_only
2021,잠실,247,969,18126,150,198,-6.400846173543023,0.12934126712954436,-6.655598641735475,-6.146093705350571,-2.2540065439004433,0.09200971940103361,-2.4352302448529914,-2.072782842947895,-4.817139841907076,0.12434609643031629,-5.062053748185669,-4.572225935628483,-1.3104481933122507,0.036159712727033076,-1.3816688970426032,-1.2392274895818982,fastball_only
2021,창원,247,477,8394,72,157,-5.686372016731124,0.2714004882226028,-6.220926422898305,-5.151817610563942,-0.8135420711015992,0.17759736201592158,-1.163340455809783,-0.46374368639341534,-1.4437615128190582,0.2679392722362232,-1.9714986569085902,-0.9160243687295261,-0.39827494964890964,0.07464977978712066,-0.5453062573888042,-0.25124364190901505,fastball_only
2021,고척,268,1148,18103,76,187,3.71165845097837,0.21989335855681275,3.2787202743918336,4.144596627564907,6.714028247967636,0.1554692465981029,6.407931817501432,7.020124678433839,6.96341577680334,0.21462148771271744,6.540857150401593,7.385974403205087,2.282599167090892,0.058886193508117586,2.166660780361765,2.3985375538200193,equal_cells
2021,광주,268,1143,18014,72,180,6.212603724295655,0.1676983656678748,5.882429929483049,6.542777519108261,-1.186409066211485,0.13167279022021755,-1.4456537204299713,-0.9271644119929987,13.56318909282363,0.18302770222152157,13.202834054432888,13.92354413121437,4.437083074840093,0.05627650414816348,4.326282788508227,4.547883361171959,equal_cells
2021,대구,268,1172,18628,74,174,-0.46707191360201716,0.24093891059047537,-0.9414457341866734,0.007301906982639106,1.5774945342516271,0.15733271138747207,1.2677292114944627,1.8872598570087915,-6.055053355986351,0.17652575859960318,-6.40260700904005,-5.707499702932651,-2.074630738069726,0.06010520352865519,-2.192969178984191,-1.9562922971552612,equal_cells
2021,대전구,268,1162,18154,72,187,10.401218231478133,0.20347032006559787,10.000614639187647,10.801821823768618,-0.03341167605792317,0.14857774759724543,-0.3259397430639432,0.25911639094809685,6.203566783175723,0.21817100724657612,5.774019666876724,6.633113899474722,2.0424925472642825,0.07430471226642314,1.8961973301120052,2.18878776441656,equal_cells
2021,문학,268,1172,18385,72,176,-7.350092275153918,0.2281010264033237,-7.7991901610414445,-6.900994389266392,0.21623062998543885,0.12787990384302078,-0.03554638026726009,0.4680076402381378,4.634332923469023,0.2401325920236865,4.161546627365981,5.1071192195720645,1.5434865259471588,0.08079257460382148,1.384417647467716,1.7025554044266018,equal_cells
2021,사직,268,1123,17778,71,174,-4.641247131343781,0.1874577125170632,-5.010324218423026,-4.272170044264536,-4.605082619680064,0.12931081324728105,-4.859676883315979,-4.350488356044149,-1.3169691019284475,0.14324158454570401,-1.5989910367044398,-1.0349471671524553,-0.4079439782987454,0.04901133581878615,-0.5044402003798387,-0.3114477562176521,equal_cells
2021,수원,268,1129,18293,72,178,8.160657426192742,0.23769353684474168,7.692673276496926,8.628641575888558,2.8604362144101594,0.16944953388498643,2.5268146229938337,3.194057805826485,-14.405077129707358,0.23818854967487615,-14.874035887974674,-13.936118371440042,-4.8276580066083286,0.07150035302643869,-4.968431846562946,-4.686884166653711,equal_cells
2021,잠실,268,2153,34508,150,220,-5.714638859129635,0.11542924236756957,-5.9419023201243855,-5.487375398134884,-2.4380429737351093,0.09451017987094716,-2.6241198303111206,-2.251966117159098,-4.28464238383516,0.10934393481232357,-4.499924755568155,-4.069360012102165,-1.3337765227101626,0.03744546819162081,-1.4075012264788804,-1.2600518189414447,equal_cells
2021,창원,268,1159,18017,72,180,-5.198851482597703,0.2368205220801146,-5.665116792657745,-4.73258617253766,-1.0685079160388624,0.14804207341003178,-1.3599813181501406,-0.7770345139275843,-1.1452872498655584,0.23818143635899156,-1.614232003044095,-0.6763424966870217,-0.3591585235646225,0.07696260930054798,-0.5106867550428484,-0.20763029208639655,equal_cells
2021,고척,268,1148,18103,76,187,3.7131529137046475,0.22935583430677822,3.2615844927848063,4.164721334624488,6.842647795575967,0.14561438435604068,6.555954161617998,7.129341429533937,7.09122564721782,0.2081130485265586,6.681481194978373,7.500970099457268,2.2617110740993924,0.05712333909968639,2.149243492392221,2.374178655806564,original_labels
2021,광주,268,1143,18014,72,180,6.2874588892019965,0.17365845168329214,5.945550548204144,6.629367230199849,-1.2171541900597098,0.1244773148491084,-1.4622319953688576,-0.9720763847505619,13.666675714039371,0.19272761870756316,13.287222944893731,14.046128483185012,4.393418390273012,0.0541062725016665,4.286890975745784,4.499945804800239,original_labels
2021,대구,268,1172,18628,74,174,-0.3723120810153122,0.23064663039986097,-0.8264218925007983,0.08179773047017391,1.485729756508312,0.16706102916520993,1.1568107849661615,1.8146487280504626,-6.1000919152237,0.18576069151488228,-6.465827813723467,-5.734356016723933,-2.0447377085798246,0.061833233795895996,-2.1664783908257044,-1.9229970263339449,original_labels
2021,대전,268,1162,18154,72,187,10.568128544744726,0.2193746842567368,10.136211562737193,11.000045526752258,-0.06720814815993384,0.14402174866919135,-0.3507661131065397,0.21634981678667206,6.307893349335739,0.2297184962278498,5.8556108996164085,6.7601757990550695,2.0150813154437515,0.07485882247846821,1.8676951355338665,2.1624674953536367,original_labels
2021,문학,268,1172,18385,72,176,-7.450089447316617,0.2238354851853987,-7.890789100309965,-7.009389794323269,0.3054231661985203,0.12644966436253555,0.05646209034614735,0.5543842420508932,4.598191543541558,0.25356195285773026,4.09896478088522,5.097418306197897,1.4976299382903864,0.08087794863180234,1.3383929707142812,1.6568669058664915,original_labels
2021,사직,268,1123,17778,71,174,-4.776284347578023,0.1801399704561309,-5.13095386034314,-4.421614834812906,-4.583652507600742,0.12025614165194189,-4.820419434222915,-4.346885580978569,-1.243138738749495,0.15356938985479843,-1.5454946264379616,-0.9407828510610283,-0.3765925839143547,0.052544429908186197,-0.48004495657140245,-0.2731402112573069,original_labels
2021,수원,268,1129,18293,72,178,8.409995640195799,0.26054603287936834,7.897018235457557,8.922973044934041,2.830336442561461,0.17617440478309884,2.483474554287073,3.1771983308358496,-14.559664320278069,0.2569819345097658,-15.065624531502882,-14.053704109053255,-4.77324107589086,0.07390409561386864,-4.918747536874213,-4.627734614907507,original_labels
2021,잠실,268,2153,34508,150,220,-5.848057319556325,0.11827602532390558,-6.080925683902149,-5.615188955210502,-2.4546370793839465,0.09053963568164365,-2.6328965094917125,-2.2763776492761805,-4.329809929752708,0.115104522520085,-4.556434064395839,-4.103185795109576,-1.3166751559714056,0.037838797964385225,-1.391174269098075,-1.2421760428447362,original_labels
2021,창원,268,1159,18017,72,180,-5.303684210785175,0.24934231200213572,-5.794603111713169,-4.8127653098571805,-1.0878877440720955,0.13564786529357117,-1.354958745413329,-0.8208167427308621,-1.2282371335468283,0.24170018738518065,-1.7041097978871145,-0.7523644692065422,-0.36994753827201077,0.07643521994808224,-0.5204374164952489,-0.21945766004877262,original_labels
2022,고척,258,1404,21190,81,177,3.6945048675201693,0.19378684294672946,3.3128995477555776,4.076110187284761,6.835286600306439,0.11049956292999522,6.617690707806452,7.052882492806426,6.41235885236804,0.17194394345153152,6.07376660056876,6.750951104167321,2.0507262174676644,0.062332369882745695,1.927981228287317,2.1734712066480117,season_fe
2022,광주,258,1294,20032,73,182,1.896833429643724,0.15504772920706306,1.5915132263567564,2.2021536329306914,-1.2214191949482256,0.14155099796069434,-1.5001616163552174,-0.9426767735412338,12.118351802188602,0.19804717298309552,11.728357034610585,12.50834656976662,3.920294802251859,0.061808189833311565,3.7985820291514933,4.042007575352224,season_fe
2022,대구,258,1247,19254,71,174,-3.2676539254409613,0.21869623023593562,-3.698310845185695,-2.8369970056962277,1.3932034051230695,0.12433280679155502,1.1483670696347872,1.6380397406113518,-3.740098205579514,0.15818272758840246,-4.051591852024856,-3.428604559134172,-1.2706202255927384,0.05184607426542175,-1.372715586906993,-1.1685248642784838,season_fe
2022,대전구,258,1384,20440,73,180,7.995680487973785,0.14380476366012104,7.712499948027236,8.278861027920334,-0.03888643873886788,0.13764587740241807,-0.3099388913290916,0.23216601385135582,4.482997538657365,0.21154058845371074,4.066431518629582,4.8995635586851485,1.4666360979479727,0.06719867521330154,1.3343083735648573,1.598963822331088,season_fe
2022,문학,258,1313,20252,77,180,-9.180212500838001,0.15339009934180778,-9.482268497096445,-8.878156504579557,0.4033898814268788,0.1213765903791958,0.16437493139582166,0.642404831457936,1.3544712619300798,0.2267805271183921,0.9078947335576866,1.801047790302473,0.45784915827918676,0.07484667292961741,0.3104609861911885,0.605237330367185,season_fe
2022,사직,258,1205,18458,70,167,-2.430075411857042,0.1183374850183379,-2.6631057513985867,-2.197045072315497,-1.9576160499913315,0.13868844821881327,-2.2307215344784477,-1.6845105655042154,-1.1625931957633033,0.16975988142176668,-1.4968845895859495,-0.8283018019406572,-0.3894032881850524,0.05441878293163116,-0.4965648309711824,-0.28224174539892233,season_fe
2022,수원,258,1329,20380,78,183,8.43801758709539,0.17823908301397118,8.087028937743218,8.78900623644756,2.5379964227691936,0.20091967837003094,2.1423451136012583,2.933647731937129,-16.376741503980238,0.24147479559117016,-16.85225400619892,-15.901229001761557,-5.43405564028687,0.08687710108500292,-5.60513414817544,-5.262977132398299,season_fe
2022,잠실,258,2532,39043,147,224,-5.595905835046262,0.11410621887494928,-5.820603959432721,-5.371207710659802,-3.3739972655393062,0.10177969733161575,-3.5744219866151914,-3.173572544463421,-3.3787938155318535,0.12951103854862514,-3.6338271321743987,-3.1237604988893084,-0.9995359924620058,0.04362935540224355,-1.0854509796005956,-0.9136210053234161,season_fe
2022,창원,258,1286,19718,74,184,3.067548570474505,0.2580511689101724,2.559393850937314,3.575703290011696,-1.9490475700988863,0.14791475522918687,-2.2403215111406496,-1.6577736290571228,3.116508052473332,0.2019593516748023,2.7188094171924106,3.5142066877542533,1.0237563848892925,0.06133969044391917,0.9029661814359684,1.1445465883426167,season_fe
2022,고척,245,1237,19427,81,170,3.778725576528481,0.21618848788811518,3.3529004262437585,4.204550726813204,6.844493146996323,0.11958773604773566,6.608941910331532,7.0800443836611135,6.3296218181989685,0.18926490392358722,5.95682788756842,6.702415748829517,2.0203313588431326,0.07122621334075827,1.8800375194425034,2.160625198243762,28day_fe
2022,광주,245,1105,17792,73,173,1.9528928263975174,0.15317496924931776,1.6511850206876915,2.2546006321073433,-1.1682371976310097,0.13161073880900076,-1.427470069741343,-0.9090043255206764,12.04152095185058,0.19136418859689314,11.664592072961533,12.418449830739629,3.8699745560696126,0.059623828984646327,3.7525338625990265,3.9874152495401987,28day_fe
2022,대구,245,1066,17018,71,167,-3.2625575639095694,0.20718998050456724,-3.6706584089069514,-2.8544567189121874,1.3440185451397504,0.12782756611740267,1.0922373652804243,1.5957997249990765,-3.7380405030882193,0.18094981178186154,-4.094456247278451,-3.3816247588979875,-1.2743911869629585,0.057799907794884274,-1.3882393139545195,-1.1605430599713975,28day_fe
2022,대전구,245,1231,18519,73,176,8.045861590143222,0.17321757181239036,7.704675992013041,8.387047188273403,-0.08453502655114675,0.11649969054558008,-0.31400375876398023,0.14493370566168676,4.460689768099939,0.2088284475388275,4.049361644546163,4.872017891653714,1.4471906217946184,0.06262367633014258,1.3238411472450498,1.5705400963441871,28day_fe
2022,문학,245,1161,17917,76,175,-9.234454157834428,0.1463556275106197,-9.522729947579432,-8.946178368089424,0.4268982307960125,0.09318359339689887,0.2433550733877391,0.610441388204286,1.1143997475752334,0.23625599521274562,0.6490477501127232,1.5797517450377436,0.38205032603240235,0.08232155526461046,0.21990205909800958,0.5441985929667952,28day_fe
2022,사직,245,1080,17110,70,160,-2.346682877922312,0.13338385021540838,-2.609408236790293,-2.0839575190543314,-1.9322173008177757,0.13131384518474346,-2.1908653833613614,-1.6735692182741901,-1.240330926658058,0.18329282730403312,-1.60136169427805,-0.8793001590380659,-0.42742270149783385,0.06102891860673815,-0.5476309914548729,-0.3072144115407948,28day_fe
2022,수원,245,1079,17197,77,169,8.473098772591731,0.17129091304665575,8.13570810251938,8.810489442664082,2.506615694296178,0.1849824358316878,2.1422569150311657,2.87097447356119,-16.335582320227637,0.2309623947083757,-16.790507544958903,-15.880657095496371,-5.401508641953314,0.0880332026603671,-5.574907106039417,-5.228110177867212,28day_fe
2022,잠실,245,2171,34773,147,210,-5.659653538853262,0.11918772986783162,-5.894416885777316,-5.424890191929208,-3.361429038000386,0.0915187309844735,-3.541692926036364,-3.1811651499644085,-3.590292474603985,0.11826371196702017,-3.8232357890863375,-3.357349160121632,-1.050268671292109,0.041395474296687385,-1.1318050853523107,-0.9687322572319073,28day_fe
2022,창원,245,1101,17379,74,171,3.1683316067507934,0.30156878999100817,2.5743333944798312,3.7623298190217556,-1.9735020042314382,0.11829557090607835,-2.206508071072369,-1.7404959373905076,2.924320552782585,0.19025290069082607,2.5495805709260897,3.29906053463908,0.9587573990737113,0.056196705918916345,0.8480670890706482,1.0694477090767742,28day_fe
2022,고척,213,502,8050,77,136,3.633073832237618,0.23701829075214614,3.1658719373122843,4.100275727162952,7.056735965074039,0.17172336245991165,6.7182410747024015,7.395230855445677,6.636052378580095,0.246180564128899,6.1507901412657455,7.121314615894444,2.1206644681993585,0.0803955150780128,1.9621917323242024,2.2791372040745146,away_only
2022,광주,213,484,7751,71,132,1.7404719124438417,0.18816990225226313,1.3695581967926536,2.1113856280950296,-1.1349366402675436,0.2136941884580527,-1.556162907089863,-0.7137103734452241,12.01997812786762,0.22799697041274478,11.570558733794527,12.469397521940714,3.8273930587364475,0.0731058988699874,3.6832893510694533,3.9714967664034417,away_only
2022,대구,213,499,8084,70,130,-3.4298522451832487,0.2822772711909268,-3.9862670078424856,-2.873437482524012,1.2406776581965095,0.16644534287271498,0.9125866094219321,1.568768706971087,-3.3756132597730035,0.20772883193370192,-3.7850808312505984,-2.9661456882954087,-1.1799198082695852,0.06536568176086825,-1.3087662795054236,-1.0510733370337468,away_only
2022,대전구,213,531,8842,72,133,8.004056086059462,0.2180671620157676,7.574209971688081,8.433902200430843,-0.12689719441914604,0.164867606580845,-0.45187826639440143,0.19808387755610934,4.798356129944116,0.25015247115415423,4.305264612945158,5.291447646943074,1.5344818893779615,0.07944682142264374,1.3778791841746387,1.6910845945812842,away_only
2022,문학,213,515,7499,72,137,-9.375390870167811,0.19373119579083783,-9.75726680679871,-8.993514933536913,0.41404619698827916,0.17937925365079818,0.06046029039011436,0.767632103586444,1.3770356184741404,0.27137240303766724,0.8421161380943691,1.9119550988539116,0.5322926982676548,0.09106763434211151,0.3527834663177292,0.7118019302175804,away_only
2022,사직,213,441,7027,69,129,-2.3790540878378215,0.2340315841829235,-2.8403686946374216,-1.9177394810382211,-2.0863169393916268,0.17391155375677603,-2.429125113422133,-1.7435087653611205,-0.6124098643262939,0.22134083994261206,-1.048708934399716,-0.17611079425287168,-0.2216539303569412,0.07121174691724114,-0.36202395410109856,-0.08128390661278381,away_only
2022,수원,213,519,8344,77,141,8.386987200826862,0.29105959943944165,7.813261029893852,8.960713371759873,2.5636888258405595,0.2419838733493801,2.0866989538292633,3.0406786978518556,-16.196594760855344,0.26445705073392595,-16.71788294851871,-15.675306573191977,-5.377518725584007,0.10460378804398253,-5.583709934859168,-5.171327516308847,away_only
2022,잠실,213,920,14851,146,175,-5.860908144968711,0.18451940535073358,-6.224626132963602,-5.49719015697382,-3.396742547344382,0.10838887347832309,-3.610394780331115,-3.1830903143576488,-3.6809435794458576,0.15826111143242944,-3.992902166775055,-3.36898499211666,-1.0785627078113589,0.05299475675963937,-1.1830240584549756,-0.974101357167742,away_only
2022,창원,213,464,7539,70,134,2.4275652423549987,0.33511779859146734,1.7669931403948793,3.0881373443151183,-2.163181205232939,0.19437100656883288,-2.546318313762952,-1.7800440967029258,2.9263051294572318,0.24078397361121417,2.4516804564759873,3.400929802438476,1.0195994881534518,0.0734395859536013,0.8748380285581916,1.164360947748712,away_only
2022,고척,219,496,8095,81,153,3.9476347158471317,0.22723401307838326,3.4997893415704144,4.395480090123849,7.89541698867322,0.12991152977428766,7.639380152961667,8.151453824384772,6.727600822340438,0.18899079514553443,6.355127299384126,7.1000743452967505,1.8488052867731413,0.05673459990638449,1.736989596043998,1.9606209775022845,fastball_only
2022,광주,219,468,8857,73,151,2.270654103750673,0.1882170964529695,1.899705429015166,2.6416027784861797,-1.526824684885229,0.1642531042678026,-1.850543797004032,-1.203105572766426,12.877736455622967,0.2142490494621407,12.455482566581692,13.299990344664243,3.5475222771731616,0.05182672273970613,3.445379302499326,3.649665251846997,fastball_only
2022,대구,219,427,7156,71,148,-3.1101190433769244,0.2246391756963387,-3.552850368472333,-2.6673877182815158,1.361705880346355,0.1568885460248804,1.0525012473673738,1.6709105133253364,-4.258255201177222,0.24079987346639656,-4.732836924209791,-3.783673478144652,-1.1984382772550077,0.06545361297861295,-1.3274378816938859,-1.0694386728161296,fastball_only
2022,대전구,219,545,8880,73,149,9.12273763596372,0.1816560060505029,8.764719921462333,9.480755350465106,-0.4581526689243545,0.14237240258891445,-0.7387480827021056,-0.17755725514660342,4.6057411117093965,0.23963029246255452,4.133464463675577,5.078017759743216,1.3011301240790676,0.06552326413268758,1.1719932472893526,1.4302670008687826,fastball_only
2022,문학,219,460,8155,76,151,-10.472372770362838,0.16274948339297612,-10.793128463210317,-10.15161707751536,0.9366850826425293,0.1278118436008115,0.6847864246953229,1.1885837405897357,1.2116585074684187,0.27020142816779863,0.6791305725497584,1.744186442387079,0.3357887581666195,0.0767134096448444,0.18459772303497476,0.48697979329826424,fastball_only
2022,사직,219,444,7793,70,135,-2.571844520660779,0.17888996259655465,-2.924410763575156,-2.219278277746402,-1.958932987870614,0.1485215185338055,-2.25164741981164,-1.6662185559295886,-1.5659983249984004,0.22241738073301295,-2.0043508135656105,-1.12764583643119,-0.4273198219708641,0.06085826149569689,-0.5472626532756529,-0.30737699066607527,fastball_only
2022,수원,219,445,7438,77,148,9.376130469132068,0.23718423159330482,8.908674653290808,9.843586284973329,2.8649730262998103,0.21867621451573158,2.4339938352513646,3.295952217348256,-18.121945176737682,0.24566428694716475,-18.606113955186906,-17.63777639828846,-5.08293662314617,0.06463937668250837,-5.210331485610735,-4.955541760681606,fastball_only
2022,잠실,219,907,16504,147,184,-6.25594024816764,0.12045389892958927,-6.493337461368306,-6.018543034966974,-3.1745711566192885,0.0973087290468299,-3.3663525875327,-2.982789725705877,-4.114096944181106,0.13814182268065592,-4.386354496840468,-3.841839391521743,-1.0946165332531186,0.03931284548940088,-1.1720964657842154,-1.0171366007220217,fastball_only
2022,창원,219,480,8580,74,150,3.2787621169601415,0.30810169281819433,2.6715382420384843,3.8859859918817987,-2.02278962054066,0.15270423783244513,-2.323747587260731,-1.7218316538205891,3.0382152346146523,0.2322374546496528,2.5805088006629298,3.4959216685663748,0.8274691284853476,0.060567801354011574,0.7080987521097452,0.94683950486095,fastball_only
2022,고척,244,1232,19059,81,174,3.611890252757205,0.1768379654331198,3.263566501119301,3.9602140043951093,6.886735544532145,0.10949763295330342,6.67105433483066,7.102416754233631,6.159789306606008,0.17834980120158075,5.808487640664233,6.511090972547783,2.0024066363104938,0.05838970510617001,1.8873944493641106,2.1174188232568767,equal_cells
2022,광주,244,1128,18249,73,172,1.8788282016848088,0.15942392529916777,1.5648054768415456,2.192850926528072,-1.2219371133249846,0.1215856306241068,-1.4614284629371612,-0.9824457637128079,11.849351627981846,0.1755571357011701,11.503550770205276,12.195152485758417,3.8729462553854965,0.05690974679315574,3.7608491926354035,3.9850433181355895,equal_cells
2022,대구,244,1052,16612,71,168,-3.3400789789295997,0.19680510288742695,-3.7277326799396273,-2.952425277919572,1.336304559234108,0.12098650927589845,1.0979933193069935,1.5746157991612226,-3.6392525599864447,0.19323153543642954,-4.019867283714564,-3.2586378362583246,-1.2488060073138716,0.0588584955724855,-1.3647415867770096,-1.1328704278507336,equal_cells
2022,대전구,244,1210,18350,73,174,7.845540832725024,0.18556288977581095,7.4800313010293165,8.211050364420732,-0.04343726421461186,0.13016512665464608,-0.2998279387947077,0.21295341036548399,4.383984691755,0.20179168613179718,3.9865087482232404,4.781460635286759,1.458583103510979,0.06463752899015765,1.3312643654825742,1.585901841539384,equal_cells
2022,문학,244,1146,17955,77,172,-9.33086990749301,0.14803665690831475,-9.62246274270768,-9.03927707227834,0.4217057881972375,0.11032366936068859,0.20439750650527044,0.6390140698892045,1.2495706071135046,0.20886641109366394,0.8381593373383782,1.660981876888631,0.4230910252067897,0.07030012376236003,0.284618481771114,0.5615635686424654,equal_cells
2022,사직,244,1060,16503,70,161,-2.328638033542515,0.14002300007860768,-2.604446096497307,-2.0528299705877235,-1.9518599683497397,0.12581671341326175,-2.1996854255558334,-1.704034511143646,-1.1588988098831727,0.17531205662754215,-1.5042169270776227,-0.8135806926887228,-0.3861316563067991,0.05835823327500554,-0.5010818521175385,-0.2711814604960596,equal_cells
2022,수원,244,1129,18141,77,171,8.285975779882522,0.1764612969013242,7.938393965055515,8.63355759470953,2.465487661406947,0.20899339829284588,2.053826260629008,2.877149062184886,-16.23565282348291,0.21361846297996623,-16.656424371391527,-15.81488127557429,-5.4608732506343305,0.09065260658540895,-5.639434771313705,-5.282311729954956,equal_cells
2022,잠실,244,2118,33369,147,211,-5.701702930058512,0.11718717891146309,-5.932530499818926,-5.470875360298098,-3.4010386347946957,0.09650226774903847,-3.591122431911347,-3.2109548376780443,-3.5213235528780196,0.1252285591539872,-3.7679905026469207,-3.2746566031091184,-1.0557609371362429,0.041365498099413714,-1.1372399648499365,-0.9742819094225492,equal_cells
2022,창원,244,1154,18082,74,174,3.0031792193613205,0.27178560047667766,2.4678338834922484,3.5385245552303926,-2.043696257734444,0.12348358520033234,-2.2869260729912013,-1.800466442477687,3.046908112748312,0.18358302778512103,2.6852983825156747,3.4085178429809497,1.007080016900775,0.05627309352714577,0.8962369917300332,1.1179230420715167,equal_cells
2022,고척,244,1232,19059,81,174,3.6416364090088464,0.21890696803610862,3.2104479129228403,4.072824905094853,6.926566173729843,0.10085946172179752,6.727899863534124,7.125232483925562,6.348689559398817,0.16752713656884416,6.018705663871108,6.6786734549265265,2.0210951377535604,0.05809444186873915,1.9066645408426133,2.135525734664508,original_labels
2022,광주,244,1128,18249,73,172,1.823356026606504,0.1563338586534676,1.5154199110736637,2.1312921421393445,-1.2693409391563553,0.12433823407101743,-1.5142541853451579,-1.0244276929675526,12.019039048264688,0.19650149819491297,11.631983367737718,12.406094728791658,3.85226128762595,0.05864034020406147,3.7367554162075938,3.9677671590443064,original_labels
2022,대구,244,1052,16612,71,168,-3.3560163255168716,0.2045235678582562,-3.7588733493481055,-2.9531593016856377,1.30180756255545,0.11943159509971489,1.0665590899362303,1.5370560351746696,-3.7059973450306494,0.1856893793026877,-4.071756027447113,-3.3402386626141864,-1.2616487915963737,0.0580215639868407,-1.3759358384660607,-1.1473617447266866,original_labels
2022,대전,244,1210,18350,73,174,7.914266429726526,0.16637641264020253,7.586549154236783,8.241983705216269,-0.06310336707791842,0.12133205397925804,-0.30209523815309014,0.17588850399725328,4.460728973889331,0.20107758636862968,4.064659616934956,4.856798330843707,1.45328800284566,0.062271160199919184,1.3306303818616403,1.5759456238296798,original_labels
2022,문학,244,1146,17955,77,172,-9.405386542964967,0.14263812838992657,-9.686345713048718,-9.124427372881216,0.42228569314955466,0.10116917942892296,0.22300932145810162,0.6215620648410077,1.211850347503781,0.22257528633768237,0.77343624016469,1.6502644548428718,0.42036813501928605,0.07892444209890022,0.26490797859594917,0.5758282914426229,original_labels
2022,사직,244,1060,16503,70,161,-2.43969350853148,0.13102756490312156,-2.697782957045834,-2.1816040600171265,-1.97447624510503,0.12566689920750035,-2.22200660817751,-1.7269458820325496,-1.1018495788802087,0.20316245653100434,-1.5020255754628875,-0.70167358229753,-0.36336910262766164,0.06623919703273343,-0.4938427006438644,-0.23289550461145894,original_labels
2022,수원,244,1129,18141,77,171,8.478785561628731,0.17514461869435696,8.133797252622871,8.823773870634591,2.459930676977408,0.1923066446235948,2.081137742122469,2.838723611832347,-16.40365335875378,0.22040148108820223,-16.837785648000388,-15.96952106950717,-5.428141610180563,0.09257600058842279,-5.610491705408207,-5.245791514952919,original_labels
2022,잠실,244,2118,33369,147,211,-5.7414961369871556,0.11523322605204649,-5.968474939381078,-5.514517334593233,-3.388349053012443,0.09129698889725332,-3.568179835435477,-3.2085182705894093,-3.587940565185782,0.12721944266106325,-3.8385290258732248,-3.337352104498339,-1.050936885054915,0.04349153994440424,-1.13660364965968,-0.96527012045015,original_labels
2022,창원,244,1154,18082,74,174,3.028055239299384,0.3034861353408103,2.430268282335214,3.625842196263554,-1.9839643489852314,0.12478963221567464,-2.229766729443614,-1.7381619685268488,2.9368569976817764,0.19961976275528864,2.5436591654533367,3.330054829910216,0.9656181124613475,0.05864496189676572,0.8501031375377697,1.0811330873849254,original_labels
2023,고척,263,1390,20519,75,194,4.767830164466799,0.181261870892594,4.4109210138628505,5.124739315070748,6.85367969599717,0.10861044843719245,6.639823010597504,7.0675363813968355,6.799112916084087,0.20881326301999065,6.387954386315492,7.2102714458526815,2.2011323753017313,0.06776656168657294,2.0676983229453123,2.3345664276581504,season_fe
2023,광주,263,1248,19124,72,167,1.7999659422854832,0.16848423153840494,1.4682162826774618,2.1317156018935046,-1.1480597308812421,0.13554111901238508,-1.4149435792074245,-0.8811758825550597,13.243404891189655,0.2151891019745081,12.81969217529003,13.667117607089281,4.316183208785417,0.07518454213856628,4.168142967663097,4.464223449907737,season_fe
2023,대구,263,1189,17481,67,176,-2.6144232612129574,0.18327975210579872,-2.975305670320077,-2.253540852105838,1.2487608254580902,0.14095352544930792,0.9712198136886918,1.5263018372274886,-1.7257715133465306,0.21396026366551305,-2.1470646159268556,-1.3044784107662055,-0.6047625112082515,0.0707659297298346,-0.7441023941477802,-0.4654226282687228,season_fe
2023,대전구,263,1414,20385,74,179,11.509675172300952,0.16352292887797962,11.1876944415344,11.831655903067503,0.07031752623503507,0.12090469723266044,-0.1677468420782877,0.30838189454835785,1.163898660304226,0.6404176560921576,-0.097099698269832,2.4248970188782843,0.36257901435048234,0.2083654138781216,-0.047697689273231425,0.7728557179741962,season_fe
2023,문학,263,1357,20758,74,168,-8.264863241735258,0.15829643241135147,-8.576552870433002,-7.953173613037515,0.6145687898193739,0.10018608335546826,0.41729988965490156,0.8118376899838462,0.8768015160786038,0.2366706329899976,0.4107911291318019,1.3428119030254058,0.3068037350488262,0.08039472407926192,0.1485045155666964,0.46510295453095596,season_fe
2023,사직,263,1369,19908,75,184,-5.690649395330434,0.12559240109560654,-5.93794396962016,-5.443354821040708,-3.15554792354136,0.13187010812548366,-3.415203459751763,-2.8958923873309574,-4.704563107229634,0.2356371601767581,-5.168538560397318,-4.240587654061951,-1.528387310755439,0.07579423273906044,-1.6776280478964865,-1.3791465736143917,season_fe
2023,수원,263,1414,22061,81,189,6.788133543778782,0.2557020335650891,6.284649853811268,7.2916172337462966,3.393669980671376,0.1636428760073444,3.071453071011558,3.7158868903311943,-9.893918029421208,0.6587196636614634,-11.190953497971796,-8.59688256087062,-3.294970496165753,0.22454831785491342,-3.7371117418700486,-2.8528292504614576,season_fe
2023,잠실,263,2684,40218,148,218,-5.209088611992286,0.10310074161045248,-5.412096547051215,-5.006080676933356,-2.817942213072959,0.09332298359279464,-3.001697498406337,-2.6341869277395804,-3.515176367194809,0.1779707542069696,-3.865605226852734,-3.1647475075368843,-1.1032356935052297,0.056402643036530274,-1.2142939062383096,-0.9921774807721498,season_fe
2023,창원,263,1375,20734,75,182,1.1296392321273117,0.21753363593909306,0.7013100702992541,1.5579683939553692,-2.57598603966235,0.12302463390632037,-2.8182246162292026,-2.3337474630954977,2.351941247281693,0.22858965777126414,1.9018425023540706,2.8020399922093153,0.8002188311445004,0.07530716577385646,0.651937141021903,0.9485005212670978,season_fe
2023,고척,248,1162,17562,75,180,4.654462689876919,0.21400194239425263,4.232969674308505,5.075955705445333,6.849572885563432,0.12356865781130051,6.60619506558704,7.092950705539823,6.79803333665751,0.2871563645582427,6.232457152239816,7.363609521075205,2.1863381998836,0.09245401016259748,2.004243032387248,2.368433367379952,28day_fe
2023,광주,248,1061,16474,71,159,1.864112140159875,0.174770024268438,1.5198893553771178,2.2083349249426325,-1.1306916860309975,0.12185090478378484,-1.3706862614654516,-0.8906971105965433,13.027647110528187,0.2454621456244005,12.544190844619544,13.51110337643683,4.227699326810787,0.08065712511467871,4.068839016893442,4.386559636728132,28day_fe
2023,대구,248,1001,15243,67,167,-2.5772655924052374,0.18127120187979204,-2.934292938331217,-2.220238246479258,1.0800760462982266,0.1235505924281694,0.8367338074606235,1.3234182851358296,-1.7243470968214019,0.25859905639474,-2.2336775023471636,-1.2150166912956402,-0.5949803727771958,0.084519115178838,-0.7614471642994549,-0.42851358125493677,28day_fe
2023,대전구,248,1214,17864,74,170,11.684001952830087,0.19377261720990965,11.30235212363404,12.065651782026134,0.08495949333459418,0.12060885744637904,-0.15258877590345438,0.32250776257264274,1.3716139703908208,0.6485852815128914,0.09417619062280269,2.649051750158839,0.4261245926047006,0.21011512335951332,0.012286961177159494,0.8399622240322417,28day_fe
2023,문학,248,1272,19763,74,165,-8.261988354160177,0.14837315260901027,-8.554220503190633,-7.9697562051297215,0.7879052189304168,0.09199445439474557,0.6067151812859097,0.9690952565749238,0.6610653452283253,0.24928360110299877,0.17008243364761966,1.152048256809031,0.2331149056055098,0.08312017260483003,0.06940343731783782,0.39682637389318176,28day_fe
2023,사직,248,1158,17392,75,168,-5.644534469132605,0.12713774084646504,-5.894941868160826,-5.394127070104384,-3.227597679559304,0.11142370730141918,-3.4470551006969394,-3.008140258421669,-4.8837863781428705,0.23013895253072938,-5.337062455998407,-4.4305103002873345,-1.5909626446368776,0.07751627619127507,-1.743636814982969,-1.4382884742907862,28day_fe
2023,수원,248,1144,18106,81,176,7.089379172174112,0.27030797117988276,6.556987173157151,7.621771171191074,3.292358590403309,0.16248750658243324,2.9723271534201388,3.6123900273864793,-9.769177124043802,0.7058736687179011,-11.159448716486311,-8.378905531601292,-3.234815582490016,0.24207451900513677,-3.711599661485781,-2.758031503494251,28day_fe
2023,잠실,248,2154,32444,148,207,-5.26043480934208,0.11348733019835584,-5.483956691895787,-5.036912926788372,-2.9454193619025846,0.0792925700826767,-3.1015920774508654,-2.7892466463543037,-3.7589140338955658,0.19383934948538095,-4.140695297356692,-3.3771327704344394,-1.166217520113348,0.06173486682655415,-1.2878090107947784,-1.0446260294319176,28day_fe
2023,창원,248,1182,18108,75,171,1.2078561064941409,0.25856260770311623,0.698597489424008,1.7171147235642739,-2.3820273140238926,0.11200900916026171,-2.6026375314527264,-2.1614170965950588,2.125375362664274,0.24929315518283388,1.6343736336005326,2.616377091728016,0.7114375148487029,0.08068126915503421,0.5525296514172935,0.8703453782801123,28day_fe
2023,고척,217,459,6859,73,131,4.58962001958974,0.3556167001716477,3.8887150438136713,5.290524995365808,7.01895810727277,0.19449324842753868,6.635620413874474,7.402295800671066,7.547528154292607,0.4295133516804395,6.700976107637409,8.394080200947805,2.3560067628932457,0.12730820290716072,2.1050878582645582,2.606925667521933,away_only
2023,광주,217,503,7351,71,135,1.9462465346450397,0.24567679041615767,1.462028316680967,2.4304647526091125,-0.8648397148456428,0.19020455169912873,-1.239724574406028,-0.4899548552852577,12.930537473323854,0.34856331377006927,12.24353441391603,13.617540532731677,4.195287750532298,0.11831863372144777,3.9620868939292184,4.428488607135378,away_only
2023,대구,217,433,6887,65,127,-2.524327896807838,0.22190526505949995,-2.96169347709706,-2.0869623165186164,1.422161981241251,0.1811441122366648,1.065134851924956,1.779189110557546,-1.5154391681206967,0.34495796241466925,-2.195336237558979,-0.8355420986824142,-0.5154502995136032,0.11138978167666595,-0.7349946915235982,-0.29590590750360823,away_only
2023,대전구,217,517,8128,72,132,11.418427059212014,0.2548069165400082,10.91621376163953,11.9206403567845,-0.05828957501790433,0.14967952649247815,-0.3533013808182103,0.23672223078240162,1.8283724508553332,0.7413347212191245,0.3672341112687847,3.2895107904418817,0.5776446163614329,0.23419503552542237,0.11605643554036615,1.0392327971824997,away_only
2023,문학,217,540,8132,74,131,-8.145434547505051,0.2673457767707731,-8.672361390650796,-7.618507704359307,0.7229182091407562,0.16556568331624755,0.3965954824574758,1.0492409358240367,0.5894243189583899,0.392846678201965,-0.18485931658502852,1.3637079545018083,0.22544230861989656,0.12694605964412947,-0.024762827462826043,0.47564744470261916,away_only
2023,사직,217,475,6991,71,127,-6.080290504713046,0.22672660734302072,-6.527158739952972,-5.633422269473121,-3.0498533851203598,0.1738501173556744,-3.392504369269952,-2.7072024009707674,-5.134204324968582,0.40756381581104134,-5.937494795608338,-4.330913854328826,-1.6800173807912482,0.13648330314520377,-1.9490200070420771,-1.4110147545404192,away_only
2023,수원,217,540,7881,75,142,6.8236862993242156,0.3309556456376862,6.171387184359508,7.475985414288923,3.288634714160474,0.19955802992375637,2.895314557761413,3.681954870559535,-10.56284974667897,0.9200924328969492,-12.376311724364784,-8.749387768993154,-3.456061780182168,0.3019144408636557,-4.051121949622594,-2.861001610741742,away_only
2023,잠실,217,961,15172,147,170,-5.105220224122748,0.1582753829989074,-5.41717408746283,-4.793266360782666,-2.8409124059175084,0.11199143997790251,-3.06164264014709,-2.6201821716879268,-3.5822360445242767,0.2646034672695786,-4.103757915480645,-3.060714173567908,-1.1192237300238888,0.08380741895906775,-1.2844044904522018,-0.9540429695955757,away_only
2023,창원,217,503,7767,75,128,1.443790816489605,0.28728652368368635,0.8775616325786325,2.0100200004005773,-2.3791556371946743,0.18035443270930207,-2.734626342671116,-2.0236849317182326,2.246745163999414,0.39329739705703387,1.4715731812888309,3.021917146709997,0.7705922630448679,0.1293109918693674,0.5157259488924923,1.0254585771972435,away_only
2023,고척,230,453,7438,75,165,5.048301516091756,0.22248008654451118,4.609941932652117,5.486661099531395,8.04079303962332,0.1455699465339029,7.753971948733618,8.327614130513023,7.740214146708973,0.3107305497980773,7.127971871514588,8.352456421903359,2.138979980305444,0.0858454031701845,1.9698360548496203,2.3081239057612675,fastball_only
2023,광주,230,478,8328,72,147,2.00078151435508,0.20098814548333072,1.6047681852576399,2.3967948434525197,-1.355697035138408,0.12692044816751463,-1.6057724268411744,-1.1056216434356414,14.07829059959358,0.27123214679693103,13.543873282825976,14.612707916361183,3.9327830837343876,0.07432734646434516,3.786333551372463,4.079232616096312,fastball_only
2023,대구,230,406,6526,67,144,-2.7265800566611063,0.2083850697625156,-3.137167780690334,-2.3159923326318785,1.2639549173709943,0.16631707547825578,0.9362550991179979,1.5916547356239907,-1.6331333250798516,0.31803407638280573,-2.2597659707610864,-1.0065006793986169,-0.4714020202484755,0.08662157449886053,-0.6420752607346945,-0.30072877976225654,fastball_only
2023,대전구,230,550,9115,74,151,12.6260014600042,0.20218260223732828,12.227634654812556,13.024368265195845,-0.13314022715936982,0.14694862391121594,-0.42267776989068817,0.15639731557194855,1.5209272551245123,0.666000389909486,0.20868552587226263,2.833168984376762,0.4229832181952978,0.18424354890733918,0.05996229976220696,0.7860041366283887,fastball_only
2023,문학,230,489,8439,74,144,-9.328524519427082,0.17791139788198815,-9.679068999501748,-8.977980039352417,1.0347763519444066,0.11773001235557605,0.8028091679321478,1.2667435359566654,0.6951053941198123,0.29938112647029785,0.10522524831650049,1.2849855399231243,0.19621816730829134,0.08379745567172733,0.031109377878677236,0.36132695673790544,fastball_only
2023,사직,230,496,7884,75,152,-6.556289144398113,0.14553741939390438,-6.843046146030383,-6.269532142765843,-3.2144752842324107,0.13096304777175352,-3.4725159383820383,-2.956434630082783,-5.089429217838227,0.2628380798956278,-5.607307437883196,-4.571550997793259,-1.412805922447492,0.07299892611780646,-1.556638025992366,-1.268973818902618,fastball_only
2023,수원,230,509,8774,81,159,7.722534562336046,0.29618964155403643,7.138942700667172,8.306126424004919,3.584050861639825,0.16416655679054215,3.260588278686252,3.9075134445933974,-10.926156008178772,0.7324256884649127,-12.369277613724062,-9.483034402633482,-3.084212464470356,0.20229840794221124,-3.482807445321858,-2.685617483618854,fastball_only
2023,잠실,230,1015,17349,148,193,-5.800983865939549,0.12787615654434106,-6.052942320223162,-5.549025411655936,-2.8366976251151534,0.08787438776085055,-3.009839323377452,-2.663555926852855,-3.912519248314973,0.20288886080436047,-4.312277617201389,-3.5127608794285576,-1.0634157078068598,0.05676312525593846,-1.1752578970490284,-0.9515735185646913,fastball_only
2023,창원,230,501,8364,75,159,1.4099516843282065,0.2873840207092314,0.8437098171932653,1.9761935514631477,-2.5316021037023644,0.15434651242914138,-2.8357159412356983,-2.2274882661690305,2.389085844047225,0.3061625973726592,1.7858439506554502,2.992327737439,0.663759324737567,0.08508403522775161,0.4961155467298721,0.831403102745262,fastball_only
2023,고척,254,1178,17667,75,188,4.391724922307155,0.19408433575022427,4.009505413102377,4.773944431511933,6.8900659581194,0.12111707531075545,6.651544343777622,7.128587572461178,6.7458524200728345,0.29755306446147883,6.159867024490942,7.331837815654727,2.196420705861378,0.09416685621072138,2.0109734392126204,2.3818679725101357,equal_cells
2023,광주,254,1138,17741,72,165,1.9953096068798781,0.16530330486427575,1.6697699500553151,2.320849263704441,-1.1342279077670394,0.11446976341246413,-1.3596586547728473,-0.9087971607612315,12.938740175601183,0.23275739515445015,12.480359971985942,13.397120379216423,4.246116574237186,0.07791681450727152,4.092671287245576,4.399561861228795,equal_cells
2023,대구,254,1015,15516,67,165,-2.576681009950935,0.17523764332957303,-2.921784831795836,-2.231577188106034,1.3070171232775265,0.1428986004818283,1.0256001159178745,1.5884341306371785,-1.6670961712716048,0.26080127270003406,-2.180704516149449,-1.1534878263937607,-0.5808642061522011,0.08450789625229878,-0.7472896237657636,-0.41443878853863875,equal_cells
2023,대전구,254,1263,18396,74,173,11.397512852858537,0.1866433041947823,11.029947320844162,11.765078384872911,0.22044344791100323,0.11864738850520122,-0.013214494795144388,0.4541013906171508,1.1672706272045392,0.6124529588393458,-0.03886210078568619,2.373403355194765,0.3848216572114628,0.20049949584199078,-0.010031531740147814,0.7796748461630734,equal_cells
2023,문학,254,1274,19648,74,162,-8.28172136592055,0.15564775421830332,-8.588245887831006,-7.975196844010094,0.6799607471208813,0.09319920679257508,0.4964191184735447,0.8635023757682179,0.6785741673261949,0.23974800633968252,0.2064270207686884,1.1507213138837014,0.24671192060329106,0.07960700836843558,0.08993805448870465,0.4034857867178775,equal_cells
2023,사직,254,1134,16866,75,170,-5.719970584476858,0.12430816402660104,-5.964776561531807,-5.475164607421909,-3.209271664558562,0.11391023327578574,-3.433600502266024,-2.9849428268511002,-4.921994236502966,0.23631927475254166,-5.387389018943265,-4.456599454062667,-1.6237827909964975,0.07702285265953634,-1.7754675564222198,-1.4720980255707752,equal_cells
2023,수원,254,1158,18600,81,179,6.857275615131707,0.2499701907203844,6.364997434908398,7.349553795355016,3.3134602190466103,0.14688764107023317,3.0241874044163484,3.602733033676872,-10.235235359442202,0.6549531104909693,-11.525065656546493,-8.94540506233791,-3.4392002581193197,0.22460000510312664,-3.8815157257023776,-2.996884790536262,equal_cells
2023,잠실,254,2282,34778,148,210,-5.100713374103988,0.10280700222657534,-5.303176091056201,-4.898250657151774,-2.938540640680224,0.07842585124532138,-3.092988397919793,-2.784092883440655,-3.7026115326293203,0.18252298082424534,-4.062062715949021,-3.34316034930962,-1.1732859077518403,0.05776201022611241,-1.2870393805087499,-1.0595324349949307,equal_cells
2023,창원,254,1222,18730,75,178,1.4075447266251504,0.2532209089353446,0.9088647524812641,1.9062247007690367,-2.3815002595099726,0.1278630395406124,-2.6333070219142254,-2.1296934971057198,2.3755964065813995,0.24785494752699042,1.8874838753379666,2.8637089378248324,0.8068327763132369,0.08040657667482509,0.6484842823212251,0.9651812703052487,equal_cells
2023,고척,254,1178,17667,75,188,4.5041752173242875,0.20847802469647878,4.093609532198523,4.914740902450052,7.0182773752970755,0.12645776413609774,6.769238088554034,7.267316662040117,6.867928182662149,0.27613880600512836,6.324114904296888,7.411741461027411,2.209851737296539,0.09019812017948181,2.032220291188682,2.3874831834043957,original_labels
2023,광주,254,1138,17741,72,165,1.8761733870618784,0.16054236541810082,1.5600096746247725,2.1923370994989844,-1.1024752428027003,0.11158494706463677,-1.3222247838299304,-0.8827257017754703,13.0149746107557,0.22411953656006664,12.57360535271607,13.456343868795331,4.211478093248651,0.07433674119925401,4.065083214819991,4.3578729716773115,original_labels
2023,대구,254,1015,15516,67,165,-2.5885445202951773,0.1749745434234107,-2.9331302069870455,-2.243958833603309,1.2727121821611915,0.12446655805403443,1.0275942722179308,1.5178300921044523,-1.643963298219068,0.27128848408111156,-2.1782246070339957,-1.1097019894041402,-0.5691011302388846,0.08722380191342988,-0.740875109985663,-0.3973271504921064,original_labels
2023,대전,254,1263,18396,74,173,11.492936445973559,0.1852648057556585,11.128085656469468,11.85778723547765,0.10165346247298523,0.11302758821749609,-0.12093714036004724,0.3242440653060177,1.2250054411550715,0.6144264812406008,0.014986161678367083,2.435024720631776,0.3932272578937014,0.19910549442745132,0.001119342198876161,0.7853351735885266,original_labels
2023,문학,254,1274,19648,74,162,-8.257064893051307,0.15196710124930532,-8.556340930090865,-7.9577888560117485,0.724268004897183,0.08716440664407393,0.5526109950780116,0.8959250147163544,0.5600614361031393,0.25407144110968577,0.059706468513836986,1.0604164036924417,0.19893726935091116,0.08429464852494777,0.032931810624664826,0.3649427280771575,original_labels
2023,사직,254,1134,16866,75,170,-5.761356881578424,0.12429427396467457,-6.006135504274084,-5.516578258882763,-3.256584220618903,0.11019412644858263,-3.4735947524870205,-3.039573688750785,-4.8835451652793616,0.2287690012250311,-5.334070835120276,-4.433019495438447,-1.585724729806187,0.07491111752516538,-1.7332507548394414,-1.4381987047729325,original_labels
2023,수원,254,1158,18600,81,179,7.13190257974647,0.2485046159488111,6.642510625594566,7.621294533898373,3.258914481534632,0.14438355118926005,2.9745730901519525,3.5432558729173116,-10.266696573100344,0.6806286968541355,-11.607091023052622,-8.926302123148066,-3.4005521676118593,0.22889553153820827,-3.851327019613792,-2.9497773156099267,original_labels
2023,잠실,254,2282,34778,148,210,-5.191396671983652,0.11066241474092739,-5.409329426248412,-4.973463917718892,-2.9241640070717088,0.08050467394740839,-3.0827056886861848,-2.7656223254572327,-3.732049786261954,0.18846763826810156,-4.103208066096158,-3.36089150642775,-1.1667599804448852,0.058284158497558136,-1.2815417446157962,-1.0519782162739741,original_labels
2023,창원,254,1222,18730,75,178,1.2374908676334357,0.24663228440357643,0.7517861850046148,1.7231955502622567,-2.3638235042574767,0.11695445023271361,-2.594147463140958,-2.1334995453739953,2.287973948451745,0.26668721672045376,1.7627741341954197,2.813173762708071,0.7743216095904443,0.08463501322343848,0.6076458544824478,0.9409973646984408,original_labels
2024,고척,276,1335,19712,73,174,5.7993426930788265,0.2180053298476408,5.370178197696174,6.228507188461479,8.189912696316718,0.15545939331427105,7.883875902946391,8.495949489687044,8.557060588189632,0.2963710259247065,7.973625669988746,9.140495506390518,2.7877995956612454,0.09437358880615565,2.602016093736088,2.9735830975864026,season_fe
2024,광주,276,1542,21775,80,193,-0.06355057622404581,0.19948143956215664,-0.45624900890791287,0.32914785645982125,-1.917867470630519,0.26949042643936394,-2.4483853389511454,-1.3873496023098926,13.139499809809616,0.2460581915792455,12.655110553374115,13.623889066245116,4.228629073127847,0.06860722354619266,4.093569143660139,4.363689002595554,season_fe
2024,대구,276,1507,21791,80,194,-2.89807358991132,0.16297276085793486,-3.2189011711617157,-2.577246008660924,-0.5569917198778349,0.29274311857743057,-1.133284752937304,0.019301313181634194,-2.9502054405029217,0.3147056414299849,-3.5697338157622065,-2.330677065243637,-1.0026874932367438,0.10529251551055177,-1.209965954356189,-0.7954090321172986,season_fe
2024,대전구,276,1428,20025,73,185,4.1509213991216,0.28605236416390745,3.5877997607414063,4.714043037501794,0.8391635454591653,0.16161395712576715,0.5210109002685778,1.1573161906497527,-6.550425081571671,0.31277180954577904,-7.166146522453158,-5.934703640690183,-2.151172202102623,0.10040222637875343,-2.3488236579144903,-1.9535207462907556,season_fe
2024,문학,276,1491,21128,77,197,-11.019663799772687,0.36651700811979254,-11.7411878420923,-10.298139757453074,1.1036773033346141,0.2361950368019507,0.6387046173372625,1.5686499893319659,2.90104721785109,0.30552907301643295,2.299583801624223,3.5025106340779573,0.931732432060504,0.0979757971446904,0.7388576359685901,1.124607228152418,season_fe
2024,사직,276,1400,19798,72,187,-4.742678794037474,0.18986473810594418,-5.116445823390122,-4.3689117646848254,-2.7350167330517423,0.1798198490892701,-3.0890094306069598,-2.381024035496525,-4.775290516929868,0.2328648147726971,-5.233707340014622,-4.316873693845114,-1.5598221671514407,0.07549402488152113,-1.7084394285520066,-1.4112049057508749,season_fe
2024,수원,276,1499,21604,79,196,12.388590875677423,0.18014636623122451,12.033955397670193,12.743226353684653,5.0501913379249785,0.18849596347315586,4.6791188733106495,5.421263802539308,0.8440918926309173,0.5290340219742262,-0.1973625490540587,1.8855463343158934,0.24836882852795572,0.17184046271300443,-0.08991567817694357,0.586653335232855,season_fe
2024,울산,276,64,1032,4,25,8.622941787893252,0.1289408397871782,8.369109322053296,8.876774253733208,-2.1460880037631465,0.3408191166879981,-2.8170232709531238,-1.4751527365731691,1.6413508248254693,0.5234228612541267,0.6109424936215326,2.671759156029406,0.5099069338290692,0.1778368993443367,0.15981786389271913,0.8599960037654192,season_fe
2024,잠실,276,2870,41958,154,229,-2.610749912950098,0.10470325932468327,-2.816868366496168,-2.404631459404028,-3.9535616055444294,0.1330310637048272,-4.215446071236164,-3.6916771398526955,-6.1043125340334345,0.1790510088671863,-6.456791695538083,-5.751833372528786,-1.9163390142878873,0.054042965679561066,-2.0227277989614554,-1.8099502296143193,season_fe
2024,창원,276,1511,21707,78,200,0.3513435753966546,0.18200855243029493,-0.006957795554528301,0.7096449463478376,-1.8892040656036848,0.1978350462613959,-2.278661414454344,-1.4997467167530258,1.1547060996590996,0.2558139092806197,0.6511117730203521,1.6583004262978474,0.3960992312014451,0.08116638723169654,0.2363153780146054,0.5558830843882847,season_fe
2024,청주,276,51,760,3,19,27.772120628584833,0.295424317331913,27.190549397458867,28.3536918597108,5.798402751167224,1.5467093187060281,2.7535564406204642,8.843249061713983,-4.8729416756580495,1.694260824168892,-8.208257340459479,-1.5376260108566195,-1.6189706332723555,0.4966735565835676,-2.596720381088444,-0.641220885456267,season_fe
2024,포항,276,35,517,2,16,-3.709230729076822,0.8232761599596556,-5.329929167947935,-2.0885322902057095,4.024492168829305,0.4041696099003167,3.2288453522900165,4.820138985368593,-21.756250006866487,0.7541570102045622,-23.240880740206485,-20.27161927352649,-7.2784155517556375,0.14182085109072431,-7.557603560762692,-6.999227542748583,season_fe
2024,고척,269,1163,17711,73,170,5.608624714814133,0.224817846693711,5.1659983980727056,6.0512510315555605,8.319095171322061,0.1703737734471578,7.983659542348201,8.654530800295921,8.626122474499592,0.3115851901600058,8.012666705307055,9.23957824369213,2.7824602839082004,0.10041299922936202,2.5847649645396977,2.980155603276703,28day_fe
2024,광주,269,1323,19344,80,183,-0.15331269201228603,0.2320958266226946,-0.6102680555649876,0.3036426715404156,-1.9826290752111215,0.2967925605852863,-2.5669607902421645,-1.3982973601800786,13.18367062773498,0.2954568866284908,12.601968616940315,13.765372638529644,4.203778942479568,0.08197783288682316,4.0423791837025265,4.3651787012566095,28day_fe
2024,대구,269,1331,19675,80,185,-3.0029357535459136,0.1903347947940222,-3.377671079973049,-2.628200427118778,-0.42048585320566234,0.25039719432610796,-0.9134733516490099,0.07250164523768526,-2.987077060687004,0.32239832187683304,-3.6218219612125178,-2.3523321601614904,-1.0080705447012184,0.10720335982745748,-1.2191348752273448,-0.7970062141750921,28day_fe
2024,대전구,269,1236,17970,73,178,4.11013548093026,0.2844661491896307,3.5500722755168352,4.670198686343684,0.7653192942495077,0.17668761976153946,0.41745282591077426,1.113185762588241,-6.263033451618159,0.31904875067762384,-6.891183642762842,-5.634883260473476,-2.0436560327616373,0.0968329416447214,-2.23430285608894,-1.8530092094343344,28day_fe
2024,문학,269,1303,18913,77,187,-10.965687539092727,0.3107885276697046,-11.577574821668415,-10.353800256517038,0.9844772889045439,0.2502556080260696,0.4917685486799439,1.4771860291291439,2.8213575225339547,0.32126846163991746,2.1888371156705473,3.453877929397362,0.9163277475391505,0.10446569403421092,0.7106533935845221,1.1220021014937789,28day_fe
2024,사직,269,1201,17601,72,176,-4.707268057019783,0.21906119064277704,-5.13856054283077,-4.275975571208796,-2.8710442822476514,0.17560225986756017,-3.216773870177307,-2.525314694317996,-4.651297374493682,0.2806061956473148,-5.203761018553973,-4.098833730433391,-1.5233526928584862,0.09103956930431086,-1.7025933974178198,-1.3441119882991526,28day_fe
2024,수원,269,1313,19401,79,192,12.339916574301412,0.1878697521899177,11.970034477920342,12.709798670682483,4.971533998134248,0.1838689827311236,4.609528704576977,5.333539291691519,0.6422706511184231,0.459830992976612,-0.2630547122282073,1.5475960144650536,0.18128694133299383,0.1488531259652482,-0.11177836398152696,0.47435224664751463,28day_fe
2024,울산,269,61,1014,4,25,8.858336230359058,0.4985019675153967,7.8768746025804335,9.83979785813768,-1.4990347808308693,0.49098520022505426,-2.4656972319940373,-0.5323723296677012,2.4754896063507204,0.368727224302747,1.7495313446929255,3.201447868008515,0.7550423386840155,0.1085382349827685,0.5413498766194267,0.9687348007486043,28day_fe
2024,잠실,269,2481,36537,154,222,-2.625281110818144,0.11628886275895516,-2.854233179161594,-2.3963290424746946,-4.027136969408219,0.12484194896603354,-4.272928541822575,-3.781345396993864,-6.161447372637444,0.20538859481276167,-6.565820951335248,-5.75707379393964,-1.9136937144341166,0.06132205024967977,-2.0344259144628243,-1.7929615144054087,28day_fe
2024,창원,269,1275,18565,78,191,0.4469754768490177,0.20923227516184886,0.0350343758184975,0.858916577879538,-2.0750333918275596,0.18162832801735634,-2.4326272351479847,-1.7174395485071345,0.9205260053521691,0.2848223953818358,0.35976141460734024,1.481290596096998,0.32587419956249297,0.09174036642730563,0.14525375022801798,0.5064946488969679,28day_fe
2024,청주,269,48,735,3,18,27.69536244818066,0.6081666231376581,26.49799063663033,28.89273425973099,6.1369955110574494,1.7413430064543247,2.708601135497039,9.56538988661786,-4.646540877026074,1.8014237273405747,-8.19322349608737,-1.0998582579647773,-1.5538233490756985,0.5424180095133176,-2.621747845355524,-0.4858988527958732,28day_fe
2024,포항,269,34,508,2,16,-3.979805766496967,1.0234839733007641,-5.99486350327526,-1.9647480297186735,7.215909414223233,0.6091072403343165,6.016685694866901,8.415133133579566,-22.641676502512812,0.9933204640081666,-24.597347659379736,-20.68600534564589,-7.534785447559463,0.2954055504698756,-8.11638638659698,-6.953184508521946,28day_fe
2024,고척,236,542,8260,72,137,5.579213945978067,0.302464390183978,4.983338876632864,6.17508901532327,8.273329989511065,0.19611753030145718,7.886965343751913,8.659694635270219,8.558175365744477,0.33986547653368365,7.888617655911708,9.227733075577245,2.7403874308215523,0.11364391530323657,2.5165013202259003,2.9642735414172043,away_only
2024,광주,236,558,8434,79,137,0.3141803960223206,0.2906685205378923,-0.25845602152961555,0.8868168135742568,-2.038536680948997,0.37662406005428245,-2.780511257742683,-1.2965621041553106,12.870187009008667,0.3836540535367062,12.114362875077735,13.6260111429396,4.131759182197218,0.10846707700189313,3.918071789142912,4.345446575251524,away_only
2024,대구,236,589,8647,78,146,-2.9443678382004235,0.2693829433923857,-3.475070245768849,-2.413665430631998,-0.5839346013241631,0.3536618888375979,-1.2806721657286033,0.11280296308027726,-2.7813815221800997,0.4933761623949548,-3.753365545825132,-1.8093974985350676,-0.9542310622259556,0.1585195324337869,-1.2665251386430065,-0.6419369858089046,away_only
2024,대전구,236,509,7572,73,130,3.8190851373802466,0.30910067373038314,3.2101361457924837,4.42803412896801,0.8125142042543096,0.2506459195600757,0.3187249862637027,1.3063034222449166,-6.284632701579268,0.434699061102715,-7.141018912932342,-5.4282464902261935,-2.0639239928207016,0.13986936441290282,-2.3394759914150236,-1.7883719942263796,away_only
2024,문학,236,554,7700,77,150,-11.35886254669437,0.4263593975848813,-12.198819063384935,-10.518906030003805,1.0631320727308915,0.3074298319411734,0.4574747511688285,1.6687893942929546,3.0496273005623937,0.40628294923529096,2.2492227292933733,3.850031871831414,0.9770966247031536,0.13753223163094627,0.7061489339338627,1.2480443154724445,away_only
2024,사직,236,506,7163,71,137,-4.870118626096459,0.28327477914166765,-5.428188878803284,-4.312048373389634,-3.215888797895306,0.26056182673712336,-3.729213015933852,-2.7025645798567597,-5.178816893710675,0.40052106432949686,-5.967870166515401,-4.389763620905948,-1.6552543922902143,0.12406333162223795,-1.899667449604602,-1.4108413349758266,away_only
2024,수원,236,581,8541,78,150,12.249326874309123,0.2575981758432627,11.741841246660739,12.756812501957507,5.406354612801349,0.25220771368751044,4.909488555968913,5.903220669633784,0.6806434978091289,0.6028933679600892,-0.5070967423641461,1.868383737982404,0.17709330417300162,0.19685783949995694,-0.21072980019916193,0.5649164085451652,away_only
2024,울산,236,24,405,4,12,7.802422094147522,0.5956360177357949,6.628979319092482,8.975864869202562,-1.9050014605151118,0.8334029806486323,-3.5468610479674947,-0.26314187306272885,1.7474568504625427,0.9520799825929259,-0.12820436474582975,3.623118065670915,0.46259285468785105,0.26573931077275903,-0.06093135303176622,0.9861170624074683,away_only
2024,잠실,236,1075,15776,148,193,-2.866311596188214,0.16498258581339198,-3.1913383198382546,-2.5412848725381734,-4.2180338519422405,0.15466211627047383,-4.5227285606373275,-3.913339143247153,-6.4311036676404685,0.2232561076523383,-6.87093312507894,-5.991274210201997,-2.019147587763354,0.0750607783334039,-2.167022339126039,-1.8712728364006685,away_only
2024,창원,236,600,8953,77,155,0.3526857561568142,0.2450676879380441,-0.13011397261630214,0.8354854849299305,-2.0670621825192685,0.31868835392172273,-2.6948995450501334,-1.4392248199884037,0.6834764909693991,0.3949426225586628,-0.09458687861064641,1.4615398605494447,0.277606734828193,0.1252644207998376,0.03082745153739644,0.5243860181189895,away_only
2024,청주,236,15,209,3,7,24.805861317368777,1.2989266928985534,22.24688889507977,27.364833739657783,4.800936862897341,2.4159945427652687,0.04126609691985905,9.560607628874823,-1.05290423192886,1.5162316372580342,-4.039981922115679,1.9341734582579595,-0.27452682002925544,0.629478415360546,-1.5146413808743193,0.9655877408158084,away_only
2024,포항,236,17,232,2,8,-3.22818068629478,1.1337116347605252,-5.461668398912715,-0.9946929736768455,5.362486653696519,1.3820965078974188,2.6396641356996136,8.085309171693424,-21.332838098124327,2.026225612886763,-25.32463801497908,-17.341038181269575,-6.657388426020834,0.22892139485877355,-7.108378877998007,-6.206397974043661,away_only
2024,고척,249,480,8624,73,153,6.425322109676464,0.23920309636235706,5.954202792537075,6.896441426815853,9.369041997338876,0.21573484258267162,8.944144271237716,9.793939723440035,9.517139750549362,0.3399199351514485,8.847654906222667,10.186624594876056,2.6522983088933243,0.09124771828603759,2.4725825636409127,2.832014054145736,fastball_only
2024,광주,249,520,8569,80,167,0.26188979289792513,0.2649147716622618,-0.2598696166734247,0.7836492024692749,-2.6986952705278844,0.32507294999506303,-3.338938430215769,-2.05845211084,14.448152256003663,0.3048293569232098,13.847779599204301,15.048524912803025,3.995178384433178,0.07435624504804292,3.848731018471757,4.141625750394598,fastball_only
2024,대구,249,540,9043,80,166,-2.8212663830528655,0.21349201759353392,-3.241746782650253,-2.400785983455478,-0.7906415602379928,0.2708446714804183,-1.3240801261226156,-0.25720299435337,-3.040015771377271,0.3748425105760212,-3.7782819155156124,-2.3017496272389293,-0.8935791941234648,0.10449131644625342,-1.0993786942126353,-0.6877796940342942,fastball_only
2024,대전구,249,563,9011,73,160,4.548973784447605,0.3198993440320627,3.918920232442493,5.179027336452716,0.7611207702568041,0.2102601273096055,0.34700569772578244,1.1752358427878258,-6.74941047896364,0.3639938899256119,-7.466309864767957,-6.032511093159324,-1.8973779291695685,0.09912709658831156,-2.0926124004823943,-1.702143457856743,fastball_only
2024,문학,249,580,9693,77,169,-12.535603097547302,0.37263325908573586,-13.269518039425638,-11.801688155668966,1.3786147951192276,0.28709483848392714,0.8131709262158814,1.9440586640225739,3.5664696872110397,0.33598996611328974,2.9047250617936835,4.2282143126283955,0.9743027264774788,0.0912143540699362,0.7946526932787389,1.153952759676219,fastball_only
2024,사직,249,502,8170,72,159,-5.282898232058706,0.26168844723425333,-5.798303276722124,-4.767493187395288,-3.2310786153173927,0.21726111683224814,-3.658982394823223,-2.8031748358115625,-5.092588116176401,0.3474936803408868,-5.776989730879809,-4.4081865014729935,-1.415395434885145,0.09616068791652445,-1.604787454954398,-1.226003414815892,fastball_only
2024,수원,249,538,9106,79,171,13.785495232945799,0.18117341953976485,13.428667503725759,14.142322962165839,5.801946454246029,0.21094138545002106,5.386489618691079,6.21740328980098,1.2174646425048792,0.5595950515594313,0.11532155750947637,2.3196077275002818,0.3121571992317378,0.15337351488265502,0.010082407150762751,0.6142319913127128,fastball_only
2024,울산,249,25,424,4,21,10.511920557247768,0.3897586074869126,9.74427661032213,11.279564504173406,-1.6396058693142725,0.3673550830960827,-2.363125248987092,-0.9160864896414531,3.1015069500445094,0.4306915557720217,2.2532440523701327,3.949769847718886,0.7827826286061308,0.12881849153970681,0.5290698602848616,1.0364953969274,fastball_only
2024,잠실,249,1110,19054,154,202,-2.7844804886481214,0.14285158706538006,-3.065831955974323,-2.5031290213219197,-4.283724385048891,0.14232741679448643,-4.564043479701646,-4.0034052903961355,-6.582488630815404,0.22140123460090205,-7.0185465249029715,-6.146430736727837,-1.7708386352176753,0.05727075298619917,-1.8836354946615181,-1.6580417757738324,fastball_only
2024,창원,249,546,8984,77,179,0.6439240826973889,0.21299513508032508,0.2244223115286521,1.0634258538661256,-2.07086006658833,0.22021000252318929,-2.504571785180926,-1.6371483479957343,1.0650862735487179,0.3194524009462047,0.43591299242894055,1.6942595546684953,0.30446003988159465,0.08737676471381259,0.13236828040260432,0.476551799360585,fastball_only
2024,청주,249,16,301,3,14,32.02712671433113,1.1861611109761139,29.690938675302437,34.36331475335982,7.578634308377411,1.3921698913153393,4.83670438141299,10.32056423534183,-5.319930127821563,2.3461914508942456,-9.940840688900385,-0.6990195667427415,-1.488236490836233,0.6280717988757872,-2.7252470542472915,-0.2512259274251749,fastball_only
2024,포항,249,11,235,2,11,-3.50121180936177,0.45730873024245045,-4.401898213468072,-2.6005254052554685,6.217037680672086,0.4032667393500325,5.422788970029085,7.011286391315087,-23.32572313149653,0.6554695700706501,-24.616694615367045,-22.034751647626017,-6.512699550992227,0.1492139012480074,-6.806581830664625,-6.21881727131983,fastball_only
2024,고척,269,1181,17868,73,168,5.66488786704437,0.22506639879402027,5.221772195466143,6.108003538622596,8.292267467149868,0.17209537363755084,7.953442313890539,8.631092620409197,8.524470675815635,0.28082738213513203,7.971571554937755,9.077369796693516,2.7986002151011253,0.09520874085145396,2.6111511539859653,2.9860492762162854,equal_cells
2024,광주,269,1366,19620,80,184,0.06531293138392802,0.22759774004026698,-0.3827865004638656,0.5134123632317216,-1.7193831981369545,0.2997661965100272,-2.309569472919614,-1.1291969233542951,13.148396637850492,0.26298165961602477,12.630632567612002,13.666160708088983,4.263462643052968,0.0759828740821077,4.113865890904502,4.413059395201434,equal_cells
2024,대구,269,1332,19766,80,185,-2.8684033862872846,0.18744530775519005,-3.237449827138477,-2.499356945436092,-0.5706548886570335,0.2499147953552645,-1.0626926294062993,-0.07861714790776786,-2.7046033330493495,0.3238913496791535,-3.3422877395200206,-2.0669189265786785,-0.9305224448667313,0.10780727920269056,-1.142775785129404,-0.7182691046040587,equal_cells
2024,대전구,269,1269,17887,73,180,3.9662590210860307,0.276350901346951,3.422173293950578,4.510344748221484,0.8642390679406855,0.18482978900850186,0.5003421178716548,1.228136018009716,-6.350027089031003,0.32326717654887166,-6.98648260972713,-5.713571568334876,-2.0999948041813563,0.10132013376624864,-2.2994761099595507,-1.900513498403162,equal_cells
2024,문학,269,1342,19164,77,188,-11.162949498449438,0.3584768803823591,-11.868726657754644,-10.45717233914423,1.028130150443955,0.27044687111422444,0.4956684077664715,1.5605918931214386,3.047310260597543,0.2842154277421595,2.4877406810792793,3.606879840115807,0.9806176349811437,0.09141691710345479,0.8006339997829754,1.160601270179312,equal_cells
2024,사직,269,1254,18382,72,182,-4.8214003106909615,0.2113332818807304,-5.237477919917357,-4.405322701464566,-2.9973665995924845,0.1730981448090341,-3.338166030769228,-2.6565671684157413,-4.910717515742547,0.28553221509375576,-5.472879615133857,-4.348555416351238,-1.6125553550139382,0.09346576638467419,-1.7965728096985993,-1.428537900329277,equal_cells
2024,수원,269,1347,19869,79,192,12.291892460301895,0.19416362181308988,11.909618855104574,12.674166065499216,5.202409571848277,0.1854011549389026,4.837387703980219,5.5674314397163345,0.8150052516809456,0.4618796905213997,-0.0943536324101566,1.7243641357720478,0.24641825251068017,0.1511499041568177,-0.051169000177046564,0.544005505198407,equal_cells
2024,울산,269,62,1019,4,25,8.558451556290649,0.36977740214612725,7.83042568141809,9.286477431163208,-1.4145797434374732,0.2799496085989671,-1.9657506844890644,-0.863408802385882,2.7993700632182037,0.40397950784752196,2.0040063310800944,3.594733795356313,0.825696986168702,0.1282212629588377,0.5732521461079152,1.0781418262294888,equal_cells
2024,잠실,269,2580,38317,154,225,-2.485630018800294,0.12207023355048333,-2.72596457699855,-2.2452954606020383,-3.9967930860962912,0.11945283100236755,-4.23197444464274,-3.761611727549843,-6.1310234592802,0.18209417771629222,-6.48953447772452,-5.7725124408358806,-1.9378164979758166,0.05878373554638497,-2.0535512082394853,-1.822081787712148,equal_cells
2024,창원,269,1354,19590,77,195,0.4690954604196087,0.19219751156143483,0.09069277628925854,0.8474981445499589,-2.0451252035435648,0.18482609880124654,-2.409014888251462,-1.6812355188356674,0.9741427247862324,0.2752117270210437,0.43229982909596165,1.5159856204765032,0.3417042421129257,0.0878049072631854,0.1688320112589614,0.51457647296689,equal_cells
2024,청주,269,50,748,3,19,27.19165969602116,0.869118323217083,25.480520443174537,28.90279894886778,6.552955733212668,1.2888780482414177,4.015384309894088,9.090527156531248,-4.446965868325933,1.8207791416933201,-8.031755852482812,-0.8621758841690546,-1.591655657362573,0.567429957187008,-2.7088242258375113,-0.47448708888763513,equal_cells
2024,포항,269,35,517,2,16,-2.76838437326525,0.9443085984721649,-4.627559892273039,-0.9092088542574603,6.123372728028071,0.9954028400204926,4.163601743509733,8.083143712546411,-21.770022373586798,0.5920823401158062,-22.93572709528599,-20.604317651887605,-7.426224796512706,0.18630078016260235,-7.7930178662896425,-7.059431726735769,equal_cells
2024,고척,269,1181,17868,73,168,5.708921767699586,0.21969946791654255,5.276372627566437,6.141470907832734,8.367508176623586,0.1705286299704705,8.031767662723794,8.703248690523377,8.70917100432192,0.3033901830802391,8.111849745145967,9.306492263497873,2.80812077593245,0.09498757171141348,2.6211071574801954,2.9951343943847046,original_labels
2024,광주,269,1366,19620,80,184,-0.006472631697782338,0.22753997840382525,-0.45445834116648925,0.4415130777709246,-1.8880861921198164,0.30059944158700674,-2.4799129781198475,-1.2962594061197854,13.211837571055135,0.26891757297818225,12.682386744152849,13.74128839795742,4.2257815958429745,0.0769167017933652,4.074346303176557,4.377216888509392,original_labels
2024,대구,269,1332,19766,80,185,-2.877771208777645,0.18574938663504698,-3.243478682861152,-2.512063734694138,-0.5167448808418729,0.23516241508528146,-0.9797378111452507,-0.05375195053849502,-2.753250907470224,0.34208686760501744,-3.4267590494635476,-2.0797427654769,-0.9320972608451465,0.1128778489024936,-1.1543336501540198,-0.7098608715362734,original_labels
2024,대전,269,1269,17887,73,180,4.059336433674353,0.30250978984515997,3.4637485120454783,4.654924355303229,0.8211497600631623,0.1887341622426234,0.4495657941756878,1.1927337259506368,-6.245125003644968,0.3154316803729973,-6.866153827292021,-5.624096179997914,-2.044412931510635,0.0981224478465479,-2.2375985629838384,-1.8512273000374322,original_labels
2024,문학,269,1342,19164,77,188,-11.081422787091563,0.3369791221782188,-11.744874687650475,-10.417970886532652,1.164968795696308,0.2803192698809503,0.6130700573897726,1.7168675340028434,2.9007316905862464,0.3129747147659,2.284540194816065,3.516923186356428,0.9283770471712529,0.10195419335808746,0.7276473909357547,1.1291067034067512,original_labels
2024,사직,269,1254,18382,72,182,-4.800098411894787,0.21999522231602794,-5.23322983978858,-4.366966984000994,-2.9366732454048083,0.1741726334433806,-3.2795881534157787,-2.593758337393838,-4.816723123616322,0.2905272157805503,-5.38871949012046,-4.2447267571121845,-1.5671524475749266,0.0934621688888002,-1.7511628194306592,-1.383142075719194,original_labels
2024,수원,269,1347,19869,79,192,12.444292493863976,0.19891825466387586,12.052657863031229,12.835927124696724,5.154286678423813,0.19593010098262625,4.768535190220711,5.540038166626915,0.8683030858819922,0.48915482740737076,-0.09475568705691706,1.8313618588209015,0.25719084760604005,0.15850164008618045,-0.054870664327229424,0.5692523595393095,original_labels
2024,울산,269,62,1019,4,25,8.657908143162835,0.32287130910486794,8.022232014989296,9.293584271336375,-1.3571053104594055,0.30711362836417605,-1.9617573705297482,-0.752453250389063,2.6742388836039535,0.3863250032772228,1.9136337280057771,3.4348440392021296,0.805840009350419,0.12051995847338313,0.5685576667898644,1.0431223519109736,original_labels
2024,잠실,269,2580,38317,154,225,-2.586722756620482,0.11303859388004386,-2.8092756241733827,-2.364169889067581,-4.04993299354952,0.12651379813948654,-4.299016139353958,-3.800849847745082,-6.219872373741164,0.19935405613912563,-6.61236502009473,-5.827379727387598,-1.9377553063538784,0.060698937375245635,-2.057260708063053,-1.8182499046447038,original_labels
2024,창원,269,1354,19590,77,195,0.37741603368817067,0.2058885524493484,-0.02794187259066644,0.7827739399670077,-1.9883234693860334,0.19937243078283257,-2.380852292141896,-1.595794646630171,0.8879375415180606,0.26657591447749385,0.3630970233277777,1.4127780597083435,0.31500394545071186,0.08505123374399304,0.14755320753084308,0.4824546833705806,original_labels
2024,청주,269,50,748,3,19,27.532692336420162,0.6511639209519279,26.250666500105982,28.81471817273434,6.066262063792505,1.3260353629653445,3.455534502746742,8.676989624838267,-4.9236408656898005,1.9913736958337533,-8.844301156700919,-1.0029805746786828,-1.6421936831029886,0.604841656477395,-2.8330192272294292,-0.45136813897654826,original_labels
2024,포항,269,35,517,2,16,-3.787591777833846,0.7401246244294554,-5.244765401986373,-2.330418153681319,6.351059372159409,0.6541452991522112,5.063163732931396,7.638955011387423,-21.499722812564325,0.6304011834945796,-22.740870515129917,-20.258575109998734,-7.1605069151667635,0.16582729497740847,-7.4869913374245884,-6.834022492908939,original_labels
2025,고척,263,1306,19308,75,180,5.1478687814419395,0.1781751027035302,4.797037554490907,5.498700008392972,8.709692918777796,0.2569282174012297,8.203794842214323,9.215590995341268,5.976414835917708,0.5762464835217179,4.841771118739502,7.111058553095913,1.9556230224345255,0.17475937108014494,1.6115174563540902,2.2997285885149608,season_fe
2025,광주,263,1367,19334,73,186,2.0047069581572927,0.26859261912114824,1.475841383301661,2.5335725330129244,0.1868155272126637,0.2847541270132461,-0.37387246029844345,0.7475035147237709,7.28361420363764,1.0487152481361162,5.218667689544456,9.348560717730823,2.32074475289858,0.3360504653063208,1.6590529942186176,2.982436511578542,season_fe
2025,대구,263,1570,21404,80,193,-4.040128771639246,0.2187383013030048,-4.470829949654042,-3.6094275936244498,-1.608542445678532,0.2265560724511555,-2.0546370103242975,-1.1624478810327667,0.8623463734491417,0.6193565519608984,-0.3571821451124897,2.081874892010773,0.2744157192831861,0.18810418381503693,-0.09596611634431412,0.6447975549106864,season_fe
2025,대전신,263,1464,21042,81,184,1.6282394993253817,0.1822550646528462,1.2693747254035712,1.9871042732471922,-2.107795980156875,0.30468751882833234,-2.7077333139664863,-1.5078586463472639,-2.377789698112779,0.3728167550768933,-3.1118751995487632,-1.643704196676795,-0.8562113417049463,0.11525605447660929,-1.0831533913629465,-0.629269292046946,season_fe
2025,문학,263,1433,21330,81,181,-10.99705248514667,0.3227576661712575,-11.632570390356612,-10.361534579936727,3.990896020183206,0.29455724239045716,3.410905453672315,4.570886586694097,0.6708575601039248,0.7008905983691603,-0.7092135320589628,2.0509286522668124,0.22231288071987199,0.22065908653908115,-0.2121703713942631,0.6567961328340071,season_fe
2025,사직,263,1477,21776,80,186,-0.9705950286842873,0.17875666368531823,-1.3225713637323078,-0.6186186936362668,-9.107950460884718,0.47608133465224584,-10.045366498424194,-8.170534423345241,-4.0788280107582455,0.5074904114534827,-5.0780893049266025,-3.0795667165898886,-1.25950208767014,0.15026217381804519,-1.5553720605508659,-0.963632114789414,season_fe
2025,수원,263,1388,20237,78,187,15.482401986115768,0.4311603403316968,14.633436508246021,16.331367463985515,6.10240827079223,0.3543711665348874,5.4046425938538,6.80017394773066,-6.458619062695407,0.4785357408468059,-7.400867887328074,-5.5163702380627395,-2.110893886914835,0.14374978071183225,-2.393940795129552,-1.8278469787001177,season_fe
2025,울산,263,139,2059,8,44,-1.6889686470489682,1.8018473878823407,-5.236851152951681,1.8589138588537444,3.697955921083013,0.545559969943611,2.6237347155021222,4.7721771266639035,19.47449231368016,1.3813262546611618,16.754626421144053,22.194358206216265,6.415459565474544,0.4355011067554571,5.5579470101105315,7.272972120838556,season_fe
2025,잠실,263,2731,39551,149,212,-2.521290886321603,0.2083062700663871,-2.9314511343029594,-2.111130638340246,-2.57249788308493,0.28295640773413794,-3.129646116439406,-2.015349649730454,-1.7833290797888575,0.29579250032338744,-2.3657519000189002,-1.2009062595588147,-0.5798586412354442,0.08858349206800033,-0.7542817493928996,-0.40543553307798874,season_fe
2025,창원,263,1319,18568,69,175,-2.3920878441115376,0.29388845889641374,-2.9707615592205228,-1.8134141290025525,-0.8915873247046682,0.20775669226645227,-1.3006654402728504,-0.482509209136486,1.249204167842364,0.5493836911047537,0.16745395980194067,2.3309543758827873,0.45200322567294193,0.1603164073260669,0.13633621592146605,0.7676702354244178,season_fe
2025,청주,263,36,487,2,17,24.613619175365315,0.9207561509647191,22.80062731924073,26.4266110314899,4.758222094491677,1.3045400799386908,2.189550097634618,7.326894091348736,-14.033407169891532,0.7308133463829041,-15.472396900181296,-12.594417439601768,-4.04107370571634,0.25771354556803655,-4.548518113052964,-3.5336292983797164,season_fe
2025,포항,263,48,809,3,20,-9.80037005897382,0.5854294273932245,-10.953095221968974,-8.647644895978667,6.286571087823679,1.613399837421137,3.109746515049975,9.463395660597383,-6.613683032783529,1.0268761296593034,-8.635627777187835,-4.591738288379221,-2.2036281751093982,0.3317088050174501,-2.85677109625237,-1.5504852539664267,season_fe
2025,고척,249,1162,17385,75,175,5.362464638357463,0.2192464411781873,4.930650689358082,5.794278587356844,8.706617068107613,0.3522400318650608,8.012867339090564,9.400366797124663,5.53920153004997,0.45728665267882845,4.63855860851917,6.439844451580771,1.822883045491693,0.14628168589784057,1.5347758720553106,2.110990218928076,28day_fe
2025,광주,249,1194,17567,73,174,2.224815972022106,0.316057144629112,1.6023297733939315,2.8473021706502806,0.23377393155515835,0.3457310786995759,-0.4471561742327239,0.9147040373430406,7.149350310869512,0.8677100243684529,5.440363427454737,8.858337194284287,2.2648319496731792,0.2804615098591522,1.7124526660515014,2.817211233294857,28day_fe
2025,대구,249,1309,18541,80,181,-4.142686176958551,0.23780040412496506,-4.611042840022444,-3.674329513894658,-1.8871551051154596,0.25359096380355967,-2.38661185762702,-1.3876983526038993,1.4342305105729918,0.5765912739844467,0.29861273890090567,2.569848282245078,0.4533451363698039,0.1751798825518469,0.10832189921503488,0.7983683735245729,28day_fe
2025,대전신,249,1288,18797,81,176,1.2657599181515637,0.2091594820132636,0.8538126071098824,1.677707229193245,-2.084999564125374,0.32732123795385965,-2.72967080983718,-1.4403283184135673,-3.1201614203605845,0.39054973398398435,-3.889363520089173,-2.350959320631996,-1.0434810149331217,0.12298272771656148,-1.2857000312538642,-0.8012619986123791,28day_fe
2025,문학,249,1275,19773,81,177,-11.076329771948831,0.35750272217772294,-11.780444563559643,-10.37221498033802,3.7430227650226247,0.2688915058055542,3.2134310309432563,4.2726144991019925,0.8115447289282143,0.6617950960878789,-0.49188511164045146,2.11497456949688,0.24125445010815705,0.20952576624011654,-0.17141427122234637,0.6539231714386604,28day_fe
2025,사직,249,1299,19346,80,176,-0.9205163028208183,0.18563521031043903,-1.286131693459398,-0.5549009121822386,-9.185466165164318,0.43091758765916566,-10.034174240973687,-8.336758089354948,-4.221290811930128,0.4393033781560272,-5.086515011287374,-3.356066612572882,-1.2958603441578598,0.1388991024752867,-1.569427247365092,-1.0222934409506275,28day_fe
2025,수원,249,1208,18170,78,177,15.731544714342856,0.4040542985488813,14.935744876822273,16.52734455186344,5.980144276835256,0.38360860958571924,5.224612977511929,6.735675576158584,-6.191769147603633,0.39682006508962614,-6.973320895617095,-5.410217399590171,-2.028856810344025,0.12299986407943102,-2.2711095773632164,-1.7866040433248336,28day_fe
2025,울산,249,129,1958,8,43,-2.2030135886647555,1.8566850631855172,-5.8598232722057855,1.453796094876274,3.7182347182256397,0.7266768196813865,2.28701793100351,5.14945150544777,18.18545513234146,1.169434541883687,15.882210687809435,20.488699576873486,5.993967473842899,0.3733096425632735,5.2587203697688905,6.729214577916907,28day_fe
2025,잠실,249,2380,35472,149,205,-2.5586160074693005,0.21442339966197105,-2.980930798388334,-2.136301216550267,-2.628105015502774,0.2853525479701374,-3.190117379005071,-2.0660926520004765,-2.04834696119961,0.2624583208863208,-2.5652683004042003,-1.53142562199502,-0.6560910335870184,0.08202469629144131,-0.8176416969900148,-0.49454037018402197,28day_fe
2025,창원,249,1116,16144,69,165,-2.1806758021089254,0.2627575615823138,-2.698186506896572,-1.6631650973212788,-0.36510326927620906,0.243530757406425,-0.8447460743925415,0.11453953584012327,2.0502384003380763,0.4120088519383424,1.2387717766513364,2.861705024024816,0.676355256408356,0.12965404719290297,0.4209968304231518,0.9317136823935603,28day_fe
2025,청주,249,30,410,2,16,26.18861179657271,2.0046377175821464,22.24040390553227,30.136819687613155,3.377562599976324,1.265135806577781,0.8858309863494731,5.869294213603174,-0.19343876150857087,2.173039997792164,-4.473321152017343,4.086443629000202,0.040314290909051365,0.6226652060462157,-1.1860477885958458,1.2666763704139483,28day_fe
2025,포항,249,46,796,3,20,-11.022736483855372,0.7258468198935614,-12.452318555895246,-9.593154411815497,5.2707500745520495,1.8750040474662741,1.577860476092345,8.963639673011754,-9.647088239710921,0.9469754834969318,-11.512191367209676,-7.781985112212168,-3.1451020233555775,0.2859621602316624,-3.7083150406819136,-2.5818890060292414,28day_fe
2025,고척,220,528,7945,75,132,5.492146300972163,0.29604613189918194,4.908696928621336,6.075595673322989,8.80574469001206,0.5837024694684778,7.655380598894706,9.956108781129414,5.6592884117504445,0.9020319724880903,3.8815587558609312,7.437018067639958,1.8557588950139068,0.29180529344366,1.280667390807624,2.4308503992201898,away_only
2025,광주,220,500,7599,72,132,2.265565697618311,0.38359929472258,1.5095660623441463,3.021565332892476,0.9883126721394567,0.34768612144805994,0.3030909195950038,1.6735344246839097,7.139802912494891,1.0352166716742164,5.0995921066292595,9.180013718360522,2.2498699259054433,0.3399939371980349,1.5798079730985948,2.919931878712292,away_only
2025,대구,220,587,8322,80,149,-3.8507257107701225,0.2943961569145558,-4.430923303193953,-3.2705281183462924,-1.6567421201806392,0.38385559579526074,-2.413246875042178,-0.9002373653191006,0.8152908220339059,0.7108285883828915,-0.5856141351781627,2.2161957792459743,0.24626455292664717,0.22680737739400048,-0.20072869483560213,0.6932578006888965,away_only
2025,대전신,220,544,7958,78,138,1.096937138970329,0.306375291214458,0.4931310016763222,1.700743276264336,-2.440914119430105,0.38100235985516945,-3.1917957009445184,-1.690032537915692,-2.644180617975148,0.5371801233296546,-3.702858209151243,-1.5855030267990529,-0.9722206334857755,0.16597768999485288,-1.2993303931387592,-0.6451108738327918,away_only
2025,문학,220,567,8909,80,141,-10.855135714978463,0.49173739745647915,-11.82425452787049,-9.886016902086435,3.210874172661021,0.36845493590311373,2.484721124441344,3.9370272208806982,0.9278996047749111,0.8823562644683637,-0.8110530557151923,2.6668522652650144,0.26761542864490195,0.27572992975061983,-0.2757946588955159,0.8110255161853198,away_only
2025,사직,220,568,8181,78,146,-1.4888381992246638,0.25293221969148927,-1.9873184322869775,-0.99035796616235,-9.744026286717286,0.5388392994247908,-10.805973791420428,-8.682078782014145,-4.583571810371989,0.4633753420868346,-5.49679452592999,-3.670349094813988,-1.4305598283471281,0.1425463404144392,-1.711490953209907,-1.1496287034843493,away_only
2025,수원,220,558,7902,78,142,15.662110870292025,0.5321271655912663,14.61339167648483,16.71083006409922,6.036370823359973,0.500019320905648,5.05092994941862,7.021811697301326,-5.773955181845319,0.648821941469912,-7.0526570925562515,-4.495253271134387,-1.843873763471549,0.1960664494887226,-2.2302826186029754,-1.4574649083401225,away_only
2025,울산,220,58,814,8,26,-2.158643301657494,2.115959991968726,-6.328789087092173,2.0115024837771847,3.9104089969727047,1.2764425802804107,1.3947888213978565,6.426029172547553,17.419469747561116,1.6844063432715093,14.099832306393022,20.73910718872921,5.785996577406621,0.5006758419209196,4.799261828176853,6.772731326636389,away_only
2025,잠실,220,1063,15553,148,177,-2.600837495177845,0.2650404649487189,-3.123180725707075,-2.0784942646486146,-2.60615374771922,0.35382680024600743,-3.3034775843797073,-1.9088299110587326,-2.2306913672241917,0.4725377770754825,-3.161971460897683,-1.2994112735507004,-0.6707878654164143,0.1447998653980675,-0.9561602499195069,-0.3854154809133218,away_only
2025,창원,220,460,6817,69,122,-2.092640603546217,0.4506518352571116,-2.980787760689452,-1.2044934464029815,-0.7733790510814211,0.3445185681381728,-1.4523581718485712,-0.09439993031427107,2.1994573831394364,0.8067744982440784,0.6094616902064829,3.78945307607239,0.6905020320194959,0.23792775518871162,0.221592681509997,1.1594113825289947,away_only
2025,청주,220,16,260,2,6,29.208056226613742,1.6710012285961735,25.91483766041436,32.50127479281312,4.244281584753067,1.781147558303282,0.7339860159862446,7.7545771535198895,-7.577314086656695,3.985453033779316,-15.431867213816346,0.2772390405029572,-1.8935210356246013,1.144700253861625,-4.14950269753951,0.3624606262903072,away_only
2025,포항,220,14,295,3,6,-11.962154587337668,0.8645198068538211,-13.665955057412695,-10.258354117262641,2.2719316066731627,2.669112650146163,-2.988370530940183,7.532233744286509,-8.85639741111292,0.9423353984533429,-10.713557284287022,-6.999237537938815,-2.5613818351054927,0.30311442598874344,-3.158761440976648,-1.9640022292343375,away_only
2025,고척,230,484,8725,75,154,5.783710071497102,0.24126789141325009,5.308332279174494,6.259087863819709,9.896915779135782,0.37808121133242895,9.151970355569167,10.641861202702396,5.999859880216658,0.5865661875819839,4.844129883695047,7.155589876738269,1.6643057156204173,0.16180556160772464,1.3454950764920997,1.983116354748735,fastball_only
2025,광주,230,472,7959,73,156,2.630509569128522,0.3461627452586173,1.9484541134213422,3.3125650248357017,0.14816474031721416,0.36146986840525547,-0.5640508264832214,0.8603803071176497,7.402342989272142,0.9286498589134837,5.572594666007489,9.232091312536797,2.0234515550798333,0.25796739506606003,1.5151702001121712,2.5317329100474955,fastball_only
2025,대구,230,571,8624,80,163,-4.237662115866381,0.28258863967645736,-4.794455491387486,-3.680868740345275,-2.203735394932408,0.2786267365182596,-2.752722506778278,-1.6547482830865383,1.2515174006612124,0.6943319890979507,-0.11654697865976371,2.6195817799821883,0.3452283717827127,0.19328197862440014,-0.035601251902416975,0.7260579954678423,fastball_only
2025,대전신,230,578,9626,81,158,1.8345401615754646,0.23952254311848867,1.362601284453457,2.3064790386974723,-2.463606141296054,0.33306279450128495,-3.119850347797723,-1.8073619347943848,-2.744649480740919,0.46980713948811265,-3.670325414985823,-1.8189735464960148,-0.7671647785468254,0.1275715454646194,-1.018523047941571,-0.5158065091520798,fastball_only
2025,문학,230,537,9769,81,157,-12.20593930122336,0.4308166697580686,-13.054791074104237,-11.357087528342483,4.491628436180151,0.33892331185902885,3.823837066120689,5.1594198062396135,0.9222071574992015,0.7239240526578703,-0.5041634048906598,2.3485777198890627,0.24726124564363072,0.19914249157416197,-0.14511553291410478,0.6396380242013662,fastball_only
2025,사직,230,575,9849,80,161,-0.8783120937271462,0.2434465040388329,-1.357982475727598,-0.3986417117266946,-10.374832995687303,0.4997349942735134,-11.359476733121845,-9.39018925825276,-4.870022207270154,0.4600549792313228,-5.776483150303035,-3.963561264237273,-1.3296023499564429,0.12560396853879446,-1.5770838400178726,-1.0821208598950132,fastball_only
2025,수원,230,476,7956,78,158,17.06864237097969,0.5099853670512066,16.063801998373343,18.073482743586034,7.01166002195292,0.39664670305896566,6.230134420151036,7.7931856237548045,-6.174361960511022,0.4835088280236873,-7.127034767025088,-5.221689153996956,-1.704920241807753,0.13101052800500623,-1.9630544477695608,-1.446786035845945,fastball_only
2025,울산,230,53,962,8,38,-2.014909911024513,1.9725653119992714,-5.901518020116942,1.8716981980679157,3.1431928758237295,0.7130310415919804,1.7382851592436281,4.548100592403831,19.811071880357417,1.004771580625635,17.83133851016691,21.790805250547926,5.5581334011264145,0.30953980557073135,4.9482372871170135,6.1680295151358155,fastball_only
2025,잠실,230,1041,17750,149,187,-2.6002866842792396,0.233025254078146,-3.0594237463649083,-2.141149622193571,-2.678933151508843,0.29153236439243824,-3.2533486320092715,-2.1045176710084146,-2.183206032891407,0.30662257519826536,-2.787354235207976,-1.5790578305748384,-0.5972580109681875,0.08406944836434611,-0.7629027162421671,-0.43161330569420797,fastball_only
2025,창원,230,478,7707,69,146,-1.9634342166494338,0.3286227957137444,-2.6109301524667092,-1.3159382808321587,-0.1717771285194365,0.25829080464576165,-0.6806957076577663,0.33714145061889333,2.100159108590673,0.5433239627330828,1.0296306416359564,3.1706875755453896,0.5737728218929896,0.14950379095675911,0.2792007523458121,0.8683448914401671,fastball_only
2025,청주,230,15,240,2,15,28.357673339599152,0.9136903187668949,26.55740027359891,30.157946405599397,3.6563685634170047,1.5047282034638063,0.6915547739891434,6.6211823528448654,-4.100882882348857,1.5925488572421322,-7.238732496265943,-0.96303326843177,-1.1503186840821344,0.4443301444244466,-2.0257964854655253,-0.27484088269874374,fastball_only
2025,포항,230,19,344,3,17,-11.630248589445355,0.5257006339021811,-12.66605325165367,-10.59444392723704,7.795837310203751,1.6212268644594259,4.601482507472219,10.990192112935283,-8.913206790127163,0.8108129038575546,-10.510777216779132,-7.315636363475193,-2.5166308928136063,0.22839592505600054,-2.9666466408379972,-2.0666151447892154,fastball_only
2025,고척,252,1173,17696,75,172,5.110010443362453,0.20114483645430764,4.713871303771399,5.506149582953507,8.636942959398773,0.32101394304415576,8.004730920373198,9.269154998424348,5.515432036954422,0.48863493098522537,4.553103475372916,6.477760598535928,1.821427922334554,0.14944597800524964,1.5271056708369797,2.115750173832128,equal_cells
2025,광주,252,1176,17168,73,175,2.262361007950112,0.2978614106433453,1.675746084049561,2.8489759318506627,0.4841629629299078,0.30819038986400143,-0.12279408365920674,1.0911200095190223,7.192514573446601,0.8848662088888826,5.449839271303975,8.935189875589229,2.2825825749517796,0.2897218971966674,1.7119977908763158,2.8531673590272435,equal_cells
2025,대구,252,1327,18410,80,183,-3.950613773673064,0.23835085683710255,-4.420027281932268,-3.4812002654138605,-1.8290120212752958,0.22563690130986988,-2.2733863811668953,-1.3846376613836964,1.1630253190654098,0.6131449547239327,-0.044516067979392115,2.370566706110212,0.370887734956459,0.1932157692508641,-0.009635722347641096,0.7514111922605591,equal_cells
2025,대전신,252,1305,19153,81,180,1.3857749531696992,0.194016824117085,1.0036738804961782,1.7678760258432202,-1.9908024467033192,0.28179789671829575,-2.545781527013505,-1.4358233663931332,-2.8919962138111543,0.37599968984915,-3.6324984123708512,-2.1514940152514574,-1.004270931271018,0.11611337301036366,-1.2329472049957444,-0.7755946575462918,equal_cells
2025,문학,252,1284,19616,81,174,-11.166152572272106,0.3382374264383662,-11.832284924703753,-10.500020219840458,3.6082466571151253,0.2731766131595469,3.070246525463704,4.146246788766547,0.9418023274802465,0.6989305229176962,-0.43468707619100644,2.3182917311514997,0.30903831605295284,0.2243414497981819,-0.13278475265828082,0.7508613847641865,equal_cells
2025,사직,252,1355,20407,80,179,-1.025097000531554,0.18969554247294312,-1.3986876444880554,-0.6515063565750527,-9.027680576156774,0.423363007700241,-9.86146115219036,-8.193900000123188,-4.064494973160208,0.44308578735476767,-4.937118032552611,-3.1918719137678058,-1.262471041990717,0.1357396024592077,-1.529799650939807,-0.9951424330416271,equal_cells
2025,수원,252,1216,18416,78,179,15.15232737218687,0.4107250860785625,14.343436201646762,15.961218542726977,6.110357611475998,0.3508924153228495,5.419302240901788,6.801412982050208,-6.272444902522636,0.41177890235509673,-7.083411482406737,-5.461478322638536,-2.0642351069848197,0.12791961106914687,-2.3161628499933524,-1.8123073639762872,equal_cells
2025,울산,252,133,2004,8,43,-2.1449705965967087,1.9277437631817804,-5.941512278502245,1.6515710853088272,3.694895629672851,0.5329776571259734,2.6452375114884434,4.744553747857259,17.874831778247625,1.1171451438904987,15.674701146509356,20.074962409985893,5.919868599247853,0.3776562241207945,5.176103985044584,6.6636332134511225,equal_cells
2025,잠실,252,2473,36798,149,206,-2.497712716757534,0.2028543735194092,-2.897218656879022,-2.0982067766360464,-2.597783746180318,0.25442746254671755,-3.0988588812832125,-2.096708611077424,-1.7467862551208384,0.2602651536298249,-2.2593582696049035,-1.234214240636773,-0.5620553986314529,0.07987331953638384,-0.7193597005224539,-0.40475109674045195,equal_cells
2025,창원,252,1146,16186,69,164,-1.7443127260232902,0.270887036779585,-2.2778037147448003,-1.2108217373017802,-0.43468456697434643,0.24032867834000726,-0.9079932411360729,0.038624107187380075,1.877981766160445,0.49373240644129224,0.9056141224088547,2.8503494099120354,0.6410893774441364,0.15106103681220406,0.3435863930107643,0.9385923618775085,equal_cells
2025,청주,252,32,434,2,16,25.58656025535488,1.3112021594910541,23.004249396936647,28.16887111377311,3.8160245706937213,1.442924591945608,0.9742966077790425,6.6577525336084005,-5.217945183315806,1.6019723229836942,-8.372905304897651,-2.062985061733962,-1.3890981224571801,0.46168620488104906,-2.298353260130992,-0.4798429847833683,equal_cells
2025,포항,252,46,796,3,20,-11.093633133431505,0.5974897629518341,-12.270342835666238,-9.916923431196771,6.456015982976376,1.5414323486090347,3.420284640926686,9.491747325026065,-8.536828269656553,0.7515345493215615,-10.016917219435896,-7.0567393198772095,-2.82815292725328,0.2594764629186819,-3.339171676611464,-2.3171341778950962,equal_cells
2025,고척,252,1173,17696,75,172,5.14279613412276,0.19455718897835655,4.759630854805993,5.525961413439527,8.718219088888286,0.3640048870662632,8.001339723197365,9.435098454579208,5.515552670093655,0.5299006309599962,4.47195451605934,6.559150824127969,1.800118926696742,0.16273709439555867,1.4796208533194068,2.120617000074077,original_labels
2025,광주,252,1176,17168,73,175,2.195984028666997,0.30465555005096184,1.5959885746636697,2.795979482670324,0.4495702940835473,0.3306543082379673,-0.20162769576501793,1.1007682839321125,7.052166420705802,0.8831653941363734,5.312840741176112,8.791492100235493,2.222443355428733,0.28526828875235843,1.660629607430075,2.7842571034273904,original_labels
2025,대구,252,1327,18410,80,183,-4.059769564761568,0.2342639483887773,-4.521134224117436,-3.598404905405701,-1.7792527452152695,0.2351990840956243,-2.242459081746854,-1.316046408683685,1.3832241594979533,0.6563946495592357,0.09050585614923978,2.675942462846667,0.4309052774275647,0.20238346525522566,0.032326754573595906,0.8294838002815335,original_labels
2025,대전,252,575,8055,36,117,1.751515652174473,0.25000503168457044,1.2591501513207772,2.243881153028169,-2.0643947647206344,0.3461249403972815,-2.7460609635501076,-1.3827285658911612,-2.2085383292152607,0.4089840358508728,-3.01400063649773,-1.4030760219327916,-0.7558425835020922,0.13468017940075314,-1.021084740985477,-0.4906004260187074,original_labels
2025,대전(신),252,735,11143,45,141,1.0766651603694841,0.2710987985968422,0.5427571231889372,1.610573197550031,-2.0681635945950014,0.4095414885788888,-2.8747237617476595,-1.2616034274423433,-3.16803034529322,0.583485365620276,-4.317159474209706,-2.0189012163767335,-1.0894910913344071,0.17172630977886,-1.4276927265347104,-0.7512894561341039,original_labels
2025,문학,252,1284,19616,81,174,-11.106647012814907,0.3568323871332625,-11.80940069672219,-10.403893328907625,3.5904400292310727,0.2764269202542309,3.046038670093072,4.134841388369074,0.8946481472901517,0.6951401727397952,-0.4743764559681731,2.2636727505484764,0.2820988504900601,0.21923734787269636,-0.14967208573401325,0.7138697867141335,original_labels
2025,사직,252,1355,20407,80,179,-1.0777283949872363,0.19339314152791567,-1.4586011732207578,-0.6968556167537148,-9.155496456716005,0.42113647486288963,-9.98489204918249,-8.32610086424952,-4.121601985321038,0.43202859850917913,-4.9724487697028605,-3.2707552009392162,-1.270933259972507,0.13121370478523955,-1.529348464819125,-1.012518055125889,original_labels
2025,수원,252,1216,18416,78,179,15.45385877227407,0.4323500704091336,14.60237887394264,16.3053386706055,6.058916496280537,0.35228022411047194,5.365127944041132,6.752705048519942,-6.217734459512359,0.43931641968104557,-7.082934041904845,-5.352534877119873,-2.0174307984613886,0.1342004491591464,-2.2817281644776104,-1.7531334324451668,original_labels
2025,울산,252,133,2004,8,43,-2.147854228793281,1.93679099804477,-5.96221373738271,1.666505279796148,3.49650989250132,0.6837715851270713,2.1498748399501197,4.84314494505252,17.889250615585077,1.1237503523757308,15.676111538528087,20.102389692642067,5.94120767944582,0.3615059292317438,5.229249817204308,6.653165541687332,original_labels
2025,잠실,252,2473,36798,149,206,-2.4694648307975084,0.20851695564851397,-2.8801227868097783,-2.0588068747852386,-2.4935728054653152,0.2648685700129157,-3.015210891131333,-1.9719347197992974,-1.900255326521576,0.2827343578763813,-2.457078694380792,-1.3434319586623598,-0.6065802654995363,0.08668331938677486,-0.7772963334040383,-0.43586419759503425,original_labels
2025,창원,252,1146,16186,69,164,-1.9751023376676944,0.28421696543422814,-2.5348455860103956,-1.4153590893249934,-0.4116788348201532,0.2225488018062604,-0.8499714224828677,0.02661375284256129,2.0638993002698647,0.5333165936242155,1.0135736729653806,3.114224927574349,0.6873462836218086,0.16110811247874088,0.3700563636642317,1.0046362035793854,original_labels
2025,청주,252,32,434,2,16,26.03360364460138,1.1480135480373947,23.772680087353052,28.29452720184971,3.5948981562175013,1.1491684719310449,1.3317000660227212,5.858096246412281,-6.172103282534922,1.6472534124470692,-9.416240994434087,-2.927965570635755,-1.6832129049320823,0.47679603002913556,-2.6222256701893096,-0.7442001396748552,original_labels
2025,포항,252,46,796,3,20,-11.261228370590732,0.5466328253525174,-12.337779282483334,-10.18467745869813,6.425043307614883,1.6458457453464563,3.183677886786654,9.666408728443113,-8.335381999795802,0.8310648188892095,-9.97209964118528,-6.698664358406324,-2.6872983990295065,0.27009998853584233,-3.2192393573371674,-2.1553574407218457,original_labels
